[     511ms] [INFO] %cDownload the React DevTools for a better development experience: https://react.dev/link/react-devtools font-weight:bold @ webpack-internal:///(app-pages-browser)/./node_modules/next/dist/next-devtools/shared/forward-logs-shared.js:44
[     541ms] [LOG] [HMR] connected @ webpack-internal:///(app-pages-browser)/./node_modules/next/dist/next-devtools/shared/forward-logs-shared.js:44
[     587ms] [WARNING] Error while trying to use the following icon from the Manifest: http://localhost:3000/icons/icon-192.png (Download error or resource isn't a valid image) @ http://localhost:3000/login:0
[     605ms] [WARNING] Image with src "http://localhost:3000/foird-gerber-logo.jpg" has either width or height modified, but not the other. If you use CSS to change the size of your image, also include the styles 'width: "auto"' or 'height: "auto"' to maintain the aspect ratio. @ webpack-internal:///(app-pages-browser)/./node_modules/next/dist/next-devtools/shared/forward-logs-shared.js:44
[     605ms] [LOG] [Fast Refresh] rebuilding @ webpack-internal:///(app-pages-browser)/./node_modules/next/dist/next-devtools/shared/forward-logs-shared.js:44
[     625ms] [LOG] [Fast Refresh] done in 19ms @ webpack-internal:///(app-pages-browser)/./node_modules/next/dist/next-devtools/shared/forward-logs-shared.js:44
[     660ms] [LOG] [Fast Refresh] rebuilding @ webpack-internal:///(app-pages-browser)/./node_modules/next/dist/next-devtools/shared/forward-logs-shared.js:44
[     663ms] [WARNING] Error while trying to use the following icon from the Manifest: http://localhost:3000/icons/icon-192.png (Download error or resource isn't a valid image) @ http://localhost:3000/login:0
[     674ms] [LOG] [Fast Refresh] done in 15ms @ webpack-internal:///(app-pages-browser)/./node_modules/next/dist/next-devtools/shared/forward-logs-shared.js:44
[     699ms] [WARNING] Error while trying to use the following icon from the Manifest: http://localhost:3000/icons/icon-192.png (Download error or resource isn't a valid image) @ http://localhost:3000/login:0
[     714ms] [LOG] [Fast Refresh] rebuilding @ webpack-internal:///(app-pages-browser)/./node_modules/next/dist/next-devtools/shared/forward-logs-shared.js:44
[     726ms] [LOG] [Fast Refresh] done in 12ms @ webpack-internal:///(app-pages-browser)/./node_modules/next/dist/next-devtools/shared/forward-logs-shared.js:44
[     751ms] [WARNING] Error while trying to use the following icon from the Manifest: http://localhost:3000/icons/icon-192.png (Download error or resource isn't a valid image) @ http://localhost:3000/login:0
[     764ms] [LOG] [Fast Refresh] rebuilding @ webpack-internal:///(app-pages-browser)/./node_modules/next/dist/next-devtools/shared/forward-logs-shared.js:44
[     776ms] [LOG] [Fast Refresh] done in 11ms @ webpack-internal:///(app-pages-browser)/./node_modules/next/dist/next-devtools/shared/forward-logs-shared.js:44
[     801ms] [WARNING] Error while trying to use the following icon from the Manifest: http://localhost:3000/icons/icon-192.png (Download error or resource isn't a valid image) @ http://localhost:3000/login:0
[     817ms] [LOG] [Fast Refresh] rebuilding @ webpack-internal:///(app-pages-browser)/./node_modules/next/dist/next-devtools/shared/forward-logs-shared.js:44
[     836ms] [LOG] [Fast Refresh] done in 19ms @ webpack-internal:///(app-pages-browser)/./node_modules/next/dist/next-devtools/shared/forward-logs-shared.js:44
[     858ms] [WARNING] Error while trying to use the following icon from the Manifest: http://localhost:3000/icons/icon-192.png (Download error or resource isn't a valid image) @ http://localhost:3000/login:0
[     875ms] [LOG] [Fast Refresh] rebuilding @ webpack-internal:///(app-pages-browser)/./node_modules/next/dist/next-devtools/shared/forward-logs-shared.js:44
[     888ms] [LOG] [Fast Refresh] done in 14ms @ webpack-internal:///(app-pages-browser)/./node_modules/next/dist/next-devtools/shared/forward-logs-shared.js:44
[     914ms] [WARNING] Error while trying to use the following icon from the Manifest: http://localhost:3000/icons/icon-192.png (Download error or resource isn't a valid image) @ http://localhost:3000/login:0
[     929ms] [LOG] [Fast Refresh] rebuilding @ webpack-internal:///(app-pages-browser)/./node_modules/next/dist/next-devtools/shared/forward-logs-shared.js:44
[     941ms] [LOG] [Fast Refresh] done in 11ms @ webpack-internal:///(app-pages-browser)/./node_modules/next/dist/next-devtools/shared/forward-logs-shared.js:44
[     968ms] [WARNING] Error while trying to use the following icon from the Manifest: http://localhost:3000/icons/icon-192.png (Download error or resource isn't a valid image) @ http://localhost:3000/login:0
[     981ms] [LOG] [Fast Refresh] rebuilding @ webpack-internal:///(app-pages-browser)/./node_modules/next/dist/next-devtools/shared/forward-logs-shared.js:44
[     993ms] [LOG] [Fast Refresh] done in 12ms @ webpack-internal:///(app-pages-browser)/./node_modules/next/dist/next-devtools/shared/forward-logs-shared.js:44
[    1020ms] [WARNING] Error while trying to use the following icon from the Manifest: http://localhost:3000/icons/icon-192.png (Download error or resource isn't a valid image) @ http://localhost:3000/login:0
[    1034ms] [LOG] [Fast Refresh] rebuilding @ webpack-internal:///(app-pages-browser)/./node_modules/next/dist/next-devtools/shared/forward-logs-shared.js:44
[    1046ms] [LOG] [Fast Refresh] done in 12ms @ webpack-internal:///(app-pages-browser)/./node_modules/next/dist/next-devtools/shared/forward-logs-shared.js:44
[    1073ms] [WARNING] Error while trying to use the following icon from the Manifest: http://localhost:3000/icons/icon-192.png (Download error or resource isn't a valid image) @ http://localhost:3000/login:0
[    1087ms] [LOG] [Fast Refresh] rebuilding @ webpack-internal:///(app-pages-browser)/./node_modules/next/dist/next-devtools/shared/forward-logs-shared.js:44
[    1099ms] [LOG] [Fast Refresh] done in 12ms @ webpack-internal:///(app-pages-browser)/./node_modules/next/dist/next-devtools/shared/forward-logs-shared.js:44
[    1125ms] [WARNING] Error while trying to use the following icon from the Manifest: http://localhost:3000/icons/icon-192.png (Download error or resource isn't a valid image) @ http://localhost:3000/login:0
[    1139ms] [LOG] [Fast Refresh] rebuilding @ webpack-internal:///(app-pages-browser)/./node_modules/next/dist/next-devtools/shared/forward-logs-shared.js:44
[    1151ms] [LOG] [Fast Refresh] done in 11ms @ webpack-internal:///(app-pages-browser)/./node_modules/next/dist/next-devtools/shared/forward-logs-shared.js:44
[    1175ms] [WARNING] Error while trying to use the following icon from the Manifest: http://localhost:3000/icons/icon-192.png (Download error or resource isn't a valid image) @ http://localhost:3000/login:0
[    1189ms] [LOG] [Fast Refresh] rebuilding @ webpack-internal:///(app-pages-browser)/./node_modules/next/dist/next-devtools/shared/forward-logs-shared.js:44
[    1200ms] [LOG] [Fast Refresh] done in 11ms @ webpack-internal:///(app-pages-browser)/./node_modules/next/dist/next-devtools/shared/forward-logs-shared.js:44
[    1243ms] [WARNING] Error while trying to use the following icon from the Manifest: http://localhost:3000/icons/icon-192.png (Download error or resource isn't a valid image) @ http://localhost:3000/login:0
[    1256ms] [LOG] [Fast Refresh] rebuilding @ webpack-internal:///(app-pages-browser)/./node_modules/next/dist/next-devtools/shared/forward-logs-shared.js:44
[    1267ms] [LOG] [Fast Refresh] done in 11ms @ webpack-internal:///(app-pages-browser)/./node_modules/next/dist/next-devtools/shared/forward-logs-shared.js:44
[    1292ms] [WARNING] Error while trying to use the following icon from the Manifest: http://localhost:3000/icons/icon-192.png (Download error or resource isn't a valid image) @ http://localhost:3000/login:0
[    1306ms] [LOG] [Fast Refresh] rebuilding @ webpack-internal:///(app-pages-browser)/./node_modules/next/dist/next-devtools/shared/forward-logs-shared.js:44
[    1318ms] [LOG] [Fast Refresh] done in 12ms @ webpack-internal:///(app-pages-browser)/./node_modules/next/dist/next-devtools/shared/forward-logs-shared.js:44
[    1342ms] [WARNING] Error while trying to use the following icon from the Manifest: http://localhost:3000/icons/icon-192.png (Download error or resource isn't a valid image) @ http://localhost:3000/login:0
[    1355ms] [LOG] [Fast Refresh] rebuilding @ webpack-internal:///(app-pages-browser)/./node_modules/next/dist/next-devtools/shared/forward-logs-shared.js:44
[    1367ms] [LOG] [Fast Refresh] done in 11ms @ webpack-internal:///(app-pages-browser)/./node_modules/next/dist/next-devtools/shared/forward-logs-shared.js:44
[    1394ms] [WARNING] Error while trying to use the following icon from the Manifest: http://localhost:3000/icons/icon-192.png (Download error or resource isn't a valid image) @ http://localhost:3000/login:0
[    1407ms] [LOG] [Fast Refresh] rebuilding @ webpack-internal:///(app-pages-browser)/./node_modules/next/dist/next-devtools/shared/forward-logs-shared.js:44
[    1418ms] [LOG] [Fast Refresh] done in 11ms @ webpack-internal:///(app-pages-browser)/./node_modules/next/dist/next-devtools/shared/forward-logs-shared.js:44
[    1442ms] [WARNING] Error while trying to use the following icon from the Manifest: http://localhost:3000/icons/icon-192.png (Download error or resource isn't a valid image) @ http://localhost:3000/login:0
[    1455ms] [LOG] [Fast Refresh] rebuilding @ webpack-internal:///(app-pages-browser)/./node_modules/next/dist/next-devtools/shared/forward-logs-shared.js:44
[    1466ms] [LOG] [Fast Refresh] done in 12ms @ webpack-internal:///(app-pages-browser)/./node_modules/next/dist/next-devtools/shared/forward-logs-shared.js:44
[    1493ms] [WARNING] Error while trying to use the following icon from the Manifest: http://localhost:3000/icons/icon-192.png (Download error or resource isn't a valid image) @ http://localhost:3000/login:0
[    1507ms] [LOG] [Fast Refresh] rebuilding @ webpack-internal:///(app-pages-browser)/./node_modules/next/dist/next-devtools/shared/forward-logs-shared.js:44
[    1536ms] [LOG] [Fast Refresh] done in 29ms @ webpack-internal:///(app-pages-browser)/./node_modules/next/dist/next-devtools/shared/forward-logs-shared.js:44
[    1781ms] [LOG] [Fast Refresh] rebuilding @ webpack-internal:///(app-pages-browser)/./node_modules/next/dist/next-devtools/shared/forward-logs-shared.js:44
[    1802ms] [LOG] [Fast Refresh] done in 22ms @ webpack-internal:///(app-pages-browser)/./node_modules/next/dist/next-devtools/shared/forward-logs-shared.js:44
[    1842ms] [WARNING] Error while trying to use the following icon from the Manifest: http://localhost:3000/icons/icon-192.png (Download error or resource isn't a valid image) @ http://localhost:3000/login:0
[    1867ms] [LOG] [Fast Refresh] rebuilding @ webpack-internal:///(app-pages-browser)/./node_modules/next/dist/next-devtools/shared/forward-logs-shared.js:44
[    1884ms] [LOG] [Fast Refresh] done in 16ms @ webpack-internal:///(app-pages-browser)/./node_modules/next/dist/next-devtools/shared/forward-logs-shared.js:44
[    1917ms] [WARNING] Error while trying to use the following icon from the Manifest: http://localhost:3000/icons/icon-192.png (Download error or resource isn't a valid image) @ http://localhost:3000/login:0
[    1940ms] [LOG] [Fast Refresh] rebuilding @ webpack-internal:///(app-pages-browser)/./node_modules/next/dist/next-devtools/shared/forward-logs-shared.js:44
[    1986ms] [LOG] [Fast Refresh] done in 47ms @ webpack-internal:///(app-pages-browser)/./node_modules/next/dist/next-devtools/shared/forward-logs-shared.js:44
[    2018ms] [WARNING] Error while trying to use the following icon from the Manifest: http://localhost:3000/icons/icon-192.png (Download error or resource isn't a valid image) @ http://localhost:3000/login:0
[    2036ms] [LOG] [Fast Refresh] rebuilding @ webpack-internal:///(app-pages-browser)/./node_modules/next/dist/next-devtools/shared/forward-logs-shared.js:44
[    2051ms] [LOG] [Fast Refresh] done in 15ms @ webpack-internal:///(app-pages-browser)/./node_modules/next/dist/next-devtools/shared/forward-logs-shared.js:44
[    2085ms] [WARNING] Error while trying to use the following icon from the Manifest: http://localhost:3000/icons/icon-192.png (Download error or resource isn't a valid image) @ http://localhost:3000/login:0
[    2100ms] [LOG] [Fast Refresh] rebuilding @ webpack-internal:///(app-pages-browser)/./node_modules/next/dist/next-devtools/shared/forward-logs-shared.js:44
[    2110ms] [LOG] [Fast Refresh] done in 11ms @ webpack-internal:///(app-pages-browser)/./node_modules/next/dist/next-devtools/shared/forward-logs-shared.js:44
[    2137ms] [WARNING] Error while trying to use the following icon from the Manifest: http://localhost:3000/icons/icon-192.png (Download error or resource isn't a valid image) @ http://localhost:3000/login:0
[    2150ms] [LOG] [Fast Refresh] rebuilding @ webpack-internal:///(app-pages-browser)/./node_modules/next/dist/next-devtools/shared/forward-logs-shared.js:44
[    2165ms] [LOG] [Fast Refresh] done in 15ms @ webpack-internal:///(app-pages-browser)/./node_modules/next/dist/next-devtools/shared/forward-logs-shared.js:44
[    2184ms] [WARNING] Error while trying to use the following icon from the Manifest: http://localhost:3000/icons/icon-192.png (Download error or resource isn't a valid image) @ http://localhost:3000/login:0
[    2198ms] [LOG] [Fast Refresh] rebuilding @ webpack-internal:///(app-pages-browser)/./node_modules/next/dist/next-devtools/shared/forward-logs-shared.js:44
[    2213ms] [LOG] [Fast Refresh] done in 15ms @ webpack-internal:///(app-pages-browser)/./node_modules/next/dist/next-devtools/shared/forward-logs-shared.js:44
[    2236ms] [WARNING] Error while trying to use the following icon from the Manifest: http://localhost:3000/icons/icon-192.png (Download error or resource isn't a valid image) @ http://localhost:3000/login:0
[    2249ms] [LOG] [Fast Refresh] rebuilding @ webpack-internal:///(app-pages-browser)/./node_modules/next/dist/next-devtools/shared/forward-logs-shared.js:44
[    2263ms] [LOG] [Fast Refresh] done in 13ms @ webpack-internal:///(app-pages-browser)/./node_modules/next/dist/next-devtools/shared/forward-logs-shared.js:44
[    2283ms] [WARNING] Error while trying to use the following icon from the Manifest: http://localhost:3000/icons/icon-192.png (Download error or resource isn't a valid image) @ http://localhost:3000/login:0
[    2296ms] [LOG] [Fast Refresh] rebuilding @ webpack-internal:///(app-pages-browser)/./node_modules/next/dist/next-devtools/shared/forward-logs-shared.js:44
[    2312ms] [LOG] [Fast Refresh] done in 15ms @ webpack-internal:///(app-pages-browser)/./node_modules/next/dist/next-devtools/shared/forward-logs-shared.js:44
[    2332ms] [WARNING] Error while trying to use the following icon from the Manifest: http://localhost:3000/icons/icon-192.png (Download error or resource isn't a valid image) @ http://localhost:3000/login:0
[    2345ms] [LOG] [Fast Refresh] rebuilding @ webpack-internal:///(app-pages-browser)/./node_modules/next/dist/next-devtools/shared/forward-logs-shared.js:44
[    2359ms] [LOG] [Fast Refresh] done in 14ms @ webpack-internal:///(app-pages-browser)/./node_modules/next/dist/next-devtools/shared/forward-logs-shared.js:44
[    2383ms] [WARNING] Error while trying to use the following icon from the Manifest: http://localhost:3000/icons/icon-192.png (Download error or resource isn't a valid image) @ http://localhost:3000/login:0
[    2398ms] [LOG] [Fast Refresh] rebuilding @ webpack-internal:///(app-pages-browser)/./node_modules/next/dist/next-devtools/shared/forward-logs-shared.js:44
[    2415ms] [LOG] [Fast Refresh] done in 18ms @ webpack-internal:///(app-pages-browser)/./node_modules/next/dist/next-devtools/shared/forward-logs-shared.js:44
[    2438ms] [WARNING] Error while trying to use the following icon from the Manifest: http://localhost:3000/icons/icon-192.png (Download error or resource isn't a valid image) @ http://localhost:3000/login:0
[    2451ms] [LOG] [Fast Refresh] rebuilding @ webpack-internal:///(app-pages-browser)/./node_modules/next/dist/next-devtools/shared/forward-logs-shared.js:44
[    2466ms] [LOG] [Fast Refresh] done in 14ms @ webpack-internal:///(app-pages-browser)/./node_modules/next/dist/next-devtools/shared/forward-logs-shared.js:44
[    2487ms] [WARNING] Error while trying to use the following icon from the Manifest: http://localhost:3000/icons/icon-192.png (Download error or resource isn't a valid image) @ http://localhost:3000/login:0
[    2500ms] [LOG] [Fast Refresh] rebuilding @ webpack-internal:///(app-pages-browser)/./node_modules/next/dist/next-devtools/shared/forward-logs-shared.js:44
[    2514ms] [LOG] [Fast Refresh] done in 14ms @ webpack-internal:///(app-pages-browser)/./node_modules/next/dist/next-devtools/shared/forward-logs-shared.js:44
[    2535ms] [WARNING] Error while trying to use the following icon from the Manifest: http://localhost:3000/icons/icon-192.png (Download error or resource isn't a valid image) @ http://localhost:3000/login:0
[    2549ms] [LOG] [Fast Refresh] rebuilding @ webpack-internal:///(app-pages-browser)/./node_modules/next/dist/next-devtools/shared/forward-logs-shared.js:44
[    2563ms] [LOG] [Fast Refresh] done in 14ms @ webpack-internal:///(app-pages-browser)/./node_modules/next/dist/next-devtools/shared/forward-logs-shared.js:44
[    2585ms] [WARNING] Error while trying to use the following icon from the Manifest: http://localhost:3000/icons/icon-192.png (Download error or resource isn't a valid image) @ http://localhost:3000/login:0
[    2598ms] [LOG] [Fast Refresh] rebuilding @ webpack-internal:///(app-pages-browser)/./node_modules/next/dist/next-devtools/shared/forward-logs-shared.js:44
[    2612ms] [LOG] [Fast Refresh] done in 15ms @ webpack-internal:///(app-pages-browser)/./node_modules/next/dist/next-devtools/shared/forward-logs-shared.js:44
[    2633ms] [WARNING] Error while trying to use the following icon from the Manifest: http://localhost:3000/icons/icon-192.png (Download error or resource isn't a valid image) @ http://localhost:3000/login:0
[    2647ms] [LOG] [Fast Refresh] rebuilding @ webpack-internal:///(app-pages-browser)/./node_modules/next/dist/next-devtools/shared/forward-logs-shared.js:44
[    2661ms] [LOG] [Fast Refresh] done in 15ms @ webpack-internal:///(app-pages-browser)/./node_modules/next/dist/next-devtools/shared/forward-logs-shared.js:44
[    2702ms] [WARNING] Error while trying to use the following icon from the Manifest: http://localhost:3000/icons/icon-192.png (Download error or resource isn't a valid image) @ http://localhost:3000/login:0
[    2715ms] [LOG] [Fast Refresh] rebuilding @ webpack-internal:///(app-pages-browser)/./node_modules/next/dist/next-devtools/shared/forward-logs-shared.js:44
[    2730ms] [LOG] [Fast Refresh] done in 14ms @ webpack-internal:///(app-pages-browser)/./node_modules/next/dist/next-devtools/shared/forward-logs-shared.js:44
[    2751ms] [WARNING] Error while trying to use the following icon from the Manifest: http://localhost:3000/icons/icon-192.png (Download error or resource isn't a valid image) @ http://localhost:3000/login:0
[    2764ms] [LOG] [Fast Refresh] rebuilding @ webpack-internal:///(app-pages-browser)/./node_modules/next/dist/next-devtools/shared/forward-logs-shared.js:44
[    2777ms] [LOG] [Fast Refresh] done in 14ms @ webpack-internal:///(app-pages-browser)/./node_modules/next/dist/next-devtools/shared/forward-logs-shared.js:44
[    2801ms] [WARNING] Error while trying to use the following icon from the Manifest: http://localhost:3000/icons/icon-192.png (Download error or resource isn't a valid image) @ http://localhost:3000/login:0
[    2814ms] [LOG] [Fast Refresh] rebuilding @ webpack-internal:///(app-pages-browser)/./node_modules/next/dist/next-devtools/shared/forward-logs-shared.js:44
[    2829ms] [LOG] [Fast Refresh] done in 15ms @ webpack-internal:///(app-pages-browser)/./node_modules/next/dist/next-devtools/shared/forward-logs-shared.js:44
[    2851ms] [WARNING] Error while trying to use the following icon from the Manifest: http://localhost:3000/icons/icon-192.png (Download error or resource isn't a valid image) @ http://localhost:3000/login:0
[    2864ms] [LOG] [Fast Refresh] rebuilding @ webpack-internal:///(app-pages-browser)/./node_modules/next/dist/next-devtools/shared/forward-logs-shared.js:44
[    2877ms] [LOG] [Fast Refresh] done in 14ms @ webpack-internal:///(app-pages-browser)/./node_modules/next/dist/next-devtools/shared/forward-logs-shared.js:44
[    2903ms] [WARNING] Error while trying to use the following icon from the Manifest: http://localhost:3000/icons/icon-192.png (Download error or resource isn't a valid image) @ http://localhost:3000/login:0
[    2916ms] [LOG] [Fast Refresh] rebuilding @ webpack-internal:///(app-pages-browser)/./node_modules/next/dist/next-devtools/shared/forward-logs-shared.js:44
[    2933ms] [LOG] [Fast Refresh] done in 17ms @ webpack-internal:///(app-pages-browser)/./node_modules/next/dist/next-devtools/shared/forward-logs-shared.js:44
[    2955ms] [WARNING] Error while trying to use the following icon from the Manifest: http://localhost:3000/icons/icon-192.png (Download error or resource isn't a valid image) @ http://localhost:3000/login:0
[    2969ms] [LOG] [Fast Refresh] rebuilding @ webpack-internal:///(app-pages-browser)/./node_modules/next/dist/next-devtools/shared/forward-logs-shared.js:44
[    2984ms] [LOG] [Fast Refresh] done in 16ms @ webpack-internal:///(app-pages-browser)/./node_modules/next/dist/next-devtools/shared/forward-logs-shared.js:44
[    3018ms] [WARNING] Error while trying to use the following icon from the Manifest: http://localhost:3000/icons/icon-192.png (Download error or resource isn't a valid image) @ http://localhost:3000/login:0
[    3038ms] [LOG] [Fast Refresh] rebuilding @ webpack-internal:///(app-pages-browser)/./node_modules/next/dist/next-devtools/shared/forward-logs-shared.js:44
[    3060ms] [LOG] [Fast Refresh] done in 21ms @ webpack-internal:///(app-pages-browser)/./node_modules/next/dist/next-devtools/shared/forward-logs-shared.js:44
[    3107ms] [LOG] [Fast Refresh] rebuilding @ webpack-internal:///(app-pages-browser)/./node_modules/next/dist/next-devtools/shared/forward-logs-shared.js:44
[    3124ms] [LOG] [Fast Refresh] done in 18ms @ webpack-internal:///(app-pages-browser)/./node_modules/next/dist/next-devtools/shared/forward-logs-shared.js:44
[    3147ms] [WARNING] Error while trying to use the following icon from the Manifest: http://localhost:3000/icons/icon-192.png (Download error or resource isn't a valid image) @ http://localhost:3000/login:0
[    3160ms] [LOG] [Fast Refresh] rebuilding @ webpack-internal:///(app-pages-browser)/./node_modules/next/dist/next-devtools/shared/forward-logs-shared.js:44
[    3178ms] [LOG] [Fast Refresh] done in 17ms @ webpack-internal:///(app-pages-browser)/./node_modules/next/dist/next-devtools/shared/forward-logs-shared.js:44
[    3204ms] [WARNING] Error while trying to use the following icon from the Manifest: http://localhost:3000/icons/icon-192.png (Download error or resource isn't a valid image) @ http://localhost:3000/login:0
[    3219ms] [LOG] [Fast Refresh] rebuilding @ webpack-internal:///(app-pages-browser)/./node_modules/next/dist/next-devtools/shared/forward-logs-shared.js:44
[    3233ms] [LOG] [Fast Refresh] done in 14ms @ webpack-internal:///(app-pages-browser)/./node_modules/next/dist/next-devtools/shared/forward-logs-shared.js:44
[    3257ms] [WARNING] Error while trying to use the following icon from the Manifest: http://localhost:3000/icons/icon-192.png (Download error or resource isn't a valid image) @ http://localhost:3000/login:0
[    3271ms] [LOG] [Fast Refresh] rebuilding @ webpack-internal:///(app-pages-browser)/./node_modules/next/dist/next-devtools/shared/forward-logs-shared.js:44
[    3285ms] [LOG] [Fast Refresh] done in 15ms @ webpack-internal:///(app-pages-browser)/./node_modules/next/dist/next-devtools/shared/forward-logs-shared.js:44
[    3307ms] [WARNING] Error while trying to use the following icon from the Manifest: http://localhost:3000/icons/icon-192.png (Download error or resource isn't a valid image) @ http://localhost:3000/login:0
[    3321ms] [LOG] [Fast Refresh] rebuilding @ webpack-internal:///(app-pages-browser)/./node_modules/next/dist/next-devtools/shared/forward-logs-shared.js:44
[    3335ms] [LOG] [Fast Refresh] done in 14ms @ webpack-internal:///(app-pages-browser)/./node_modules/next/dist/next-devtools/shared/forward-logs-shared.js:44
[    3357ms] [WARNING] Error while trying to use the following icon from the Manifest: http://localhost:3000/icons/icon-192.png (Download error or resource isn't a valid image) @ http://localhost:3000/login:0
[    3370ms] [LOG] [Fast Refresh] rebuilding @ webpack-internal:///(app-pages-browser)/./node_modules/next/dist/next-devtools/shared/forward-logs-shared.js:44
[    3384ms] [LOG] [Fast Refresh] done in 14ms @ webpack-internal:///(app-pages-browser)/./node_modules/next/dist/next-devtools/shared/forward-logs-shared.js:44
[    3406ms] [WARNING] Error while trying to use the following icon from the Manifest: http://localhost:3000/icons/icon-192.png (Download error or resource isn't a valid image) @ http://localhost:3000/login:0
[    3420ms] [LOG] [Fast Refresh] rebuilding @ webpack-internal:///(app-pages-browser)/./node_modules/next/dist/next-devtools/shared/forward-logs-shared.js:44
[    3435ms] [LOG] [Fast Refresh] done in 15ms @ webpack-internal:///(app-pages-browser)/./node_modules/next/dist/next-devtools/shared/forward-logs-shared.js:44
[    3457ms] [WARNING] Error while trying to use the following icon from the Manifest: http://localhost:3000/icons/icon-192.png (Download error or resource isn't a valid image) @ http://localhost:3000/login:0
[    3471ms] [LOG] [Fast Refresh] rebuilding @ webpack-internal:///(app-pages-browser)/./node_modules/next/dist/next-devtools/shared/forward-logs-shared.js:44
[    3486ms] [LOG] [Fast Refresh] done in 15ms @ webpack-internal:///(app-pages-browser)/./node_modules/next/dist/next-devtools/shared/forward-logs-shared.js:44
[    3509ms] [WARNING] Error while trying to use the following icon from the Manifest: http://localhost:3000/icons/icon-192.png (Download error or resource isn't a valid image) @ http://localhost:3000/login:0
[    3523ms] [LOG] [Fast Refresh] rebuilding @ webpack-internal:///(app-pages-browser)/./node_modules/next/dist/next-devtools/shared/forward-logs-shared.js:44
[    3537ms] [LOG] [Fast Refresh] done in 14ms @ webpack-internal:///(app-pages-browser)/./node_modules/next/dist/next-devtools/shared/forward-logs-shared.js:44
[    3558ms] [WARNING] Error while trying to use the following icon from the Manifest: http://localhost:3000/icons/icon-192.png (Download error or resource isn't a valid image) @ http://localhost:3000/login:0
[    3571ms] [LOG] [Fast Refresh] rebuilding @ webpack-internal:///(app-pages-browser)/./node_modules/next/dist/next-devtools/shared/forward-logs-shared.js:44
[    3585ms] [LOG] [Fast Refresh] done in 15ms @ webpack-internal:///(app-pages-browser)/./node_modules/next/dist/next-devtools/shared/forward-logs-shared.js:44
[    3614ms] [WARNING] Error while trying to use the following icon from the Manifest: http://localhost:3000/icons/icon-192.png (Download error or resource isn't a valid image) @ http://localhost:3000/login:0
[    3632ms] [LOG] [Fast Refresh] rebuilding @ webpack-internal:///(app-pages-browser)/./node_modules/next/dist/next-devtools/shared/forward-logs-shared.js:44
[    3649ms] [LOG] [Fast Refresh] done in 17ms @ webpack-internal:///(app-pages-browser)/./node_modules/next/dist/next-devtools/shared/forward-logs-shared.js:44
[    3680ms] [WARNING] Error while trying to use the following icon from the Manifest: http://localhost:3000/icons/icon-192.png (Download error or resource isn't a valid image) @ http://localhost:3000/login:0
[    3683ms] [LOG] [Fast Refresh] rebuilding @ webpack-internal:///(app-pages-browser)/./node_modules/next/dist/next-devtools/shared/forward-logs-shared.js:44
[    3698ms] [LOG] [Fast Refresh] done in 15ms @ webpack-internal:///(app-pages-browser)/./node_modules/next/dist/next-devtools/shared/forward-logs-shared.js:44
[    3719ms] [WARNING] Error while trying to use the following icon from the Manifest: http://localhost:3000/icons/icon-192.png (Download error or resource isn't a valid image) @ http://localhost:3000/login:0
[    3732ms] [LOG] [Fast Refresh] rebuilding @ webpack-internal:///(app-pages-browser)/./node_modules/next/dist/next-devtools/shared/forward-logs-shared.js:44
[    3747ms] [LOG] [Fast Refresh] done in 15ms @ webpack-internal:///(app-pages-browser)/./node_modules/next/dist/next-devtools/shared/forward-logs-shared.js:44
[    3768ms] [WARNING] Error while trying to use the following icon from the Manifest: http://localhost:3000/icons/icon-192.png (Download error or resource isn't a valid image) @ http://localhost:3000/login:0
[    3780ms] [LOG] [Fast Refresh] rebuilding @ webpack-internal:///(app-pages-browser)/./node_modules/next/dist/next-devtools/shared/forward-logs-shared.js:44
[    3795ms] [LOG] [Fast Refresh] done in 14ms @ webpack-internal:///(app-pages-browser)/./node_modules/next/dist/next-devtools/shared/forward-logs-shared.js:44
[    3817ms] [WARNING] Error while trying to use the following icon from the Manifest: http://localhost:3000/icons/icon-192.png (Download error or resource isn't a valid image) @ http://localhost:3000/login:0
[    3831ms] [LOG] [Fast Refresh] rebuilding @ webpack-internal:///(app-pages-browser)/./node_modules/next/dist/next-devtools/shared/forward-logs-shared.js:44
[    3846ms] [LOG] [Fast Refresh] done in 15ms @ webpack-internal:///(app-pages-browser)/./node_modules/next/dist/next-devtools/shared/forward-logs-shared.js:44
[    3867ms] [WARNING] Error while trying to use the following icon from the Manifest: http://localhost:3000/icons/icon-192.png (Download error or resource isn't a valid image) @ http://localhost:3000/login:0
[    3879ms] [LOG] [Fast Refresh] rebuilding @ webpack-internal:///(app-pages-browser)/./node_modules/next/dist/next-devtools/shared/forward-logs-shared.js:44
[    3894ms] [LOG] [Fast Refresh] done in 14ms @ webpack-internal:///(app-pages-browser)/./node_modules/next/dist/next-devtools/shared/forward-logs-shared.js:44
[    3915ms] [WARNING] Error while trying to use the following icon from the Manifest: http://localhost:3000/icons/icon-192.png (Download error or resource isn't a valid image) @ http://localhost:3000/login:0
[    3928ms] [LOG] [Fast Refresh] rebuilding @ webpack-internal:///(app-pages-browser)/./node_modules/next/dist/next-devtools/shared/forward-logs-shared.js:44
[    3942ms] [LOG] [Fast Refresh] done in 15ms @ webpack-internal:///(app-pages-browser)/./node_modules/next/dist/next-devtools/shared/forward-logs-shared.js:44
[    3964ms] [WARNING] Error while trying to use the following icon from the Manifest: http://localhost:3000/icons/icon-192.png (Download error or resource isn't a valid image) @ http://localhost:3000/login:0
[    3977ms] [LOG] [Fast Refresh] rebuilding @ webpack-internal:///(app-pages-browser)/./node_modules/next/dist/next-devtools/shared/forward-logs-shared.js:44
[    3994ms] [LOG] [Fast Refresh] done in 16ms @ webpack-internal:///(app-pages-browser)/./node_modules/next/dist/next-devtools/shared/forward-logs-shared.js:44
[    4019ms] [WARNING] Error while trying to use the following icon from the Manifest: http://localhost:3000/icons/icon-192.png (Download error or resource isn't a valid image) @ http://localhost:3000/login:0
[    4032ms] [LOG] [Fast Refresh] rebuilding @ webpack-internal:///(app-pages-browser)/./node_modules/next/dist/next-devtools/shared/forward-logs-shared.js:44
[    4046ms] [LOG] [Fast Refresh] done in 14ms @ webpack-internal:///(app-pages-browser)/./node_modules/next/dist/next-devtools/shared/forward-logs-shared.js:44
[    4067ms] [WARNING] Error while trying to use the following icon from the Manifest: http://localhost:3000/icons/icon-192.png (Download error or resource isn't a valid image) @ http://localhost:3000/login:0
[    4079ms] [LOG] [Fast Refresh] rebuilding @ webpack-internal:///(app-pages-browser)/./node_modules/next/dist/next-devtools/shared/forward-logs-shared.js:44
[    4093ms] [LOG] [Fast Refresh] done in 14ms @ webpack-internal:///(app-pages-browser)/./node_modules/next/dist/next-devtools/shared/forward-logs-shared.js:44
[    4118ms] [WARNING] Error while trying to use the following icon from the Manifest: http://localhost:3000/icons/icon-192.png (Download error or resource isn't a valid image) @ http://localhost:3000/login:0
[    4131ms] [LOG] [Fast Refresh] rebuilding @ webpack-internal:///(app-pages-browser)/./node_modules/next/dist/next-devtools/shared/forward-logs-shared.js:44
[    4146ms] [LOG] [Fast Refresh] done in 15ms @ webpack-internal:///(app-pages-browser)/./node_modules/next/dist/next-devtools/shared/forward-logs-shared.js:44
[    4167ms] [WARNING] Error while trying to use the following icon from the Manifest: http://localhost:3000/icons/icon-192.png (Download error or resource isn't a valid image) @ http://localhost:3000/login:0
[    4180ms] [LOG] [Fast Refresh] rebuilding @ webpack-internal:///(app-pages-browser)/./node_modules/next/dist/next-devtools/shared/forward-logs-shared.js:44
[    4194ms] [LOG] [Fast Refresh] done in 14ms @ webpack-internal:///(app-pages-browser)/./node_modules/next/dist/next-devtools/shared/forward-logs-shared.js:44
[    4216ms] [WARNING] Error while trying to use the following icon from the Manifest: http://localhost:3000/icons/icon-192.png (Download error or resource isn't a valid image) @ http://localhost:3000/login:0
[    4230ms] [LOG] [Fast Refresh] rebuilding @ webpack-internal:///(app-pages-browser)/./node_modules/next/dist/next-devtools/shared/forward-logs-shared.js:44
[    4253ms] [LOG] [Fast Refresh] done in 23ms @ webpack-internal:///(app-pages-browser)/./node_modules/next/dist/next-devtools/shared/forward-logs-shared.js:44
[    4270ms] [WARNING] Error while trying to use the following icon from the Manifest: http://localhost:3000/icons/icon-192.png (Download error or resource isn't a valid image) @ http://localhost:3000/login:0
[    4283ms] [LOG] [Fast Refresh] rebuilding @ webpack-internal:///(app-pages-browser)/./node_modules/next/dist/next-devtools/shared/forward-logs-shared.js:44
[    4297ms] [LOG] [Fast Refresh] done in 15ms @ webpack-internal:///(app-pages-browser)/./node_modules/next/dist/next-devtools/shared/forward-logs-shared.js:44
[    4319ms] [WARNING] Error while trying to use the following icon from the Manifest: http://localhost:3000/icons/icon-192.png (Download error or resource isn't a valid image) @ http://localhost:3000/login:0
[    4331ms] [LOG] [Fast Refresh] rebuilding @ webpack-internal:///(app-pages-browser)/./node_modules/next/dist/next-devtools/shared/forward-logs-shared.js:44
[    4345ms] [LOG] [Fast Refresh] done in 14ms @ webpack-internal:///(app-pages-browser)/./node_modules/next/dist/next-devtools/shared/forward-logs-shared.js:44
[    4379ms] [LOG] [Fast Refresh] rebuilding @ webpack-internal:///(app-pages-browser)/./node_modules/next/dist/next-devtools/shared/forward-logs-shared.js:44
[    4393ms] [LOG] [Fast Refresh] done in 13ms @ webpack-internal:///(app-pages-browser)/./node_modules/next/dist/next-devtools/shared/forward-logs-shared.js:44
[    4428ms] [LOG] [Fast Refresh] rebuilding @ webpack-internal:///(app-pages-browser)/./node_modules/next/dist/next-devtools/shared/forward-logs-shared.js:44
[    4442ms] [LOG] [Fast Refresh] done in 15ms @ webpack-internal:///(app-pages-browser)/./node_modules/next/dist/next-devtools/shared/forward-logs-shared.js:44
[    4464ms] [WARNING] Error while trying to use the following icon from the Manifest: http://localhost:3000/icons/icon-192.png (Download error or resource isn't a valid image) @ http://localhost:3000/login:0
[    4477ms] [LOG] [Fast Refresh] rebuilding @ webpack-internal:///(app-pages-browser)/./node_modules/next/dist/next-devtools/shared/forward-logs-shared.js:44
[    4492ms] [LOG] [Fast Refresh] done in 15ms @ webpack-internal:///(app-pages-browser)/./node_modules/next/dist/next-devtools/shared/forward-logs-shared.js:44
[    4514ms] [WARNING] Error while trying to use the following icon from the Manifest: http://localhost:3000/icons/icon-192.png (Download error or resource isn't a valid image) @ http://localhost:3000/login:0
[    4529ms] [LOG] [Fast Refresh] rebuilding @ webpack-internal:///(app-pages-browser)/./node_modules/next/dist/next-devtools/shared/forward-logs-shared.js:44
[    4550ms] [LOG] [Fast Refresh] done in 21ms @ webpack-internal:///(app-pages-browser)/./node_modules/next/dist/next-devtools/shared/forward-logs-shared.js:44
[    4573ms] [WARNING] Error while trying to use the following icon from the Manifest: http://localhost:3000/icons/icon-192.png (Download error or resource isn't a valid image) @ http://localhost:3000/login:0
[    4586ms] [LOG] [Fast Refresh] rebuilding @ webpack-internal:///(app-pages-browser)/./node_modules/next/dist/next-devtools/shared/forward-logs-shared.js:44
[    4604ms] [LOG] [Fast Refresh] done in 18ms @ webpack-internal:///(app-pages-browser)/./node_modules/next/dist/next-devtools/shared/forward-logs-shared.js:44
[    4627ms] [WARNING] Error while trying to use the following icon from the Manifest: http://localhost:3000/icons/icon-192.png (Download error or resource isn't a valid image) @ http://localhost:3000/login:0
[    4640ms] [LOG] [Fast Refresh] rebuilding @ webpack-internal:///(app-pages-browser)/./node_modules/next/dist/next-devtools/shared/forward-logs-shared.js:44
[    4655ms] [LOG] [Fast Refresh] done in 15ms @ webpack-internal:///(app-pages-browser)/./node_modules/next/dist/next-devtools/shared/forward-logs-shared.js:44
[    4675ms] [WARNING] Error while trying to use the following icon from the Manifest: http://localhost:3000/icons/icon-192.png (Download error or resource isn't a valid image) @ http://localhost:3000/login:0
[    4689ms] [LOG] [Fast Refresh] rebuilding @ webpack-internal:///(app-pages-browser)/./node_modules/next/dist/next-devtools/shared/forward-logs-shared.js:44
[    4703ms] [LOG] [Fast Refresh] done in 14ms @ webpack-internal:///(app-pages-browser)/./node_modules/next/dist/next-devtools/shared/forward-logs-shared.js:44
[    4725ms] [WARNING] Error while trying to use the following icon from the Manifest: http://localhost:3000/icons/icon-192.png (Download error or resource isn't a valid image) @ http://localhost:3000/login:0
[    4739ms] [LOG] [Fast Refresh] rebuilding @ webpack-internal:///(app-pages-browser)/./node_modules/next/dist/next-devtools/shared/forward-logs-shared.js:44
[    4753ms] [LOG] [Fast Refresh] done in 14ms @ webpack-internal:///(app-pages-browser)/./node_modules/next/dist/next-devtools/shared/forward-logs-shared.js:44
[    4774ms] [WARNING] Error while trying to use the following icon from the Manifest: http://localhost:3000/icons/icon-192.png (Download error or resource isn't a valid image) @ http://localhost:3000/login:0
[    4787ms] [LOG] [Fast Refresh] rebuilding @ webpack-internal:///(app-pages-browser)/./node_modules/next/dist/next-devtools/shared/forward-logs-shared.js:44
[    4801ms] [LOG] [Fast Refresh] done in 14ms @ webpack-internal:///(app-pages-browser)/./node_modules/next/dist/next-devtools/shared/forward-logs-shared.js:44
[    4823ms] [WARNING] Error while trying to use the following icon from the Manifest: http://localhost:3000/icons/icon-192.png (Download error or resource isn't a valid image) @ http://localhost:3000/login:0
[    4836ms] [LOG] [Fast Refresh] rebuilding @ webpack-internal:///(app-pages-browser)/./node_modules/next/dist/next-devtools/shared/forward-logs-shared.js:44
[    4850ms] [LOG] [Fast Refresh] done in 14ms @ webpack-internal:///(app-pages-browser)/./node_modules/next/dist/next-devtools/shared/forward-logs-shared.js:44
[    4871ms] [WARNING] Error while trying to use the following icon from the Manifest: http://localhost:3000/icons/icon-192.png (Download error or resource isn't a valid image) @ http://localhost:3000/login:0
[    4883ms] [LOG] [Fast Refresh] rebuilding @ webpack-internal:///(app-pages-browser)/./node_modules/next/dist/next-devtools/shared/forward-logs-shared.js:44
[    4897ms] [LOG] [Fast Refresh] done in 14ms @ webpack-internal:///(app-pages-browser)/./node_modules/next/dist/next-devtools/shared/forward-logs-shared.js:44
[    4919ms] [WARNING] Error while trying to use the following icon from the Manifest: http://localhost:3000/icons/icon-192.png (Download error or resource isn't a valid image) @ http://localhost:3000/login:0
[    4932ms] [LOG] [Fast Refresh] rebuilding @ webpack-internal:///(app-pages-browser)/./node_modules/next/dist/next-devtools/shared/forward-logs-shared.js:44
[    4947ms] [LOG] [Fast Refresh] done in 14ms @ webpack-internal:///(app-pages-browser)/./node_modules/next/dist/next-devtools/shared/forward-logs-shared.js:44
[    4968ms] [WARNING] Error while trying to use the following icon from the Manifest: http://localhost:3000/icons/icon-192.png (Download error or resource isn't a valid image) @ http://localhost:3000/login:0
[    4981ms] [LOG] [Fast Refresh] rebuilding @ webpack-internal:///(app-pages-browser)/./node_modules/next/dist/next-devtools/shared/forward-logs-shared.js:44
[    4996ms] [LOG] [Fast Refresh] done in 15ms @ webpack-internal:///(app-pages-browser)/./node_modules/next/dist/next-devtools/shared/forward-logs-shared.js:44
[    5017ms] [WARNING] Error while trying to use the following icon from the Manifest: http://localhost:3000/icons/icon-192.png (Download error or resource isn't a valid image) @ http://localhost:3000/login:0
[    5031ms] [LOG] [Fast Refresh] rebuilding @ webpack-internal:///(app-pages-browser)/./node_modules/next/dist/next-devtools/shared/forward-logs-shared.js:44
[    5044ms] [LOG] [Fast Refresh] done in 14ms @ webpack-internal:///(app-pages-browser)/./node_modules/next/dist/next-devtools/shared/forward-logs-shared.js:44
[    5066ms] [WARNING] Error while trying to use the following icon from the Manifest: http://localhost:3000/icons/icon-192.png (Download error or resource isn't a valid image) @ http://localhost:3000/login:0
[    5078ms] [LOG] [Fast Refresh] rebuilding @ webpack-internal:///(app-pages-browser)/./node_modules/next/dist/next-devtools/shared/forward-logs-shared.js:44
[    5096ms] [LOG] [Fast Refresh] done in 17ms @ webpack-internal:///(app-pages-browser)/./node_modules/next/dist/next-devtools/shared/forward-logs-shared.js:44
[    5121ms] [WARNING] Error while trying to use the following icon from the Manifest: http://localhost:3000/icons/icon-192.png (Download error or resource isn't a valid image) @ http://localhost:3000/login:0
[    5142ms] [LOG] [Fast Refresh] rebuilding @ webpack-internal:///(app-pages-browser)/./node_modules/next/dist/next-devtools/shared/forward-logs-shared.js:44
[    5164ms] [LOG] [Fast Refresh] done in 22ms @ webpack-internal:///(app-pages-browser)/./node_modules/next/dist/next-devtools/shared/forward-logs-shared.js:44
[    5195ms] [WARNING] Error while trying to use the following icon from the Manifest: http://localhost:3000/icons/icon-192.png (Download error or resource isn't a valid image) @ http://localhost:3000/login:0
[    5217ms] [LOG] [Fast Refresh] rebuilding @ webpack-internal:///(app-pages-browser)/./node_modules/next/dist/next-devtools/shared/forward-logs-shared.js:44
[    5239ms] [LOG] [Fast Refresh] done in 22ms @ webpack-internal:///(app-pages-browser)/./node_modules/next/dist/next-devtools/shared/forward-logs-shared.js:44
[    5272ms] [WARNING] Error while trying to use the following icon from the Manifest: http://localhost:3000/icons/icon-192.png (Download error or resource isn't a valid image) @ http://localhost:3000/login:0
[    5295ms] [LOG] [Fast Refresh] rebuilding @ webpack-internal:///(app-pages-browser)/./node_modules/next/dist/next-devtools/shared/forward-logs-shared.js:44
[    5316ms] [LOG] [Fast Refresh] done in 22ms @ webpack-internal:///(app-pages-browser)/./node_modules/next/dist/next-devtools/shared/forward-logs-shared.js:44
[    5347ms] [WARNING] Error while trying to use the following icon from the Manifest: http://localhost:3000/icons/icon-192.png (Download error or resource isn't a valid image) @ http://localhost:3000/login:0
[    5376ms] [LOG] [Fast Refresh] rebuilding @ webpack-internal:///(app-pages-browser)/./node_modules/next/dist/next-devtools/shared/forward-logs-shared.js:44
[    5486ms] [LOG] [Fast Refresh] done in 110ms @ webpack-internal:///(app-pages-browser)/./node_modules/next/dist/next-devtools/shared/forward-logs-shared.js:44
[    5520ms] [LOG] [Fast Refresh] rebuilding @ webpack-internal:///(app-pages-browser)/./node_modules/next/dist/next-devtools/shared/forward-logs-shared.js:44
[    5537ms] [LOG] [Fast Refresh] done in 18ms @ webpack-internal:///(app-pages-browser)/./node_modules/next/dist/next-devtools/shared/forward-logs-shared.js:44
[    5572ms] [WARNING] Error while trying to use the following icon from the Manifest: http://localhost:3000/icons/icon-192.png (Download error or resource isn't a valid image) @ http://localhost:3000/login:0
[    5574ms] [LOG] [Fast Refresh] rebuilding @ webpack-internal:///(app-pages-browser)/./node_modules/next/dist/next-devtools/shared/forward-logs-shared.js:44
[    5586ms] [LOG] [Fast Refresh] done in 11ms @ webpack-internal:///(app-pages-browser)/./node_modules/next/dist/next-devtools/shared/forward-logs-shared.js:44
[    5609ms] [WARNING] Error while trying to use the following icon from the Manifest: http://localhost:3000/icons/icon-192.png (Download error or resource isn't a valid image) @ http://localhost:3000/login:0
[    5622ms] [LOG] [Fast Refresh] rebuilding @ webpack-internal:///(app-pages-browser)/./node_modules/next/dist/next-devtools/shared/forward-logs-shared.js:44
[    5634ms] [LOG] [Fast Refresh] done in 11ms @ webpack-internal:///(app-pages-browser)/./node_modules/next/dist/next-devtools/shared/forward-logs-shared.js:44
[    5659ms] [WARNING] Error while trying to use the following icon from the Manifest: http://localhost:3000/icons/icon-192.png (Download error or resource isn't a valid image) @ http://localhost:3000/login:0
[    5676ms] [LOG] [Fast Refresh] rebuilding @ webpack-internal:///(app-pages-browser)/./node_modules/next/dist/next-devtools/shared/forward-logs-shared.js:44
[    5690ms] [LOG] [Fast Refresh] done in 14ms @ webpack-internal:///(app-pages-browser)/./node_modules/next/dist/next-devtools/shared/forward-logs-shared.js:44
[    5715ms] [WARNING] Error while trying to use the following icon from the Manifest: http://localhost:3000/icons/icon-192.png (Download error or resource isn't a valid image) @ http://localhost:3000/login:0
[    5734ms] [LOG] [Fast Refresh] rebuilding @ webpack-internal:///(app-pages-browser)/./node_modules/next/dist/next-devtools/shared/forward-logs-shared.js:44
[    5748ms] [LOG] [Fast Refresh] done in 13ms @ webpack-internal:///(app-pages-browser)/./node_modules/next/dist/next-devtools/shared/forward-logs-shared.js:44
[    5776ms] [WARNING] Error while trying to use the following icon from the Manifest: http://localhost:3000/icons/icon-192.png (Download error or resource isn't a valid image) @ http://localhost:3000/login:0
[    5790ms] [LOG] [Fast Refresh] rebuilding @ webpack-internal:///(app-pages-browser)/./node_modules/next/dist/next-devtools/shared/forward-logs-shared.js:44
[    5813ms] [LOG] [Fast Refresh] done in 23ms @ webpack-internal:///(app-pages-browser)/./node_modules/next/dist/next-devtools/shared/forward-logs-shared.js:44
[    5852ms] [WARNING] Error while trying to use the following icon from the Manifest: http://localhost:3000/icons/icon-192.png (Download error or resource isn't a valid image) @ http://localhost:3000/login:0
[    5867ms] [LOG] [Fast Refresh] rebuilding @ webpack-internal:///(app-pages-browser)/./node_modules/next/dist/next-devtools/shared/forward-logs-shared.js:44
[    5882ms] [LOG] [Fast Refresh] done in 15ms @ webpack-internal:///(app-pages-browser)/./node_modules/next/dist/next-devtools/shared/forward-logs-shared.js:44
[    5911ms] [WARNING] Error while trying to use the following icon from the Manifest: http://localhost:3000/icons/icon-192.png (Download error or resource isn't a valid image) @ http://localhost:3000/login:0
[    5925ms] [LOG] [Fast Refresh] rebuilding @ webpack-internal:///(app-pages-browser)/./node_modules/next/dist/next-devtools/shared/forward-logs-shared.js:44
[    5939ms] [LOG] [Fast Refresh] done in 14ms @ webpack-internal:///(app-pages-browser)/./node_modules/next/dist/next-devtools/shared/forward-logs-shared.js:44
[    5969ms] [WARNING] Error while trying to use the following icon from the Manifest: http://localhost:3000/icons/icon-192.png (Download error or resource isn't a valid image) @ http://localhost:3000/login:0
[    5987ms] [LOG] [Fast Refresh] rebuilding @ webpack-internal:///(app-pages-browser)/./node_modules/next/dist/next-devtools/shared/forward-logs-shared.js:44
[    6000ms] [LOG] [Fast Refresh] done in 13ms @ webpack-internal:///(app-pages-browser)/./node_modules/next/dist/next-devtools/shared/forward-logs-shared.js:44
[    6049ms] [WARNING] Error while trying to use the following icon from the Manifest: http://localhost:3000/icons/icon-192.png (Download error or resource isn't a valid image) @ http://localhost:3000/login:0
[    6065ms] [LOG] [Fast Refresh] rebuilding @ webpack-internal:///(app-pages-browser)/./node_modules/next/dist/next-devtools/shared/forward-logs-shared.js:44
[    6077ms] [LOG] [Fast Refresh] done in 13ms @ webpack-internal:///(app-pages-browser)/./node_modules/next/dist/next-devtools/shared/forward-logs-shared.js:44
[    6107ms] [WARNING] Error while trying to use the following icon from the Manifest: http://localhost:3000/icons/icon-192.png (Download error or resource isn't a valid image) @ http://localhost:3000/login:0
[    6121ms] [LOG] [Fast Refresh] rebuilding @ webpack-internal:///(app-pages-browser)/./node_modules/next/dist/next-devtools/shared/forward-logs-shared.js:44
[    6134ms] [LOG] [Fast Refresh] done in 12ms @ webpack-internal:///(app-pages-browser)/./node_modules/next/dist/next-devtools/shared/forward-logs-shared.js:44
[    6163ms] [WARNING] Error while trying to use the following icon from the Manifest: http://localhost:3000/icons/icon-192.png (Download error or resource isn't a valid image) @ http://localhost:3000/login:0
[    6177ms] [LOG] [Fast Refresh] rebuilding @ webpack-internal:///(app-pages-browser)/./node_modules/next/dist/next-devtools/shared/forward-logs-shared.js:44
[    6189ms] [LOG] [Fast Refresh] done in 13ms @ webpack-internal:///(app-pages-browser)/./node_modules/next/dist/next-devtools/shared/forward-logs-shared.js:44
[    6234ms] [WARNING] Error while trying to use the following icon from the Manifest: http://localhost:3000/icons/icon-192.png (Download error or resource isn't a valid image) @ http://localhost:3000/login:0
[    6248ms] [LOG] [Fast Refresh] rebuilding @ webpack-internal:///(app-pages-browser)/./node_modules/next/dist/next-devtools/shared/forward-logs-shared.js:44
[    6261ms] [LOG] [Fast Refresh] done in 13ms @ webpack-internal:///(app-pages-browser)/./node_modules/next/dist/next-devtools/shared/forward-logs-shared.js:44
[    6286ms] [WARNING] Error while trying to use the following icon from the Manifest: http://localhost:3000/icons/icon-192.png (Download error or resource isn't a valid image) @ http://localhost:3000/login:0
[    6299ms] [LOG] [Fast Refresh] rebuilding @ webpack-internal:///(app-pages-browser)/./node_modules/next/dist/next-devtools/shared/forward-logs-shared.js:44
[    6309ms] [LOG] [Fast Refresh] done in 10ms @ webpack-internal:///(app-pages-browser)/./node_modules/next/dist/next-devtools/shared/forward-logs-shared.js:44
[    6335ms] [WARNING] Error while trying to use the following icon from the Manifest: http://localhost:3000/icons/icon-192.png (Download error or resource isn't a valid image) @ http://localhost:3000/login:0
[    6348ms] [LOG] [Fast Refresh] rebuilding @ webpack-internal:///(app-pages-browser)/./node_modules/next/dist/next-devtools/shared/forward-logs-shared.js:44
[    6360ms] [LOG] [Fast Refresh] done in 11ms @ webpack-internal:///(app-pages-browser)/./node_modules/next/dist/next-devtools/shared/forward-logs-shared.js:44
[    6384ms] [WARNING] Error while trying to use the following icon from the Manifest: http://localhost:3000/icons/icon-192.png (Download error or resource isn't a valid image) @ http://localhost:3000/login:0
[    6398ms] [LOG] [Fast Refresh] rebuilding @ webpack-internal:///(app-pages-browser)/./node_modules/next/dist/next-devtools/shared/forward-logs-shared.js:44
[    6410ms] [LOG] [Fast Refresh] done in 11ms @ webpack-internal:///(app-pages-browser)/./node_modules/next/dist/next-devtools/shared/forward-logs-shared.js:44
[    6447ms] [LOG] [Fast Refresh] rebuilding @ webpack-internal:///(app-pages-browser)/./node_modules/next/dist/next-devtools/shared/forward-logs-shared.js:44
[    6458ms] [LOG] [Fast Refresh] done in 11ms @ webpack-internal:///(app-pages-browser)/./node_modules/next/dist/next-devtools/shared/forward-logs-shared.js:44
[    6485ms] [WARNING] Error while trying to use the following icon from the Manifest: http://localhost:3000/icons/icon-192.png (Download error or resource isn't a valid image) @ http://localhost:3000/login:0
[    6497ms] [LOG] [Fast Refresh] rebuilding @ webpack-internal:///(app-pages-browser)/./node_modules/next/dist/next-devtools/shared/forward-logs-shared.js:44
[    6507ms] [LOG] [Fast Refresh] done in 11ms @ webpack-internal:///(app-pages-browser)/./node_modules/next/dist/next-devtools/shared/forward-logs-shared.js:44
[    6533ms] [WARNING] Error while trying to use the following icon from the Manifest: http://localhost:3000/icons/icon-192.png (Download error or resource isn't a valid image) @ http://localhost:3000/login:0
[    6546ms] [LOG] [Fast Refresh] rebuilding @ webpack-internal:///(app-pages-browser)/./node_modules/next/dist/next-devtools/shared/forward-logs-shared.js:44
[    6557ms] [LOG] [Fast Refresh] done in 10ms @ webpack-internal:///(app-pages-browser)/./node_modules/next/dist/next-devtools/shared/forward-logs-shared.js:44
[    6582ms] [WARNING] Error while trying to use the following icon from the Manifest: http://localhost:3000/icons/icon-192.png (Download error or resource isn't a valid image) @ http://localhost:3000/login:0
[    6595ms] [LOG] [Fast Refresh] rebuilding @ webpack-internal:///(app-pages-browser)/./node_modules/next/dist/next-devtools/shared/forward-logs-shared.js:44
[    6606ms] [LOG] [Fast Refresh] done in 11ms @ webpack-internal:///(app-pages-browser)/./node_modules/next/dist/next-devtools/shared/forward-logs-shared.js:44
[    6630ms] [WARNING] Error while trying to use the following icon from the Manifest: http://localhost:3000/icons/icon-192.png (Download error or resource isn't a valid image) @ http://localhost:3000/login:0
[    6643ms] [LOG] [Fast Refresh] rebuilding @ webpack-internal:///(app-pages-browser)/./node_modules/next/dist/next-devtools/shared/forward-logs-shared.js:44
[    6654ms] [LOG] [Fast Refresh] done in 11ms @ webpack-internal:///(app-pages-browser)/./node_modules/next/dist/next-devtools/shared/forward-logs-shared.js:44
[    6680ms] [WARNING] Error while trying to use the following icon from the Manifest: http://localhost:3000/icons/icon-192.png (Download error or resource isn't a valid image) @ http://localhost:3000/login:0
[    6693ms] [LOG] [Fast Refresh] rebuilding @ webpack-internal:///(app-pages-browser)/./node_modules/next/dist/next-devtools/shared/forward-logs-shared.js:44
[    6704ms] [LOG] [Fast Refresh] done in 11ms @ webpack-internal:///(app-pages-browser)/./node_modules/next/dist/next-devtools/shared/forward-logs-shared.js:44
[    6729ms] [WARNING] Error while trying to use the following icon from the Manifest: http://localhost:3000/icons/icon-192.png (Download error or resource isn't a valid image) @ http://localhost:3000/login:0
[    6742ms] [LOG] [Fast Refresh] rebuilding @ webpack-internal:///(app-pages-browser)/./node_modules/next/dist/next-devtools/shared/forward-logs-shared.js:44
[    6753ms] [LOG] [Fast Refresh] done in 12ms @ webpack-internal:///(app-pages-browser)/./node_modules/next/dist/next-devtools/shared/forward-logs-shared.js:44
[    6778ms] [WARNING] Error while trying to use the following icon from the Manifest: http://localhost:3000/icons/icon-192.png (Download error or resource isn't a valid image) @ http://localhost:3000/login:0
[    6791ms] [LOG] [Fast Refresh] rebuilding @ webpack-internal:///(app-pages-browser)/./node_modules/next/dist/next-devtools/shared/forward-logs-shared.js:44
[    6802ms] [LOG] [Fast Refresh] done in 11ms @ webpack-internal:///(app-pages-browser)/./node_modules/next/dist/next-devtools/shared/forward-logs-shared.js:44
[    6827ms] [WARNING] Error while trying to use the following icon from the Manifest: http://localhost:3000/icons/icon-192.png (Download error or resource isn't a valid image) @ http://localhost:3000/login:0
[    6840ms] [LOG] [Fast Refresh] rebuilding @ webpack-internal:///(app-pages-browser)/./node_modules/next/dist/next-devtools/shared/forward-logs-shared.js:44
[    6850ms] [LOG] [Fast Refresh] done in 11ms @ webpack-internal:///(app-pages-browser)/./node_modules/next/dist/next-devtools/shared/forward-logs-shared.js:44
[    6875ms] [WARNING] Error while trying to use the following icon from the Manifest: http://localhost:3000/icons/icon-192.png (Download error or resource isn't a valid image) @ http://localhost:3000/login:0
[    6888ms] [LOG] [Fast Refresh] rebuilding @ webpack-internal:///(app-pages-browser)/./node_modules/next/dist/next-devtools/shared/forward-logs-shared.js:44
[    6899ms] [LOG] [Fast Refresh] done in 11ms @ webpack-internal:///(app-pages-browser)/./node_modules/next/dist/next-devtools/shared/forward-logs-shared.js:44
[    6925ms] [WARNING] Error while trying to use the following icon from the Manifest: http://localhost:3000/icons/icon-192.png (Download error or resource isn't a valid image) @ http://localhost:3000/login:0
[    6939ms] [LOG] [Fast Refresh] rebuilding @ webpack-internal:///(app-pages-browser)/./node_modules/next/dist/next-devtools/shared/forward-logs-shared.js:44
[    6952ms] [LOG] [Fast Refresh] done in 13ms @ webpack-internal:///(app-pages-browser)/./node_modules/next/dist/next-devtools/shared/forward-logs-shared.js:44
[    6982ms] [WARNING] Error while trying to use the following icon from the Manifest: http://localhost:3000/icons/icon-192.png (Download error or resource isn't a valid image) @ http://localhost:3000/login:0
[    6988ms] [LOG] [Fast Refresh] rebuilding @ webpack-internal:///(app-pages-browser)/./node_modules/next/dist/next-devtools/shared/forward-logs-shared.js:44
[    7000ms] [LOG] [Fast Refresh] done in 11ms @ webpack-internal:///(app-pages-browser)/./node_modules/next/dist/next-devtools/shared/forward-logs-shared.js:44
[    7025ms] [WARNING] Error while trying to use the following icon from the Manifest: http://localhost:3000/icons/icon-192.png (Download error or resource isn't a valid image) @ http://localhost:3000/login:0
[    7045ms] [LOG] [Fast Refresh] rebuilding @ webpack-internal:///(app-pages-browser)/./node_modules/next/dist/next-devtools/shared/forward-logs-shared.js:44
[    7050ms] [LOG] [Fast Refresh] done in 5ms @ webpack-internal:///(app-pages-browser)/./node_modules/next/dist/next-devtools/shared/forward-logs-shared.js:44
[    7098ms] [LOG] [Fast Refresh] rebuilding @ webpack-internal:///(app-pages-browser)/./node_modules/next/dist/next-devtools/shared/forward-logs-shared.js:44
[    7098ms] [WARNING] Error while trying to use the following icon from the Manifest: http://localhost:3000/icons/icon-192.png (Download error or resource isn't a valid image) @ http://localhost:3000/login:0
[    7109ms] [LOG] [Fast Refresh] done in 11ms @ webpack-internal:///(app-pages-browser)/./node_modules/next/dist/next-devtools/shared/forward-logs-shared.js:44
[    7134ms] [WARNING] Error while trying to use the following icon from the Manifest: http://localhost:3000/icons/icon-192.png (Download error or resource isn't a valid image) @ http://localhost:3000/login:0
[    7147ms] [LOG] [Fast Refresh] rebuilding @ webpack-internal:///(app-pages-browser)/./node_modules/next/dist/next-devtools/shared/forward-logs-shared.js:44
[    7157ms] [LOG] [Fast Refresh] done in 11ms @ webpack-internal:///(app-pages-browser)/./node_modules/next/dist/next-devtools/shared/forward-logs-shared.js:44
[    7183ms] [WARNING] Error while trying to use the following icon from the Manifest: http://localhost:3000/icons/icon-192.png (Download error or resource isn't a valid image) @ http://localhost:3000/login:0
[    7196ms] [LOG] [Fast Refresh] rebuilding @ webpack-internal:///(app-pages-browser)/./node_modules/next/dist/next-devtools/shared/forward-logs-shared.js:44
[    7207ms] [LOG] [Fast Refresh] done in 11ms @ webpack-internal:///(app-pages-browser)/./node_modules/next/dist/next-devtools/shared/forward-logs-shared.js:44
[    7249ms] [LOG] [Fast Refresh] rebuilding @ webpack-internal:///(app-pages-browser)/./node_modules/next/dist/next-devtools/shared/forward-logs-shared.js:44
[    7250ms] [WARNING] Error while trying to use the following icon from the Manifest: http://localhost:3000/icons/icon-192.png (Download error or resource isn't a valid image) @ http://localhost:3000/login:0
[    7260ms] [LOG] [Fast Refresh] done in 11ms @ webpack-internal:///(app-pages-browser)/./node_modules/next/dist/next-devtools/shared/forward-logs-shared.js:44
[    7286ms] [WARNING] Error while trying to use the following icon from the Manifest: http://localhost:3000/icons/icon-192.png (Download error or resource isn't a valid image) @ http://localhost:3000/login:0
[    7299ms] [LOG] [Fast Refresh] rebuilding @ webpack-internal:///(app-pages-browser)/./node_modules/next/dist/next-devtools/shared/forward-logs-shared.js:44
[    7310ms] [LOG] [Fast Refresh] done in 11ms @ webpack-internal:///(app-pages-browser)/./node_modules/next/dist/next-devtools/shared/forward-logs-shared.js:44
[    7335ms] [WARNING] Error while trying to use the following icon from the Manifest: http://localhost:3000/icons/icon-192.png (Download error or resource isn't a valid image) @ http://localhost:3000/login:0
[    7347ms] [LOG] [Fast Refresh] rebuilding @ webpack-internal:///(app-pages-browser)/./node_modules/next/dist/next-devtools/shared/forward-logs-shared.js:44
[    7358ms] [LOG] [Fast Refresh] done in 11ms @ webpack-internal:///(app-pages-browser)/./node_modules/next/dist/next-devtools/shared/forward-logs-shared.js:44
[    7382ms] [WARNING] Error while trying to use the following icon from the Manifest: http://localhost:3000/icons/icon-192.png (Download error or resource isn't a valid image) @ http://localhost:3000/login:0
[    7395ms] [LOG] [Fast Refresh] rebuilding @ webpack-internal:///(app-pages-browser)/./node_modules/next/dist/next-devtools/shared/forward-logs-shared.js:44
[    7406ms] [LOG] [Fast Refresh] done in 11ms @ webpack-internal:///(app-pages-browser)/./node_modules/next/dist/next-devtools/shared/forward-logs-shared.js:44
[    7431ms] [WARNING] Error while trying to use the following icon from the Manifest: http://localhost:3000/icons/icon-192.png (Download error or resource isn't a valid image) @ http://localhost:3000/login:0
[    7444ms] [LOG] [Fast Refresh] rebuilding @ webpack-internal:///(app-pages-browser)/./node_modules/next/dist/next-devtools/shared/forward-logs-shared.js:44
[    7455ms] [LOG] [Fast Refresh] done in 11ms @ webpack-internal:///(app-pages-browser)/./node_modules/next/dist/next-devtools/shared/forward-logs-shared.js:44
[    7493ms] [LOG] [Fast Refresh] rebuilding @ webpack-internal:///(app-pages-browser)/./node_modules/next/dist/next-devtools/shared/forward-logs-shared.js:44
[    7503ms] [LOG] [Fast Refresh] done in 10ms @ webpack-internal:///(app-pages-browser)/./node_modules/next/dist/next-devtools/shared/forward-logs-shared.js:44
[    7547ms] [LOG] [Fast Refresh] rebuilding @ webpack-internal:///(app-pages-browser)/./node_modules/next/dist/next-devtools/shared/forward-logs-shared.js:44
[    7548ms] [LOG] [Fast Refresh] done in 1ms @ webpack-internal:///(app-pages-browser)/./node_modules/next/dist/next-devtools/shared/forward-logs-shared.js:44
[    7555ms] [WARNING] Error while trying to use the following icon from the Manifest: http://localhost:3000/icons/icon-192.png (Download error or resource isn't a valid image) @ http://localhost:3000/login:0
[    7598ms] [LOG] [Fast Refresh] rebuilding @ webpack-internal:///(app-pages-browser)/./node_modules/next/dist/next-devtools/shared/forward-logs-shared.js:44
[    7601ms] [LOG] [Fast Refresh] done in 3ms @ webpack-internal:///(app-pages-browser)/./node_modules/next/dist/next-devtools/shared/forward-logs-shared.js:44
[    7606ms] [WARNING] Error while trying to use the following icon from the Manifest: http://localhost:3000/icons/icon-192.png (Download error or resource isn't a valid image) @ http://localhost:3000/login:0
[    7649ms] [LOG] [Fast Refresh] rebuilding @ webpack-internal:///(app-pages-browser)/./node_modules/next/dist/next-devtools/shared/forward-logs-shared.js:44
[    7651ms] [LOG] [Fast Refresh] done in 2ms @ webpack-internal:///(app-pages-browser)/./node_modules/next/dist/next-devtools/shared/forward-logs-shared.js:44
[    7657ms] [WARNING] Error while trying to use the following icon from the Manifest: http://localhost:3000/icons/icon-192.png (Download error or resource isn't a valid image) @ http://localhost:3000/login:0
[    7698ms] [LOG] [Fast Refresh] rebuilding @ webpack-internal:///(app-pages-browser)/./node_modules/next/dist/next-devtools/shared/forward-logs-shared.js:44
[    7701ms] [LOG] [Fast Refresh] done in 4ms @ webpack-internal:///(app-pages-browser)/./node_modules/next/dist/next-devtools/shared/forward-logs-shared.js:44
[    7706ms] [WARNING] Error while trying to use the following icon from the Manifest: http://localhost:3000/icons/icon-192.png (Download error or resource isn't a valid image) @ http://localhost:3000/login:0
[    7748ms] [LOG] [Fast Refresh] rebuilding @ webpack-internal:///(app-pages-browser)/./node_modules/next/dist/next-devtools/shared/forward-logs-shared.js:44
[    7752ms] [LOG] [Fast Refresh] done in 3ms @ webpack-internal:///(app-pages-browser)/./node_modules/next/dist/next-devtools/shared/forward-logs-shared.js:44
[    7757ms] [WARNING] Error while trying to use the following icon from the Manifest: http://localhost:3000/icons/icon-192.png (Download error or resource isn't a valid image) @ http://localhost:3000/login:0
[    7796ms] [LOG] [Fast Refresh] rebuilding @ webpack-internal:///(app-pages-browser)/./node_modules/next/dist/next-devtools/shared/forward-logs-shared.js:44
[    7807ms] [LOG] [Fast Refresh] done in 11ms @ webpack-internal:///(app-pages-browser)/./node_modules/next/dist/next-devtools/shared/forward-logs-shared.js:44
[    7833ms] [WARNING] Error while trying to use the following icon from the Manifest: http://localhost:3000/icons/icon-192.png (Download error or resource isn't a valid image) @ http://localhost:3000/login:0
[    7846ms] [LOG] [Fast Refresh] rebuilding @ webpack-internal:///(app-pages-browser)/./node_modules/next/dist/next-devtools/shared/forward-logs-shared.js:44
[    7856ms] [LOG] [Fast Refresh] done in 11ms @ webpack-internal:///(app-pages-browser)/./node_modules/next/dist/next-devtools/shared/forward-logs-shared.js:44
[    7882ms] [WARNING] Error while trying to use the following icon from the Manifest: http://localhost:3000/icons/icon-192.png (Download error or resource isn't a valid image) @ http://localhost:3000/login:0
[    7895ms] [LOG] [Fast Refresh] rebuilding @ webpack-internal:///(app-pages-browser)/./node_modules/next/dist/next-devtools/shared/forward-logs-shared.js:44
[    7907ms] [LOG] [Fast Refresh] done in 11ms @ webpack-internal:///(app-pages-browser)/./node_modules/next/dist/next-devtools/shared/forward-logs-shared.js:44
[    7932ms] [WARNING] Error while trying to use the following icon from the Manifest: http://localhost:3000/icons/icon-192.png (Download error or resource isn't a valid image) @ http://localhost:3000/login:0
[    7945ms] [LOG] [Fast Refresh] rebuilding @ webpack-internal:///(app-pages-browser)/./node_modules/next/dist/next-devtools/shared/forward-logs-shared.js:44
[    7956ms] [LOG] [Fast Refresh] done in 11ms @ webpack-internal:///(app-pages-browser)/./node_modules/next/dist/next-devtools/shared/forward-logs-shared.js:44
[    7990ms] [WARNING] Error while trying to use the following icon from the Manifest: http://localhost:3000/icons/icon-192.png (Download error or resource isn't a valid image) @ http://localhost:3000/login:0
[    7996ms] [LOG] [Fast Refresh] rebuilding @ webpack-internal:///(app-pages-browser)/./node_modules/next/dist/next-devtools/shared/forward-logs-shared.js:44
[    8004ms] [LOG] [Fast Refresh] done in 8ms @ webpack-internal:///(app-pages-browser)/./node_modules/next/dist/next-devtools/shared/forward-logs-shared.js:44
[    8028ms] [WARNING] Error while trying to use the following icon from the Manifest: http://localhost:3000/icons/icon-192.png (Download error or resource isn't a valid image) @ http://localhost:3000/login:0
[    8050ms] [LOG] [Fast Refresh] rebuilding @ webpack-internal:///(app-pages-browser)/./node_modules/next/dist/next-devtools/shared/forward-logs-shared.js:44
[    8053ms] [LOG] [Fast Refresh] done in 4ms @ webpack-internal:///(app-pages-browser)/./node_modules/next/dist/next-devtools/shared/forward-logs-shared.js:44
[    8058ms] [WARNING] Error while trying to use the following icon from the Manifest: http://localhost:3000/icons/icon-192.png (Download error or resource isn't a valid image) @ http://localhost:3000/login:0
[    8095ms] [LOG] [Fast Refresh] rebuilding @ webpack-internal:///(app-pages-browser)/./node_modules/next/dist/next-devtools/shared/forward-logs-shared.js:44
[    8104ms] [LOG] [Fast Refresh] done in 9ms @ webpack-internal:///(app-pages-browser)/./node_modules/next/dist/next-devtools/shared/forward-logs-shared.js:44
[    8129ms] [WARNING] Error while trying to use the following icon from the Manifest: http://localhost:3000/icons/icon-192.png (Download error or resource isn't a valid image) @ http://localhost:3000/login:0
[    8151ms] [LOG] [Fast Refresh] rebuilding @ webpack-internal:///(app-pages-browser)/./node_modules/next/dist/next-devtools/shared/forward-logs-shared.js:44
[    8154ms] [LOG] [Fast Refresh] done in 3ms @ webpack-internal:///(app-pages-browser)/./node_modules/next/dist/next-devtools/shared/forward-logs-shared.js:44
[    8158ms] [WARNING] Error while trying to use the following icon from the Manifest: http://localhost:3000/icons/icon-192.png (Download error or resource isn't a valid image) @ http://localhost:3000/login:0
[    8199ms] [LOG] [Fast Refresh] rebuilding @ webpack-internal:///(app-pages-browser)/./node_modules/next/dist/next-devtools/shared/forward-logs-shared.js:44
[    8202ms] [LOG] [Fast Refresh] done in 3ms @ webpack-internal:///(app-pages-browser)/./node_modules/next/dist/next-devtools/shared/forward-logs-shared.js:44
[    8207ms] [WARNING] Error while trying to use the following icon from the Manifest: http://localhost:3000/icons/icon-192.png (Download error or resource isn't a valid image) @ http://localhost:3000/login:0
[    8249ms] [LOG] [Fast Refresh] rebuilding @ webpack-internal:///(app-pages-browser)/./node_modules/next/dist/next-devtools/shared/forward-logs-shared.js:44
[    8252ms] [LOG] [Fast Refresh] done in 3ms @ webpack-internal:///(app-pages-browser)/./node_modules/next/dist/next-devtools/shared/forward-logs-shared.js:44
[    8257ms] [WARNING] Error while trying to use the following icon from the Manifest: http://localhost:3000/icons/icon-192.png (Download error or resource isn't a valid image) @ http://localhost:3000/login:0
[    8297ms] [LOG] [Fast Refresh] rebuilding @ webpack-internal:///(app-pages-browser)/./node_modules/next/dist/next-devtools/shared/forward-logs-shared.js:44
[    8301ms] [LOG] [Fast Refresh] done in 3ms @ webpack-internal:///(app-pages-browser)/./node_modules/next/dist/next-devtools/shared/forward-logs-shared.js:44
[    8305ms] [WARNING] Error while trying to use the following icon from the Manifest: http://localhost:3000/icons/icon-192.png (Download error or resource isn't a valid image) @ http://localhost:3000/login:0
[    8348ms] [LOG] [Fast Refresh] rebuilding @ webpack-internal:///(app-pages-browser)/./node_modules/next/dist/next-devtools/shared/forward-logs-shared.js:44
[    8351ms] [LOG] [Fast Refresh] done in 3ms @ webpack-internal:///(app-pages-browser)/./node_modules/next/dist/next-devtools/shared/forward-logs-shared.js:44
[    8355ms] [WARNING] Error while trying to use the following icon from the Manifest: http://localhost:3000/icons/icon-192.png (Download error or resource isn't a valid image) @ http://localhost:3000/login:0
[    8398ms] [LOG] [Fast Refresh] rebuilding @ webpack-internal:///(app-pages-browser)/./node_modules/next/dist/next-devtools/shared/forward-logs-shared.js:44
[    8401ms] [LOG] [Fast Refresh] done in 3ms @ webpack-internal:///(app-pages-browser)/./node_modules/next/dist/next-devtools/shared/forward-logs-shared.js:44
[    8405ms] [WARNING] Error while trying to use the following icon from the Manifest: http://localhost:3000/icons/icon-192.png (Download error or resource isn't a valid image) @ http://localhost:3000/login:0
[    8449ms] [LOG] [Fast Refresh] rebuilding @ webpack-internal:///(app-pages-browser)/./node_modules/next/dist/next-devtools/shared/forward-logs-shared.js:44
[    8450ms] [LOG] [Fast Refresh] done in 1ms @ webpack-internal:///(app-pages-browser)/./node_modules/next/dist/next-devtools/shared/forward-logs-shared.js:44
[    8456ms] [WARNING] Error while trying to use the following icon from the Manifest: http://localhost:3000/icons/icon-192.png (Download error or resource isn't a valid image) @ http://localhost:3000/login:0
[    8501ms] [LOG] [Fast Refresh] done in 53ms @ webpack-internal:///(app-pages-browser)/./node_modules/next/dist/next-devtools/shared/forward-logs-shared.js:44
[    8501ms] [LOG] [Fast Refresh] rebuilding @ webpack-internal:///(app-pages-browser)/./node_modules/next/dist/next-devtools/shared/forward-logs-shared.js:44
[    8505ms] [WARNING] Error while trying to use the following icon from the Manifest: http://localhost:3000/icons/icon-192.png (Download error or resource isn't a valid image) @ http://localhost:3000/login:0
[    8550ms] [LOG] [Fast Refresh] rebuilding @ webpack-internal:///(app-pages-browser)/./node_modules/next/dist/next-devtools/shared/forward-logs-shared.js:44
[    8563ms] [LOG] [Fast Refresh] done in 13ms @ webpack-internal:///(app-pages-browser)/./node_modules/next/dist/next-devtools/shared/forward-logs-shared.js:44
[    8594ms] [WARNING] Error while trying to use the following icon from the Manifest: http://localhost:3000/icons/icon-192.png (Download error or resource isn't a valid image) @ http://localhost:3000/login:0
[    8614ms] [LOG] [Fast Refresh] rebuilding @ webpack-internal:///(app-pages-browser)/./node_modules/next/dist/next-devtools/shared/forward-logs-shared.js:44
[    8629ms] [LOG] [Fast Refresh] done in 15ms @ webpack-internal:///(app-pages-browser)/./node_modules/next/dist/next-devtools/shared/forward-logs-shared.js:44
[    8664ms] [WARNING] Error while trying to use the following icon from the Manifest: http://localhost:3000/icons/icon-192.png (Download error or resource isn't a valid image) @ http://localhost:3000/login:0
[    8688ms] [LOG] [Fast Refresh] rebuilding @ webpack-internal:///(app-pages-browser)/./node_modules/next/dist/next-devtools/shared/forward-logs-shared.js:44
[    8705ms] [LOG] [Fast Refresh] done in 18ms @ webpack-internal:///(app-pages-browser)/./node_modules/next/dist/next-devtools/shared/forward-logs-shared.js:44
[    8744ms] [WARNING] Error while trying to use the following icon from the Manifest: http://localhost:3000/icons/icon-192.png (Download error or resource isn't a valid image) @ http://localhost:3000/login:0
[    8763ms] [LOG] [Fast Refresh] rebuilding @ webpack-internal:///(app-pages-browser)/./node_modules/next/dist/next-devtools/shared/forward-logs-shared.js:44
[    8779ms] [LOG] [Fast Refresh] done in 16ms @ webpack-internal:///(app-pages-browser)/./node_modules/next/dist/next-devtools/shared/forward-logs-shared.js:44
[    8818ms] [WARNING] Error while trying to use the following icon from the Manifest: http://localhost:3000/icons/icon-192.png (Download error or resource isn't a valid image) @ http://localhost:3000/login:0
[    8841ms] [LOG] [Fast Refresh] rebuilding @ webpack-internal:///(app-pages-browser)/./node_modules/next/dist/next-devtools/shared/forward-logs-shared.js:44
[    8857ms] [LOG] [Fast Refresh] done in 16ms @ webpack-internal:///(app-pages-browser)/./node_modules/next/dist/next-devtools/shared/forward-logs-shared.js:44
[    8898ms] [WARNING] Error while trying to use the following icon from the Manifest: http://localhost:3000/icons/icon-192.png (Download error or resource isn't a valid image) @ http://localhost:3000/login:0
[    8917ms] [LOG] [Fast Refresh] rebuilding @ webpack-internal:///(app-pages-browser)/./node_modules/next/dist/next-devtools/shared/forward-logs-shared.js:44
[    8933ms] [LOG] [Fast Refresh] done in 17ms @ webpack-internal:///(app-pages-browser)/./node_modules/next/dist/next-devtools/shared/forward-logs-shared.js:44
[    9023ms] [WARNING] Error while trying to use the following icon from the Manifest: http://localhost:3000/icons/icon-192.png (Download error or resource isn't a valid image) @ http://localhost:3000/login:0
[    9041ms] [LOG] [Fast Refresh] rebuilding @ webpack-internal:///(app-pages-browser)/./node_modules/next/dist/next-devtools/shared/forward-logs-shared.js:44
[    9055ms] [LOG] [Fast Refresh] done in 13ms @ webpack-internal:///(app-pages-browser)/./node_modules/next/dist/next-devtools/shared/forward-logs-shared.js:44
[    9083ms] [WARNING] Error while trying to use the following icon from the Manifest: http://localhost:3000/icons/icon-192.png (Download error or resource isn't a valid image) @ http://localhost:3000/login:0
[    9097ms] [LOG] [Fast Refresh] rebuilding @ webpack-internal:///(app-pages-browser)/./node_modules/next/dist/next-devtools/shared/forward-logs-shared.js:44
[    9107ms] [LOG] [Fast Refresh] done in 10ms @ webpack-internal:///(app-pages-browser)/./node_modules/next/dist/next-devtools/shared/forward-logs-shared.js:44
[    9134ms] [WARNING] Error while trying to use the following icon from the Manifest: http://localhost:3000/icons/icon-192.png (Download error or resource isn't a valid image) @ http://localhost:3000/login:0
[    9148ms] [LOG] [Fast Refresh] rebuilding @ webpack-internal:///(app-pages-browser)/./node_modules/next/dist/next-devtools/shared/forward-logs-shared.js:44
[    9159ms] [LOG] [Fast Refresh] done in 11ms @ webpack-internal:///(app-pages-browser)/./node_modules/next/dist/next-devtools/shared/forward-logs-shared.js:44
[    9184ms] [WARNING] Error while trying to use the following icon from the Manifest: http://localhost:3000/icons/icon-192.png (Download error or resource isn't a valid image) @ http://localhost:3000/login:0
[    9197ms] [LOG] [Fast Refresh] rebuilding @ webpack-internal:///(app-pages-browser)/./node_modules/next/dist/next-devtools/shared/forward-logs-shared.js:44
[    9208ms] [LOG] [Fast Refresh] done in 10ms @ webpack-internal:///(app-pages-browser)/./node_modules/next/dist/next-devtools/shared/forward-logs-shared.js:44
[    9232ms] [WARNING] Error while trying to use the following icon from the Manifest: http://localhost:3000/icons/icon-192.png (Download error or resource isn't a valid image) @ http://localhost:3000/login:0
[    9245ms] [LOG] [Fast Refresh] rebuilding @ webpack-internal:///(app-pages-browser)/./node_modules/next/dist/next-devtools/shared/forward-logs-shared.js:44
[    9256ms] [LOG] [Fast Refresh] done in 10ms @ webpack-internal:///(app-pages-browser)/./node_modules/next/dist/next-devtools/shared/forward-logs-shared.js:44
[    9282ms] [WARNING] Error while trying to use the following icon from the Manifest: http://localhost:3000/icons/icon-192.png (Download error or resource isn't a valid image) @ http://localhost:3000/login:0
[    9297ms] [LOG] [Fast Refresh] rebuilding @ webpack-internal:///(app-pages-browser)/./node_modules/next/dist/next-devtools/shared/forward-logs-shared.js:44
[    9309ms] [LOG] [Fast Refresh] done in 11ms @ webpack-internal:///(app-pages-browser)/./node_modules/next/dist/next-devtools/shared/forward-logs-shared.js:44
[    9334ms] [WARNING] Error while trying to use the following icon from the Manifest: http://localhost:3000/icons/icon-192.png (Download error or resource isn't a valid image) @ http://localhost:3000/login:0
[    9347ms] [LOG] [Fast Refresh] rebuilding @ webpack-internal:///(app-pages-browser)/./node_modules/next/dist/next-devtools/shared/forward-logs-shared.js:44
[    9358ms] [LOG] [Fast Refresh] done in 10ms @ webpack-internal:///(app-pages-browser)/./node_modules/next/dist/next-devtools/shared/forward-logs-shared.js:44
[    9383ms] [WARNING] Error while trying to use the following icon from the Manifest: http://localhost:3000/icons/icon-192.png (Download error or resource isn't a valid image) @ http://localhost:3000/login:0
[    9396ms] [LOG] [Fast Refresh] rebuilding @ webpack-internal:///(app-pages-browser)/./node_modules/next/dist/next-devtools/shared/forward-logs-shared.js:44
[    9407ms] [LOG] [Fast Refresh] done in 11ms @ webpack-internal:///(app-pages-browser)/./node_modules/next/dist/next-devtools/shared/forward-logs-shared.js:44
[    9431ms] [WARNING] Error while trying to use the following icon from the Manifest: http://localhost:3000/icons/icon-192.png (Download error or resource isn't a valid image) @ http://localhost:3000/login:0
[    9446ms] [LOG] [Fast Refresh] rebuilding @ webpack-internal:///(app-pages-browser)/./node_modules/next/dist/next-devtools/shared/forward-logs-shared.js:44
[    9457ms] [LOG] [Fast Refresh] done in 12ms @ webpack-internal:///(app-pages-browser)/./node_modules/next/dist/next-devtools/shared/forward-logs-shared.js:44
[    9483ms] [WARNING] Error while trying to use the following icon from the Manifest: http://localhost:3000/icons/icon-192.png (Download error or resource isn't a valid image) @ http://localhost:3000/login:0
[    9496ms] [LOG] [Fast Refresh] rebuilding @ webpack-internal:///(app-pages-browser)/./node_modules/next/dist/next-devtools/shared/forward-logs-shared.js:44
[    9507ms] [LOG] [Fast Refresh] done in 11ms @ webpack-internal:///(app-pages-browser)/./node_modules/next/dist/next-devtools/shared/forward-logs-shared.js:44
[    9534ms] [WARNING] Error while trying to use the following icon from the Manifest: http://localhost:3000/icons/icon-192.png (Download error or resource isn't a valid image) @ http://localhost:3000/login:0
[    9547ms] [LOG] [Fast Refresh] rebuilding @ webpack-internal:///(app-pages-browser)/./node_modules/next/dist/next-devtools/shared/forward-logs-shared.js:44
[    9557ms] [LOG] [Fast Refresh] done in 11ms @ webpack-internal:///(app-pages-browser)/./node_modules/next/dist/next-devtools/shared/forward-logs-shared.js:44
[    9583ms] [WARNING] Error while trying to use the following icon from the Manifest: http://localhost:3000/icons/icon-192.png (Download error or resource isn't a valid image) @ http://localhost:3000/login:0
[    9596ms] [LOG] [Fast Refresh] rebuilding @ webpack-internal:///(app-pages-browser)/./node_modules/next/dist/next-devtools/shared/forward-logs-shared.js:44
[    9607ms] [LOG] [Fast Refresh] done in 11ms @ webpack-internal:///(app-pages-browser)/./node_modules/next/dist/next-devtools/shared/forward-logs-shared.js:44
[    9641ms] [WARNING] Error while trying to use the following icon from the Manifest: http://localhost:3000/icons/icon-192.png (Download error or resource isn't a valid image) @ http://localhost:3000/login:0
[    9644ms] [LOG] [Fast Refresh] rebuilding @ webpack-internal:///(app-pages-browser)/./node_modules/next/dist/next-devtools/shared/forward-logs-shared.js:44
[    9655ms] [LOG] [Fast Refresh] done in 12ms @ webpack-internal:///(app-pages-browser)/./node_modules/next/dist/next-devtools/shared/forward-logs-shared.js:44
[    9684ms] [WARNING] Error while trying to use the following icon from the Manifest: http://localhost:3000/icons/icon-192.png (Download error or resource isn't a valid image) @ http://localhost:3000/login:0
[    9697ms] [LOG] [Fast Refresh] rebuilding @ webpack-internal:///(app-pages-browser)/./node_modules/next/dist/next-devtools/shared/forward-logs-shared.js:44
[    9708ms] [LOG] [Fast Refresh] done in 10ms @ webpack-internal:///(app-pages-browser)/./node_modules/next/dist/next-devtools/shared/forward-logs-shared.js:44
[    9733ms] [WARNING] Error while trying to use the following icon from the Manifest: http://localhost:3000/icons/icon-192.png (Download error or resource isn't a valid image) @ http://localhost:3000/login:0
[    9746ms] [LOG] [Fast Refresh] rebuilding @ webpack-internal:///(app-pages-browser)/./node_modules/next/dist/next-devtools/shared/forward-logs-shared.js:44
[    9757ms] [LOG] [Fast Refresh] done in 11ms @ webpack-internal:///(app-pages-browser)/./node_modules/next/dist/next-devtools/shared/forward-logs-shared.js:44
[    9782ms] [WARNING] Error while trying to use the following icon from the Manifest: http://localhost:3000/icons/icon-192.png (Download error or resource isn't a valid image) @ http://localhost:3000/login:0
[    9795ms] [LOG] [Fast Refresh] rebuilding @ webpack-internal:///(app-pages-browser)/./node_modules/next/dist/next-devtools/shared/forward-logs-shared.js:44
[    9808ms] [LOG] [Fast Refresh] done in 14ms @ webpack-internal:///(app-pages-browser)/./node_modules/next/dist/next-devtools/shared/forward-logs-shared.js:44
[    9833ms] [WARNING] Error while trying to use the following icon from the Manifest: http://localhost:3000/icons/icon-192.png (Download error or resource isn't a valid image) @ http://localhost:3000/login:0
[    9846ms] [LOG] [Fast Refresh] rebuilding @ webpack-internal:///(app-pages-browser)/./node_modules/next/dist/next-devtools/shared/forward-logs-shared.js:44
[    9856ms] [LOG] [Fast Refresh] done in 10ms @ webpack-internal:///(app-pages-browser)/./node_modules/next/dist/next-devtools/shared/forward-logs-shared.js:44
[    9882ms] [WARNING] Error while trying to use the following icon from the Manifest: http://localhost:3000/icons/icon-192.png (Download error or resource isn't a valid image) @ http://localhost:3000/login:0
[    9896ms] [LOG] [Fast Refresh] rebuilding @ webpack-internal:///(app-pages-browser)/./node_modules/next/dist/next-devtools/shared/forward-logs-shared.js:44
[    9907ms] [LOG] [Fast Refresh] done in 11ms @ webpack-internal:///(app-pages-browser)/./node_modules/next/dist/next-devtools/shared/forward-logs-shared.js:44
[    9933ms] [WARNING] Error while trying to use the following icon from the Manifest: http://localhost:3000/icons/icon-192.png (Download error or resource isn't a valid image) @ http://localhost:3000/login:0
[    9946ms] [LOG] [Fast Refresh] rebuilding @ webpack-internal:///(app-pages-browser)/./node_modules/next/dist/next-devtools/shared/forward-logs-shared.js:44
[    9957ms] [LOG] [Fast Refresh] done in 11ms @ webpack-internal:///(app-pages-browser)/./node_modules/next/dist/next-devtools/shared/forward-logs-shared.js:44
[    9982ms] [WARNING] Error while trying to use the following icon from the Manifest: http://localhost:3000/icons/icon-192.png (Download error or resource isn't a valid image) @ http://localhost:3000/login:0
[    9995ms] [LOG] [Fast Refresh] rebuilding @ webpack-internal:///(app-pages-browser)/./node_modules/next/dist/next-devtools/shared/forward-logs-shared.js:44
[   10007ms] [LOG] [Fast Refresh] done in 12ms @ webpack-internal:///(app-pages-browser)/./node_modules/next/dist/next-devtools/shared/forward-logs-shared.js:44
[   10032ms] [WARNING] Error while trying to use the following icon from the Manifest: http://localhost:3000/icons/icon-192.png (Download error or resource isn't a valid image) @ http://localhost:3000/login:0
[   10045ms] [LOG] [Fast Refresh] rebuilding @ webpack-internal:///(app-pages-browser)/./node_modules/next/dist/next-devtools/shared/forward-logs-shared.js:44
[   10055ms] [LOG] [Fast Refresh] done in 11ms @ webpack-internal:///(app-pages-browser)/./node_modules/next/dist/next-devtools/shared/forward-logs-shared.js:44
[   10079ms] [WARNING] Error while trying to use the following icon from the Manifest: http://localhost:3000/icons/icon-192.png (Download error or resource isn't a valid image) @ http://localhost:3000/login:0
[   10092ms] [LOG] [Fast Refresh] rebuilding @ webpack-internal:///(app-pages-browser)/./node_modules/next/dist/next-devtools/shared/forward-logs-shared.js:44
[   10103ms] [LOG] [Fast Refresh] done in 10ms @ webpack-internal:///(app-pages-browser)/./node_modules/next/dist/next-devtools/shared/forward-logs-shared.js:44
[   10126ms] [WARNING] Error while trying to use the following icon from the Manifest: http://localhost:3000/icons/icon-192.png (Download error or resource isn't a valid image) @ http://localhost:3000/login:0
[   10139ms] [LOG] [Fast Refresh] rebuilding @ webpack-internal:///(app-pages-browser)/./node_modules/next/dist/next-devtools/shared/forward-logs-shared.js:44
[   10150ms] [LOG] [Fast Refresh] done in 11ms @ webpack-internal:///(app-pages-browser)/./node_modules/next/dist/next-devtools/shared/forward-logs-shared.js:44
[   10173ms] [WARNING] Error while trying to use the following icon from the Manifest: http://localhost:3000/icons/icon-192.png (Download error or resource isn't a valid image) @ http://localhost:3000/login:0
[   10186ms] [LOG] [Fast Refresh] rebuilding @ webpack-internal:///(app-pages-browser)/./node_modules/next/dist/next-devtools/shared/forward-logs-shared.js:44
[   10197ms] [LOG] [Fast Refresh] done in 12ms @ webpack-internal:///(app-pages-browser)/./node_modules/next/dist/next-devtools/shared/forward-logs-shared.js:44
[   10222ms] [WARNING] Error while trying to use the following icon from the Manifest: http://localhost:3000/icons/icon-192.png (Download error or resource isn't a valid image) @ http://localhost:3000/login:0
[   10235ms] [LOG] [Fast Refresh] rebuilding @ webpack-internal:///(app-pages-browser)/./node_modules/next/dist/next-devtools/shared/forward-logs-shared.js:44
[   10246ms] [LOG] [Fast Refresh] done in 11ms @ webpack-internal:///(app-pages-browser)/./node_modules/next/dist/next-devtools/shared/forward-logs-shared.js:44
[   10270ms] [WARNING] Error while trying to use the following icon from the Manifest: http://localhost:3000/icons/icon-192.png (Download error or resource isn't a valid image) @ http://localhost:3000/login:0
[   10283ms] [LOG] [Fast Refresh] rebuilding @ webpack-internal:///(app-pages-browser)/./node_modules/next/dist/next-devtools/shared/forward-logs-shared.js:44
[   10294ms] [LOG] [Fast Refresh] done in 11ms @ webpack-internal:///(app-pages-browser)/./node_modules/next/dist/next-devtools/shared/forward-logs-shared.js:44
[   10318ms] [WARNING] Error while trying to use the following icon from the Manifest: http://localhost:3000/icons/icon-192.png (Download error or resource isn't a valid image) @ http://localhost:3000/login:0
[   10331ms] [LOG] [Fast Refresh] rebuilding @ webpack-internal:///(app-pages-browser)/./node_modules/next/dist/next-devtools/shared/forward-logs-shared.js:44
[   10341ms] [LOG] [Fast Refresh] done in 11ms @ webpack-internal:///(app-pages-browser)/./node_modules/next/dist/next-devtools/shared/forward-logs-shared.js:44
[   10375ms] [WARNING] Error while trying to use the following icon from the Manifest: http://localhost:3000/icons/icon-192.png (Download error or resource isn't a valid image) @ http://localhost:3000/login:0
[   10378ms] [LOG] [Fast Refresh] rebuilding @ webpack-internal:///(app-pages-browser)/./node_modules/next/dist/next-devtools/shared/forward-logs-shared.js:44
[   10389ms] [LOG] [Fast Refresh] done in 11ms @ webpack-internal:///(app-pages-browser)/./node_modules/next/dist/next-devtools/shared/forward-logs-shared.js:44
[   10411ms] [WARNING] Error while trying to use the following icon from the Manifest: http://localhost:3000/icons/icon-192.png (Download error or resource isn't a valid image) @ http://localhost:3000/login:0
[   10433ms] [LOG] [Fast Refresh] rebuilding @ webpack-internal:///(app-pages-browser)/./node_modules/next/dist/next-devtools/shared/forward-logs-shared.js:44
[   10436ms] [LOG] [Fast Refresh] done in 3ms @ webpack-internal:///(app-pages-browser)/./node_modules/next/dist/next-devtools/shared/forward-logs-shared.js:44
[   10441ms] [WARNING] Error while trying to use the following icon from the Manifest: http://localhost:3000/icons/icon-192.png (Download error or resource isn't a valid image) @ http://localhost:3000/login:0
[   10484ms] [LOG] [Fast Refresh] rebuilding @ webpack-internal:///(app-pages-browser)/./node_modules/next/dist/next-devtools/shared/forward-logs-shared.js:44
[   10486ms] [LOG] [Fast Refresh] done in 1ms @ webpack-internal:///(app-pages-browser)/./node_modules/next/dist/next-devtools/shared/forward-logs-shared.js:44
[   10492ms] [WARNING] Error while trying to use the following icon from the Manifest: http://localhost:3000/icons/icon-192.png (Download error or resource isn't a valid image) @ http://localhost:3000/login:0
[   10529ms] [LOG] [Fast Refresh] rebuilding @ webpack-internal:///(app-pages-browser)/./node_modules/next/dist/next-devtools/shared/forward-logs-shared.js:44
[   10538ms] [LOG] [Fast Refresh] done in 9ms @ webpack-internal:///(app-pages-browser)/./node_modules/next/dist/next-devtools/shared/forward-logs-shared.js:44
[   10561ms] [WARNING] Error while trying to use the following icon from the Manifest: http://localhost:3000/icons/icon-192.png (Download error or resource isn't a valid image) @ http://localhost:3000/login:0
[   10582ms] [LOG] [Fast Refresh] rebuilding @ webpack-internal:///(app-pages-browser)/./node_modules/next/dist/next-devtools/shared/forward-logs-shared.js:44
[   10586ms] [LOG] [Fast Refresh] done in 3ms @ webpack-internal:///(app-pages-browser)/./node_modules/next/dist/next-devtools/shared/forward-logs-shared.js:44
[   10591ms] [WARNING] Error while trying to use the following icon from the Manifest: http://localhost:3000/icons/icon-192.png (Download error or resource isn't a valid image) @ http://localhost:3000/login:0
[   10633ms] [LOG] [Fast Refresh] rebuilding @ webpack-internal:///(app-pages-browser)/./node_modules/next/dist/next-devtools/shared/forward-logs-shared.js:44
[   10636ms] [LOG] [Fast Refresh] done in 4ms @ webpack-internal:///(app-pages-browser)/./node_modules/next/dist/next-devtools/shared/forward-logs-shared.js:44
[   10641ms] [WARNING] Error while trying to use the following icon from the Manifest: http://localhost:3000/icons/icon-192.png (Download error or resource isn't a valid image) @ http://localhost:3000/login:0
[   10681ms] [LOG] [Fast Refresh] rebuilding @ webpack-internal:///(app-pages-browser)/./node_modules/next/dist/next-devtools/shared/forward-logs-shared.js:44
[   10684ms] [LOG] [Fast Refresh] done in 3ms @ webpack-internal:///(app-pages-browser)/./node_modules/next/dist/next-devtools/shared/forward-logs-shared.js:44
[   10689ms] [WARNING] Error while trying to use the following icon from the Manifest: http://localhost:3000/icons/icon-192.png (Download error or resource isn't a valid image) @ http://localhost:3000/login:0
[   10731ms] [LOG] [Fast Refresh] rebuilding @ webpack-internal:///(app-pages-browser)/./node_modules/next/dist/next-devtools/shared/forward-logs-shared.js:44
[   10734ms] [LOG] [Fast Refresh] done in 4ms @ webpack-internal:///(app-pages-browser)/./node_modules/next/dist/next-devtools/shared/forward-logs-shared.js:44
[   10739ms] [WARNING] Error while trying to use the following icon from the Manifest: http://localhost:3000/icons/icon-192.png (Download error or resource isn't a valid image) @ http://localhost:3000/login:0
[   10780ms] [LOG] [Fast Refresh] rebuilding @ webpack-internal:///(app-pages-browser)/./node_modules/next/dist/next-devtools/shared/forward-logs-shared.js:44
[   10783ms] [LOG] [Fast Refresh] done in 3ms @ webpack-internal:///(app-pages-browser)/./node_modules/next/dist/next-devtools/shared/forward-logs-shared.js:44
[   10788ms] [WARNING] Error while trying to use the following icon from the Manifest: http://localhost:3000/icons/icon-192.png (Download error or resource isn't a valid image) @ http://localhost:3000/login:0
[   10830ms] [LOG] [Fast Refresh] rebuilding @ webpack-internal:///(app-pages-browser)/./node_modules/next/dist/next-devtools/shared/forward-logs-shared.js:44
[   10831ms] [LOG] [Fast Refresh] done in 1ms @ webpack-internal:///(app-pages-browser)/./node_modules/next/dist/next-devtools/shared/forward-logs-shared.js:44
[   10838ms] [WARNING] Error while trying to use the following icon from the Manifest: http://localhost:3000/icons/icon-192.png (Download error or resource isn't a valid image) @ http://localhost:3000/login:0
[   10882ms] [LOG] [Fast Refresh] rebuilding @ webpack-internal:///(app-pages-browser)/./node_modules/next/dist/next-devtools/shared/forward-logs-shared.js:44
[   10885ms] [LOG] [Fast Refresh] done in 3ms @ webpack-internal:///(app-pages-browser)/./node_modules/next/dist/next-devtools/shared/forward-logs-shared.js:44
[   10890ms] [WARNING] Error while trying to use the following icon from the Manifest: http://localhost:3000/icons/icon-192.png (Download error or resource isn't a valid image) @ http://localhost:3000/login:0
[   10932ms] [LOG] [Fast Refresh] rebuilding @ webpack-internal:///(app-pages-browser)/./node_modules/next/dist/next-devtools/shared/forward-logs-shared.js:44
[   10933ms] [LOG] [Fast Refresh] done in 1ms @ webpack-internal:///(app-pages-browser)/./node_modules/next/dist/next-devtools/shared/forward-logs-shared.js:44
[   10940ms] [WARNING] Error while trying to use the following icon from the Manifest: http://localhost:3000/icons/icon-192.png (Download error or resource isn't a valid image) @ http://localhost:3000/login:0
[   10983ms] [LOG] [Fast Refresh] rebuilding @ webpack-internal:///(app-pages-browser)/./node_modules/next/dist/next-devtools/shared/forward-logs-shared.js:44
[   10984ms] [LOG] [Fast Refresh] done in 1ms @ webpack-internal:///(app-pages-browser)/./node_modules/next/dist/next-devtools/shared/forward-logs-shared.js:44
[   10991ms] [WARNING] Error while trying to use the following icon from the Manifest: http://localhost:3000/icons/icon-192.png (Download error or resource isn't a valid image) @ http://localhost:3000/login:0
[   11032ms] [LOG] [Fast Refresh] rebuilding @ webpack-internal:///(app-pages-browser)/./node_modules/next/dist/next-devtools/shared/forward-logs-shared.js:44
[   11035ms] [LOG] [Fast Refresh] done in 4ms @ webpack-internal:///(app-pages-browser)/./node_modules/next/dist/next-devtools/shared/forward-logs-shared.js:44
[   11040ms] [WARNING] Error while trying to use the following icon from the Manifest: http://localhost:3000/icons/icon-192.png (Download error or resource isn't a valid image) @ http://localhost:3000/login:0
[   11081ms] [LOG] [Fast Refresh] rebuilding @ webpack-internal:///(app-pages-browser)/./node_modules/next/dist/next-devtools/shared/forward-logs-shared.js:44
[   11083ms] [LOG] [Fast Refresh] done in 1ms @ webpack-internal:///(app-pages-browser)/./node_modules/next/dist/next-devtools/shared/forward-logs-shared.js:44
[   11089ms] [WARNING] Error while trying to use the following icon from the Manifest: http://localhost:3000/icons/icon-192.png (Download error or resource isn't a valid image) @ http://localhost:3000/login:0
[   11138ms] [LOG] [Fast Refresh] rebuilding @ webpack-internal:///(app-pages-browser)/./node_modules/next/dist/next-devtools/shared/forward-logs-shared.js:44
[   11139ms] [LOG] [Fast Refresh] done in 1ms @ webpack-internal:///(app-pages-browser)/./node_modules/next/dist/next-devtools/shared/forward-logs-shared.js:44
[   11169ms] [WARNING] Error while trying to use the following icon from the Manifest: http://localhost:3000/icons/icon-192.png (Download error or resource isn't a valid image) @ http://localhost:3000/login:0
[   11183ms] [LOG] [Fast Refresh] rebuilding @ webpack-internal:///(app-pages-browser)/./node_modules/next/dist/next-devtools/shared/forward-logs-shared.js:44
[   11193ms] [LOG] [Fast Refresh] done in 10ms @ webpack-internal:///(app-pages-browser)/./node_modules/next/dist/next-devtools/shared/forward-logs-shared.js:44
[   11218ms] [WARNING] Error while trying to use the following icon from the Manifest: http://localhost:3000/icons/icon-192.png (Download error or resource isn't a valid image) @ http://localhost:3000/login:0
[   11233ms] [LOG] [Fast Refresh] rebuilding @ webpack-internal:///(app-pages-browser)/./node_modules/next/dist/next-devtools/shared/forward-logs-shared.js:44
[   11241ms] [LOG] [Fast Refresh] done in 9ms @ webpack-internal:///(app-pages-browser)/./node_modules/next/dist/next-devtools/shared/forward-logs-shared.js:44
[   11267ms] [WARNING] Error while trying to use the following icon from the Manifest: http://localhost:3000/icons/icon-192.png (Download error or resource isn't a valid image) @ http://localhost:3000/login:0
[   11288ms] [LOG] [Fast Refresh] rebuilding @ webpack-internal:///(app-pages-browser)/./node_modules/next/dist/next-devtools/shared/forward-logs-shared.js:44
[   11289ms] [LOG] [Fast Refresh] done in 1ms @ webpack-internal:///(app-pages-browser)/./node_modules/next/dist/next-devtools/shared/forward-logs-shared.js:44
[   11297ms] [WARNING] Error while trying to use the following icon from the Manifest: http://localhost:3000/icons/icon-192.png (Download error or resource isn't a valid image) @ http://localhost:3000/login:0
[   11333ms] [LOG] [Fast Refresh] rebuilding @ webpack-internal:///(app-pages-browser)/./node_modules/next/dist/next-devtools/shared/forward-logs-shared.js:44
[   11340ms] [LOG] [Fast Refresh] done in 8ms @ webpack-internal:///(app-pages-browser)/./node_modules/next/dist/next-devtools/shared/forward-logs-shared.js:44
[   11366ms] [WARNING] Error while trying to use the following icon from the Manifest: http://localhost:3000/icons/icon-192.png (Download error or resource isn't a valid image) @ http://localhost:3000/login:0
[   11387ms] [LOG] [Fast Refresh] rebuilding @ webpack-internal:///(app-pages-browser)/./node_modules/next/dist/next-devtools/shared/forward-logs-shared.js:44
[   11388ms] [LOG] [Fast Refresh] done in 1ms @ webpack-internal:///(app-pages-browser)/./node_modules/next/dist/next-devtools/shared/forward-logs-shared.js:44
[   11398ms] [WARNING] Error while trying to use the following icon from the Manifest: http://localhost:3000/icons/icon-192.png (Download error or resource isn't a valid image) @ http://localhost:3000/login:0
[   11439ms] [LOG] [Fast Refresh] rebuilding @ webpack-internal:///(app-pages-browser)/./node_modules/next/dist/next-devtools/shared/forward-logs-shared.js:44
[   11442ms] [LOG] [Fast Refresh] done in 3ms @ webpack-internal:///(app-pages-browser)/./node_modules/next/dist/next-devtools/shared/forward-logs-shared.js:44
[   11448ms] [WARNING] Error while trying to use the following icon from the Manifest: http://localhost:3000/icons/icon-192.png (Download error or resource isn't a valid image) @ http://localhost:3000/login:0
[   11484ms] [LOG] [Fast Refresh] rebuilding @ webpack-internal:///(app-pages-browser)/./node_modules/next/dist/next-devtools/shared/forward-logs-shared.js:44
[   11495ms] [LOG] [Fast Refresh] done in 12ms @ webpack-internal:///(app-pages-browser)/./node_modules/next/dist/next-devtools/shared/forward-logs-shared.js:44
[   11519ms] [WARNING] Error while trying to use the following icon from the Manifest: http://localhost:3000/icons/icon-192.png (Download error or resource isn't a valid image) @ http://localhost:3000/login:0
[   11534ms] [LOG] [Fast Refresh] rebuilding @ webpack-internal:///(app-pages-browser)/./node_modules/next/dist/next-devtools/shared/forward-logs-shared.js:44
[   11543ms] [LOG] [Fast Refresh] done in 10ms @ webpack-internal:///(app-pages-browser)/./node_modules/next/dist/next-devtools/shared/forward-logs-shared.js:44
[   11568ms] [WARNING] Error while trying to use the following icon from the Manifest: http://localhost:3000/icons/icon-192.png (Download error or resource isn't a valid image) @ http://localhost:3000/login:0
[   11588ms] [LOG] [Fast Refresh] rebuilding @ webpack-internal:///(app-pages-browser)/./node_modules/next/dist/next-devtools/shared/forward-logs-shared.js:44
[   11590ms] [LOG] [Fast Refresh] done in 1ms @ webpack-internal:///(app-pages-browser)/./node_modules/next/dist/next-devtools/shared/forward-logs-shared.js:44
[   11600ms] [WARNING] Error while trying to use the following icon from the Manifest: http://localhost:3000/icons/icon-192.png (Download error or resource isn't a valid image) @ http://localhost:3000/login:0
[   11639ms] [LOG] [Fast Refresh] rebuilding @ webpack-internal:///(app-pages-browser)/./node_modules/next/dist/next-devtools/shared/forward-logs-shared.js:44
[   11640ms] [LOG] [Fast Refresh] done in 1ms @ webpack-internal:///(app-pages-browser)/./node_modules/next/dist/next-devtools/shared/forward-logs-shared.js:44
[   11649ms] [WARNING] Error while trying to use the following icon from the Manifest: http://localhost:3000/icons/icon-192.png (Download error or resource isn't a valid image) @ http://localhost:3000/login:0
[   11690ms] [LOG] [Fast Refresh] rebuilding @ webpack-internal:///(app-pages-browser)/./node_modules/next/dist/next-devtools/shared/forward-logs-shared.js:44
[   11693ms] [LOG] [Fast Refresh] done in 4ms @ webpack-internal:///(app-pages-browser)/./node_modules/next/dist/next-devtools/shared/forward-logs-shared.js:44
[   11698ms] [WARNING] Error while trying to use the following icon from the Manifest: http://localhost:3000/icons/icon-192.png (Download error or resource isn't a valid image) @ http://localhost:3000/login:0
[   11735ms] [LOG] [Fast Refresh] rebuilding @ webpack-internal:///(app-pages-browser)/./node_modules/next/dist/next-devtools/shared/forward-logs-shared.js:44
[   11744ms] [LOG] [Fast Refresh] done in 9ms @ webpack-internal:///(app-pages-browser)/./node_modules/next/dist/next-devtools/shared/forward-logs-shared.js:44
[   11769ms] [WARNING] Error while trying to use the following icon from the Manifest: http://localhost:3000/icons/icon-192.png (Download error or resource isn't a valid image) @ http://localhost:3000/login:0
[   11790ms] [LOG] [Fast Refresh] rebuilding @ webpack-internal:///(app-pages-browser)/./node_modules/next/dist/next-devtools/shared/forward-logs-shared.js:44
[   11793ms] [LOG] [Fast Refresh] done in 3ms @ webpack-internal:///(app-pages-browser)/./node_modules/next/dist/next-devtools/shared/forward-logs-shared.js:44
[   11800ms] [WARNING] Error while trying to use the following icon from the Manifest: http://localhost:3000/icons/icon-192.png (Download error or resource isn't a valid image) @ http://localhost:3000/login:0
[   11840ms] [LOG] [Fast Refresh] rebuilding @ webpack-internal:///(app-pages-browser)/./node_modules/next/dist/next-devtools/shared/forward-logs-shared.js:44
[   11841ms] [LOG] [Fast Refresh] done in 1ms @ webpack-internal:///(app-pages-browser)/./node_modules/next/dist/next-devtools/shared/forward-logs-shared.js:44
[   11849ms] [WARNING] Error while trying to use the following icon from the Manifest: http://localhost:3000/icons/icon-192.png (Download error or resource isn't a valid image) @ http://localhost:3000/login:0
[   11916ms] [LOG] [Fast Refresh] rebuilding @ webpack-internal:///(app-pages-browser)/./node_modules/next/dist/next-devtools/shared/forward-logs-shared.js:44
[   11929ms] [LOG] [Fast Refresh] done in 12ms @ webpack-internal:///(app-pages-browser)/./node_modules/next/dist/next-devtools/shared/forward-logs-shared.js:44
[   11956ms] [WARNING] Error while trying to use the following icon from the Manifest: http://localhost:3000/icons/icon-192.png (Download error or resource isn't a valid image) @ http://localhost:3000/login:0
[   11968ms] [LOG] [Fast Refresh] rebuilding @ webpack-internal:///(app-pages-browser)/./node_modules/next/dist/next-devtools/shared/forward-logs-shared.js:44
[   11980ms] [LOG] [Fast Refresh] done in 11ms @ webpack-internal:///(app-pages-browser)/./node_modules/next/dist/next-devtools/shared/forward-logs-shared.js:44
[   12005ms] [WARNING] Error while trying to use the following icon from the Manifest: http://localhost:3000/icons/icon-192.png (Download error or resource isn't a valid image) @ http://localhost:3000/login:0
[   12018ms] [LOG] [Fast Refresh] rebuilding @ webpack-internal:///(app-pages-browser)/./node_modules/next/dist/next-devtools/shared/forward-logs-shared.js:44
[   12030ms] [LOG] [Fast Refresh] done in 12ms @ webpack-internal:///(app-pages-browser)/./node_modules/next/dist/next-devtools/shared/forward-logs-shared.js:44
[   12053ms] [WARNING] Error while trying to use the following icon from the Manifest: http://localhost:3000/icons/icon-192.png (Download error or resource isn't a valid image) @ http://localhost:3000/login:0
[   12065ms] [LOG] [Fast Refresh] rebuilding @ webpack-internal:///(app-pages-browser)/./node_modules/next/dist/next-devtools/shared/forward-logs-shared.js:44
[   12076ms] [LOG] [Fast Refresh] done in 10ms @ webpack-internal:///(app-pages-browser)/./node_modules/next/dist/next-devtools/shared/forward-logs-shared.js:44
[   12099ms] [WARNING] Error while trying to use the following icon from the Manifest: http://localhost:3000/icons/icon-192.png (Download error or resource isn't a valid image) @ http://localhost:3000/login:0
[   12112ms] [LOG] [Fast Refresh] rebuilding @ webpack-internal:///(app-pages-browser)/./node_modules/next/dist/next-devtools/shared/forward-logs-shared.js:44
[   12123ms] [LOG] [Fast Refresh] done in 10ms @ webpack-internal:///(app-pages-browser)/./node_modules/next/dist/next-devtools/shared/forward-logs-shared.js:44
[   12157ms] [WARNING] Error while trying to use the following icon from the Manifest: http://localhost:3000/icons/icon-192.png (Download error or resource isn't a valid image) @ http://localhost:3000/login:0
[   12160ms] [LOG] [Fast Refresh] rebuilding @ webpack-internal:///(app-pages-browser)/./node_modules/next/dist/next-devtools/shared/forward-logs-shared.js:44
[   12171ms] [LOG] [Fast Refresh] done in 11ms @ webpack-internal:///(app-pages-browser)/./node_modules/next/dist/next-devtools/shared/forward-logs-shared.js:44
[   12196ms] [WARNING] Error while trying to use the following icon from the Manifest: http://localhost:3000/icons/icon-192.png (Download error or resource isn't a valid image) @ http://localhost:3000/login:0
[   12209ms] [LOG] [Fast Refresh] rebuilding @ webpack-internal:///(app-pages-browser)/./node_modules/next/dist/next-devtools/shared/forward-logs-shared.js:44
[   12219ms] [LOG] [Fast Refresh] done in 11ms @ webpack-internal:///(app-pages-browser)/./node_modules/next/dist/next-devtools/shared/forward-logs-shared.js:44
[   12243ms] [WARNING] Error while trying to use the following icon from the Manifest: http://localhost:3000/icons/icon-192.png (Download error or resource isn't a valid image) @ http://localhost:3000/login:0
[   12256ms] [LOG] [Fast Refresh] rebuilding @ webpack-internal:///(app-pages-browser)/./node_modules/next/dist/next-devtools/shared/forward-logs-shared.js:44
[   12267ms] [LOG] [Fast Refresh] done in 12ms @ webpack-internal:///(app-pages-browser)/./node_modules/next/dist/next-devtools/shared/forward-logs-shared.js:44
[   12292ms] [WARNING] Error while trying to use the following icon from the Manifest: http://localhost:3000/icons/icon-192.png (Download error or resource isn't a valid image) @ http://localhost:3000/login:0
[   12305ms] [LOG] [Fast Refresh] rebuilding @ webpack-internal:///(app-pages-browser)/./node_modules/next/dist/next-devtools/shared/forward-logs-shared.js:44
[   12316ms] [LOG] [Fast Refresh] done in 11ms @ webpack-internal:///(app-pages-browser)/./node_modules/next/dist/next-devtools/shared/forward-logs-shared.js:44
[   12340ms] [WARNING] Error while trying to use the following icon from the Manifest: http://localhost:3000/icons/icon-192.png (Download error or resource isn't a valid image) @ http://localhost:3000/login:0
[   12353ms] [LOG] [Fast Refresh] rebuilding @ webpack-internal:///(app-pages-browser)/./node_modules/next/dist/next-devtools/shared/forward-logs-shared.js:44
[   12364ms] [LOG] [Fast Refresh] done in 11ms @ webpack-internal:///(app-pages-browser)/./node_modules/next/dist/next-devtools/shared/forward-logs-shared.js:44
[   12389ms] [WARNING] Error while trying to use the following icon from the Manifest: http://localhost:3000/icons/icon-192.png (Download error or resource isn't a valid image) @ http://localhost:3000/login:0
[   12402ms] [LOG] [Fast Refresh] rebuilding @ webpack-internal:///(app-pages-browser)/./node_modules/next/dist/next-devtools/shared/forward-logs-shared.js:44
[   12413ms] [LOG] [Fast Refresh] done in 11ms @ webpack-internal:///(app-pages-browser)/./node_modules/next/dist/next-devtools/shared/forward-logs-shared.js:44
[   12449ms] [LOG] [Fast Refresh] rebuilding @ webpack-internal:///(app-pages-browser)/./node_modules/next/dist/next-devtools/shared/forward-logs-shared.js:44
[   12460ms] [LOG] [Fast Refresh] done in 11ms @ webpack-internal:///(app-pages-browser)/./node_modules/next/dist/next-devtools/shared/forward-logs-shared.js:44
[   12496ms] [LOG] [Fast Refresh] rebuilding @ webpack-internal:///(app-pages-browser)/./node_modules/next/dist/next-devtools/shared/forward-logs-shared.js:44
[   12507ms] [LOG] [Fast Refresh] done in 10ms @ webpack-internal:///(app-pages-browser)/./node_modules/next/dist/next-devtools/shared/forward-logs-shared.js:44
[   12544ms] [WARNING] Error while trying to use the following icon from the Manifest: http://localhost:3000/icons/icon-192.png (Download error or resource isn't a valid image) @ http://localhost:3000/login:0
[   12548ms] [LOG] [Fast Refresh] rebuilding @ webpack-internal:///(app-pages-browser)/./node_modules/next/dist/next-devtools/shared/forward-logs-shared.js:44
[   12567ms] [LOG] [Fast Refresh] done in 18ms @ webpack-internal:///(app-pages-browser)/./node_modules/next/dist/next-devtools/shared/forward-logs-shared.js:44
[   12614ms] [WARNING] Error while trying to use the following icon from the Manifest: http://localhost:3000/icons/icon-192.png (Download error or resource isn't a valid image) @ http://localhost:3000/login:0
[   12634ms] [LOG] [Fast Refresh] rebuilding @ webpack-internal:///(app-pages-browser)/./node_modules/next/dist/next-devtools/shared/forward-logs-shared.js:44
[   12658ms] [LOG] [Fast Refresh] done in 23ms @ webpack-internal:///(app-pages-browser)/./node_modules/next/dist/next-devtools/shared/forward-logs-shared.js:44
[   12738ms] [LOG] [Fast Refresh] rebuilding @ webpack-internal:///(app-pages-browser)/./node_modules/next/dist/next-devtools/shared/forward-logs-shared.js:44
[   12779ms] [LOG] [Fast Refresh] done in 40ms @ webpack-internal:///(app-pages-browser)/./node_modules/next/dist/next-devtools/shared/forward-logs-shared.js:44
[   12932ms] [WARNING] Error while trying to use the following icon from the Manifest: http://localhost:3000/icons/icon-192.png (Download error or resource isn't a valid image) @ http://localhost:3000/login:0
[   12949ms] [LOG] [Fast Refresh] rebuilding @ webpack-internal:///(app-pages-browser)/./node_modules/next/dist/next-devtools/shared/forward-logs-shared.js:44
[   12968ms] [LOG] [Fast Refresh] done in 19ms @ webpack-internal:///(app-pages-browser)/./node_modules/next/dist/next-devtools/shared/forward-logs-shared.js:44
[   12995ms] [WARNING] Error while trying to use the following icon from the Manifest: http://localhost:3000/icons/icon-192.png (Download error or resource isn't a valid image) @ http://localhost:3000/login:0
[   13005ms] [LOG] [Fast Refresh] rebuilding @ webpack-internal:///(app-pages-browser)/./node_modules/next/dist/next-devtools/shared/forward-logs-shared.js:44
[   13023ms] [LOG] [Fast Refresh] done in 18ms @ webpack-internal:///(app-pages-browser)/./node_modules/next/dist/next-devtools/shared/forward-logs-shared.js:44
[   13049ms] [WARNING] Error while trying to use the following icon from the Manifest: http://localhost:3000/icons/icon-192.png (Download error or resource isn't a valid image) @ http://localhost:3000/login:0
[   13062ms] [LOG] [Fast Refresh] rebuilding @ webpack-internal:///(app-pages-browser)/./node_modules/next/dist/next-devtools/shared/forward-logs-shared.js:44
[   13072ms] [LOG] [Fast Refresh] done in 10ms @ webpack-internal:///(app-pages-browser)/./node_modules/next/dist/next-devtools/shared/forward-logs-shared.js:44
[   13108ms] [WARNING] Error while trying to use the following icon from the Manifest: http://localhost:3000/icons/icon-192.png (Download error or resource isn't a valid image) @ http://localhost:3000/login:0
[   13111ms] [LOG] [Fast Refresh] rebuilding @ webpack-internal:///(app-pages-browser)/./node_modules/next/dist/next-devtools/shared/forward-logs-shared.js:44
[   13121ms] [LOG] [Fast Refresh] done in 11ms @ webpack-internal:///(app-pages-browser)/./node_modules/next/dist/next-devtools/shared/forward-logs-shared.js:44
[   13147ms] [WARNING] Error while trying to use the following icon from the Manifest: http://localhost:3000/icons/icon-192.png (Download error or resource isn't a valid image) @ http://localhost:3000/login:0
[   13160ms] [LOG] [Fast Refresh] rebuilding @ webpack-internal:///(app-pages-browser)/./node_modules/next/dist/next-devtools/shared/forward-logs-shared.js:44
[   13171ms] [LOG] [Fast Refresh] done in 11ms @ webpack-internal:///(app-pages-browser)/./node_modules/next/dist/next-devtools/shared/forward-logs-shared.js:44
[   13206ms] [LOG] [Fast Refresh] rebuilding @ webpack-internal:///(app-pages-browser)/./node_modules/next/dist/next-devtools/shared/forward-logs-shared.js:44
[   13217ms] [LOG] [Fast Refresh] done in 12ms @ webpack-internal:///(app-pages-browser)/./node_modules/next/dist/next-devtools/shared/forward-logs-shared.js:44
[   13242ms] [WARNING] Error while trying to use the following icon from the Manifest: http://localhost:3000/icons/icon-192.png (Download error or resource isn't a valid image) @ http://localhost:3000/login:0
[   13254ms] [LOG] [Fast Refresh] rebuilding @ webpack-internal:///(app-pages-browser)/./node_modules/next/dist/next-devtools/shared/forward-logs-shared.js:44
[   13265ms] [LOG] [Fast Refresh] done in 10ms @ webpack-internal:///(app-pages-browser)/./node_modules/next/dist/next-devtools/shared/forward-logs-shared.js:44
[   13291ms] [WARNING] Error while trying to use the following icon from the Manifest: http://localhost:3000/icons/icon-192.png (Download error or resource isn't a valid image) @ http://localhost:3000/login:0
[   13305ms] [LOG] [Fast Refresh] rebuilding @ webpack-internal:///(app-pages-browser)/./node_modules/next/dist/next-devtools/shared/forward-logs-shared.js:44
[   13317ms] [LOG] [Fast Refresh] done in 13ms @ webpack-internal:///(app-pages-browser)/./node_modules/next/dist/next-devtools/shared/forward-logs-shared.js:44
[   13354ms] [LOG] [Fast Refresh] rebuilding @ webpack-internal:///(app-pages-browser)/./node_modules/next/dist/next-devtools/shared/forward-logs-shared.js:44
[   13366ms] [LOG] [Fast Refresh] done in 11ms @ webpack-internal:///(app-pages-browser)/./node_modules/next/dist/next-devtools/shared/forward-logs-shared.js:44
[   13400ms] [WARNING] Error while trying to use the following icon from the Manifest: http://localhost:3000/icons/icon-192.png (Download error or resource isn't a valid image) @ http://localhost:3000/login:0
[   13425ms] [LOG] [Fast Refresh] rebuilding @ webpack-internal:///(app-pages-browser)/./node_modules/next/dist/next-devtools/shared/forward-logs-shared.js:44
[   13436ms] [LOG] [Fast Refresh] done in 12ms @ webpack-internal:///(app-pages-browser)/./node_modules/next/dist/next-devtools/shared/forward-logs-shared.js:44
[   13459ms] [WARNING] Error while trying to use the following icon from the Manifest: http://localhost:3000/icons/icon-192.png (Download error or resource isn't a valid image) @ http://localhost:3000/login:0
[   13472ms] [LOG] [Fast Refresh] rebuilding @ webpack-internal:///(app-pages-browser)/./node_modules/next/dist/next-devtools/shared/forward-logs-shared.js:44
[   13484ms] [LOG] [Fast Refresh] done in 11ms @ webpack-internal:///(app-pages-browser)/./node_modules/next/dist/next-devtools/shared/forward-logs-shared.js:44
[   13506ms] [WARNING] Error while trying to use the following icon from the Manifest: http://localhost:3000/icons/icon-192.png (Download error or resource isn't a valid image) @ http://localhost:3000/login:0
[   13519ms] [LOG] [Fast Refresh] rebuilding @ webpack-internal:///(app-pages-browser)/./node_modules/next/dist/next-devtools/shared/forward-logs-shared.js:44
[   13530ms] [LOG] [Fast Refresh] done in 11ms @ webpack-internal:///(app-pages-browser)/./node_modules/next/dist/next-devtools/shared/forward-logs-shared.js:44
[   13553ms] [WARNING] Error while trying to use the following icon from the Manifest: http://localhost:3000/icons/icon-192.png (Download error or resource isn't a valid image) @ http://localhost:3000/login:0
[   13567ms] [LOG] [Fast Refresh] rebuilding @ webpack-internal:///(app-pages-browser)/./node_modules/next/dist/next-devtools/shared/forward-logs-shared.js:44
[   13578ms] [LOG] [Fast Refresh] done in 11ms @ webpack-internal:///(app-pages-browser)/./node_modules/next/dist/next-devtools/shared/forward-logs-shared.js:44
[   13603ms] [WARNING] Error while trying to use the following icon from the Manifest: http://localhost:3000/icons/icon-192.png (Download error or resource isn't a valid image) @ http://localhost:3000/login:0
[   13616ms] [LOG] [Fast Refresh] rebuilding @ webpack-internal:///(app-pages-browser)/./node_modules/next/dist/next-devtools/shared/forward-logs-shared.js:44
[   13627ms] [LOG] [Fast Refresh] done in 11ms @ webpack-internal:///(app-pages-browser)/./node_modules/next/dist/next-devtools/shared/forward-logs-shared.js:44
[   13651ms] [WARNING] Error while trying to use the following icon from the Manifest: http://localhost:3000/icons/icon-192.png (Download error or resource isn't a valid image) @ http://localhost:3000/login:0
[   13664ms] [LOG] [Fast Refresh] rebuilding @ webpack-internal:///(app-pages-browser)/./node_modules/next/dist/next-devtools/shared/forward-logs-shared.js:44
[   13674ms] [LOG] [Fast Refresh] done in 11ms @ webpack-internal:///(app-pages-browser)/./node_modules/next/dist/next-devtools/shared/forward-logs-shared.js:44
[   13700ms] [WARNING] Error while trying to use the following icon from the Manifest: http://localhost:3000/icons/icon-192.png (Download error or resource isn't a valid image) @ http://localhost:3000/login:0
[   13716ms] [LOG] [Fast Refresh] rebuilding @ webpack-internal:///(app-pages-browser)/./node_modules/next/dist/next-devtools/shared/forward-logs-shared.js:44
[   13727ms] [LOG] [Fast Refresh] done in 10ms @ webpack-internal:///(app-pages-browser)/./node_modules/next/dist/next-devtools/shared/forward-logs-shared.js:44
[   13752ms] [WARNING] Error while trying to use the following icon from the Manifest: http://localhost:3000/icons/icon-192.png (Download error or resource isn't a valid image) @ http://localhost:3000/login:0
[   13766ms] [LOG] [Fast Refresh] rebuilding @ webpack-internal:///(app-pages-browser)/./node_modules/next/dist/next-devtools/shared/forward-logs-shared.js:44
[   13777ms] [LOG] [Fast Refresh] done in 10ms @ webpack-internal:///(app-pages-browser)/./node_modules/next/dist/next-devtools/shared/forward-logs-shared.js:44
[   13802ms] [WARNING] Error while trying to use the following icon from the Manifest: http://localhost:3000/icons/icon-192.png (Download error or resource isn't a valid image) @ http://localhost:3000/login:0
[   13816ms] [LOG] [Fast Refresh] rebuilding @ webpack-internal:///(app-pages-browser)/./node_modules/next/dist/next-devtools/shared/forward-logs-shared.js:44
[   13827ms] [LOG] [Fast Refresh] done in 11ms @ webpack-internal:///(app-pages-browser)/./node_modules/next/dist/next-devtools/shared/forward-logs-shared.js:44
[   13852ms] [WARNING] Error while trying to use the following icon from the Manifest: http://localhost:3000/icons/icon-192.png (Download error or resource isn't a valid image) @ http://localhost:3000/login:0
[   13864ms] [LOG] [Fast Refresh] rebuilding @ webpack-internal:///(app-pages-browser)/./node_modules/next/dist/next-devtools/shared/forward-logs-shared.js:44
[   13875ms] [LOG] [Fast Refresh] done in 11ms @ webpack-internal:///(app-pages-browser)/./node_modules/next/dist/next-devtools/shared/forward-logs-shared.js:44
[   13900ms] [WARNING] Error while trying to use the following icon from the Manifest: http://localhost:3000/icons/icon-192.png (Download error or resource isn't a valid image) @ http://localhost:3000/login:0
[   13912ms] [LOG] [Fast Refresh] rebuilding @ webpack-internal:///(app-pages-browser)/./node_modules/next/dist/next-devtools/shared/forward-logs-shared.js:44
[   13923ms] [LOG] [Fast Refresh] done in 10ms @ webpack-internal:///(app-pages-browser)/./node_modules/next/dist/next-devtools/shared/forward-logs-shared.js:44
[   13949ms] [WARNING] Error while trying to use the following icon from the Manifest: http://localhost:3000/icons/icon-192.png (Download error or resource isn't a valid image) @ http://localhost:3000/login:0
[   13962ms] [LOG] [Fast Refresh] rebuilding @ webpack-internal:///(app-pages-browser)/./node_modules/next/dist/next-devtools/shared/forward-logs-shared.js:44
[   13972ms] [LOG] [Fast Refresh] done in 10ms @ webpack-internal:///(app-pages-browser)/./node_modules/next/dist/next-devtools/shared/forward-logs-shared.js:44
[   13998ms] [WARNING] Error while trying to use the following icon from the Manifest: http://localhost:3000/icons/icon-192.png (Download error or resource isn't a valid image) @ http://localhost:3000/login:0
[   14010ms] [LOG] [Fast Refresh] rebuilding @ webpack-internal:///(app-pages-browser)/./node_modules/next/dist/next-devtools/shared/forward-logs-shared.js:44
[   14021ms] [LOG] [Fast Refresh] done in 11ms @ webpack-internal:///(app-pages-browser)/./node_modules/next/dist/next-devtools/shared/forward-logs-shared.js:44
[   14047ms] [WARNING] Error while trying to use the following icon from the Manifest: http://localhost:3000/icons/icon-192.png (Download error or resource isn't a valid image) @ http://localhost:3000/login:0
[   14061ms] [LOG] [Fast Refresh] rebuilding @ webpack-internal:///(app-pages-browser)/./node_modules/next/dist/next-devtools/shared/forward-logs-shared.js:44
[   14071ms] [LOG] [Fast Refresh] done in 11ms @ webpack-internal:///(app-pages-browser)/./node_modules/next/dist/next-devtools/shared/forward-logs-shared.js:44
[   14095ms] [WARNING] Error while trying to use the following icon from the Manifest: http://localhost:3000/icons/icon-192.png (Download error or resource isn't a valid image) @ http://localhost:3000/login:0
[   14112ms] [LOG] [Fast Refresh] rebuilding @ webpack-internal:///(app-pages-browser)/./node_modules/next/dist/next-devtools/shared/forward-logs-shared.js:44
[   14120ms] [LOG] [Fast Refresh] done in 7ms @ webpack-internal:///(app-pages-browser)/./node_modules/next/dist/next-devtools/shared/forward-logs-shared.js:44
[   14145ms] [WARNING] Error while trying to use the following icon from the Manifest: http://localhost:3000/icons/icon-192.png (Download error or resource isn't a valid image) @ http://localhost:3000/login:0
[   14167ms] [LOG] [Fast Refresh] rebuilding @ webpack-internal:///(app-pages-browser)/./node_modules/next/dist/next-devtools/shared/forward-logs-shared.js:44
[   14170ms] [LOG] [Fast Refresh] done in 3ms @ webpack-internal:///(app-pages-browser)/./node_modules/next/dist/next-devtools/shared/forward-logs-shared.js:44
[   14175ms] [WARNING] Error while trying to use the following icon from the Manifest: http://localhost:3000/icons/icon-192.png (Download error or resource isn't a valid image) @ http://localhost:3000/login:0
[   14217ms] [LOG] [Fast Refresh] rebuilding @ webpack-internal:///(app-pages-browser)/./node_modules/next/dist/next-devtools/shared/forward-logs-shared.js:44
[   14220ms] [LOG] [Fast Refresh] done in 3ms @ webpack-internal:///(app-pages-browser)/./node_modules/next/dist/next-devtools/shared/forward-logs-shared.js:44
[   14225ms] [WARNING] Error while trying to use the following icon from the Manifest: http://localhost:3000/icons/icon-192.png (Download error or resource isn't a valid image) @ http://localhost:3000/login:0
[   14267ms] [LOG] [Fast Refresh] rebuilding @ webpack-internal:///(app-pages-browser)/./node_modules/next/dist/next-devtools/shared/forward-logs-shared.js:44
[   14270ms] [LOG] [Fast Refresh] done in 3ms @ webpack-internal:///(app-pages-browser)/./node_modules/next/dist/next-devtools/shared/forward-logs-shared.js:44
[   14275ms] [WARNING] Error while trying to use the following icon from the Manifest: http://localhost:3000/icons/icon-192.png (Download error or resource isn't a valid image) @ http://localhost:3000/login:0
[   14319ms] [LOG] [Fast Refresh] rebuilding @ webpack-internal:///(app-pages-browser)/./node_modules/next/dist/next-devtools/shared/forward-logs-shared.js:44
[   14322ms] [LOG] [Fast Refresh] done in 3ms @ webpack-internal:///(app-pages-browser)/./node_modules/next/dist/next-devtools/shared/forward-logs-shared.js:44
[   14327ms] [WARNING] Error while trying to use the following icon from the Manifest: http://localhost:3000/icons/icon-192.png (Download error or resource isn't a valid image) @ http://localhost:3000/login:0
[   14363ms] [LOG] [Fast Refresh] rebuilding @ webpack-internal:///(app-pages-browser)/./node_modules/next/dist/next-devtools/shared/forward-logs-shared.js:44
[   14373ms] [LOG] [Fast Refresh] done in 10ms @ webpack-internal:///(app-pages-browser)/./node_modules/next/dist/next-devtools/shared/forward-logs-shared.js:44
[   14397ms] [WARNING] Error while trying to use the following icon from the Manifest: http://localhost:3000/icons/icon-192.png (Download error or resource isn't a valid image) @ http://localhost:3000/login:0
[   14413ms] [LOG] [Fast Refresh] rebuilding @ webpack-internal:///(app-pages-browser)/./node_modules/next/dist/next-devtools/shared/forward-logs-shared.js:44
[   14421ms] [LOG] [Fast Refresh] done in 9ms @ webpack-internal:///(app-pages-browser)/./node_modules/next/dist/next-devtools/shared/forward-logs-shared.js:44
[   14452ms] [WARNING] Error while trying to use the following icon from the Manifest: http://localhost:3000/icons/icon-192.png (Download error or resource isn't a valid image) @ http://localhost:3000/login:0
[   14466ms] [LOG] [Fast Refresh] rebuilding @ webpack-internal:///(app-pages-browser)/./node_modules/next/dist/next-devtools/shared/forward-logs-shared.js:44
[   14477ms] [LOG] [Fast Refresh] done in 11ms @ webpack-internal:///(app-pages-browser)/./node_modules/next/dist/next-devtools/shared/forward-logs-shared.js:44
[   14487ms] [ERROR] WebSocket connection to 'ws://localhost:3000/_next/hmr?id=sFZDHSVGVHg4swksShccG' failed:  @ webpack-internal:///(app-pages-browser)/./node_modules/next/dist/client/dev/hot-reloader/app/web-socket.js:59
[   14784ms] [ERROR] Failed to load resource: net::ERR_CONNECTION_REFUSED @ http://localhost:3000/manifest.json:0
[   15492ms] [ERROR] WebSocket connection to 'ws://localhost:3000/_next/hmr?id=sFZDHSVGVHg4swksShccG' failed: Error in connection establishment: net::ERR_CONNECTION_REFUSED @ webpack-internal:///(app-pages-browser)/./node_modules/next/dist/client/dev/hot-reloader/app/web-socket.js:59
[   16495ms] [ERROR] WebSocket connection to 'ws://localhost:3000/_next/hmr?id=sFZDHSVGVHg4swksShccG' failed: Error in connection establishment: net::ERR_CONNECTION_REFUSED @ webpack-internal:///(app-pages-browser)/./node_modules/next/dist/client/dev/hot-reloader/app/web-socket.js:59
[   17498ms] [ERROR] WebSocket connection to 'ws://localhost:3000/_next/hmr?id=sFZDHSVGVHg4swksShccG' failed: Error in connection establishment: net::ERR_CONNECTION_REFUSED @ webpack-internal:///(app-pages-browser)/./node_modules/next/dist/client/dev/hot-reloader/app/web-socket.js:59
[   18502ms] [ERROR] WebSocket connection to 'ws://localhost:3000/_next/hmr?id=sFZDHSVGVHg4swksShccG' failed: Error in connection establishment: net::ERR_CONNECTION_REFUSED @ webpack-internal:///(app-pages-browser)/./node_modules/next/dist/client/dev/hot-reloader/app/web-socket.js:59
[   19507ms] [ERROR] WebSocket connection to 'ws://localhost:3000/_next/hmr?id=sFZDHSVGVHg4swksShccG' failed: Error in connection establishment: net::ERR_CONNECTION_REFUSED @ webpack-internal:///(app-pages-browser)/./node_modules/next/dist/client/dev/hot-reloader/app/web-socket.js:59
[   24512ms] [ERROR] WebSocket connection to 'ws://localhost:3000/_next/hmr?id=sFZDHSVGVHg4swksShccG' failed: Error in connection establishment: net::ERR_CONNECTION_REFUSED @ webpack-internal:///(app-pages-browser)/./node_modules/next/dist/client/dev/hot-reloader/app/web-socket.js:59
[   29517ms] [ERROR] WebSocket connection to 'ws://localhost:3000/_next/hmr?id=sFZDHSVGVHg4swksShccG' failed: Error in connection establishment: net::ERR_CONNECTION_REFUSED @ webpack-internal:///(app-pages-browser)/./node_modules/next/dist/client/dev/hot-reloader/app/web-socket.js:59
[   34537ms] [ERROR] WebSocket connection to 'ws://localhost:3000/_next/hmr?id=sFZDHSVGVHg4swksShccG' failed: Error in connection establishment: net::ERR_CONNECTION_REFUSED @ webpack-internal:///(app-pages-browser)/./node_modules/next/dist/client/dev/hot-reloader/app/web-socket.js:59
[   39571ms] [ERROR] WebSocket connection to 'ws://localhost:3000/_next/hmr?id=sFZDHSVGVHg4swksShccG' failed: Error in connection establishment: net::ERR_CONNECTION_REFUSED @ webpack-internal:///(app-pages-browser)/./node_modules/next/dist/client/dev/hot-reloader/app/web-socket.js:59
[   44604ms] [ERROR] WebSocket connection to 'ws://localhost:3000/_next/hmr?id=sFZDHSVGVHg4swksShccG' failed: Error in connection establishment: net::ERR_CONNECTION_REFUSED @ webpack-internal:///(app-pages-browser)/./node_modules/next/dist/client/dev/hot-reloader/app/web-socket.js:59
[   49728ms] [ERROR] WebSocket connection to 'ws://localhost:3000/_next/hmr?id=sFZDHSVGVHg4swksShccG' failed: Error in connection establishment: net::ERR_CONNECTION_REFUSED @ webpack-internal:///(app-pages-browser)/./node_modules/next/dist/client/dev/hot-reloader/app/web-socket.js:59
[   54897ms] [ERROR] WebSocket connection to 'ws://localhost:3000/_next/hmr?id=sFZDHSVGVHg4swksShccG' failed: Error in connection establishment: net::ERR_CONNECTION_REFUSED @ webpack-internal:///(app-pages-browser)/./node_modules/next/dist/client/dev/hot-reloader/app/web-socket.js:59
