[      25ms] [WARNING] Error while trying to use the following icon from the Manifest: http://localhost:3000/icons/icon-192.png (Download error or resource isn't a valid image) @ http://localhost:3000/login:0
[      44ms] [LOG] [Fast Refresh] rebuilding @ webpack-internal:///(app-pages-browser)/./node_modules/next/dist/next-devtools/shared/forward-logs-shared.js:44
[     472ms] [INFO] %cDownload the React DevTools for a better development experience: https://react.dev/link/react-devtools font-weight:bold @ webpack-internal:///(app-pages-browser)/./node_modules/next/dist/next-devtools/shared/forward-logs-shared.js:44
[     491ms] [LOG] [HMR] connected @ webpack-internal:///(app-pages-browser)/./node_modules/next/dist/next-devtools/shared/forward-logs-shared.js:44
[     507ms] [LOG] [Fast Refresh] rebuilding @ webpack-internal:///(app-pages-browser)/./node_modules/next/dist/next-devtools/shared/forward-logs-shared.js:44
[     531ms] [WARNING] Error while trying to use the following icon from the Manifest: http://localhost:3000/icons/icon-192.png (Download error or resource isn't a valid image) @ http://localhost:3000/login:0
[     606ms] [LOG] [Fast Refresh] rebuilding @ webpack-internal:///(app-pages-browser)/./node_modules/next/dist/next-devtools/shared/forward-logs-shared.js:44
[     666ms] [LOG] [Fast Refresh] done in 60ms @ webpack-internal:///(app-pages-browser)/./node_modules/next/dist/next-devtools/shared/forward-logs-shared.js:44
[     667ms] [LOG] [Fast Refresh] rebuilding @ webpack-internal:///(app-pages-browser)/./node_modules/next/dist/next-devtools/shared/forward-logs-shared.js:44
[     690ms] [LOG] [Fast Refresh] done in 24ms @ webpack-internal:///(app-pages-browser)/./node_modules/next/dist/next-devtools/shared/forward-logs-shared.js:44
[     715ms] [WARNING] Error while trying to use the following icon from the Manifest: http://localhost:3000/icons/icon-192.png (Download error or resource isn't a valid image) @ http://localhost:3000/login:0
[     733ms] [LOG] [Fast Refresh] rebuilding @ webpack-internal:///(app-pages-browser)/./node_modules/next/dist/next-devtools/shared/forward-logs-shared.js:44
[     746ms] [LOG] [Fast Refresh] done in 13ms @ webpack-internal:///(app-pages-browser)/./node_modules/next/dist/next-devtools/shared/forward-logs-shared.js:44
[     775ms] [WARNING] Error while trying to use the following icon from the Manifest: http://localhost:3000/icons/icon-192.png (Download error or resource isn't a valid image) @ http://localhost:3000/login:0
[     793ms] [LOG] [Fast Refresh] rebuilding @ webpack-internal:///(app-pages-browser)/./node_modules/next/dist/next-devtools/shared/forward-logs-shared.js:44
[     809ms] [LOG] [Fast Refresh] done in 16ms @ webpack-internal:///(app-pages-browser)/./node_modules/next/dist/next-devtools/shared/forward-logs-shared.js:44
[     854ms] [LOG] [Fast Refresh] rebuilding @ webpack-internal:///(app-pages-browser)/./node_modules/next/dist/next-devtools/shared/forward-logs-shared.js:44
[     868ms] [LOG] [Fast Refresh] done in 14ms @ webpack-internal:///(app-pages-browser)/./node_modules/next/dist/next-devtools/shared/forward-logs-shared.js:44
[     897ms] [WARNING] Error while trying to use the following icon from the Manifest: http://localhost:3000/icons/icon-192.png (Download error or resource isn't a valid image) @ http://localhost:3000/login:0
[     915ms] [LOG] [Fast Refresh] rebuilding @ webpack-internal:///(app-pages-browser)/./node_modules/next/dist/next-devtools/shared/forward-logs-shared.js:44
[     930ms] [LOG] [Fast Refresh] done in 16ms @ webpack-internal:///(app-pages-browser)/./node_modules/next/dist/next-devtools/shared/forward-logs-shared.js:44
[     982ms] [LOG] [Fast Refresh] rebuilding @ webpack-internal:///(app-pages-browser)/./node_modules/next/dist/next-devtools/shared/forward-logs-shared.js:44
[     996ms] [LOG] [Fast Refresh] done in 14ms @ webpack-internal:///(app-pages-browser)/./node_modules/next/dist/next-devtools/shared/forward-logs-shared.js:44
[    1032ms] [WARNING] Error while trying to use the following icon from the Manifest: http://localhost:3000/icons/icon-192.png (Download error or resource isn't a valid image) @ http://localhost:3000/login:0
[    1051ms] [LOG] [Fast Refresh] rebuilding @ webpack-internal:///(app-pages-browser)/./node_modules/next/dist/next-devtools/shared/forward-logs-shared.js:44
[    1067ms] [LOG] [Fast Refresh] done in 16ms @ webpack-internal:///(app-pages-browser)/./node_modules/next/dist/next-devtools/shared/forward-logs-shared.js:44
[    1100ms] [WARNING] Error while trying to use the following icon from the Manifest: http://localhost:3000/icons/icon-192.png (Download error or resource isn't a valid image) @ http://localhost:3000/login:0
[    1117ms] [LOG] [Fast Refresh] rebuilding @ webpack-internal:///(app-pages-browser)/./node_modules/next/dist/next-devtools/shared/forward-logs-shared.js:44
[    1128ms] [LOG] [Fast Refresh] done in 12ms @ webpack-internal:///(app-pages-browser)/./node_modules/next/dist/next-devtools/shared/forward-logs-shared.js:44
[    1156ms] [WARNING] Error while trying to use the following icon from the Manifest: http://localhost:3000/icons/icon-192.png (Download error or resource isn't a valid image) @ http://localhost:3000/login:0
[    1173ms] [LOG] [Fast Refresh] rebuilding @ webpack-internal:///(app-pages-browser)/./node_modules/next/dist/next-devtools/shared/forward-logs-shared.js:44
[    1189ms] [LOG] [Fast Refresh] done in 17ms @ webpack-internal:///(app-pages-browser)/./node_modules/next/dist/next-devtools/shared/forward-logs-shared.js:44
[    1218ms] [WARNING] Error while trying to use the following icon from the Manifest: http://localhost:3000/icons/icon-192.png (Download error or resource isn't a valid image) @ http://localhost:3000/login:0
[    1234ms] [LOG] [Fast Refresh] rebuilding @ webpack-internal:///(app-pages-browser)/./node_modules/next/dist/next-devtools/shared/forward-logs-shared.js:44
[    1246ms] [LOG] [Fast Refresh] done in 11ms @ webpack-internal:///(app-pages-browser)/./node_modules/next/dist/next-devtools/shared/forward-logs-shared.js:44
[    1288ms] [LOG] [Fast Refresh] rebuilding @ webpack-internal:///(app-pages-browser)/./node_modules/next/dist/next-devtools/shared/forward-logs-shared.js:44
[    1303ms] [LOG] [Fast Refresh] done in 15ms @ webpack-internal:///(app-pages-browser)/./node_modules/next/dist/next-devtools/shared/forward-logs-shared.js:44
[    1332ms] [WARNING] Error while trying to use the following icon from the Manifest: http://localhost:3000/icons/icon-192.png (Download error or resource isn't a valid image) @ http://localhost:3000/login:0
[    1348ms] [LOG] [Fast Refresh] rebuilding @ webpack-internal:///(app-pages-browser)/./node_modules/next/dist/next-devtools/shared/forward-logs-shared.js:44
[    1360ms] [LOG] [Fast Refresh] done in 12ms @ webpack-internal:///(app-pages-browser)/./node_modules/next/dist/next-devtools/shared/forward-logs-shared.js:44
[    1388ms] [WARNING] Error while trying to use the following icon from the Manifest: http://localhost:3000/icons/icon-192.png (Download error or resource isn't a valid image) @ http://localhost:3000/login:0
[    1407ms] [LOG] [Fast Refresh] rebuilding @ webpack-internal:///(app-pages-browser)/./node_modules/next/dist/next-devtools/shared/forward-logs-shared.js:44
[    1422ms] [LOG] [Fast Refresh] done in 15ms @ webpack-internal:///(app-pages-browser)/./node_modules/next/dist/next-devtools/shared/forward-logs-shared.js:44
[    1451ms] [WARNING] Error while trying to use the following icon from the Manifest: http://localhost:3000/icons/icon-192.png (Download error or resource isn't a valid image) @ http://localhost:3000/login:0
[    1467ms] [LOG] [Fast Refresh] rebuilding @ webpack-internal:///(app-pages-browser)/./node_modules/next/dist/next-devtools/shared/forward-logs-shared.js:44
[    1479ms] [LOG] [Fast Refresh] done in 11ms @ webpack-internal:///(app-pages-browser)/./node_modules/next/dist/next-devtools/shared/forward-logs-shared.js:44
[    1508ms] [WARNING] Error while trying to use the following icon from the Manifest: http://localhost:3000/icons/icon-192.png (Download error or resource isn't a valid image) @ http://localhost:3000/login:0
[    1524ms] [LOG] [Fast Refresh] rebuilding @ webpack-internal:///(app-pages-browser)/./node_modules/next/dist/next-devtools/shared/forward-logs-shared.js:44
[    1539ms] [LOG] [Fast Refresh] done in 15ms @ webpack-internal:///(app-pages-browser)/./node_modules/next/dist/next-devtools/shared/forward-logs-shared.js:44
[    1569ms] [WARNING] Error while trying to use the following icon from the Manifest: http://localhost:3000/icons/icon-192.png (Download error or resource isn't a valid image) @ http://localhost:3000/login:0
[    1585ms] [LOG] [Fast Refresh] rebuilding @ webpack-internal:///(app-pages-browser)/./node_modules/next/dist/next-devtools/shared/forward-logs-shared.js:44
[    1596ms] [LOG] [Fast Refresh] done in 11ms @ webpack-internal:///(app-pages-browser)/./node_modules/next/dist/next-devtools/shared/forward-logs-shared.js:44
[    1624ms] [WARNING] Error while trying to use the following icon from the Manifest: http://localhost:3000/icons/icon-192.png (Download error or resource isn't a valid image) @ http://localhost:3000/login:0
[    1641ms] [LOG] [Fast Refresh] rebuilding @ webpack-internal:///(app-pages-browser)/./node_modules/next/dist/next-devtools/shared/forward-logs-shared.js:44
[    1656ms] [LOG] [Fast Refresh] done in 15ms @ webpack-internal:///(app-pages-browser)/./node_modules/next/dist/next-devtools/shared/forward-logs-shared.js:44
[    1684ms] [WARNING] Error while trying to use the following icon from the Manifest: http://localhost:3000/icons/icon-192.png (Download error or resource isn't a valid image) @ http://localhost:3000/login:0
[    1700ms] [LOG] [Fast Refresh] rebuilding @ webpack-internal:///(app-pages-browser)/./node_modules/next/dist/next-devtools/shared/forward-logs-shared.js:44
[    1712ms] [LOG] [Fast Refresh] done in 11ms @ webpack-internal:///(app-pages-browser)/./node_modules/next/dist/next-devtools/shared/forward-logs-shared.js:44
[    1740ms] [WARNING] Error while trying to use the following icon from the Manifest: http://localhost:3000/icons/icon-192.png (Download error or resource isn't a valid image) @ http://localhost:3000/login:0
[    1756ms] [LOG] [Fast Refresh] rebuilding @ webpack-internal:///(app-pages-browser)/./node_modules/next/dist/next-devtools/shared/forward-logs-shared.js:44
[    1771ms] [LOG] [Fast Refresh] done in 15ms @ webpack-internal:///(app-pages-browser)/./node_modules/next/dist/next-devtools/shared/forward-logs-shared.js:44
[    1801ms] [WARNING] Error while trying to use the following icon from the Manifest: http://localhost:3000/icons/icon-192.png (Download error or resource isn't a valid image) @ http://localhost:3000/login:0
[    1817ms] [LOG] [Fast Refresh] rebuilding @ webpack-internal:///(app-pages-browser)/./node_modules/next/dist/next-devtools/shared/forward-logs-shared.js:44
[    1829ms] [LOG] [Fast Refresh] done in 11ms @ webpack-internal:///(app-pages-browser)/./node_modules/next/dist/next-devtools/shared/forward-logs-shared.js:44
[    1856ms] [WARNING] Error while trying to use the following icon from the Manifest: http://localhost:3000/icons/icon-192.png (Download error or resource isn't a valid image) @ http://localhost:3000/login:0
[    1873ms] [LOG] [Fast Refresh] rebuilding @ webpack-internal:///(app-pages-browser)/./node_modules/next/dist/next-devtools/shared/forward-logs-shared.js:44
[    1889ms] [LOG] [Fast Refresh] done in 16ms @ webpack-internal:///(app-pages-browser)/./node_modules/next/dist/next-devtools/shared/forward-logs-shared.js:44
[    1932ms] [LOG] [Fast Refresh] rebuilding @ webpack-internal:///(app-pages-browser)/./node_modules/next/dist/next-devtools/shared/forward-logs-shared.js:44
[    1944ms] [LOG] [Fast Refresh] done in 12ms @ webpack-internal:///(app-pages-browser)/./node_modules/next/dist/next-devtools/shared/forward-logs-shared.js:44
[    1972ms] [WARNING] Error while trying to use the following icon from the Manifest: http://localhost:3000/icons/icon-192.png (Download error or resource isn't a valid image) @ http://localhost:3000/login:0
[    1988ms] [LOG] [Fast Refresh] rebuilding @ webpack-internal:///(app-pages-browser)/./node_modules/next/dist/next-devtools/shared/forward-logs-shared.js:44
[    2003ms] [LOG] [Fast Refresh] done in 15ms @ webpack-internal:///(app-pages-browser)/./node_modules/next/dist/next-devtools/shared/forward-logs-shared.js:44
[    2034ms] [WARNING] Error while trying to use the following icon from the Manifest: http://localhost:3000/icons/icon-192.png (Download error or resource isn't a valid image) @ http://localhost:3000/login:0
[    2051ms] [LOG] [Fast Refresh] rebuilding @ webpack-internal:///(app-pages-browser)/./node_modules/next/dist/next-devtools/shared/forward-logs-shared.js:44
[    2064ms] [LOG] [Fast Refresh] done in 12ms @ webpack-internal:///(app-pages-browser)/./node_modules/next/dist/next-devtools/shared/forward-logs-shared.js:44
[    2092ms] [WARNING] Error while trying to use the following icon from the Manifest: http://localhost:3000/icons/icon-192.png (Download error or resource isn't a valid image) @ http://localhost:3000/login:0
[    2109ms] [LOG] [Fast Refresh] rebuilding @ webpack-internal:///(app-pages-browser)/./node_modules/next/dist/next-devtools/shared/forward-logs-shared.js:44
[    2124ms] [LOG] [Fast Refresh] done in 15ms @ webpack-internal:///(app-pages-browser)/./node_modules/next/dist/next-devtools/shared/forward-logs-shared.js:44
[    2154ms] [WARNING] Error while trying to use the following icon from the Manifest: http://localhost:3000/icons/icon-192.png (Download error or resource isn't a valid image) @ http://localhost:3000/login:0
[    2170ms] [LOG] [Fast Refresh] rebuilding @ webpack-internal:///(app-pages-browser)/./node_modules/next/dist/next-devtools/shared/forward-logs-shared.js:44
[    2183ms] [LOG] [Fast Refresh] done in 12ms @ webpack-internal:///(app-pages-browser)/./node_modules/next/dist/next-devtools/shared/forward-logs-shared.js:44
[    2227ms] [LOG] [Fast Refresh] rebuilding @ webpack-internal:///(app-pages-browser)/./node_modules/next/dist/next-devtools/shared/forward-logs-shared.js:44
[    2242ms] [LOG] [Fast Refresh] done in 15ms @ webpack-internal:///(app-pages-browser)/./node_modules/next/dist/next-devtools/shared/forward-logs-shared.js:44
[    2271ms] [WARNING] Error while trying to use the following icon from the Manifest: http://localhost:3000/icons/icon-192.png (Download error or resource isn't a valid image) @ http://localhost:3000/login:0
[    2287ms] [LOG] [Fast Refresh] rebuilding @ webpack-internal:///(app-pages-browser)/./node_modules/next/dist/next-devtools/shared/forward-logs-shared.js:44
[    2299ms] [LOG] [Fast Refresh] done in 12ms @ webpack-internal:///(app-pages-browser)/./node_modules/next/dist/next-devtools/shared/forward-logs-shared.js:44
[    2327ms] [WARNING] Error while trying to use the following icon from the Manifest: http://localhost:3000/icons/icon-192.png (Download error or resource isn't a valid image) @ http://localhost:3000/login:0
[    2345ms] [LOG] [Fast Refresh] rebuilding @ webpack-internal:///(app-pages-browser)/./node_modules/next/dist/next-devtools/shared/forward-logs-shared.js:44
[    2360ms] [LOG] [Fast Refresh] done in 15ms @ webpack-internal:///(app-pages-browser)/./node_modules/next/dist/next-devtools/shared/forward-logs-shared.js:44
[    2387ms] [WARNING] Error while trying to use the following icon from the Manifest: http://localhost:3000/icons/icon-192.png (Download error or resource isn't a valid image) @ http://localhost:3000/login:0
[    2406ms] [LOG] [Fast Refresh] rebuilding @ webpack-internal:///(app-pages-browser)/./node_modules/next/dist/next-devtools/shared/forward-logs-shared.js:44
[    2418ms] [LOG] [Fast Refresh] done in 12ms @ webpack-internal:///(app-pages-browser)/./node_modules/next/dist/next-devtools/shared/forward-logs-shared.js:44
[    2448ms] [WARNING] Error while trying to use the following icon from the Manifest: http://localhost:3000/icons/icon-192.png (Download error or resource isn't a valid image) @ http://localhost:3000/login:0
[    2465ms] [LOG] [Fast Refresh] rebuilding @ webpack-internal:///(app-pages-browser)/./node_modules/next/dist/next-devtools/shared/forward-logs-shared.js:44
[    2480ms] [LOG] [Fast Refresh] done in 15ms @ webpack-internal:///(app-pages-browser)/./node_modules/next/dist/next-devtools/shared/forward-logs-shared.js:44
[    2507ms] [WARNING] Error while trying to use the following icon from the Manifest: http://localhost:3000/icons/icon-192.png (Download error or resource isn't a valid image) @ http://localhost:3000/login:0
[    2523ms] [LOG] [Fast Refresh] rebuilding @ webpack-internal:///(app-pages-browser)/./node_modules/next/dist/next-devtools/shared/forward-logs-shared.js:44
[    2535ms] [LOG] [Fast Refresh] done in 11ms @ webpack-internal:///(app-pages-browser)/./node_modules/next/dist/next-devtools/shared/forward-logs-shared.js:44
[    2562ms] [WARNING] Error while trying to use the following icon from the Manifest: http://localhost:3000/icons/icon-192.png (Download error or resource isn't a valid image) @ http://localhost:3000/login:0
[    2579ms] [LOG] [Fast Refresh] rebuilding @ webpack-internal:///(app-pages-browser)/./node_modules/next/dist/next-devtools/shared/forward-logs-shared.js:44
[    2594ms] [LOG] [Fast Refresh] done in 15ms @ webpack-internal:///(app-pages-browser)/./node_modules/next/dist/next-devtools/shared/forward-logs-shared.js:44
[    2623ms] [WARNING] Error while trying to use the following icon from the Manifest: http://localhost:3000/icons/icon-192.png (Download error or resource isn't a valid image) @ http://localhost:3000/login:0
[    2640ms] [LOG] [Fast Refresh] rebuilding @ webpack-internal:///(app-pages-browser)/./node_modules/next/dist/next-devtools/shared/forward-logs-shared.js:44
[    2653ms] [LOG] [Fast Refresh] done in 13ms @ webpack-internal:///(app-pages-browser)/./node_modules/next/dist/next-devtools/shared/forward-logs-shared.js:44
[    2683ms] [WARNING] Error while trying to use the following icon from the Manifest: http://localhost:3000/icons/icon-192.png (Download error or resource isn't a valid image) @ http://localhost:3000/login:0
[    2701ms] [LOG] [Fast Refresh] rebuilding @ webpack-internal:///(app-pages-browser)/./node_modules/next/dist/next-devtools/shared/forward-logs-shared.js:44
[    2716ms] [LOG] [Fast Refresh] done in 16ms @ webpack-internal:///(app-pages-browser)/./node_modules/next/dist/next-devtools/shared/forward-logs-shared.js:44
[    2747ms] [WARNING] Error while trying to use the following icon from the Manifest: http://localhost:3000/icons/icon-192.png (Download error or resource isn't a valid image) @ http://localhost:3000/login:0
[    2763ms] [LOG] [Fast Refresh] rebuilding @ webpack-internal:///(app-pages-browser)/./node_modules/next/dist/next-devtools/shared/forward-logs-shared.js:44
[    2774ms] [LOG] [Fast Refresh] done in 11ms @ webpack-internal:///(app-pages-browser)/./node_modules/next/dist/next-devtools/shared/forward-logs-shared.js:44
[    2802ms] [WARNING] Error while trying to use the following icon from the Manifest: http://localhost:3000/icons/icon-192.png (Download error or resource isn't a valid image) @ http://localhost:3000/login:0
[    2818ms] [LOG] [Fast Refresh] rebuilding @ webpack-internal:///(app-pages-browser)/./node_modules/next/dist/next-devtools/shared/forward-logs-shared.js:44
[    2832ms] [LOG] [Fast Refresh] done in 15ms @ webpack-internal:///(app-pages-browser)/./node_modules/next/dist/next-devtools/shared/forward-logs-shared.js:44
[    2862ms] [WARNING] Error while trying to use the following icon from the Manifest: http://localhost:3000/icons/icon-192.png (Download error or resource isn't a valid image) @ http://localhost:3000/login:0
[    2879ms] [LOG] [Fast Refresh] rebuilding @ webpack-internal:///(app-pages-browser)/./node_modules/next/dist/next-devtools/shared/forward-logs-shared.js:44
[    2890ms] [LOG] [Fast Refresh] done in 12ms @ webpack-internal:///(app-pages-browser)/./node_modules/next/dist/next-devtools/shared/forward-logs-shared.js:44
[    2933ms] [LOG] [Fast Refresh] rebuilding @ webpack-internal:///(app-pages-browser)/./node_modules/next/dist/next-devtools/shared/forward-logs-shared.js:44
[    2948ms] [LOG] [Fast Refresh] done in 14ms @ webpack-internal:///(app-pages-browser)/./node_modules/next/dist/next-devtools/shared/forward-logs-shared.js:44
[    2977ms] [WARNING] Error while trying to use the following icon from the Manifest: http://localhost:3000/icons/icon-192.png (Download error or resource isn't a valid image) @ http://localhost:3000/login:0
[    2994ms] [LOG] [Fast Refresh] rebuilding @ webpack-internal:///(app-pages-browser)/./node_modules/next/dist/next-devtools/shared/forward-logs-shared.js:44
[    3005ms] [LOG] [Fast Refresh] done in 12ms @ webpack-internal:///(app-pages-browser)/./node_modules/next/dist/next-devtools/shared/forward-logs-shared.js:44
[    3033ms] [WARNING] Error while trying to use the following icon from the Manifest: http://localhost:3000/icons/icon-192.png (Download error or resource isn't a valid image) @ http://localhost:3000/login:0
[    3049ms] [LOG] [Fast Refresh] rebuilding @ webpack-internal:///(app-pages-browser)/./node_modules/next/dist/next-devtools/shared/forward-logs-shared.js:44
[    3065ms] [LOG] [Fast Refresh] done in 15ms @ webpack-internal:///(app-pages-browser)/./node_modules/next/dist/next-devtools/shared/forward-logs-shared.js:44
[    3093ms] [WARNING] Error while trying to use the following icon from the Manifest: http://localhost:3000/icons/icon-192.png (Download error or resource isn't a valid image) @ http://localhost:3000/login:0
[    3109ms] [LOG] [Fast Refresh] rebuilding @ webpack-internal:///(app-pages-browser)/./node_modules/next/dist/next-devtools/shared/forward-logs-shared.js:44
[    3121ms] [LOG] [Fast Refresh] done in 11ms @ webpack-internal:///(app-pages-browser)/./node_modules/next/dist/next-devtools/shared/forward-logs-shared.js:44
[    3149ms] [WARNING] Error while trying to use the following icon from the Manifest: http://localhost:3000/icons/icon-192.png (Download error or resource isn't a valid image) @ http://localhost:3000/login:0
[    3166ms] [LOG] [Fast Refresh] rebuilding @ webpack-internal:///(app-pages-browser)/./node_modules/next/dist/next-devtools/shared/forward-logs-shared.js:44
[    3181ms] [LOG] [Fast Refresh] done in 15ms @ webpack-internal:///(app-pages-browser)/./node_modules/next/dist/next-devtools/shared/forward-logs-shared.js:44
[    3211ms] [WARNING] Error while trying to use the following icon from the Manifest: http://localhost:3000/icons/icon-192.png (Download error or resource isn't a valid image) @ http://localhost:3000/login:0
[    3230ms] [LOG] [Fast Refresh] rebuilding @ webpack-internal:///(app-pages-browser)/./node_modules/next/dist/next-devtools/shared/forward-logs-shared.js:44
[    3242ms] [LOG] [Fast Refresh] done in 12ms @ webpack-internal:///(app-pages-browser)/./node_modules/next/dist/next-devtools/shared/forward-logs-shared.js:44
[    3271ms] [WARNING] Error while trying to use the following icon from the Manifest: http://localhost:3000/icons/icon-192.png (Download error or resource isn't a valid image) @ http://localhost:3000/login:0
[    3288ms] [LOG] [Fast Refresh] rebuilding @ webpack-internal:///(app-pages-browser)/./node_modules/next/dist/next-devtools/shared/forward-logs-shared.js:44
[    3304ms] [LOG] [Fast Refresh] done in 16ms @ webpack-internal:///(app-pages-browser)/./node_modules/next/dist/next-devtools/shared/forward-logs-shared.js:44
[    3333ms] [WARNING] Error while trying to use the following icon from the Manifest: http://localhost:3000/icons/icon-192.png (Download error or resource isn't a valid image) @ http://localhost:3000/login:0
[    3350ms] [LOG] [Fast Refresh] rebuilding @ webpack-internal:///(app-pages-browser)/./node_modules/next/dist/next-devtools/shared/forward-logs-shared.js:44
[    3361ms] [LOG] [Fast Refresh] done in 12ms @ webpack-internal:///(app-pages-browser)/./node_modules/next/dist/next-devtools/shared/forward-logs-shared.js:44
[    3390ms] [WARNING] Error while trying to use the following icon from the Manifest: http://localhost:3000/icons/icon-192.png (Download error or resource isn't a valid image) @ http://localhost:3000/login:0
[    3414ms] [LOG] [Fast Refresh] rebuilding @ webpack-internal:///(app-pages-browser)/./node_modules/next/dist/next-devtools/shared/forward-logs-shared.js:44
[    3434ms] [LOG] [Fast Refresh] done in 21ms @ webpack-internal:///(app-pages-browser)/./node_modules/next/dist/next-devtools/shared/forward-logs-shared.js:44
[    3462ms] [WARNING] Error while trying to use the following icon from the Manifest: http://localhost:3000/icons/icon-192.png (Download error or resource isn't a valid image) @ http://localhost:3000/login:0
[    3480ms] [LOG] [Fast Refresh] rebuilding @ webpack-internal:///(app-pages-browser)/./node_modules/next/dist/next-devtools/shared/forward-logs-shared.js:44
[    3492ms] [LOG] [Fast Refresh] done in 11ms @ webpack-internal:///(app-pages-browser)/./node_modules/next/dist/next-devtools/shared/forward-logs-shared.js:44
[    3519ms] [WARNING] Error while trying to use the following icon from the Manifest: http://localhost:3000/icons/icon-192.png (Download error or resource isn't a valid image) @ http://localhost:3000/login:0
[    3536ms] [LOG] [Fast Refresh] rebuilding @ webpack-internal:///(app-pages-browser)/./node_modules/next/dist/next-devtools/shared/forward-logs-shared.js:44
[    3551ms] [LOG] [Fast Refresh] done in 14ms @ webpack-internal:///(app-pages-browser)/./node_modules/next/dist/next-devtools/shared/forward-logs-shared.js:44
[    3609ms] [LOG] [Fast Refresh] rebuilding @ webpack-internal:///(app-pages-browser)/./node_modules/next/dist/next-devtools/shared/forward-logs-shared.js:44
[    3620ms] [LOG] [Fast Refresh] done in 12ms @ webpack-internal:///(app-pages-browser)/./node_modules/next/dist/next-devtools/shared/forward-logs-shared.js:44
[    3650ms] [WARNING] Error while trying to use the following icon from the Manifest: http://localhost:3000/icons/icon-192.png (Download error or resource isn't a valid image) @ http://localhost:3000/login:0
[    3666ms] [LOG] [Fast Refresh] rebuilding @ webpack-internal:///(app-pages-browser)/./node_modules/next/dist/next-devtools/shared/forward-logs-shared.js:44
[    3681ms] [LOG] [Fast Refresh] done in 15ms @ webpack-internal:///(app-pages-browser)/./node_modules/next/dist/next-devtools/shared/forward-logs-shared.js:44
[    3710ms] [WARNING] Error while trying to use the following icon from the Manifest: http://localhost:3000/icons/icon-192.png (Download error or resource isn't a valid image) @ http://localhost:3000/login:0
[    3726ms] [LOG] [Fast Refresh] rebuilding @ webpack-internal:///(app-pages-browser)/./node_modules/next/dist/next-devtools/shared/forward-logs-shared.js:44
[    3738ms] [LOG] [Fast Refresh] done in 12ms @ webpack-internal:///(app-pages-browser)/./node_modules/next/dist/next-devtools/shared/forward-logs-shared.js:44
[    3767ms] [WARNING] Error while trying to use the following icon from the Manifest: http://localhost:3000/icons/icon-192.png (Download error or resource isn't a valid image) @ http://localhost:3000/login:0
[    3784ms] [LOG] [Fast Refresh] rebuilding @ webpack-internal:///(app-pages-browser)/./node_modules/next/dist/next-devtools/shared/forward-logs-shared.js:44
[    3800ms] [LOG] [Fast Refresh] done in 16ms @ webpack-internal:///(app-pages-browser)/./node_modules/next/dist/next-devtools/shared/forward-logs-shared.js:44
[    3845ms] [LOG] [Fast Refresh] rebuilding @ webpack-internal:///(app-pages-browser)/./node_modules/next/dist/next-devtools/shared/forward-logs-shared.js:44
[    3858ms] [LOG] [Fast Refresh] done in 12ms @ webpack-internal:///(app-pages-browser)/./node_modules/next/dist/next-devtools/shared/forward-logs-shared.js:44
[    3891ms] [WARNING] Error while trying to use the following icon from the Manifest: http://localhost:3000/icons/icon-192.png (Download error or resource isn't a valid image) @ http://localhost:3000/login:0
[    3909ms] [LOG] [Fast Refresh] rebuilding @ webpack-internal:///(app-pages-browser)/./node_modules/next/dist/next-devtools/shared/forward-logs-shared.js:44
[    3926ms] [LOG] [Fast Refresh] done in 16ms @ webpack-internal:///(app-pages-browser)/./node_modules/next/dist/next-devtools/shared/forward-logs-shared.js:44
[    3970ms] [LOG] [Fast Refresh] rebuilding @ webpack-internal:///(app-pages-browser)/./node_modules/next/dist/next-devtools/shared/forward-logs-shared.js:44
[    3982ms] [LOG] [Fast Refresh] done in 12ms @ webpack-internal:///(app-pages-browser)/./node_modules/next/dist/next-devtools/shared/forward-logs-shared.js:44
[    4029ms] [LOG] [Fast Refresh] rebuilding @ webpack-internal:///(app-pages-browser)/./node_modules/next/dist/next-devtools/shared/forward-logs-shared.js:44
[    4047ms] [LOG] [Fast Refresh] done in 18ms @ webpack-internal:///(app-pages-browser)/./node_modules/next/dist/next-devtools/shared/forward-logs-shared.js:44
[    4083ms] [WARNING] Error while trying to use the following icon from the Manifest: http://localhost:3000/icons/icon-192.png (Download error or resource isn't a valid image) @ http://localhost:3000/login:0
[    4104ms] [LOG] [Fast Refresh] rebuilding @ webpack-internal:///(app-pages-browser)/./node_modules/next/dist/next-devtools/shared/forward-logs-shared.js:44
[    4117ms] [LOG] [Fast Refresh] done in 12ms @ webpack-internal:///(app-pages-browser)/./node_modules/next/dist/next-devtools/shared/forward-logs-shared.js:44
[    4161ms] [LOG] [Fast Refresh] rebuilding @ webpack-internal:///(app-pages-browser)/./node_modules/next/dist/next-devtools/shared/forward-logs-shared.js:44
[    4177ms] [LOG] [Fast Refresh] done in 15ms @ webpack-internal:///(app-pages-browser)/./node_modules/next/dist/next-devtools/shared/forward-logs-shared.js:44
[    4206ms] [WARNING] Error while trying to use the following icon from the Manifest: http://localhost:3000/icons/icon-192.png (Download error or resource isn't a valid image) @ http://localhost:3000/login:0
[    4222ms] [LOG] [Fast Refresh] rebuilding @ webpack-internal:///(app-pages-browser)/./node_modules/next/dist/next-devtools/shared/forward-logs-shared.js:44
[    4235ms] [LOG] [Fast Refresh] done in 13ms @ webpack-internal:///(app-pages-browser)/./node_modules/next/dist/next-devtools/shared/forward-logs-shared.js:44
[    4266ms] [WARNING] Error while trying to use the following icon from the Manifest: http://localhost:3000/icons/icon-192.png (Download error or resource isn't a valid image) @ http://localhost:3000/login:0
[    4283ms] [LOG] [Fast Refresh] rebuilding @ webpack-internal:///(app-pages-browser)/./node_modules/next/dist/next-devtools/shared/forward-logs-shared.js:44
[    4298ms] [LOG] [Fast Refresh] done in 15ms @ webpack-internal:///(app-pages-browser)/./node_modules/next/dist/next-devtools/shared/forward-logs-shared.js:44
[    4328ms] [WARNING] Error while trying to use the following icon from the Manifest: http://localhost:3000/icons/icon-192.png (Download error or resource isn't a valid image) @ http://localhost:3000/login:0
[    4344ms] [LOG] [Fast Refresh] rebuilding @ webpack-internal:///(app-pages-browser)/./node_modules/next/dist/next-devtools/shared/forward-logs-shared.js:44
[    4356ms] [LOG] [Fast Refresh] done in 11ms @ webpack-internal:///(app-pages-browser)/./node_modules/next/dist/next-devtools/shared/forward-logs-shared.js:44
[    4385ms] [WARNING] Error while trying to use the following icon from the Manifest: http://localhost:3000/icons/icon-192.png (Download error or resource isn't a valid image) @ http://localhost:3000/login:0
[    4403ms] [LOG] [Fast Refresh] rebuilding @ webpack-internal:///(app-pages-browser)/./node_modules/next/dist/next-devtools/shared/forward-logs-shared.js:44
[    4419ms] [LOG] [Fast Refresh] done in 16ms @ webpack-internal:///(app-pages-browser)/./node_modules/next/dist/next-devtools/shared/forward-logs-shared.js:44
[    4464ms] [LOG] [Fast Refresh] rebuilding @ webpack-internal:///(app-pages-browser)/./node_modules/next/dist/next-devtools/shared/forward-logs-shared.js:44
[    4477ms] [LOG] [Fast Refresh] done in 13ms @ webpack-internal:///(app-pages-browser)/./node_modules/next/dist/next-devtools/shared/forward-logs-shared.js:44
[    4506ms] [WARNING] Error while trying to use the following icon from the Manifest: http://localhost:3000/icons/icon-192.png (Download error or resource isn't a valid image) @ http://localhost:3000/login:0
[    4523ms] [LOG] [Fast Refresh] rebuilding @ webpack-internal:///(app-pages-browser)/./node_modules/next/dist/next-devtools/shared/forward-logs-shared.js:44
[    4539ms] [LOG] [Fast Refresh] done in 16ms @ webpack-internal:///(app-pages-browser)/./node_modules/next/dist/next-devtools/shared/forward-logs-shared.js:44
[    4583ms] [LOG] [Fast Refresh] rebuilding @ webpack-internal:///(app-pages-browser)/./node_modules/next/dist/next-devtools/shared/forward-logs-shared.js:44
[    4595ms] [LOG] [Fast Refresh] done in 11ms @ webpack-internal:///(app-pages-browser)/./node_modules/next/dist/next-devtools/shared/forward-logs-shared.js:44
[    4623ms] [WARNING] Error while trying to use the following icon from the Manifest: http://localhost:3000/icons/icon-192.png (Download error or resource isn't a valid image) @ http://localhost:3000/login:0
[    4639ms] [LOG] [Fast Refresh] rebuilding @ webpack-internal:///(app-pages-browser)/./node_modules/next/dist/next-devtools/shared/forward-logs-shared.js:44
[    4654ms] [LOG] [Fast Refresh] done in 15ms @ webpack-internal:///(app-pages-browser)/./node_modules/next/dist/next-devtools/shared/forward-logs-shared.js:44
[    4685ms] [WARNING] Error while trying to use the following icon from the Manifest: http://localhost:3000/icons/icon-192.png (Download error or resource isn't a valid image) @ http://localhost:3000/login:0
[    4701ms] [LOG] [Fast Refresh] rebuilding @ webpack-internal:///(app-pages-browser)/./node_modules/next/dist/next-devtools/shared/forward-logs-shared.js:44
[    4713ms] [LOG] [Fast Refresh] done in 13ms @ webpack-internal:///(app-pages-browser)/./node_modules/next/dist/next-devtools/shared/forward-logs-shared.js:44
[    4742ms] [WARNING] Error while trying to use the following icon from the Manifest: http://localhost:3000/icons/icon-192.png (Download error or resource isn't a valid image) @ http://localhost:3000/login:0
[    4760ms] [LOG] [Fast Refresh] rebuilding @ webpack-internal:///(app-pages-browser)/./node_modules/next/dist/next-devtools/shared/forward-logs-shared.js:44
[    4775ms] [LOG] [Fast Refresh] done in 16ms @ webpack-internal:///(app-pages-browser)/./node_modules/next/dist/next-devtools/shared/forward-logs-shared.js:44
[    4806ms] [WARNING] Error while trying to use the following icon from the Manifest: http://localhost:3000/icons/icon-192.png (Download error or resource isn't a valid image) @ http://localhost:3000/login:0
[    4822ms] [LOG] [Fast Refresh] rebuilding @ webpack-internal:///(app-pages-browser)/./node_modules/next/dist/next-devtools/shared/forward-logs-shared.js:44
[    4836ms] [LOG] [Fast Refresh] done in 13ms @ webpack-internal:///(app-pages-browser)/./node_modules/next/dist/next-devtools/shared/forward-logs-shared.js:44
[    4863ms] [WARNING] Error while trying to use the following icon from the Manifest: http://localhost:3000/icons/icon-192.png (Download error or resource isn't a valid image) @ http://localhost:3000/login:0
[    4880ms] [LOG] [Fast Refresh] rebuilding @ webpack-internal:///(app-pages-browser)/./node_modules/next/dist/next-devtools/shared/forward-logs-shared.js:44
[    4895ms] [LOG] [Fast Refresh] done in 16ms @ webpack-internal:///(app-pages-browser)/./node_modules/next/dist/next-devtools/shared/forward-logs-shared.js:44
[    4921ms] [WARNING] Error while trying to use the following icon from the Manifest: http://localhost:3000/icons/icon-192.png (Download error or resource isn't a valid image) @ http://localhost:3000/login:0
[    4942ms] [LOG] [Fast Refresh] rebuilding @ webpack-internal:///(app-pages-browser)/./node_modules/next/dist/next-devtools/shared/forward-logs-shared.js:44
[    4954ms] [LOG] [Fast Refresh] done in 11ms @ webpack-internal:///(app-pages-browser)/./node_modules/next/dist/next-devtools/shared/forward-logs-shared.js:44
[    4984ms] [WARNING] Error while trying to use the following icon from the Manifest: http://localhost:3000/icons/icon-192.png (Download error or resource isn't a valid image) @ http://localhost:3000/login:0
[    5001ms] [LOG] [Fast Refresh] rebuilding @ webpack-internal:///(app-pages-browser)/./node_modules/next/dist/next-devtools/shared/forward-logs-shared.js:44
[    5016ms] [LOG] [Fast Refresh] done in 16ms @ webpack-internal:///(app-pages-browser)/./node_modules/next/dist/next-devtools/shared/forward-logs-shared.js:44
[    5046ms] [WARNING] Error while trying to use the following icon from the Manifest: http://localhost:3000/icons/icon-192.png (Download error or resource isn't a valid image) @ http://localhost:3000/login:0
[    5062ms] [LOG] [Fast Refresh] rebuilding @ webpack-internal:///(app-pages-browser)/./node_modules/next/dist/next-devtools/shared/forward-logs-shared.js:44
[    5074ms] [LOG] [Fast Refresh] done in 11ms @ webpack-internal:///(app-pages-browser)/./node_modules/next/dist/next-devtools/shared/forward-logs-shared.js:44
[    5102ms] [WARNING] Error while trying to use the following icon from the Manifest: http://localhost:3000/icons/icon-192.png (Download error or resource isn't a valid image) @ http://localhost:3000/login:0
[    5121ms] [LOG] [Fast Refresh] rebuilding @ webpack-internal:///(app-pages-browser)/./node_modules/next/dist/next-devtools/shared/forward-logs-shared.js:44
[    5700ms] [LOG] [Fast Refresh] done in 578ms @ webpack-internal:///(app-pages-browser)/./node_modules/next/dist/next-devtools/shared/forward-logs-shared.js:44
[    5765ms] [LOG] [Fast Refresh] rebuilding @ webpack-internal:///(app-pages-browser)/./node_modules/next/dist/next-devtools/shared/forward-logs-shared.js:44
[    5795ms] [LOG] [Fast Refresh] done in 29ms @ webpack-internal:///(app-pages-browser)/./node_modules/next/dist/next-devtools/shared/forward-logs-shared.js:44
[    5844ms] [WARNING] Error while trying to use the following icon from the Manifest: http://localhost:3000/icons/icon-192.png (Download error or resource isn't a valid image) @ http://localhost:3000/login:0
[    5948ms] [LOG] [Fast Refresh] rebuilding @ webpack-internal:///(app-pages-browser)/./node_modules/next/dist/next-devtools/shared/forward-logs-shared.js:44
[    5967ms] [LOG] [Fast Refresh] done in 18ms @ webpack-internal:///(app-pages-browser)/./node_modules/next/dist/next-devtools/shared/forward-logs-shared.js:44
[    6027ms] [WARNING] Error while trying to use the following icon from the Manifest: http://localhost:3000/icons/icon-192.png (Download error or resource isn't a valid image) @ http://localhost:3000/login:0
[    6076ms] [LOG] [Fast Refresh] rebuilding @ webpack-internal:///(app-pages-browser)/./node_modules/next/dist/next-devtools/shared/forward-logs-shared.js:44
[    6095ms] [LOG] [Fast Refresh] done in 19ms @ webpack-internal:///(app-pages-browser)/./node_modules/next/dist/next-devtools/shared/forward-logs-shared.js:44
[    6140ms] [WARNING] Error while trying to use the following icon from the Manifest: http://localhost:3000/icons/icon-192.png (Download error or resource isn't a valid image) @ http://localhost:3000/login:0
[    6160ms] [LOG] [Fast Refresh] rebuilding @ webpack-internal:///(app-pages-browser)/./node_modules/next/dist/next-devtools/shared/forward-logs-shared.js:44
[    6172ms] [LOG] [Fast Refresh] done in 11ms @ webpack-internal:///(app-pages-browser)/./node_modules/next/dist/next-devtools/shared/forward-logs-shared.js:44
[    6200ms] [WARNING] Error while trying to use the following icon from the Manifest: http://localhost:3000/icons/icon-192.png (Download error or resource isn't a valid image) @ http://localhost:3000/login:0
[    6217ms] [LOG] [Fast Refresh] rebuilding @ webpack-internal:///(app-pages-browser)/./node_modules/next/dist/next-devtools/shared/forward-logs-shared.js:44
[    6232ms] [LOG] [Fast Refresh] done in 16ms @ webpack-internal:///(app-pages-browser)/./node_modules/next/dist/next-devtools/shared/forward-logs-shared.js:44
[    6261ms] [WARNING] Error while trying to use the following icon from the Manifest: http://localhost:3000/icons/icon-192.png (Download error or resource isn't a valid image) @ http://localhost:3000/login:0
[    6277ms] [LOG] [Fast Refresh] rebuilding @ webpack-internal:///(app-pages-browser)/./node_modules/next/dist/next-devtools/shared/forward-logs-shared.js:44
[    6289ms] [LOG] [Fast Refresh] done in 11ms @ webpack-internal:///(app-pages-browser)/./node_modules/next/dist/next-devtools/shared/forward-logs-shared.js:44
[    6319ms] [WARNING] Error while trying to use the following icon from the Manifest: http://localhost:3000/icons/icon-192.png (Download error or resource isn't a valid image) @ http://localhost:3000/login:0
[    6336ms] [LOG] [Fast Refresh] rebuilding @ webpack-internal:///(app-pages-browser)/./node_modules/next/dist/next-devtools/shared/forward-logs-shared.js:44
[    6352ms] [LOG] [Fast Refresh] done in 16ms @ webpack-internal:///(app-pages-browser)/./node_modules/next/dist/next-devtools/shared/forward-logs-shared.js:44
[    6382ms] [WARNING] Error while trying to use the following icon from the Manifest: http://localhost:3000/icons/icon-192.png (Download error or resource isn't a valid image) @ http://localhost:3000/login:0
[    6398ms] [LOG] [Fast Refresh] rebuilding @ webpack-internal:///(app-pages-browser)/./node_modules/next/dist/next-devtools/shared/forward-logs-shared.js:44
[    6410ms] [LOG] [Fast Refresh] done in 12ms @ webpack-internal:///(app-pages-browser)/./node_modules/next/dist/next-devtools/shared/forward-logs-shared.js:44
[    6438ms] [WARNING] Error while trying to use the following icon from the Manifest: http://localhost:3000/icons/icon-192.png (Download error or resource isn't a valid image) @ http://localhost:3000/login:0
[    6456ms] [LOG] [Fast Refresh] rebuilding @ webpack-internal:///(app-pages-browser)/./node_modules/next/dist/next-devtools/shared/forward-logs-shared.js:44
[    6472ms] [LOG] [Fast Refresh] done in 15ms @ webpack-internal:///(app-pages-browser)/./node_modules/next/dist/next-devtools/shared/forward-logs-shared.js:44
[    6501ms] [WARNING] Error while trying to use the following icon from the Manifest: http://localhost:3000/icons/icon-192.png (Download error or resource isn't a valid image) @ http://localhost:3000/login:0
[    6516ms] [LOG] [Fast Refresh] rebuilding @ webpack-internal:///(app-pages-browser)/./node_modules/next/dist/next-devtools/shared/forward-logs-shared.js:44
[    6528ms] [LOG] [Fast Refresh] done in 12ms @ webpack-internal:///(app-pages-browser)/./node_modules/next/dist/next-devtools/shared/forward-logs-shared.js:44
[    6556ms] [WARNING] Error while trying to use the following icon from the Manifest: http://localhost:3000/icons/icon-192.png (Download error or resource isn't a valid image) @ http://localhost:3000/login:0
[    6573ms] [LOG] [Fast Refresh] rebuilding @ webpack-internal:///(app-pages-browser)/./node_modules/next/dist/next-devtools/shared/forward-logs-shared.js:44
[    6588ms] [LOG] [Fast Refresh] done in 15ms @ webpack-internal:///(app-pages-browser)/./node_modules/next/dist/next-devtools/shared/forward-logs-shared.js:44
[    6616ms] [WARNING] Error while trying to use the following icon from the Manifest: http://localhost:3000/icons/icon-192.png (Download error or resource isn't a valid image) @ http://localhost:3000/login:0
[    6632ms] [LOG] [Fast Refresh] rebuilding @ webpack-internal:///(app-pages-browser)/./node_modules/next/dist/next-devtools/shared/forward-logs-shared.js:44
[    6644ms] [LOG] [Fast Refresh] done in 12ms @ webpack-internal:///(app-pages-browser)/./node_modules/next/dist/next-devtools/shared/forward-logs-shared.js:44
[    6674ms] [WARNING] Error while trying to use the following icon from the Manifest: http://localhost:3000/icons/icon-192.png (Download error or resource isn't a valid image) @ http://localhost:3000/login:0
[    6692ms] [LOG] [Fast Refresh] rebuilding @ webpack-internal:///(app-pages-browser)/./node_modules/next/dist/next-devtools/shared/forward-logs-shared.js:44
[    6706ms] [LOG] [Fast Refresh] done in 15ms @ webpack-internal:///(app-pages-browser)/./node_modules/next/dist/next-devtools/shared/forward-logs-shared.js:44
[    6734ms] [WARNING] Error while trying to use the following icon from the Manifest: http://localhost:3000/icons/icon-192.png (Download error or resource isn't a valid image) @ http://localhost:3000/login:0
[    6752ms] [LOG] [Fast Refresh] rebuilding @ webpack-internal:///(app-pages-browser)/./node_modules/next/dist/next-devtools/shared/forward-logs-shared.js:44
[    6764ms] [LOG] [Fast Refresh] done in 11ms @ webpack-internal:///(app-pages-browser)/./node_modules/next/dist/next-devtools/shared/forward-logs-shared.js:44
[    6796ms] [WARNING] Error while trying to use the following icon from the Manifest: http://localhost:3000/icons/icon-192.png (Download error or resource isn't a valid image) @ http://localhost:3000/login:0
[    6810ms] [LOG] [Fast Refresh] rebuilding @ webpack-internal:///(app-pages-browser)/./node_modules/next/dist/next-devtools/shared/forward-logs-shared.js:44
[    6825ms] [LOG] [Fast Refresh] done in 16ms @ webpack-internal:///(app-pages-browser)/./node_modules/next/dist/next-devtools/shared/forward-logs-shared.js:44
[    6852ms] [WARNING] Error while trying to use the following icon from the Manifest: http://localhost:3000/icons/icon-192.png (Download error or resource isn't a valid image) @ http://localhost:3000/login:0
[    6871ms] [LOG] [Fast Refresh] rebuilding @ webpack-internal:///(app-pages-browser)/./node_modules/next/dist/next-devtools/shared/forward-logs-shared.js:44
[    6884ms] [LOG] [Fast Refresh] done in 12ms @ webpack-internal:///(app-pages-browser)/./node_modules/next/dist/next-devtools/shared/forward-logs-shared.js:44
[    6928ms] [LOG] [Fast Refresh] rebuilding @ webpack-internal:///(app-pages-browser)/./node_modules/next/dist/next-devtools/shared/forward-logs-shared.js:44
[    6943ms] [LOG] [Fast Refresh] done in 15ms @ webpack-internal:///(app-pages-browser)/./node_modules/next/dist/next-devtools/shared/forward-logs-shared.js:44
[    6974ms] [WARNING] Error while trying to use the following icon from the Manifest: http://localhost:3000/icons/icon-192.png (Download error or resource isn't a valid image) @ http://localhost:3000/login:0
[    6990ms] [LOG] [Fast Refresh] rebuilding @ webpack-internal:///(app-pages-browser)/./node_modules/next/dist/next-devtools/shared/forward-logs-shared.js:44
[    7002ms] [LOG] [Fast Refresh] done in 11ms @ webpack-internal:///(app-pages-browser)/./node_modules/next/dist/next-devtools/shared/forward-logs-shared.js:44
[    7033ms] [WARNING] Error while trying to use the following icon from the Manifest: http://localhost:3000/icons/icon-192.png (Download error or resource isn't a valid image) @ http://localhost:3000/login:0
[    7051ms] [LOG] [Fast Refresh] rebuilding @ webpack-internal:///(app-pages-browser)/./node_modules/next/dist/next-devtools/shared/forward-logs-shared.js:44
[    7066ms] [LOG] [Fast Refresh] done in 16ms @ webpack-internal:///(app-pages-browser)/./node_modules/next/dist/next-devtools/shared/forward-logs-shared.js:44
[    7116ms] [WARNING] Error while trying to use the following icon from the Manifest: http://localhost:3000/icons/icon-192.png (Download error or resource isn't a valid image) @ http://localhost:3000/login:0
[    7120ms] [LOG] [Fast Refresh] rebuilding @ webpack-internal:///(app-pages-browser)/./node_modules/next/dist/next-devtools/shared/forward-logs-shared.js:44
[    7131ms] [LOG] [Fast Refresh] done in 12ms @ webpack-internal:///(app-pages-browser)/./node_modules/next/dist/next-devtools/shared/forward-logs-shared.js:44
[    7160ms] [WARNING] Error while trying to use the following icon from the Manifest: http://localhost:3000/icons/icon-192.png (Download error or resource isn't a valid image) @ http://localhost:3000/login:0
[    7179ms] [LOG] [Fast Refresh] rebuilding @ webpack-internal:///(app-pages-browser)/./node_modules/next/dist/next-devtools/shared/forward-logs-shared.js:44
[    7194ms] [LOG] [Fast Refresh] done in 16ms @ webpack-internal:///(app-pages-browser)/./node_modules/next/dist/next-devtools/shared/forward-logs-shared.js:44
[    7236ms] [LOG] [Fast Refresh] rebuilding @ webpack-internal:///(app-pages-browser)/./node_modules/next/dist/next-devtools/shared/forward-logs-shared.js:44
[    7248ms] [LOG] [Fast Refresh] done in 12ms @ webpack-internal:///(app-pages-browser)/./node_modules/next/dist/next-devtools/shared/forward-logs-shared.js:44
[    7275ms] [WARNING] Error while trying to use the following icon from the Manifest: http://localhost:3000/icons/icon-192.png (Download error or resource isn't a valid image) @ http://localhost:3000/login:0
[    7293ms] [LOG] [Fast Refresh] rebuilding @ webpack-internal:///(app-pages-browser)/./node_modules/next/dist/next-devtools/shared/forward-logs-shared.js:44
[    7308ms] [LOG] [Fast Refresh] done in 16ms @ webpack-internal:///(app-pages-browser)/./node_modules/next/dist/next-devtools/shared/forward-logs-shared.js:44
[    7335ms] [WARNING] Error while trying to use the following icon from the Manifest: http://localhost:3000/icons/icon-192.png (Download error or resource isn't a valid image) @ http://localhost:3000/login:0
[    7351ms] [LOG] [Fast Refresh] rebuilding @ webpack-internal:///(app-pages-browser)/./node_modules/next/dist/next-devtools/shared/forward-logs-shared.js:44
[    7363ms] [LOG] [Fast Refresh] done in 11ms @ webpack-internal:///(app-pages-browser)/./node_modules/next/dist/next-devtools/shared/forward-logs-shared.js:44
[    7391ms] [WARNING] Error while trying to use the following icon from the Manifest: http://localhost:3000/icons/icon-192.png (Download error or resource isn't a valid image) @ http://localhost:3000/login:0
[    7409ms] [LOG] [Fast Refresh] rebuilding @ webpack-internal:///(app-pages-browser)/./node_modules/next/dist/next-devtools/shared/forward-logs-shared.js:44
[    7424ms] [LOG] [Fast Refresh] done in 16ms @ webpack-internal:///(app-pages-browser)/./node_modules/next/dist/next-devtools/shared/forward-logs-shared.js:44
[    7455ms] [WARNING] Error while trying to use the following icon from the Manifest: http://localhost:3000/icons/icon-192.png (Download error or resource isn't a valid image) @ http://localhost:3000/login:0
[    7472ms] [LOG] [Fast Refresh] rebuilding @ webpack-internal:///(app-pages-browser)/./node_modules/next/dist/next-devtools/shared/forward-logs-shared.js:44
[    7489ms] [LOG] [Fast Refresh] done in 17ms @ webpack-internal:///(app-pages-browser)/./node_modules/next/dist/next-devtools/shared/forward-logs-shared.js:44
[    7519ms] [WARNING] Error while trying to use the following icon from the Manifest: http://localhost:3000/icons/icon-192.png (Download error or resource isn't a valid image) @ http://localhost:3000/login:0
[    7569ms] [LOG] [Fast Refresh] rebuilding @ webpack-internal:///(app-pages-browser)/./node_modules/next/dist/next-devtools/shared/forward-logs-shared.js:44
[    7585ms] [LOG] [Fast Refresh] done in 16ms @ webpack-internal:///(app-pages-browser)/./node_modules/next/dist/next-devtools/shared/forward-logs-shared.js:44
[    7615ms] [WARNING] Error while trying to use the following icon from the Manifest: http://localhost:3000/icons/icon-192.png (Download error or resource isn't a valid image) @ http://localhost:3000/login:0
[    7630ms] [LOG] [Fast Refresh] rebuilding @ webpack-internal:///(app-pages-browser)/./node_modules/next/dist/next-devtools/shared/forward-logs-shared.js:44
[    7642ms] [LOG] [Fast Refresh] done in 11ms @ webpack-internal:///(app-pages-browser)/./node_modules/next/dist/next-devtools/shared/forward-logs-shared.js:44
[    7670ms] [WARNING] Error while trying to use the following icon from the Manifest: http://localhost:3000/icons/icon-192.png (Download error or resource isn't a valid image) @ http://localhost:3000/login:0
[    7688ms] [LOG] [Fast Refresh] rebuilding @ webpack-internal:///(app-pages-browser)/./node_modules/next/dist/next-devtools/shared/forward-logs-shared.js:44
[    7703ms] [LOG] [Fast Refresh] done in 16ms @ webpack-internal:///(app-pages-browser)/./node_modules/next/dist/next-devtools/shared/forward-logs-shared.js:44
[    7743ms] [WARNING] Error while trying to use the following icon from the Manifest: http://localhost:3000/icons/icon-192.png (Download error or resource isn't a valid image) @ http://localhost:3000/login:0
[    7763ms] [LOG] [Fast Refresh] rebuilding @ webpack-internal:///(app-pages-browser)/./node_modules/next/dist/next-devtools/shared/forward-logs-shared.js:44
[    7776ms] [LOG] [Fast Refresh] done in 13ms @ webpack-internal:///(app-pages-browser)/./node_modules/next/dist/next-devtools/shared/forward-logs-shared.js:44
[    7819ms] [LOG] [Fast Refresh] rebuilding @ webpack-internal:///(app-pages-browser)/./node_modules/next/dist/next-devtools/shared/forward-logs-shared.js:44
[    7834ms] [LOG] [Fast Refresh] done in 15ms @ webpack-internal:///(app-pages-browser)/./node_modules/next/dist/next-devtools/shared/forward-logs-shared.js:44
[    7865ms] [WARNING] Error while trying to use the following icon from the Manifest: http://localhost:3000/icons/icon-192.png (Download error or resource isn't a valid image) @ http://localhost:3000/login:0
[    7886ms] [LOG] [Fast Refresh] rebuilding @ webpack-internal:///(app-pages-browser)/./node_modules/next/dist/next-devtools/shared/forward-logs-shared.js:44
[    7899ms] [LOG] [Fast Refresh] done in 12ms @ webpack-internal:///(app-pages-browser)/./node_modules/next/dist/next-devtools/shared/forward-logs-shared.js:44
[    7931ms] [WARNING] Error while trying to use the following icon from the Manifest: http://localhost:3000/icons/icon-192.png (Download error or resource isn't a valid image) @ http://localhost:3000/login:0
[    7949ms] [LOG] [Fast Refresh] rebuilding @ webpack-internal:///(app-pages-browser)/./node_modules/next/dist/next-devtools/shared/forward-logs-shared.js:44
[    7964ms] [LOG] [Fast Refresh] done in 15ms @ webpack-internal:///(app-pages-browser)/./node_modules/next/dist/next-devtools/shared/forward-logs-shared.js:44
[    7991ms] [WARNING] Error while trying to use the following icon from the Manifest: http://localhost:3000/icons/icon-192.png (Download error or resource isn't a valid image) @ http://localhost:3000/login:0
[    8007ms] [LOG] [Fast Refresh] rebuilding @ webpack-internal:///(app-pages-browser)/./node_modules/next/dist/next-devtools/shared/forward-logs-shared.js:44
[    8019ms] [LOG] [Fast Refresh] done in 11ms @ webpack-internal:///(app-pages-browser)/./node_modules/next/dist/next-devtools/shared/forward-logs-shared.js:44
[    8049ms] [WARNING] Error while trying to use the following icon from the Manifest: http://localhost:3000/icons/icon-192.png (Download error or resource isn't a valid image) @ http://localhost:3000/login:0
[    8066ms] [LOG] [Fast Refresh] rebuilding @ webpack-internal:///(app-pages-browser)/./node_modules/next/dist/next-devtools/shared/forward-logs-shared.js:44
[    8081ms] [LOG] [Fast Refresh] done in 14ms @ webpack-internal:///(app-pages-browser)/./node_modules/next/dist/next-devtools/shared/forward-logs-shared.js:44
[    8108ms] [WARNING] Error while trying to use the following icon from the Manifest: http://localhost:3000/icons/icon-192.png (Download error or resource isn't a valid image) @ http://localhost:3000/login:0
[    8127ms] [LOG] [Fast Refresh] rebuilding @ webpack-internal:///(app-pages-browser)/./node_modules/next/dist/next-devtools/shared/forward-logs-shared.js:44
[    8138ms] [LOG] [Fast Refresh] done in 12ms @ webpack-internal:///(app-pages-browser)/./node_modules/next/dist/next-devtools/shared/forward-logs-shared.js:44
[    8170ms] [WARNING] Error while trying to use the following icon from the Manifest: http://localhost:3000/icons/icon-192.png (Download error or resource isn't a valid image) @ http://localhost:3000/login:0
[    8187ms] [LOG] [Fast Refresh] rebuilding @ webpack-internal:///(app-pages-browser)/./node_modules/next/dist/next-devtools/shared/forward-logs-shared.js:44
[    8204ms] [LOG] [Fast Refresh] done in 16ms @ webpack-internal:///(app-pages-browser)/./node_modules/next/dist/next-devtools/shared/forward-logs-shared.js:44
[    8234ms] [WARNING] Error while trying to use the following icon from the Manifest: http://localhost:3000/icons/icon-192.png (Download error or resource isn't a valid image) @ http://localhost:3000/login:0
[    8250ms] [LOG] [Fast Refresh] rebuilding @ webpack-internal:///(app-pages-browser)/./node_modules/next/dist/next-devtools/shared/forward-logs-shared.js:44
[    8262ms] [LOG] [Fast Refresh] done in 11ms @ webpack-internal:///(app-pages-browser)/./node_modules/next/dist/next-devtools/shared/forward-logs-shared.js:44
[    8307ms] [LOG] [Fast Refresh] rebuilding @ webpack-internal:///(app-pages-browser)/./node_modules/next/dist/next-devtools/shared/forward-logs-shared.js:44
[    8322ms] [LOG] [Fast Refresh] done in 15ms @ webpack-internal:///(app-pages-browser)/./node_modules/next/dist/next-devtools/shared/forward-logs-shared.js:44
[    8351ms] [WARNING] Error while trying to use the following icon from the Manifest: http://localhost:3000/icons/icon-192.png (Download error or resource isn't a valid image) @ http://localhost:3000/login:0
[    8367ms] [LOG] [Fast Refresh] rebuilding @ webpack-internal:///(app-pages-browser)/./node_modules/next/dist/next-devtools/shared/forward-logs-shared.js:44
[    8379ms] [LOG] [Fast Refresh] done in 12ms @ webpack-internal:///(app-pages-browser)/./node_modules/next/dist/next-devtools/shared/forward-logs-shared.js:44
[    8407ms] [WARNING] Error while trying to use the following icon from the Manifest: http://localhost:3000/icons/icon-192.png (Download error or resource isn't a valid image) @ http://localhost:3000/login:0
[    8425ms] [LOG] [Fast Refresh] rebuilding @ webpack-internal:///(app-pages-browser)/./node_modules/next/dist/next-devtools/shared/forward-logs-shared.js:44
[    8442ms] [LOG] [Fast Refresh] done in 16ms @ webpack-internal:///(app-pages-browser)/./node_modules/next/dist/next-devtools/shared/forward-logs-shared.js:44
[    8484ms] [LOG] [Fast Refresh] rebuilding @ webpack-internal:///(app-pages-browser)/./node_modules/next/dist/next-devtools/shared/forward-logs-shared.js:44
[    8495ms] [LOG] [Fast Refresh] done in 12ms @ webpack-internal:///(app-pages-browser)/./node_modules/next/dist/next-devtools/shared/forward-logs-shared.js:44
[    8524ms] [WARNING] Error while trying to use the following icon from the Manifest: http://localhost:3000/icons/icon-192.png (Download error or resource isn't a valid image) @ http://localhost:3000/login:0
[    8542ms] [LOG] [Fast Refresh] rebuilding @ webpack-internal:///(app-pages-browser)/./node_modules/next/dist/next-devtools/shared/forward-logs-shared.js:44
[    8557ms] [LOG] [Fast Refresh] done in 16ms @ webpack-internal:///(app-pages-browser)/./node_modules/next/dist/next-devtools/shared/forward-logs-shared.js:44
[    8585ms] [WARNING] Error while trying to use the following icon from the Manifest: http://localhost:3000/icons/icon-192.png (Download error or resource isn't a valid image) @ http://localhost:3000/login:0
[    8600ms] [LOG] [Fast Refresh] rebuilding @ webpack-internal:///(app-pages-browser)/./node_modules/next/dist/next-devtools/shared/forward-logs-shared.js:44
[    8612ms] [LOG] [Fast Refresh] done in 11ms @ webpack-internal:///(app-pages-browser)/./node_modules/next/dist/next-devtools/shared/forward-logs-shared.js:44
[    8659ms] [WARNING] Error while trying to use the following icon from the Manifest: http://localhost:3000/icons/icon-192.png (Download error or resource isn't a valid image) @ http://localhost:3000/login:0
[    8677ms] [LOG] [Fast Refresh] rebuilding @ webpack-internal:///(app-pages-browser)/./node_modules/next/dist/next-devtools/shared/forward-logs-shared.js:44
[    8691ms] [LOG] [Fast Refresh] done in 14ms @ webpack-internal:///(app-pages-browser)/./node_modules/next/dist/next-devtools/shared/forward-logs-shared.js:44
[    8720ms] [WARNING] Error while trying to use the following icon from the Manifest: http://localhost:3000/icons/icon-192.png (Download error or resource isn't a valid image) @ http://localhost:3000/login:0
[    8736ms] [LOG] [Fast Refresh] rebuilding @ webpack-internal:///(app-pages-browser)/./node_modules/next/dist/next-devtools/shared/forward-logs-shared.js:44
[    8748ms] [LOG] [Fast Refresh] done in 12ms @ webpack-internal:///(app-pages-browser)/./node_modules/next/dist/next-devtools/shared/forward-logs-shared.js:44
[    8778ms] [WARNING] Error while trying to use the following icon from the Manifest: http://localhost:3000/icons/icon-192.png (Download error or resource isn't a valid image) @ http://localhost:3000/login:0
[    8794ms] [LOG] [Fast Refresh] rebuilding @ webpack-internal:///(app-pages-browser)/./node_modules/next/dist/next-devtools/shared/forward-logs-shared.js:44
[    8809ms] [LOG] [Fast Refresh] done in 15ms @ webpack-internal:///(app-pages-browser)/./node_modules/next/dist/next-devtools/shared/forward-logs-shared.js:44
[    8850ms] [LOG] [Fast Refresh] rebuilding @ webpack-internal:///(app-pages-browser)/./node_modules/next/dist/next-devtools/shared/forward-logs-shared.js:44
[    8861ms] [LOG] [Fast Refresh] done in 11ms @ webpack-internal:///(app-pages-browser)/./node_modules/next/dist/next-devtools/shared/forward-logs-shared.js:44
[    8891ms] [WARNING] Error while trying to use the following icon from the Manifest: http://localhost:3000/icons/icon-192.png (Download error or resource isn't a valid image) @ http://localhost:3000/login:0
[    8907ms] [LOG] [Fast Refresh] rebuilding @ webpack-internal:///(app-pages-browser)/./node_modules/next/dist/next-devtools/shared/forward-logs-shared.js:44
[    8922ms] [LOG] [Fast Refresh] done in 15ms @ webpack-internal:///(app-pages-browser)/./node_modules/next/dist/next-devtools/shared/forward-logs-shared.js:44
[    8952ms] [WARNING] Error while trying to use the following icon from the Manifest: http://localhost:3000/icons/icon-192.png (Download error or resource isn't a valid image) @ http://localhost:3000/login:0
[    8968ms] [LOG] [Fast Refresh] rebuilding @ webpack-internal:///(app-pages-browser)/./node_modules/next/dist/next-devtools/shared/forward-logs-shared.js:44
[    8979ms] [LOG] [Fast Refresh] done in 11ms @ webpack-internal:///(app-pages-browser)/./node_modules/next/dist/next-devtools/shared/forward-logs-shared.js:44
[    9009ms] [WARNING] Error while trying to use the following icon from the Manifest: http://localhost:3000/icons/icon-192.png (Download error or resource isn't a valid image) @ http://localhost:3000/login:0
[    9025ms] [LOG] [Fast Refresh] rebuilding @ webpack-internal:///(app-pages-browser)/./node_modules/next/dist/next-devtools/shared/forward-logs-shared.js:44
[    9040ms] [LOG] [Fast Refresh] done in 15ms @ webpack-internal:///(app-pages-browser)/./node_modules/next/dist/next-devtools/shared/forward-logs-shared.js:44
[    9067ms] [WARNING] Error while trying to use the following icon from the Manifest: http://localhost:3000/icons/icon-192.png (Download error or resource isn't a valid image) @ http://localhost:3000/login:0
[    9084ms] [LOG] [Fast Refresh] rebuilding @ webpack-internal:///(app-pages-browser)/./node_modules/next/dist/next-devtools/shared/forward-logs-shared.js:44
[    9095ms] [LOG] [Fast Refresh] done in 11ms @ webpack-internal:///(app-pages-browser)/./node_modules/next/dist/next-devtools/shared/forward-logs-shared.js:44
[    9125ms] [WARNING] Error while trying to use the following icon from the Manifest: http://localhost:3000/icons/icon-192.png (Download error or resource isn't a valid image) @ http://localhost:3000/login:0
[    9143ms] [LOG] [Fast Refresh] rebuilding @ webpack-internal:///(app-pages-browser)/./node_modules/next/dist/next-devtools/shared/forward-logs-shared.js:44
[    9157ms] [LOG] [Fast Refresh] done in 15ms @ webpack-internal:///(app-pages-browser)/./node_modules/next/dist/next-devtools/shared/forward-logs-shared.js:44
[    9187ms] [WARNING] Error while trying to use the following icon from the Manifest: http://localhost:3000/icons/icon-192.png (Download error or resource isn't a valid image) @ http://localhost:3000/login:0
[    9204ms] [LOG] [Fast Refresh] rebuilding @ webpack-internal:///(app-pages-browser)/./node_modules/next/dist/next-devtools/shared/forward-logs-shared.js:44
[    9215ms] [LOG] [Fast Refresh] done in 12ms @ webpack-internal:///(app-pages-browser)/./node_modules/next/dist/next-devtools/shared/forward-logs-shared.js:44
[    9246ms] [WARNING] Error while trying to use the following icon from the Manifest: http://localhost:3000/icons/icon-192.png (Download error or resource isn't a valid image) @ http://localhost:3000/login:0
[    9263ms] [LOG] [Fast Refresh] rebuilding @ webpack-internal:///(app-pages-browser)/./node_modules/next/dist/next-devtools/shared/forward-logs-shared.js:44
[    9278ms] [LOG] [Fast Refresh] done in 15ms @ webpack-internal:///(app-pages-browser)/./node_modules/next/dist/next-devtools/shared/forward-logs-shared.js:44
[    9306ms] [WARNING] Error while trying to use the following icon from the Manifest: http://localhost:3000/icons/icon-192.png (Download error or resource isn't a valid image) @ http://localhost:3000/login:0
[    9322ms] [LOG] [Fast Refresh] rebuilding @ webpack-internal:///(app-pages-browser)/./node_modules/next/dist/next-devtools/shared/forward-logs-shared.js:44
[    9334ms] [LOG] [Fast Refresh] done in 12ms @ webpack-internal:///(app-pages-browser)/./node_modules/next/dist/next-devtools/shared/forward-logs-shared.js:44
[    9363ms] [WARNING] Error while trying to use the following icon from the Manifest: http://localhost:3000/icons/icon-192.png (Download error or resource isn't a valid image) @ http://localhost:3000/login:0
[    9382ms] [LOG] [Fast Refresh] rebuilding @ webpack-internal:///(app-pages-browser)/./node_modules/next/dist/next-devtools/shared/forward-logs-shared.js:44
[    9397ms] [LOG] [Fast Refresh] done in 15ms @ webpack-internal:///(app-pages-browser)/./node_modules/next/dist/next-devtools/shared/forward-logs-shared.js:44
[    9425ms] [WARNING] Error while trying to use the following icon from the Manifest: http://localhost:3000/icons/icon-192.png (Download error or resource isn't a valid image) @ http://localhost:3000/login:0
[    9442ms] [LOG] [Fast Refresh] rebuilding @ webpack-internal:///(app-pages-browser)/./node_modules/next/dist/next-devtools/shared/forward-logs-shared.js:44
[    9454ms] [LOG] [Fast Refresh] done in 12ms @ webpack-internal:///(app-pages-browser)/./node_modules/next/dist/next-devtools/shared/forward-logs-shared.js:44
[    9483ms] [WARNING] Error while trying to use the following icon from the Manifest: http://localhost:3000/icons/icon-192.png (Download error or resource isn't a valid image) @ http://localhost:3000/login:0
[    9500ms] [LOG] [Fast Refresh] rebuilding @ webpack-internal:///(app-pages-browser)/./node_modules/next/dist/next-devtools/shared/forward-logs-shared.js:44
[    9514ms] [LOG] [Fast Refresh] done in 15ms @ webpack-internal:///(app-pages-browser)/./node_modules/next/dist/next-devtools/shared/forward-logs-shared.js:44
[    9543ms] [WARNING] Error while trying to use the following icon from the Manifest: http://localhost:3000/icons/icon-192.png (Download error or resource isn't a valid image) @ http://localhost:3000/login:0
[    9559ms] [LOG] [Fast Refresh] rebuilding @ webpack-internal:///(app-pages-browser)/./node_modules/next/dist/next-devtools/shared/forward-logs-shared.js:44
[    9571ms] [LOG] [Fast Refresh] done in 12ms @ webpack-internal:///(app-pages-browser)/./node_modules/next/dist/next-devtools/shared/forward-logs-shared.js:44
[    9611ms] [WARNING] Error while trying to use the following icon from the Manifest: http://localhost:3000/icons/icon-192.png (Download error or resource isn't a valid image) @ http://localhost:3000/login:0
[    9632ms] [LOG] [Fast Refresh] rebuilding @ webpack-internal:///(app-pages-browser)/./node_modules/next/dist/next-devtools/shared/forward-logs-shared.js:44
[    9647ms] [LOG] [Fast Refresh] done in 15ms @ webpack-internal:///(app-pages-browser)/./node_modules/next/dist/next-devtools/shared/forward-logs-shared.js:44
[    9677ms] [WARNING] Error while trying to use the following icon from the Manifest: http://localhost:3000/icons/icon-192.png (Download error or resource isn't a valid image) @ http://localhost:3000/login:0
[    9694ms] [LOG] [Fast Refresh] rebuilding @ webpack-internal:///(app-pages-browser)/./node_modules/next/dist/next-devtools/shared/forward-logs-shared.js:44
[    9705ms] [LOG] [Fast Refresh] done in 12ms @ webpack-internal:///(app-pages-browser)/./node_modules/next/dist/next-devtools/shared/forward-logs-shared.js:44
[    9750ms] [LOG] [Fast Refresh] rebuilding @ webpack-internal:///(app-pages-browser)/./node_modules/next/dist/next-devtools/shared/forward-logs-shared.js:44
[    9765ms] [LOG] [Fast Refresh] done in 16ms @ webpack-internal:///(app-pages-browser)/./node_modules/next/dist/next-devtools/shared/forward-logs-shared.js:44
[    9795ms] [WARNING] Error while trying to use the following icon from the Manifest: http://localhost:3000/icons/icon-192.png (Download error or resource isn't a valid image) @ http://localhost:3000/login:0
[    9811ms] [LOG] [Fast Refresh] rebuilding @ webpack-internal:///(app-pages-browser)/./node_modules/next/dist/next-devtools/shared/forward-logs-shared.js:44
[    9822ms] [LOG] [Fast Refresh] done in 12ms @ webpack-internal:///(app-pages-browser)/./node_modules/next/dist/next-devtools/shared/forward-logs-shared.js:44
[    9868ms] [LOG] [Fast Refresh] rebuilding @ webpack-internal:///(app-pages-browser)/./node_modules/next/dist/next-devtools/shared/forward-logs-shared.js:44
[    9884ms] [LOG] [Fast Refresh] done in 16ms @ webpack-internal:///(app-pages-browser)/./node_modules/next/dist/next-devtools/shared/forward-logs-shared.js:44
[    9913ms] [WARNING] Error while trying to use the following icon from the Manifest: http://localhost:3000/icons/icon-192.png (Download error or resource isn't a valid image) @ http://localhost:3000/login:0
[    9929ms] [LOG] [Fast Refresh] rebuilding @ webpack-internal:///(app-pages-browser)/./node_modules/next/dist/next-devtools/shared/forward-logs-shared.js:44
[    9941ms] [LOG] [Fast Refresh] done in 12ms @ webpack-internal:///(app-pages-browser)/./node_modules/next/dist/next-devtools/shared/forward-logs-shared.js:44
[    9972ms] [WARNING] Error while trying to use the following icon from the Manifest: http://localhost:3000/icons/icon-192.png (Download error or resource isn't a valid image) @ http://localhost:3000/login:0
[    9990ms] [LOG] [Fast Refresh] rebuilding @ webpack-internal:///(app-pages-browser)/./node_modules/next/dist/next-devtools/shared/forward-logs-shared.js:44
[   10005ms] [LOG] [Fast Refresh] done in 15ms @ webpack-internal:///(app-pages-browser)/./node_modules/next/dist/next-devtools/shared/forward-logs-shared.js:44
[   10033ms] [WARNING] Error while trying to use the following icon from the Manifest: http://localhost:3000/icons/icon-192.png (Download error or resource isn't a valid image) @ http://localhost:3000/login:0
[   10049ms] [LOG] [Fast Refresh] rebuilding @ webpack-internal:///(app-pages-browser)/./node_modules/next/dist/next-devtools/shared/forward-logs-shared.js:44
[   10060ms] [LOG] [Fast Refresh] done in 12ms @ webpack-internal:///(app-pages-browser)/./node_modules/next/dist/next-devtools/shared/forward-logs-shared.js:44
[   10088ms] [WARNING] Error while trying to use the following icon from the Manifest: http://localhost:3000/icons/icon-192.png (Download error or resource isn't a valid image) @ http://localhost:3000/login:0
[   10105ms] [LOG] [Fast Refresh] rebuilding @ webpack-internal:///(app-pages-browser)/./node_modules/next/dist/next-devtools/shared/forward-logs-shared.js:44
[   10120ms] [LOG] [Fast Refresh] done in 15ms @ webpack-internal:///(app-pages-browser)/./node_modules/next/dist/next-devtools/shared/forward-logs-shared.js:44
[   10149ms] [WARNING] Error while trying to use the following icon from the Manifest: http://localhost:3000/icons/icon-192.png (Download error or resource isn't a valid image) @ http://localhost:3000/login:0
[   10164ms] [LOG] [Fast Refresh] rebuilding @ webpack-internal:///(app-pages-browser)/./node_modules/next/dist/next-devtools/shared/forward-logs-shared.js:44
[   10175ms] [LOG] [Fast Refresh] done in 11ms @ webpack-internal:///(app-pages-browser)/./node_modules/next/dist/next-devtools/shared/forward-logs-shared.js:44
[   10204ms] [WARNING] Error while trying to use the following icon from the Manifest: http://localhost:3000/icons/icon-192.png (Download error or resource isn't a valid image) @ http://localhost:3000/login:0
[   10221ms] [LOG] [Fast Refresh] rebuilding @ webpack-internal:///(app-pages-browser)/./node_modules/next/dist/next-devtools/shared/forward-logs-shared.js:44
[   10236ms] [LOG] [Fast Refresh] done in 16ms @ webpack-internal:///(app-pages-browser)/./node_modules/next/dist/next-devtools/shared/forward-logs-shared.js:44
[   10265ms] [WARNING] Error while trying to use the following icon from the Manifest: http://localhost:3000/icons/icon-192.png (Download error or resource isn't a valid image) @ http://localhost:3000/login:0
[   10281ms] [LOG] [Fast Refresh] rebuilding @ webpack-internal:///(app-pages-browser)/./node_modules/next/dist/next-devtools/shared/forward-logs-shared.js:44
[   10293ms] [LOG] [Fast Refresh] done in 13ms @ webpack-internal:///(app-pages-browser)/./node_modules/next/dist/next-devtools/shared/forward-logs-shared.js:44
[   10320ms] [WARNING] Error while trying to use the following icon from the Manifest: http://localhost:3000/icons/icon-192.png (Download error or resource isn't a valid image) @ http://localhost:3000/login:0
[   10339ms] [LOG] [Fast Refresh] rebuilding @ webpack-internal:///(app-pages-browser)/./node_modules/next/dist/next-devtools/shared/forward-logs-shared.js:44
[   10355ms] [LOG] [Fast Refresh] done in 16ms @ webpack-internal:///(app-pages-browser)/./node_modules/next/dist/next-devtools/shared/forward-logs-shared.js:44
[   10382ms] [WARNING] Error while trying to use the following icon from the Manifest: http://localhost:3000/icons/icon-192.png (Download error or resource isn't a valid image) @ http://localhost:3000/login:0
[   10399ms] [LOG] [Fast Refresh] rebuilding @ webpack-internal:///(app-pages-browser)/./node_modules/next/dist/next-devtools/shared/forward-logs-shared.js:44
[   10410ms] [LOG] [Fast Refresh] done in 11ms @ webpack-internal:///(app-pages-browser)/./node_modules/next/dist/next-devtools/shared/forward-logs-shared.js:44
[   10418ms] [WARNING] Error while trying to use the following icon from the Manifest: http://localhost:3000/icons/icon-192.png (Download error or resource isn't a valid image) @ http://localhost:3000/login:0
[   10459ms] [LOG] [Fast Refresh] rebuilding @ webpack-internal:///(app-pages-browser)/./node_modules/next/dist/next-devtools/shared/forward-logs-shared.js:44
[   10475ms] [LOG] [Fast Refresh] done in 15ms @ webpack-internal:///(app-pages-browser)/./node_modules/next/dist/next-devtools/shared/forward-logs-shared.js:44
[   10505ms] [WARNING] Error while trying to use the following icon from the Manifest: http://localhost:3000/icons/icon-192.png (Download error or resource isn't a valid image) @ http://localhost:3000/login:0
[   10521ms] [LOG] [Fast Refresh] rebuilding @ webpack-internal:///(app-pages-browser)/./node_modules/next/dist/next-devtools/shared/forward-logs-shared.js:44
[   10533ms] [LOG] [Fast Refresh] done in 12ms @ webpack-internal:///(app-pages-browser)/./node_modules/next/dist/next-devtools/shared/forward-logs-shared.js:44
[   10562ms] [WARNING] Error while trying to use the following icon from the Manifest: http://localhost:3000/icons/icon-192.png (Download error or resource isn't a valid image) @ http://localhost:3000/login:0
[   10579ms] [LOG] [Fast Refresh] rebuilding @ webpack-internal:///(app-pages-browser)/./node_modules/next/dist/next-devtools/shared/forward-logs-shared.js:44
[   10594ms] [LOG] [Fast Refresh] done in 15ms @ webpack-internal:///(app-pages-browser)/./node_modules/next/dist/next-devtools/shared/forward-logs-shared.js:44
[   10623ms] [WARNING] Error while trying to use the following icon from the Manifest: http://localhost:3000/icons/icon-192.png (Download error or resource isn't a valid image) @ http://localhost:3000/login:0
[   10639ms] [LOG] [Fast Refresh] rebuilding @ webpack-internal:///(app-pages-browser)/./node_modules/next/dist/next-devtools/shared/forward-logs-shared.js:44
[   10651ms] [LOG] [Fast Refresh] done in 12ms @ webpack-internal:///(app-pages-browser)/./node_modules/next/dist/next-devtools/shared/forward-logs-shared.js:44
[   10696ms] [LOG] [Fast Refresh] rebuilding @ webpack-internal:///(app-pages-browser)/./node_modules/next/dist/next-devtools/shared/forward-logs-shared.js:44
[   10711ms] [LOG] [Fast Refresh] done in 15ms @ webpack-internal:///(app-pages-browser)/./node_modules/next/dist/next-devtools/shared/forward-logs-shared.js:44
[   10754ms] [LOG] [Fast Refresh] rebuilding @ webpack-internal:///(app-pages-browser)/./node_modules/next/dist/next-devtools/shared/forward-logs-shared.js:44
[   10766ms] [LOG] [Fast Refresh] done in 11ms @ webpack-internal:///(app-pages-browser)/./node_modules/next/dist/next-devtools/shared/forward-logs-shared.js:44
[   10797ms] [WARNING] Error while trying to use the following icon from the Manifest: http://localhost:3000/icons/icon-192.png (Download error or resource isn't a valid image) @ http://localhost:3000/login:0
[   10814ms] [LOG] [Fast Refresh] rebuilding @ webpack-internal:///(app-pages-browser)/./node_modules/next/dist/next-devtools/shared/forward-logs-shared.js:44
[   10830ms] [LOG] [Fast Refresh] done in 15ms @ webpack-internal:///(app-pages-browser)/./node_modules/next/dist/next-devtools/shared/forward-logs-shared.js:44
[   10857ms] [WARNING] Error while trying to use the following icon from the Manifest: http://localhost:3000/icons/icon-192.png (Download error or resource isn't a valid image) @ http://localhost:3000/login:0
[   10873ms] [LOG] [Fast Refresh] rebuilding @ webpack-internal:///(app-pages-browser)/./node_modules/next/dist/next-devtools/shared/forward-logs-shared.js:44
[   10885ms] [LOG] [Fast Refresh] done in 12ms @ webpack-internal:///(app-pages-browser)/./node_modules/next/dist/next-devtools/shared/forward-logs-shared.js:44
[   10914ms] [WARNING] Error while trying to use the following icon from the Manifest: http://localhost:3000/icons/icon-192.png (Download error or resource isn't a valid image) @ http://localhost:3000/login:0
[   10933ms] [LOG] [Fast Refresh] rebuilding @ webpack-internal:///(app-pages-browser)/./node_modules/next/dist/next-devtools/shared/forward-logs-shared.js:44
[   10948ms] [LOG] [Fast Refresh] done in 16ms @ webpack-internal:///(app-pages-browser)/./node_modules/next/dist/next-devtools/shared/forward-logs-shared.js:44
[   10979ms] [WARNING] Error while trying to use the following icon from the Manifest: http://localhost:3000/icons/icon-192.png (Download error or resource isn't a valid image) @ http://localhost:3000/login:0
[   10996ms] [LOG] [Fast Refresh] rebuilding @ webpack-internal:///(app-pages-browser)/./node_modules/next/dist/next-devtools/shared/forward-logs-shared.js:44
[   11007ms] [LOG] [Fast Refresh] done in 11ms @ webpack-internal:///(app-pages-browser)/./node_modules/next/dist/next-devtools/shared/forward-logs-shared.js:44
[   11036ms] [WARNING] Error while trying to use the following icon from the Manifest: http://localhost:3000/icons/icon-192.png (Download error or resource isn't a valid image) @ http://localhost:3000/login:0
[   11052ms] [LOG] [Fast Refresh] rebuilding @ webpack-internal:///(app-pages-browser)/./node_modules/next/dist/next-devtools/shared/forward-logs-shared.js:44
[   11067ms] [LOG] [Fast Refresh] done in 15ms @ webpack-internal:///(app-pages-browser)/./node_modules/next/dist/next-devtools/shared/forward-logs-shared.js:44
[   11096ms] [WARNING] Error while trying to use the following icon from the Manifest: http://localhost:3000/icons/icon-192.png (Download error or resource isn't a valid image) @ http://localhost:3000/login:0
[   11112ms] [LOG] [Fast Refresh] rebuilding @ webpack-internal:///(app-pages-browser)/./node_modules/next/dist/next-devtools/shared/forward-logs-shared.js:44
[   11122ms] [LOG] [Fast Refresh] done in 11ms @ webpack-internal:///(app-pages-browser)/./node_modules/next/dist/next-devtools/shared/forward-logs-shared.js:44
[   11151ms] [WARNING] Error while trying to use the following icon from the Manifest: http://localhost:3000/icons/icon-192.png (Download error or resource isn't a valid image) @ http://localhost:3000/login:0
[   11168ms] [LOG] [Fast Refresh] rebuilding @ webpack-internal:///(app-pages-browser)/./node_modules/next/dist/next-devtools/shared/forward-logs-shared.js:44
[   11183ms] [LOG] [Fast Refresh] done in 15ms @ webpack-internal:///(app-pages-browser)/./node_modules/next/dist/next-devtools/shared/forward-logs-shared.js:44
[   11211ms] [WARNING] Error while trying to use the following icon from the Manifest: http://localhost:3000/icons/icon-192.png (Download error or resource isn't a valid image) @ http://localhost:3000/login:0
[   11227ms] [LOG] [Fast Refresh] rebuilding @ webpack-internal:///(app-pages-browser)/./node_modules/next/dist/next-devtools/shared/forward-logs-shared.js:44
[   11239ms] [LOG] [Fast Refresh] done in 11ms @ webpack-internal:///(app-pages-browser)/./node_modules/next/dist/next-devtools/shared/forward-logs-shared.js:44
[   11267ms] [WARNING] Error while trying to use the following icon from the Manifest: http://localhost:3000/icons/icon-192.png (Download error or resource isn't a valid image) @ http://localhost:3000/login:0
[   11284ms] [LOG] [Fast Refresh] rebuilding @ webpack-internal:///(app-pages-browser)/./node_modules/next/dist/next-devtools/shared/forward-logs-shared.js:44
[   11300ms] [LOG] [Fast Refresh] done in 15ms @ webpack-internal:///(app-pages-browser)/./node_modules/next/dist/next-devtools/shared/forward-logs-shared.js:44
[   11329ms] [WARNING] Error while trying to use the following icon from the Manifest: http://localhost:3000/icons/icon-192.png (Download error or resource isn't a valid image) @ http://localhost:3000/login:0
[   11345ms] [LOG] [Fast Refresh] rebuilding @ webpack-internal:///(app-pages-browser)/./node_modules/next/dist/next-devtools/shared/forward-logs-shared.js:44
[   11356ms] [LOG] [Fast Refresh] done in 11ms @ webpack-internal:///(app-pages-browser)/./node_modules/next/dist/next-devtools/shared/forward-logs-shared.js:44
[   11384ms] [WARNING] Error while trying to use the following icon from the Manifest: http://localhost:3000/icons/icon-192.png (Download error or resource isn't a valid image) @ http://localhost:3000/login:0
[   11401ms] [LOG] [Fast Refresh] rebuilding @ webpack-internal:///(app-pages-browser)/./node_modules/next/dist/next-devtools/shared/forward-logs-shared.js:44
[   11416ms] [LOG] [Fast Refresh] done in 15ms @ webpack-internal:///(app-pages-browser)/./node_modules/next/dist/next-devtools/shared/forward-logs-shared.js:44
[   11446ms] [WARNING] Error while trying to use the following icon from the Manifest: http://localhost:3000/icons/icon-192.png (Download error or resource isn't a valid image) @ http://localhost:3000/login:0
[   11461ms] [LOG] [Fast Refresh] rebuilding @ webpack-internal:///(app-pages-browser)/./node_modules/next/dist/next-devtools/shared/forward-logs-shared.js:44
[   11473ms] [LOG] [Fast Refresh] done in 12ms @ webpack-internal:///(app-pages-browser)/./node_modules/next/dist/next-devtools/shared/forward-logs-shared.js:44
[   11517ms] [LOG] [Fast Refresh] rebuilding @ webpack-internal:///(app-pages-browser)/./node_modules/next/dist/next-devtools/shared/forward-logs-shared.js:44
[   11533ms] [LOG] [Fast Refresh] done in 15ms @ webpack-internal:///(app-pages-browser)/./node_modules/next/dist/next-devtools/shared/forward-logs-shared.js:44
[   11562ms] [WARNING] Error while trying to use the following icon from the Manifest: http://localhost:3000/icons/icon-192.png (Download error or resource isn't a valid image) @ http://localhost:3000/login:0
[   11605ms] [LOG] [Fast Refresh] rebuilding @ webpack-internal:///(app-pages-browser)/./node_modules/next/dist/next-devtools/shared/forward-logs-shared.js:44
[   11617ms] [LOG] [Fast Refresh] done in 12ms @ webpack-internal:///(app-pages-browser)/./node_modules/next/dist/next-devtools/shared/forward-logs-shared.js:44
[   11661ms] [LOG] [Fast Refresh] rebuilding @ webpack-internal:///(app-pages-browser)/./node_modules/next/dist/next-devtools/shared/forward-logs-shared.js:44
[   11677ms] [LOG] [Fast Refresh] done in 15ms @ webpack-internal:///(app-pages-browser)/./node_modules/next/dist/next-devtools/shared/forward-logs-shared.js:44
[   11706ms] [WARNING] Error while trying to use the following icon from the Manifest: http://localhost:3000/icons/icon-192.png (Download error or resource isn't a valid image) @ http://localhost:3000/login:0
[   11722ms] [LOG] [Fast Refresh] rebuilding @ webpack-internal:///(app-pages-browser)/./node_modules/next/dist/next-devtools/shared/forward-logs-shared.js:44
[   11734ms] [LOG] [Fast Refresh] done in 11ms @ webpack-internal:///(app-pages-browser)/./node_modules/next/dist/next-devtools/shared/forward-logs-shared.js:44
[   11762ms] [WARNING] Error while trying to use the following icon from the Manifest: http://localhost:3000/icons/icon-192.png (Download error or resource isn't a valid image) @ http://localhost:3000/login:0
[   11779ms] [LOG] [Fast Refresh] rebuilding @ webpack-internal:///(app-pages-browser)/./node_modules/next/dist/next-devtools/shared/forward-logs-shared.js:44
[   11794ms] [LOG] [Fast Refresh] done in 15ms @ webpack-internal:///(app-pages-browser)/./node_modules/next/dist/next-devtools/shared/forward-logs-shared.js:44
[   11823ms] [WARNING] Error while trying to use the following icon from the Manifest: http://localhost:3000/icons/icon-192.png (Download error or resource isn't a valid image) @ http://localhost:3000/login:0
[   11839ms] [LOG] [Fast Refresh] rebuilding @ webpack-internal:///(app-pages-browser)/./node_modules/next/dist/next-devtools/shared/forward-logs-shared.js:44
[   11851ms] [LOG] [Fast Refresh] done in 11ms @ webpack-internal:///(app-pages-browser)/./node_modules/next/dist/next-devtools/shared/forward-logs-shared.js:44
[   11881ms] [WARNING] Error while trying to use the following icon from the Manifest: http://localhost:3000/icons/icon-192.png (Download error or resource isn't a valid image) @ http://localhost:3000/login:0
[   11897ms] [LOG] [Fast Refresh] rebuilding @ webpack-internal:///(app-pages-browser)/./node_modules/next/dist/next-devtools/shared/forward-logs-shared.js:44
[   11912ms] [LOG] [Fast Refresh] done in 15ms @ webpack-internal:///(app-pages-browser)/./node_modules/next/dist/next-devtools/shared/forward-logs-shared.js:44
[   11940ms] [WARNING] Error while trying to use the following icon from the Manifest: http://localhost:3000/icons/icon-192.png (Download error or resource isn't a valid image) @ http://localhost:3000/login:0
[   11956ms] [LOG] [Fast Refresh] rebuilding @ webpack-internal:///(app-pages-browser)/./node_modules/next/dist/next-devtools/shared/forward-logs-shared.js:44
[   11968ms] [LOG] [Fast Refresh] done in 12ms @ webpack-internal:///(app-pages-browser)/./node_modules/next/dist/next-devtools/shared/forward-logs-shared.js:44
[   11998ms] [WARNING] Error while trying to use the following icon from the Manifest: http://localhost:3000/icons/icon-192.png (Download error or resource isn't a valid image) @ http://localhost:3000/login:0
[   12016ms] [LOG] [Fast Refresh] rebuilding @ webpack-internal:///(app-pages-browser)/./node_modules/next/dist/next-devtools/shared/forward-logs-shared.js:44
[   12034ms] [LOG] [Fast Refresh] done in 18ms @ webpack-internal:///(app-pages-browser)/./node_modules/next/dist/next-devtools/shared/forward-logs-shared.js:44
[   12081ms] [LOG] [Fast Refresh] rebuilding @ webpack-internal:///(app-pages-browser)/./node_modules/next/dist/next-devtools/shared/forward-logs-shared.js:44
[   12093ms] [LOG] [Fast Refresh] done in 11ms @ webpack-internal:///(app-pages-browser)/./node_modules/next/dist/next-devtools/shared/forward-logs-shared.js:44
[   12120ms] [WARNING] Error while trying to use the following icon from the Manifest: http://localhost:3000/icons/icon-192.png (Download error or resource isn't a valid image) @ http://localhost:3000/login:0
[   12138ms] [LOG] [Fast Refresh] rebuilding @ webpack-internal:///(app-pages-browser)/./node_modules/next/dist/next-devtools/shared/forward-logs-shared.js:44
[   12155ms] [LOG] [Fast Refresh] done in 16ms @ webpack-internal:///(app-pages-browser)/./node_modules/next/dist/next-devtools/shared/forward-logs-shared.js:44
[   12182ms] [WARNING] Error while trying to use the following icon from the Manifest: http://localhost:3000/icons/icon-192.png (Download error or resource isn't a valid image) @ http://localhost:3000/login:0
[   12200ms] [LOG] [Fast Refresh] rebuilding @ webpack-internal:///(app-pages-browser)/./node_modules/next/dist/next-devtools/shared/forward-logs-shared.js:44
[   12211ms] [LOG] [Fast Refresh] done in 12ms @ webpack-internal:///(app-pages-browser)/./node_modules/next/dist/next-devtools/shared/forward-logs-shared.js:44
[   12241ms] [WARNING] Error while trying to use the following icon from the Manifest: http://localhost:3000/icons/icon-192.png (Download error or resource isn't a valid image) @ http://localhost:3000/login:0
[   12258ms] [LOG] [Fast Refresh] rebuilding @ webpack-internal:///(app-pages-browser)/./node_modules/next/dist/next-devtools/shared/forward-logs-shared.js:44
[   12274ms] [LOG] [Fast Refresh] done in 16ms @ webpack-internal:///(app-pages-browser)/./node_modules/next/dist/next-devtools/shared/forward-logs-shared.js:44
[   12303ms] [WARNING] Error while trying to use the following icon from the Manifest: http://localhost:3000/icons/icon-192.png (Download error or resource isn't a valid image) @ http://localhost:3000/login:0
[   12319ms] [LOG] [Fast Refresh] rebuilding @ webpack-internal:///(app-pages-browser)/./node_modules/next/dist/next-devtools/shared/forward-logs-shared.js:44
[   12331ms] [LOG] [Fast Refresh] done in 12ms @ webpack-internal:///(app-pages-browser)/./node_modules/next/dist/next-devtools/shared/forward-logs-shared.js:44
[   12360ms] [WARNING] Error while trying to use the following icon from the Manifest: http://localhost:3000/icons/icon-192.png (Download error or resource isn't a valid image) @ http://localhost:3000/login:0
[   12377ms] [LOG] [Fast Refresh] rebuilding @ webpack-internal:///(app-pages-browser)/./node_modules/next/dist/next-devtools/shared/forward-logs-shared.js:44
[   12392ms] [LOG] [Fast Refresh] done in 15ms @ webpack-internal:///(app-pages-browser)/./node_modules/next/dist/next-devtools/shared/forward-logs-shared.js:44
[   12419ms] [WARNING] Error while trying to use the following icon from the Manifest: http://localhost:3000/icons/icon-192.png (Download error or resource isn't a valid image) @ http://localhost:3000/login:0
[   12437ms] [LOG] [Fast Refresh] rebuilding @ webpack-internal:///(app-pages-browser)/./node_modules/next/dist/next-devtools/shared/forward-logs-shared.js:44
[   12449ms] [LOG] [Fast Refresh] done in 12ms @ webpack-internal:///(app-pages-browser)/./node_modules/next/dist/next-devtools/shared/forward-logs-shared.js:44
[   12479ms] [WARNING] Error while trying to use the following icon from the Manifest: http://localhost:3000/icons/icon-192.png (Download error or resource isn't a valid image) @ http://localhost:3000/login:0
[   12496ms] [LOG] [Fast Refresh] rebuilding @ webpack-internal:///(app-pages-browser)/./node_modules/next/dist/next-devtools/shared/forward-logs-shared.js:44
[   12512ms] [LOG] [Fast Refresh] done in 15ms @ webpack-internal:///(app-pages-browser)/./node_modules/next/dist/next-devtools/shared/forward-logs-shared.js:44
[   12536ms] [WARNING] Error while trying to use the following icon from the Manifest: http://localhost:3000/icons/icon-192.png (Download error or resource isn't a valid image) @ http://localhost:3000/login:0
[   12558ms] [LOG] [Fast Refresh] rebuilding @ webpack-internal:///(app-pages-browser)/./node_modules/next/dist/next-devtools/shared/forward-logs-shared.js:44
[   12571ms] [LOG] [Fast Refresh] done in 13ms @ webpack-internal:///(app-pages-browser)/./node_modules/next/dist/next-devtools/shared/forward-logs-shared.js:44
[   12601ms] [WARNING] Error while trying to use the following icon from the Manifest: http://localhost:3000/icons/icon-192.png (Download error or resource isn't a valid image) @ http://localhost:3000/login:0
[   12618ms] [LOG] [Fast Refresh] rebuilding @ webpack-internal:///(app-pages-browser)/./node_modules/next/dist/next-devtools/shared/forward-logs-shared.js:44
[   12633ms] [LOG] [Fast Refresh] done in 15ms @ webpack-internal:///(app-pages-browser)/./node_modules/next/dist/next-devtools/shared/forward-logs-shared.js:44
[   12663ms] [WARNING] Error while trying to use the following icon from the Manifest: http://localhost:3000/icons/icon-192.png (Download error or resource isn't a valid image) @ http://localhost:3000/login:0
[   12679ms] [LOG] [Fast Refresh] rebuilding @ webpack-internal:///(app-pages-browser)/./node_modules/next/dist/next-devtools/shared/forward-logs-shared.js:44
[   12691ms] [LOG] [Fast Refresh] done in 11ms @ webpack-internal:///(app-pages-browser)/./node_modules/next/dist/next-devtools/shared/forward-logs-shared.js:44
[   12719ms] [WARNING] Error while trying to use the following icon from the Manifest: http://localhost:3000/icons/icon-192.png (Download error or resource isn't a valid image) @ http://localhost:3000/login:0
[   12735ms] [LOG] [Fast Refresh] rebuilding @ webpack-internal:///(app-pages-browser)/./node_modules/next/dist/next-devtools/shared/forward-logs-shared.js:44
[   12750ms] [LOG] [Fast Refresh] done in 15ms @ webpack-internal:///(app-pages-browser)/./node_modules/next/dist/next-devtools/shared/forward-logs-shared.js:44
[   12781ms] [WARNING] Error while trying to use the following icon from the Manifest: http://localhost:3000/icons/icon-192.png (Download error or resource isn't a valid image) @ http://localhost:3000/login:0
[   12796ms] [LOG] [Fast Refresh] rebuilding @ webpack-internal:///(app-pages-browser)/./node_modules/next/dist/next-devtools/shared/forward-logs-shared.js:44
[   12809ms] [LOG] [Fast Refresh] done in 12ms @ webpack-internal:///(app-pages-browser)/./node_modules/next/dist/next-devtools/shared/forward-logs-shared.js:44
[   12835ms] [WARNING] Error while trying to use the following icon from the Manifest: http://localhost:3000/icons/icon-192.png (Download error or resource isn't a valid image) @ http://localhost:3000/login:0
[   12852ms] [LOG] [Fast Refresh] rebuilding @ webpack-internal:///(app-pages-browser)/./node_modules/next/dist/next-devtools/shared/forward-logs-shared.js:44
[   12867ms] [LOG] [Fast Refresh] done in 15ms @ webpack-internal:///(app-pages-browser)/./node_modules/next/dist/next-devtools/shared/forward-logs-shared.js:44
[   12891ms] [WARNING] Error while trying to use the following icon from the Manifest: http://localhost:3000/icons/icon-192.png (Download error or resource isn't a valid image) @ http://localhost:3000/login:0
[   12911ms] [LOG] [Fast Refresh] rebuilding @ webpack-internal:///(app-pages-browser)/./node_modules/next/dist/next-devtools/shared/forward-logs-shared.js:44
[   12922ms] [LOG] [Fast Refresh] done in 11ms @ webpack-internal:///(app-pages-browser)/./node_modules/next/dist/next-devtools/shared/forward-logs-shared.js:44
[   12952ms] [WARNING] Error while trying to use the following icon from the Manifest: http://localhost:3000/icons/icon-192.png (Download error or resource isn't a valid image) @ http://localhost:3000/login:0
[   12968ms] [LOG] [Fast Refresh] rebuilding @ webpack-internal:///(app-pages-browser)/./node_modules/next/dist/next-devtools/shared/forward-logs-shared.js:44
[   12983ms] [LOG] [Fast Refresh] done in 15ms @ webpack-internal:///(app-pages-browser)/./node_modules/next/dist/next-devtools/shared/forward-logs-shared.js:44
[   13013ms] [WARNING] Error while trying to use the following icon from the Manifest: http://localhost:3000/icons/icon-192.png (Download error or resource isn't a valid image) @ http://localhost:3000/login:0
[   13029ms] [LOG] [Fast Refresh] rebuilding @ webpack-internal:///(app-pages-browser)/./node_modules/next/dist/next-devtools/shared/forward-logs-shared.js:44
[   13040ms] [LOG] [Fast Refresh] done in 11ms @ webpack-internal:///(app-pages-browser)/./node_modules/next/dist/next-devtools/shared/forward-logs-shared.js:44
[   13085ms] [LOG] [Fast Refresh] rebuilding @ webpack-internal:///(app-pages-browser)/./node_modules/next/dist/next-devtools/shared/forward-logs-shared.js:44
[   13100ms] [LOG] [Fast Refresh] done in 15ms @ webpack-internal:///(app-pages-browser)/./node_modules/next/dist/next-devtools/shared/forward-logs-shared.js:44
[   13124ms] [WARNING] Error while trying to use the following icon from the Manifest: http://localhost:3000/icons/icon-192.png (Download error or resource isn't a valid image) @ http://localhost:3000/login:0
[   13144ms] [LOG] [Fast Refresh] rebuilding @ webpack-internal:///(app-pages-browser)/./node_modules/next/dist/next-devtools/shared/forward-logs-shared.js:44
[   13156ms] [LOG] [Fast Refresh] done in 12ms @ webpack-internal:///(app-pages-browser)/./node_modules/next/dist/next-devtools/shared/forward-logs-shared.js:44
[   13209ms] [LOG] [Fast Refresh] rebuilding @ webpack-internal:///(app-pages-browser)/./node_modules/next/dist/next-devtools/shared/forward-logs-shared.js:44
[   13226ms] [LOG] [Fast Refresh] done in 16ms @ webpack-internal:///(app-pages-browser)/./node_modules/next/dist/next-devtools/shared/forward-logs-shared.js:44
[   13254ms] [WARNING] Error while trying to use the following icon from the Manifest: http://localhost:3000/icons/icon-192.png (Download error or resource isn't a valid image) @ http://localhost:3000/login:0
[   13269ms] [LOG] [Fast Refresh] rebuilding @ webpack-internal:///(app-pages-browser)/./node_modules/next/dist/next-devtools/shared/forward-logs-shared.js:44
[   13281ms] [LOG] [Fast Refresh] done in 11ms @ webpack-internal:///(app-pages-browser)/./node_modules/next/dist/next-devtools/shared/forward-logs-shared.js:44
[   13326ms] [WARNING] Error while trying to use the following icon from the Manifest: http://localhost:3000/icons/icon-192.png (Download error or resource isn't a valid image) @ http://localhost:3000/login:0
[   13344ms] [LOG] [Fast Refresh] rebuilding @ webpack-internal:///(app-pages-browser)/./node_modules/next/dist/next-devtools/shared/forward-logs-shared.js:44
[   13359ms] [LOG] [Fast Refresh] done in 16ms @ webpack-internal:///(app-pages-browser)/./node_modules/next/dist/next-devtools/shared/forward-logs-shared.js:44
[   13385ms] [WARNING] Error while trying to use the following icon from the Manifest: http://localhost:3000/icons/icon-192.png (Download error or resource isn't a valid image) @ http://localhost:3000/login:0
[   13402ms] [LOG] [Fast Refresh] rebuilding @ webpack-internal:///(app-pages-browser)/./node_modules/next/dist/next-devtools/shared/forward-logs-shared.js:44
[   13415ms] [LOG] [Fast Refresh] done in 12ms @ webpack-internal:///(app-pages-browser)/./node_modules/next/dist/next-devtools/shared/forward-logs-shared.js:44
[   13443ms] [WARNING] Error while trying to use the following icon from the Manifest: http://localhost:3000/icons/icon-192.png (Download error or resource isn't a valid image) @ http://localhost:3000/login:0
[   13460ms] [LOG] [Fast Refresh] rebuilding @ webpack-internal:///(app-pages-browser)/./node_modules/next/dist/next-devtools/shared/forward-logs-shared.js:44
[   13475ms] [LOG] [Fast Refresh] done in 15ms @ webpack-internal:///(app-pages-browser)/./node_modules/next/dist/next-devtools/shared/forward-logs-shared.js:44
[   13503ms] [WARNING] Error while trying to use the following icon from the Manifest: http://localhost:3000/icons/icon-192.png (Download error or resource isn't a valid image) @ http://localhost:3000/login:0
[   13519ms] [LOG] [Fast Refresh] rebuilding @ webpack-internal:///(app-pages-browser)/./node_modules/next/dist/next-devtools/shared/forward-logs-shared.js:44
[   13531ms] [LOG] [Fast Refresh] done in 11ms @ webpack-internal:///(app-pages-browser)/./node_modules/next/dist/next-devtools/shared/forward-logs-shared.js:44
[   13559ms] [WARNING] Error while trying to use the following icon from the Manifest: http://localhost:3000/icons/icon-192.png (Download error or resource isn't a valid image) @ http://localhost:3000/login:0
[   13576ms] [LOG] [Fast Refresh] rebuilding @ webpack-internal:///(app-pages-browser)/./node_modules/next/dist/next-devtools/shared/forward-logs-shared.js:44
[   13592ms] [LOG] [Fast Refresh] done in 16ms @ webpack-internal:///(app-pages-browser)/./node_modules/next/dist/next-devtools/shared/forward-logs-shared.js:44
[   13616ms] [WARNING] Error while trying to use the following icon from the Manifest: http://localhost:3000/icons/icon-192.png (Download error or resource isn't a valid image) @ http://localhost:3000/login:0
[   13637ms] [LOG] [Fast Refresh] rebuilding @ webpack-internal:///(app-pages-browser)/./node_modules/next/dist/next-devtools/shared/forward-logs-shared.js:44
[   13649ms] [LOG] [Fast Refresh] done in 12ms @ webpack-internal:///(app-pages-browser)/./node_modules/next/dist/next-devtools/shared/forward-logs-shared.js:44
[   13674ms] [WARNING] Error while trying to use the following icon from the Manifest: http://localhost:3000/icons/icon-192.png (Download error or resource isn't a valid image) @ http://localhost:3000/login:0
[   13693ms] [LOG] [Fast Refresh] rebuilding @ webpack-internal:///(app-pages-browser)/./node_modules/next/dist/next-devtools/shared/forward-logs-shared.js:44
[   13707ms] [LOG] [Fast Refresh] done in 15ms @ webpack-internal:///(app-pages-browser)/./node_modules/next/dist/next-devtools/shared/forward-logs-shared.js:44
[   13737ms] [WARNING] Error while trying to use the following icon from the Manifest: http://localhost:3000/icons/icon-192.png (Download error or resource isn't a valid image) @ http://localhost:3000/login:0
[   13753ms] [LOG] [Fast Refresh] rebuilding @ webpack-internal:///(app-pages-browser)/./node_modules/next/dist/next-devtools/shared/forward-logs-shared.js:44
[   13765ms] [LOG] [Fast Refresh] done in 11ms @ webpack-internal:///(app-pages-browser)/./node_modules/next/dist/next-devtools/shared/forward-logs-shared.js:44
[   13793ms] [WARNING] Error while trying to use the following icon from the Manifest: http://localhost:3000/icons/icon-192.png (Download error or resource isn't a valid image) @ http://localhost:3000/login:0
[   13810ms] [LOG] [Fast Refresh] rebuilding @ webpack-internal:///(app-pages-browser)/./node_modules/next/dist/next-devtools/shared/forward-logs-shared.js:44
[   13828ms] [LOG] [Fast Refresh] done in 17ms @ webpack-internal:///(app-pages-browser)/./node_modules/next/dist/next-devtools/shared/forward-logs-shared.js:44
[   13857ms] [WARNING] Error while trying to use the following icon from the Manifest: http://localhost:3000/icons/icon-192.png (Download error or resource isn't a valid image) @ http://localhost:3000/login:0
[   13873ms] [LOG] [Fast Refresh] rebuilding @ webpack-internal:///(app-pages-browser)/./node_modules/next/dist/next-devtools/shared/forward-logs-shared.js:44
[   13885ms] [LOG] [Fast Refresh] done in 12ms @ webpack-internal:///(app-pages-browser)/./node_modules/next/dist/next-devtools/shared/forward-logs-shared.js:44
[   13914ms] [WARNING] Error while trying to use the following icon from the Manifest: http://localhost:3000/icons/icon-192.png (Download error or resource isn't a valid image) @ http://localhost:3000/login:0
[   13931ms] [LOG] [Fast Refresh] rebuilding @ webpack-internal:///(app-pages-browser)/./node_modules/next/dist/next-devtools/shared/forward-logs-shared.js:44
[   13945ms] [LOG] [Fast Refresh] done in 15ms @ webpack-internal:///(app-pages-browser)/./node_modules/next/dist/next-devtools/shared/forward-logs-shared.js:44
[   13968ms] [WARNING] Error while trying to use the following icon from the Manifest: http://localhost:3000/icons/icon-192.png (Download error or resource isn't a valid image) @ http://localhost:3000/login:0
[   13988ms] [LOG] [Fast Refresh] rebuilding @ webpack-internal:///(app-pages-browser)/./node_modules/next/dist/next-devtools/shared/forward-logs-shared.js:44
[   14000ms] [LOG] [Fast Refresh] done in 11ms @ webpack-internal:///(app-pages-browser)/./node_modules/next/dist/next-devtools/shared/forward-logs-shared.js:44
[   14026ms] [WARNING] Error while trying to use the following icon from the Manifest: http://localhost:3000/icons/icon-192.png (Download error or resource isn't a valid image) @ http://localhost:3000/login:0
[   14044ms] [LOG] [Fast Refresh] rebuilding @ webpack-internal:///(app-pages-browser)/./node_modules/next/dist/next-devtools/shared/forward-logs-shared.js:44
[   14059ms] [LOG] [Fast Refresh] done in 14ms @ webpack-internal:///(app-pages-browser)/./node_modules/next/dist/next-devtools/shared/forward-logs-shared.js:44
[   14088ms] [WARNING] Error while trying to use the following icon from the Manifest: http://localhost:3000/icons/icon-192.png (Download error or resource isn't a valid image) @ http://localhost:3000/login:0
[   14106ms] [LOG] [Fast Refresh] rebuilding @ webpack-internal:///(app-pages-browser)/./node_modules/next/dist/next-devtools/shared/forward-logs-shared.js:44
[   14119ms] [LOG] [Fast Refresh] done in 13ms @ webpack-internal:///(app-pages-browser)/./node_modules/next/dist/next-devtools/shared/forward-logs-shared.js:44
[   14146ms] [WARNING] Error while trying to use the following icon from the Manifest: http://localhost:3000/icons/icon-192.png (Download error or resource isn't a valid image) @ http://localhost:3000/login:0
[   14163ms] [LOG] [Fast Refresh] rebuilding @ webpack-internal:///(app-pages-browser)/./node_modules/next/dist/next-devtools/shared/forward-logs-shared.js:44
[   14184ms] [LOG] [Fast Refresh] done in 21ms @ webpack-internal:///(app-pages-browser)/./node_modules/next/dist/next-devtools/shared/forward-logs-shared.js:44
[   14230ms] [LOG] [Fast Refresh] rebuilding @ webpack-internal:///(app-pages-browser)/./node_modules/next/dist/next-devtools/shared/forward-logs-shared.js:44
[   14248ms] [LOG] [Fast Refresh] done in 19ms @ webpack-internal:///(app-pages-browser)/./node_modules/next/dist/next-devtools/shared/forward-logs-shared.js:44
[   14627ms] [WARNING] Error while trying to use the following icon from the Manifest: http://localhost:3000/icons/icon-192.png (Download error or resource isn't a valid image) @ http://localhost:3000/login:0
[   14658ms] [LOG] [Fast Refresh] rebuilding @ webpack-internal:///(app-pages-browser)/./node_modules/next/dist/next-devtools/shared/forward-logs-shared.js:44
[   14672ms] [LOG] [Fast Refresh] done in 13ms @ webpack-internal:///(app-pages-browser)/./node_modules/next/dist/next-devtools/shared/forward-logs-shared.js:44
[   14720ms] [LOG] [Fast Refresh] rebuilding @ webpack-internal:///(app-pages-browser)/./node_modules/next/dist/next-devtools/shared/forward-logs-shared.js:44
[   14734ms] [LOG] [Fast Refresh] done in 15ms @ webpack-internal:///(app-pages-browser)/./node_modules/next/dist/next-devtools/shared/forward-logs-shared.js:44
[   14765ms] [WARNING] Error while trying to use the following icon from the Manifest: http://localhost:3000/icons/icon-192.png (Download error or resource isn't a valid image) @ http://localhost:3000/login:0
[   14783ms] [LOG] [Fast Refresh] rebuilding @ webpack-internal:///(app-pages-browser)/./node_modules/next/dist/next-devtools/shared/forward-logs-shared.js:44
[   14794ms] [LOG] [Fast Refresh] done in 11ms @ webpack-internal:///(app-pages-browser)/./node_modules/next/dist/next-devtools/shared/forward-logs-shared.js:44
[   14822ms] [WARNING] Error while trying to use the following icon from the Manifest: http://localhost:3000/icons/icon-192.png (Download error or resource isn't a valid image) @ http://localhost:3000/login:0
[   14840ms] [LOG] [Fast Refresh] rebuilding @ webpack-internal:///(app-pages-browser)/./node_modules/next/dist/next-devtools/shared/forward-logs-shared.js:44
[   14855ms] [LOG] [Fast Refresh] done in 16ms @ webpack-internal:///(app-pages-browser)/./node_modules/next/dist/next-devtools/shared/forward-logs-shared.js:44
[   14885ms] [WARNING] Error while trying to use the following icon from the Manifest: http://localhost:3000/icons/icon-192.png (Download error or resource isn't a valid image) @ http://localhost:3000/login:0
[   14902ms] [LOG] [Fast Refresh] rebuilding @ webpack-internal:///(app-pages-browser)/./node_modules/next/dist/next-devtools/shared/forward-logs-shared.js:44
[   14914ms] [LOG] [Fast Refresh] done in 11ms @ webpack-internal:///(app-pages-browser)/./node_modules/next/dist/next-devtools/shared/forward-logs-shared.js:44
[   14941ms] [WARNING] Error while trying to use the following icon from the Manifest: http://localhost:3000/icons/icon-192.png (Download error or resource isn't a valid image) @ http://localhost:3000/login:0
[   14958ms] [LOG] [Fast Refresh] rebuilding @ webpack-internal:///(app-pages-browser)/./node_modules/next/dist/next-devtools/shared/forward-logs-shared.js:44
[   14973ms] [LOG] [Fast Refresh] done in 14ms @ webpack-internal:///(app-pages-browser)/./node_modules/next/dist/next-devtools/shared/forward-logs-shared.js:44
[   15003ms] [WARNING] Error while trying to use the following icon from the Manifest: http://localhost:3000/icons/icon-192.png (Download error or resource isn't a valid image) @ http://localhost:3000/login:0
[   15020ms] [LOG] [Fast Refresh] rebuilding @ webpack-internal:///(app-pages-browser)/./node_modules/next/dist/next-devtools/shared/forward-logs-shared.js:44
[   15033ms] [LOG] [Fast Refresh] done in 13ms @ webpack-internal:///(app-pages-browser)/./node_modules/next/dist/next-devtools/shared/forward-logs-shared.js:44
[   15061ms] [WARNING] Error while trying to use the following icon from the Manifest: http://localhost:3000/icons/icon-192.png (Download error or resource isn't a valid image) @ http://localhost:3000/login:0
[   15078ms] [LOG] [Fast Refresh] rebuilding @ webpack-internal:///(app-pages-browser)/./node_modules/next/dist/next-devtools/shared/forward-logs-shared.js:44
[   15093ms] [LOG] [Fast Refresh] done in 16ms @ webpack-internal:///(app-pages-browser)/./node_modules/next/dist/next-devtools/shared/forward-logs-shared.js:44
[   15122ms] [WARNING] Error while trying to use the following icon from the Manifest: http://localhost:3000/icons/icon-192.png (Download error or resource isn't a valid image) @ http://localhost:3000/login:0
[   15139ms] [LOG] [Fast Refresh] rebuilding @ webpack-internal:///(app-pages-browser)/./node_modules/next/dist/next-devtools/shared/forward-logs-shared.js:44
[   15150ms] [LOG] [Fast Refresh] done in 11ms @ webpack-internal:///(app-pages-browser)/./node_modules/next/dist/next-devtools/shared/forward-logs-shared.js:44
[   15176ms] [WARNING] Error while trying to use the following icon from the Manifest: http://localhost:3000/icons/icon-192.png (Download error or resource isn't a valid image) @ http://localhost:3000/login:0
[   15193ms] [LOG] [Fast Refresh] rebuilding @ webpack-internal:///(app-pages-browser)/./node_modules/next/dist/next-devtools/shared/forward-logs-shared.js:44
[   15206ms] [LOG] [Fast Refresh] done in 13ms @ webpack-internal:///(app-pages-browser)/./node_modules/next/dist/next-devtools/shared/forward-logs-shared.js:44
[   15217ms] [WARNING] Error while trying to use the following icon from the Manifest: http://localhost:3000/icons/icon-192.png (Download error or resource isn't a valid image) @ http://localhost:3000/login:0
[   15252ms] [LOG] [Fast Refresh] rebuilding @ webpack-internal:///(app-pages-browser)/./node_modules/next/dist/next-devtools/shared/forward-logs-shared.js:44
[   15263ms] [LOG] [Fast Refresh] done in 12ms @ webpack-internal:///(app-pages-browser)/./node_modules/next/dist/next-devtools/shared/forward-logs-shared.js:44
[   15291ms] [WARNING] Error while trying to use the following icon from the Manifest: http://localhost:3000/icons/icon-192.png (Download error or resource isn't a valid image) @ http://localhost:3000/login:0
[   15309ms] [LOG] [Fast Refresh] rebuilding @ webpack-internal:///(app-pages-browser)/./node_modules/next/dist/next-devtools/shared/forward-logs-shared.js:44
[   15325ms] [LOG] [Fast Refresh] done in 17ms @ webpack-internal:///(app-pages-browser)/./node_modules/next/dist/next-devtools/shared/forward-logs-shared.js:44
[   15370ms] [LOG] [Fast Refresh] rebuilding @ webpack-internal:///(app-pages-browser)/./node_modules/next/dist/next-devtools/shared/forward-logs-shared.js:44
[   15381ms] [LOG] [Fast Refresh] done in 11ms @ webpack-internal:///(app-pages-browser)/./node_modules/next/dist/next-devtools/shared/forward-logs-shared.js:44
[   15408ms] [WARNING] Error while trying to use the following icon from the Manifest: http://localhost:3000/icons/icon-192.png (Download error or resource isn't a valid image) @ http://localhost:3000/login:0
[   15426ms] [LOG] [Fast Refresh] rebuilding @ webpack-internal:///(app-pages-browser)/./node_modules/next/dist/next-devtools/shared/forward-logs-shared.js:44
[   15440ms] [LOG] [Fast Refresh] done in 14ms @ webpack-internal:///(app-pages-browser)/./node_modules/next/dist/next-devtools/shared/forward-logs-shared.js:44
[   15469ms] [WARNING] Error while trying to use the following icon from the Manifest: http://localhost:3000/icons/icon-192.png (Download error or resource isn't a valid image) @ http://localhost:3000/login:0
[   15486ms] [LOG] [Fast Refresh] rebuilding @ webpack-internal:///(app-pages-browser)/./node_modules/next/dist/next-devtools/shared/forward-logs-shared.js:44
[   15497ms] [LOG] [Fast Refresh] done in 11ms @ webpack-internal:///(app-pages-browser)/./node_modules/next/dist/next-devtools/shared/forward-logs-shared.js:44
[   15522ms] [WARNING] Error while trying to use the following icon from the Manifest: http://localhost:3000/icons/icon-192.png (Download error or resource isn't a valid image) @ http://localhost:3000/login:0
[   15542ms] [LOG] [Fast Refresh] rebuilding @ webpack-internal:///(app-pages-browser)/./node_modules/next/dist/next-devtools/shared/forward-logs-shared.js:44
[   15558ms] [LOG] [Fast Refresh] done in 15ms @ webpack-internal:///(app-pages-browser)/./node_modules/next/dist/next-devtools/shared/forward-logs-shared.js:44
[   15589ms] [WARNING] Error while trying to use the following icon from the Manifest: http://localhost:3000/icons/icon-192.png (Download error or resource isn't a valid image) @ http://localhost:3000/login:0
[   15605ms] [LOG] [Fast Refresh] rebuilding @ webpack-internal:///(app-pages-browser)/./node_modules/next/dist/next-devtools/shared/forward-logs-shared.js:44
[   15616ms] [LOG] [Fast Refresh] done in 11ms @ webpack-internal:///(app-pages-browser)/./node_modules/next/dist/next-devtools/shared/forward-logs-shared.js:44
[   15644ms] [WARNING] Error while trying to use the following icon from the Manifest: http://localhost:3000/icons/icon-192.png (Download error or resource isn't a valid image) @ http://localhost:3000/login:0
[   15662ms] [LOG] [Fast Refresh] rebuilding @ webpack-internal:///(app-pages-browser)/./node_modules/next/dist/next-devtools/shared/forward-logs-shared.js:44
[   15677ms] [LOG] [Fast Refresh] done in 15ms @ webpack-internal:///(app-pages-browser)/./node_modules/next/dist/next-devtools/shared/forward-logs-shared.js:44
[   15704ms] [WARNING] Error while trying to use the following icon from the Manifest: http://localhost:3000/icons/icon-192.png (Download error or resource isn't a valid image) @ http://localhost:3000/login:0
[   15721ms] [LOG] [Fast Refresh] rebuilding @ webpack-internal:///(app-pages-browser)/./node_modules/next/dist/next-devtools/shared/forward-logs-shared.js:44
[   15732ms] [LOG] [Fast Refresh] done in 11ms @ webpack-internal:///(app-pages-browser)/./node_modules/next/dist/next-devtools/shared/forward-logs-shared.js:44
[   15760ms] [WARNING] Error while trying to use the following icon from the Manifest: http://localhost:3000/icons/icon-192.png (Download error or resource isn't a valid image) @ http://localhost:3000/login:0
[   15777ms] [LOG] [Fast Refresh] rebuilding @ webpack-internal:///(app-pages-browser)/./node_modules/next/dist/next-devtools/shared/forward-logs-shared.js:44
[   15792ms] [LOG] [Fast Refresh] done in 15ms @ webpack-internal:///(app-pages-browser)/./node_modules/next/dist/next-devtools/shared/forward-logs-shared.js:44
[   15822ms] [WARNING] Error while trying to use the following icon from the Manifest: http://localhost:3000/icons/icon-192.png (Download error or resource isn't a valid image) @ http://localhost:3000/login:0
[   15842ms] [LOG] [Fast Refresh] rebuilding @ webpack-internal:///(app-pages-browser)/./node_modules/next/dist/next-devtools/shared/forward-logs-shared.js:44
[   15854ms] [LOG] [Fast Refresh] done in 12ms @ webpack-internal:///(app-pages-browser)/./node_modules/next/dist/next-devtools/shared/forward-logs-shared.js:44
[   15884ms] [WARNING] Error while trying to use the following icon from the Manifest: http://localhost:3000/icons/icon-192.png (Download error or resource isn't a valid image) @ http://localhost:3000/login:0
[   15901ms] [LOG] [Fast Refresh] rebuilding @ webpack-internal:///(app-pages-browser)/./node_modules/next/dist/next-devtools/shared/forward-logs-shared.js:44
[   15915ms] [LOG] [Fast Refresh] done in 15ms @ webpack-internal:///(app-pages-browser)/./node_modules/next/dist/next-devtools/shared/forward-logs-shared.js:44
[   15959ms] [LOG] [Fast Refresh] rebuilding @ webpack-internal:///(app-pages-browser)/./node_modules/next/dist/next-devtools/shared/forward-logs-shared.js:44
[   15970ms] [LOG] [Fast Refresh] done in 10ms @ webpack-internal:///(app-pages-browser)/./node_modules/next/dist/next-devtools/shared/forward-logs-shared.js:44
[   15998ms] [WARNING] Error while trying to use the following icon from the Manifest: http://localhost:3000/icons/icon-192.png (Download error or resource isn't a valid image) @ http://localhost:3000/login:0
[   16016ms] [LOG] [Fast Refresh] rebuilding @ webpack-internal:///(app-pages-browser)/./node_modules/next/dist/next-devtools/shared/forward-logs-shared.js:44
[   16032ms] [LOG] [Fast Refresh] done in 15ms @ webpack-internal:///(app-pages-browser)/./node_modules/next/dist/next-devtools/shared/forward-logs-shared.js:44
[   16060ms] [WARNING] Error while trying to use the following icon from the Manifest: http://localhost:3000/icons/icon-192.png (Download error or resource isn't a valid image) @ http://localhost:3000/login:0
[   16076ms] [LOG] [Fast Refresh] rebuilding @ webpack-internal:///(app-pages-browser)/./node_modules/next/dist/next-devtools/shared/forward-logs-shared.js:44
[   16087ms] [LOG] [Fast Refresh] done in 11ms @ webpack-internal:///(app-pages-browser)/./node_modules/next/dist/next-devtools/shared/forward-logs-shared.js:44
[   16114ms] [WARNING] Error while trying to use the following icon from the Manifest: http://localhost:3000/icons/icon-192.png (Download error or resource isn't a valid image) @ http://localhost:3000/login:0
[   16131ms] [LOG] [Fast Refresh] rebuilding @ webpack-internal:///(app-pages-browser)/./node_modules/next/dist/next-devtools/shared/forward-logs-shared.js:44
[   16145ms] [LOG] [Fast Refresh] done in 15ms @ webpack-internal:///(app-pages-browser)/./node_modules/next/dist/next-devtools/shared/forward-logs-shared.js:44
[   16173ms] [WARNING] Error while trying to use the following icon from the Manifest: http://localhost:3000/icons/icon-192.png (Download error or resource isn't a valid image) @ http://localhost:3000/login:0
[   16189ms] [LOG] [Fast Refresh] rebuilding @ webpack-internal:///(app-pages-browser)/./node_modules/next/dist/next-devtools/shared/forward-logs-shared.js:44
[   16200ms] [LOG] [Fast Refresh] done in 11ms @ webpack-internal:///(app-pages-browser)/./node_modules/next/dist/next-devtools/shared/forward-logs-shared.js:44
[   16229ms] [WARNING] Error while trying to use the following icon from the Manifest: http://localhost:3000/icons/icon-192.png (Download error or resource isn't a valid image) @ http://localhost:3000/login:0
[   16272ms] [LOG] [Fast Refresh] rebuilding @ webpack-internal:///(app-pages-browser)/./node_modules/next/dist/next-devtools/shared/forward-logs-shared.js:44
[   16287ms] [LOG] [Fast Refresh] done in 14ms @ webpack-internal:///(app-pages-browser)/./node_modules/next/dist/next-devtools/shared/forward-logs-shared.js:44
[   16332ms] [LOG] [Fast Refresh] rebuilding @ webpack-internal:///(app-pages-browser)/./node_modules/next/dist/next-devtools/shared/forward-logs-shared.js:44
[   16343ms] [LOG] [Fast Refresh] done in 12ms @ webpack-internal:///(app-pages-browser)/./node_modules/next/dist/next-devtools/shared/forward-logs-shared.js:44
[   16371ms] [WARNING] Error while trying to use the following icon from the Manifest: http://localhost:3000/icons/icon-192.png (Download error or resource isn't a valid image) @ http://localhost:3000/login:0
[   16387ms] [LOG] [Fast Refresh] rebuilding @ webpack-internal:///(app-pages-browser)/./node_modules/next/dist/next-devtools/shared/forward-logs-shared.js:44
[   16402ms] [LOG] [Fast Refresh] done in 15ms @ webpack-internal:///(app-pages-browser)/./node_modules/next/dist/next-devtools/shared/forward-logs-shared.js:44
[   16431ms] [WARNING] Error while trying to use the following icon from the Manifest: http://localhost:3000/icons/icon-192.png (Download error or resource isn't a valid image) @ http://localhost:3000/login:0
[   16447ms] [LOG] [Fast Refresh] rebuilding @ webpack-internal:///(app-pages-browser)/./node_modules/next/dist/next-devtools/shared/forward-logs-shared.js:44
[   16458ms] [LOG] [Fast Refresh] done in 12ms @ webpack-internal:///(app-pages-browser)/./node_modules/next/dist/next-devtools/shared/forward-logs-shared.js:44
[   16485ms] [WARNING] Error while trying to use the following icon from the Manifest: http://localhost:3000/icons/icon-192.png (Download error or resource isn't a valid image) @ http://localhost:3000/login:0
[   16503ms] [LOG] [Fast Refresh] rebuilding @ webpack-internal:///(app-pages-browser)/./node_modules/next/dist/next-devtools/shared/forward-logs-shared.js:44
[   16517ms] [LOG] [Fast Refresh] done in 15ms @ webpack-internal:///(app-pages-browser)/./node_modules/next/dist/next-devtools/shared/forward-logs-shared.js:44
[   16548ms] [WARNING] Error while trying to use the following icon from the Manifest: http://localhost:3000/icons/icon-192.png (Download error or resource isn't a valid image) @ http://localhost:3000/login:0
[   16564ms] [LOG] [Fast Refresh] rebuilding @ webpack-internal:///(app-pages-browser)/./node_modules/next/dist/next-devtools/shared/forward-logs-shared.js:44
[   16576ms] [LOG] [Fast Refresh] done in 11ms @ webpack-internal:///(app-pages-browser)/./node_modules/next/dist/next-devtools/shared/forward-logs-shared.js:44
[   16603ms] [WARNING] Error while trying to use the following icon from the Manifest: http://localhost:3000/icons/icon-192.png (Download error or resource isn't a valid image) @ http://localhost:3000/login:0
[   16619ms] [LOG] [Fast Refresh] rebuilding @ webpack-internal:///(app-pages-browser)/./node_modules/next/dist/next-devtools/shared/forward-logs-shared.js:44
[   16634ms] [LOG] [Fast Refresh] done in 14ms @ webpack-internal:///(app-pages-browser)/./node_modules/next/dist/next-devtools/shared/forward-logs-shared.js:44
[   16661ms] [WARNING] Error while trying to use the following icon from the Manifest: http://localhost:3000/icons/icon-192.png (Download error or resource isn't a valid image) @ http://localhost:3000/login:0
[   16679ms] [LOG] [Fast Refresh] rebuilding @ webpack-internal:///(app-pages-browser)/./node_modules/next/dist/next-devtools/shared/forward-logs-shared.js:44
[   16691ms] [LOG] [Fast Refresh] done in 11ms @ webpack-internal:///(app-pages-browser)/./node_modules/next/dist/next-devtools/shared/forward-logs-shared.js:44
[   16717ms] [WARNING] Error while trying to use the following icon from the Manifest: http://localhost:3000/icons/icon-192.png (Download error or resource isn't a valid image) @ http://localhost:3000/login:0
[   16734ms] [LOG] [Fast Refresh] rebuilding @ webpack-internal:///(app-pages-browser)/./node_modules/next/dist/next-devtools/shared/forward-logs-shared.js:44
[   16748ms] [LOG] [Fast Refresh] done in 15ms @ webpack-internal:///(app-pages-browser)/./node_modules/next/dist/next-devtools/shared/forward-logs-shared.js:44
[   16793ms] [LOG] [Fast Refresh] rebuilding @ webpack-internal:///(app-pages-browser)/./node_modules/next/dist/next-devtools/shared/forward-logs-shared.js:44
[   16805ms] [LOG] [Fast Refresh] done in 11ms @ webpack-internal:///(app-pages-browser)/./node_modules/next/dist/next-devtools/shared/forward-logs-shared.js:44
[   16833ms] [WARNING] Error while trying to use the following icon from the Manifest: http://localhost:3000/icons/icon-192.png (Download error or resource isn't a valid image) @ http://localhost:3000/login:0
[   16850ms] [LOG] [Fast Refresh] rebuilding @ webpack-internal:///(app-pages-browser)/./node_modules/next/dist/next-devtools/shared/forward-logs-shared.js:44
[   16867ms] [LOG] [Fast Refresh] done in 18ms @ webpack-internal:///(app-pages-browser)/./node_modules/next/dist/next-devtools/shared/forward-logs-shared.js:44
[   16898ms] [WARNING] Error while trying to use the following icon from the Manifest: http://localhost:3000/icons/icon-192.png (Download error or resource isn't a valid image) @ http://localhost:3000/login:0
[   16913ms] [LOG] [Fast Refresh] rebuilding @ webpack-internal:///(app-pages-browser)/./node_modules/next/dist/next-devtools/shared/forward-logs-shared.js:44
[   16924ms] [LOG] [Fast Refresh] done in 11ms @ webpack-internal:///(app-pages-browser)/./node_modules/next/dist/next-devtools/shared/forward-logs-shared.js:44
[   16952ms] [WARNING] Error while trying to use the following icon from the Manifest: http://localhost:3000/icons/icon-192.png (Download error or resource isn't a valid image) @ http://localhost:3000/login:0
[   16969ms] [LOG] [Fast Refresh] rebuilding @ webpack-internal:///(app-pages-browser)/./node_modules/next/dist/next-devtools/shared/forward-logs-shared.js:44
[   16984ms] [LOG] [Fast Refresh] done in 15ms @ webpack-internal:///(app-pages-browser)/./node_modules/next/dist/next-devtools/shared/forward-logs-shared.js:44
[   17012ms] [WARNING] Error while trying to use the following icon from the Manifest: http://localhost:3000/icons/icon-192.png (Download error or resource isn't a valid image) @ http://localhost:3000/login:0
[   17029ms] [LOG] [Fast Refresh] rebuilding @ webpack-internal:///(app-pages-browser)/./node_modules/next/dist/next-devtools/shared/forward-logs-shared.js:44
[   17041ms] [LOG] [Fast Refresh] done in 12ms @ webpack-internal:///(app-pages-browser)/./node_modules/next/dist/next-devtools/shared/forward-logs-shared.js:44
[   17071ms] [WARNING] Error while trying to use the following icon from the Manifest: http://localhost:3000/icons/icon-192.png (Download error or resource isn't a valid image) @ http://localhost:3000/login:0
[   17087ms] [LOG] [Fast Refresh] rebuilding @ webpack-internal:///(app-pages-browser)/./node_modules/next/dist/next-devtools/shared/forward-logs-shared.js:44
[   17102ms] [LOG] [Fast Refresh] done in 15ms @ webpack-internal:///(app-pages-browser)/./node_modules/next/dist/next-devtools/shared/forward-logs-shared.js:44
[   17129ms] [WARNING] Error while trying to use the following icon from the Manifest: http://localhost:3000/icons/icon-192.png (Download error or resource isn't a valid image) @ http://localhost:3000/login:0
[   17146ms] [LOG] [Fast Refresh] rebuilding @ webpack-internal:///(app-pages-browser)/./node_modules/next/dist/next-devtools/shared/forward-logs-shared.js:44
[   17157ms] [LOG] [Fast Refresh] done in 12ms @ webpack-internal:///(app-pages-browser)/./node_modules/next/dist/next-devtools/shared/forward-logs-shared.js:44
[   17185ms] [WARNING] Error while trying to use the following icon from the Manifest: http://localhost:3000/icons/icon-192.png (Download error or resource isn't a valid image) @ http://localhost:3000/login:0
[   17202ms] [LOG] [Fast Refresh] rebuilding @ webpack-internal:///(app-pages-browser)/./node_modules/next/dist/next-devtools/shared/forward-logs-shared.js:44
[   17217ms] [LOG] [Fast Refresh] done in 14ms @ webpack-internal:///(app-pages-browser)/./node_modules/next/dist/next-devtools/shared/forward-logs-shared.js:44
[   17243ms] [WARNING] Error while trying to use the following icon from the Manifest: http://localhost:3000/icons/icon-192.png (Download error or resource isn't a valid image) @ http://localhost:3000/login:0
[   17260ms] [LOG] [Fast Refresh] rebuilding @ webpack-internal:///(app-pages-browser)/./node_modules/next/dist/next-devtools/shared/forward-logs-shared.js:44
[   17271ms] [LOG] [Fast Refresh] done in 12ms @ webpack-internal:///(app-pages-browser)/./node_modules/next/dist/next-devtools/shared/forward-logs-shared.js:44
[   17299ms] [WARNING] Error while trying to use the following icon from the Manifest: http://localhost:3000/icons/icon-192.png (Download error or resource isn't a valid image) @ http://localhost:3000/login:0
[   17316ms] [LOG] [Fast Refresh] rebuilding @ webpack-internal:///(app-pages-browser)/./node_modules/next/dist/next-devtools/shared/forward-logs-shared.js:44
[   17330ms] [LOG] [Fast Refresh] done in 15ms @ webpack-internal:///(app-pages-browser)/./node_modules/next/dist/next-devtools/shared/forward-logs-shared.js:44
[   17358ms] [WARNING] Error while trying to use the following icon from the Manifest: http://localhost:3000/icons/icon-192.png (Download error or resource isn't a valid image) @ http://localhost:3000/login:0
[   17376ms] [LOG] [Fast Refresh] rebuilding @ webpack-internal:///(app-pages-browser)/./node_modules/next/dist/next-devtools/shared/forward-logs-shared.js:44
[   17388ms] [LOG] [Fast Refresh] done in 12ms @ webpack-internal:///(app-pages-browser)/./node_modules/next/dist/next-devtools/shared/forward-logs-shared.js:44
[   17415ms] [WARNING] Error while trying to use the following icon from the Manifest: http://localhost:3000/icons/icon-192.png (Download error or resource isn't a valid image) @ http://localhost:3000/login:0
[   17432ms] [LOG] [Fast Refresh] rebuilding @ webpack-internal:///(app-pages-browser)/./node_modules/next/dist/next-devtools/shared/forward-logs-shared.js:44
[   17442ms] [LOG] [Fast Refresh] done in 9ms @ webpack-internal:///(app-pages-browser)/./node_modules/next/dist/next-devtools/shared/forward-logs-shared.js:44
[   17474ms] [WARNING] Error while trying to use the following icon from the Manifest: http://localhost:3000/icons/icon-192.png (Download error or resource isn't a valid image) @ http://localhost:3000/login:0
[   17490ms] [LOG] [Fast Refresh] rebuilding @ webpack-internal:///(app-pages-browser)/./node_modules/next/dist/next-devtools/shared/forward-logs-shared.js:44
[   17501ms] [LOG] [Fast Refresh] done in 11ms @ webpack-internal:///(app-pages-browser)/./node_modules/next/dist/next-devtools/shared/forward-logs-shared.js:44
[   17528ms] [WARNING] Error while trying to use the following icon from the Manifest: http://localhost:3000/icons/icon-192.png (Download error or resource isn't a valid image) @ http://localhost:3000/login:0
[   17546ms] [LOG] [Fast Refresh] rebuilding @ webpack-internal:///(app-pages-browser)/./node_modules/next/dist/next-devtools/shared/forward-logs-shared.js:44
[   17561ms] [LOG] [Fast Refresh] done in 15ms @ webpack-internal:///(app-pages-browser)/./node_modules/next/dist/next-devtools/shared/forward-logs-shared.js:44
[   17587ms] [WARNING] Error while trying to use the following icon from the Manifest: http://localhost:3000/icons/icon-192.png (Download error or resource isn't a valid image) @ http://localhost:3000/login:0
[   17603ms] [LOG] [Fast Refresh] rebuilding @ webpack-internal:///(app-pages-browser)/./node_modules/next/dist/next-devtools/shared/forward-logs-shared.js:44
[   17614ms] [LOG] [Fast Refresh] done in 11ms @ webpack-internal:///(app-pages-browser)/./node_modules/next/dist/next-devtools/shared/forward-logs-shared.js:44
[   17657ms] [LOG] [Fast Refresh] rebuilding @ webpack-internal:///(app-pages-browser)/./node_modules/next/dist/next-devtools/shared/forward-logs-shared.js:44
[   17672ms] [LOG] [Fast Refresh] done in 15ms @ webpack-internal:///(app-pages-browser)/./node_modules/next/dist/next-devtools/shared/forward-logs-shared.js:44
[   17700ms] [WARNING] Error while trying to use the following icon from the Manifest: http://localhost:3000/icons/icon-192.png (Download error or resource isn't a valid image) @ http://localhost:3000/login:0
[   17716ms] [LOG] [Fast Refresh] rebuilding @ webpack-internal:///(app-pages-browser)/./node_modules/next/dist/next-devtools/shared/forward-logs-shared.js:44
[   17727ms] [LOG] [Fast Refresh] done in 11ms @ webpack-internal:///(app-pages-browser)/./node_modules/next/dist/next-devtools/shared/forward-logs-shared.js:44
[   17756ms] [WARNING] Error while trying to use the following icon from the Manifest: http://localhost:3000/icons/icon-192.png (Download error or resource isn't a valid image) @ http://localhost:3000/login:0
[   17772ms] [LOG] [Fast Refresh] rebuilding @ webpack-internal:///(app-pages-browser)/./node_modules/next/dist/next-devtools/shared/forward-logs-shared.js:44
[   17787ms] [LOG] [Fast Refresh] done in 14ms @ webpack-internal:///(app-pages-browser)/./node_modules/next/dist/next-devtools/shared/forward-logs-shared.js:44
[   17815ms] [WARNING] Error while trying to use the following icon from the Manifest: http://localhost:3000/icons/icon-192.png (Download error or resource isn't a valid image) @ http://localhost:3000/login:0
[   17830ms] [LOG] [Fast Refresh] rebuilding @ webpack-internal:///(app-pages-browser)/./node_modules/next/dist/next-devtools/shared/forward-logs-shared.js:44
[   17841ms] [LOG] [Fast Refresh] done in 11ms @ webpack-internal:///(app-pages-browser)/./node_modules/next/dist/next-devtools/shared/forward-logs-shared.js:44
[   17868ms] [WARNING] Error while trying to use the following icon from the Manifest: http://localhost:3000/icons/icon-192.png (Download error or resource isn't a valid image) @ http://localhost:3000/login:0
[   17887ms] [LOG] [Fast Refresh] rebuilding @ webpack-internal:///(app-pages-browser)/./node_modules/next/dist/next-devtools/shared/forward-logs-shared.js:44
[   17902ms] [LOG] [Fast Refresh] done in 15ms @ webpack-internal:///(app-pages-browser)/./node_modules/next/dist/next-devtools/shared/forward-logs-shared.js:44
[   17947ms] [LOG] [Fast Refresh] rebuilding @ webpack-internal:///(app-pages-browser)/./node_modules/next/dist/next-devtools/shared/forward-logs-shared.js:44
[   17958ms] [LOG] [Fast Refresh] done in 11ms @ webpack-internal:///(app-pages-browser)/./node_modules/next/dist/next-devtools/shared/forward-logs-shared.js:44
[   17985ms] [WARNING] Error while trying to use the following icon from the Manifest: http://localhost:3000/icons/icon-192.png (Download error or resource isn't a valid image) @ http://localhost:3000/login:0
[   18002ms] [LOG] [Fast Refresh] rebuilding @ webpack-internal:///(app-pages-browser)/./node_modules/next/dist/next-devtools/shared/forward-logs-shared.js:44
[   18017ms] [LOG] [Fast Refresh] done in 14ms @ webpack-internal:///(app-pages-browser)/./node_modules/next/dist/next-devtools/shared/forward-logs-shared.js:44
[   18048ms] [WARNING] Error while trying to use the following icon from the Manifest: http://localhost:3000/icons/icon-192.png (Download error or resource isn't a valid image) @ http://localhost:3000/login:0
[   18066ms] [LOG] [Fast Refresh] rebuilding @ webpack-internal:///(app-pages-browser)/./node_modules/next/dist/next-devtools/shared/forward-logs-shared.js:44
[   18078ms] [LOG] [Fast Refresh] done in 11ms @ webpack-internal:///(app-pages-browser)/./node_modules/next/dist/next-devtools/shared/forward-logs-shared.js:44
[   18105ms] [WARNING] Error while trying to use the following icon from the Manifest: http://localhost:3000/icons/icon-192.png (Download error or resource isn't a valid image) @ http://localhost:3000/login:0
[   18123ms] [LOG] [Fast Refresh] rebuilding @ webpack-internal:///(app-pages-browser)/./node_modules/next/dist/next-devtools/shared/forward-logs-shared.js:44
[   18138ms] [LOG] [Fast Refresh] done in 15ms @ webpack-internal:///(app-pages-browser)/./node_modules/next/dist/next-devtools/shared/forward-logs-shared.js:44
[   18196ms] [LOG] [Fast Refresh] rebuilding @ webpack-internal:///(app-pages-browser)/./node_modules/next/dist/next-devtools/shared/forward-logs-shared.js:44
[   18209ms] [LOG] [Fast Refresh] done in 13ms @ webpack-internal:///(app-pages-browser)/./node_modules/next/dist/next-devtools/shared/forward-logs-shared.js:44
[   18252ms] [LOG] [Fast Refresh] rebuilding @ webpack-internal:///(app-pages-browser)/./node_modules/next/dist/next-devtools/shared/forward-logs-shared.js:44
[   18266ms] [LOG] [Fast Refresh] done in 14ms @ webpack-internal:///(app-pages-browser)/./node_modules/next/dist/next-devtools/shared/forward-logs-shared.js:44
[   18296ms] [WARNING] Error while trying to use the following icon from the Manifest: http://localhost:3000/icons/icon-192.png (Download error or resource isn't a valid image) @ http://localhost:3000/login:0
[   18311ms] [LOG] [Fast Refresh] rebuilding @ webpack-internal:///(app-pages-browser)/./node_modules/next/dist/next-devtools/shared/forward-logs-shared.js:44
[   18324ms] [LOG] [Fast Refresh] done in 12ms @ webpack-internal:///(app-pages-browser)/./node_modules/next/dist/next-devtools/shared/forward-logs-shared.js:44
[   18353ms] [WARNING] Error while trying to use the following icon from the Manifest: http://localhost:3000/icons/icon-192.png (Download error or resource isn't a valid image) @ http://localhost:3000/login:0
[   18370ms] [LOG] [Fast Refresh] rebuilding @ webpack-internal:///(app-pages-browser)/./node_modules/next/dist/next-devtools/shared/forward-logs-shared.js:44
[   18385ms] [LOG] [Fast Refresh] done in 15ms @ webpack-internal:///(app-pages-browser)/./node_modules/next/dist/next-devtools/shared/forward-logs-shared.js:44
[   18415ms] [WARNING] Error while trying to use the following icon from the Manifest: http://localhost:3000/icons/icon-192.png (Download error or resource isn't a valid image) @ http://localhost:3000/login:0
[   18432ms] [LOG] [Fast Refresh] rebuilding @ webpack-internal:///(app-pages-browser)/./node_modules/next/dist/next-devtools/shared/forward-logs-shared.js:44
[   18444ms] [LOG] [Fast Refresh] done in 12ms @ webpack-internal:///(app-pages-browser)/./node_modules/next/dist/next-devtools/shared/forward-logs-shared.js:44
[   18485ms] [LOG] [Fast Refresh] rebuilding @ webpack-internal:///(app-pages-browser)/./node_modules/next/dist/next-devtools/shared/forward-logs-shared.js:44
[   18500ms] [LOG] [Fast Refresh] done in 14ms @ webpack-internal:///(app-pages-browser)/./node_modules/next/dist/next-devtools/shared/forward-logs-shared.js:44
[   18529ms] [WARNING] Error while trying to use the following icon from the Manifest: http://localhost:3000/icons/icon-192.png (Download error or resource isn't a valid image) @ http://localhost:3000/login:0
[   18544ms] [LOG] [Fast Refresh] rebuilding @ webpack-internal:///(app-pages-browser)/./node_modules/next/dist/next-devtools/shared/forward-logs-shared.js:44
[   18556ms] [LOG] [Fast Refresh] done in 11ms @ webpack-internal:///(app-pages-browser)/./node_modules/next/dist/next-devtools/shared/forward-logs-shared.js:44
[   18600ms] [LOG] [Fast Refresh] rebuilding @ webpack-internal:///(app-pages-browser)/./node_modules/next/dist/next-devtools/shared/forward-logs-shared.js:44
[   18614ms] [LOG] [Fast Refresh] done in 15ms @ webpack-internal:///(app-pages-browser)/./node_modules/next/dist/next-devtools/shared/forward-logs-shared.js:44
[   18643ms] [WARNING] Error while trying to use the following icon from the Manifest: http://localhost:3000/icons/icon-192.png (Download error or resource isn't a valid image) @ http://localhost:3000/login:0
[   18659ms] [LOG] [Fast Refresh] rebuilding @ webpack-internal:///(app-pages-browser)/./node_modules/next/dist/next-devtools/shared/forward-logs-shared.js:44
[   18670ms] [LOG] [Fast Refresh] done in 11ms @ webpack-internal:///(app-pages-browser)/./node_modules/next/dist/next-devtools/shared/forward-logs-shared.js:44
[   18696ms] [WARNING] Error while trying to use the following icon from the Manifest: http://localhost:3000/icons/icon-192.png (Download error or resource isn't a valid image) @ http://localhost:3000/login:0
[   18713ms] [LOG] [Fast Refresh] rebuilding @ webpack-internal:///(app-pages-browser)/./node_modules/next/dist/next-devtools/shared/forward-logs-shared.js:44
[   18728ms] [LOG] [Fast Refresh] done in 15ms @ webpack-internal:///(app-pages-browser)/./node_modules/next/dist/next-devtools/shared/forward-logs-shared.js:44
[   18755ms] [WARNING] Error while trying to use the following icon from the Manifest: http://localhost:3000/icons/icon-192.png (Download error or resource isn't a valid image) @ http://localhost:3000/login:0
[   18771ms] [LOG] [Fast Refresh] rebuilding @ webpack-internal:///(app-pages-browser)/./node_modules/next/dist/next-devtools/shared/forward-logs-shared.js:44
[   18782ms] [LOG] [Fast Refresh] done in 12ms @ webpack-internal:///(app-pages-browser)/./node_modules/next/dist/next-devtools/shared/forward-logs-shared.js:44
[   18812ms] [WARNING] Error while trying to use the following icon from the Manifest: http://localhost:3000/icons/icon-192.png (Download error or resource isn't a valid image) @ http://localhost:3000/login:0
[   18829ms] [LOG] [Fast Refresh] rebuilding @ webpack-internal:///(app-pages-browser)/./node_modules/next/dist/next-devtools/shared/forward-logs-shared.js:44
[   18844ms] [LOG] [Fast Refresh] done in 15ms @ webpack-internal:///(app-pages-browser)/./node_modules/next/dist/next-devtools/shared/forward-logs-shared.js:44
[   18873ms] [WARNING] Error while trying to use the following icon from the Manifest: http://localhost:3000/icons/icon-192.png (Download error or resource isn't a valid image) @ http://localhost:3000/login:0
[   18890ms] [LOG] [Fast Refresh] rebuilding @ webpack-internal:///(app-pages-browser)/./node_modules/next/dist/next-devtools/shared/forward-logs-shared.js:44
[   18903ms] [LOG] [Fast Refresh] done in 13ms @ webpack-internal:///(app-pages-browser)/./node_modules/next/dist/next-devtools/shared/forward-logs-shared.js:44
[   18934ms] [WARNING] Error while trying to use the following icon from the Manifest: http://localhost:3000/icons/icon-192.png (Download error or resource isn't a valid image) @ http://localhost:3000/login:0
[   18952ms] [LOG] [Fast Refresh] rebuilding @ webpack-internal:///(app-pages-browser)/./node_modules/next/dist/next-devtools/shared/forward-logs-shared.js:44
[   18967ms] [LOG] [Fast Refresh] done in 15ms @ webpack-internal:///(app-pages-browser)/./node_modules/next/dist/next-devtools/shared/forward-logs-shared.js:44
[   18997ms] [WARNING] Error while trying to use the following icon from the Manifest: http://localhost:3000/icons/icon-192.png (Download error or resource isn't a valid image) @ http://localhost:3000/login:0
[   19014ms] [LOG] [Fast Refresh] rebuilding @ webpack-internal:///(app-pages-browser)/./node_modules/next/dist/next-devtools/shared/forward-logs-shared.js:44
[   19026ms] [LOG] [Fast Refresh] done in 13ms @ webpack-internal:///(app-pages-browser)/./node_modules/next/dist/next-devtools/shared/forward-logs-shared.js:44
[   19058ms] [WARNING] Error while trying to use the following icon from the Manifest: http://localhost:3000/icons/icon-192.png (Download error or resource isn't a valid image) @ http://localhost:3000/login:0
[   19075ms] [LOG] [Fast Refresh] rebuilding @ webpack-internal:///(app-pages-browser)/./node_modules/next/dist/next-devtools/shared/forward-logs-shared.js:44
[   19090ms] [LOG] [Fast Refresh] done in 15ms @ webpack-internal:///(app-pages-browser)/./node_modules/next/dist/next-devtools/shared/forward-logs-shared.js:44
[   19118ms] [WARNING] Error while trying to use the following icon from the Manifest: http://localhost:3000/icons/icon-192.png (Download error or resource isn't a valid image) @ http://localhost:3000/login:0
[   19134ms] [LOG] [Fast Refresh] rebuilding @ webpack-internal:///(app-pages-browser)/./node_modules/next/dist/next-devtools/shared/forward-logs-shared.js:44
[   19146ms] [LOG] [Fast Refresh] done in 13ms @ webpack-internal:///(app-pages-browser)/./node_modules/next/dist/next-devtools/shared/forward-logs-shared.js:44
[   19174ms] [WARNING] Error while trying to use the following icon from the Manifest: http://localhost:3000/icons/icon-192.png (Download error or resource isn't a valid image) @ http://localhost:3000/login:0
[   19191ms] [LOG] [Fast Refresh] rebuilding @ webpack-internal:///(app-pages-browser)/./node_modules/next/dist/next-devtools/shared/forward-logs-shared.js:44
[   19207ms] [LOG] [Fast Refresh] done in 17ms @ webpack-internal:///(app-pages-browser)/./node_modules/next/dist/next-devtools/shared/forward-logs-shared.js:44
[   19237ms] [WARNING] Error while trying to use the following icon from the Manifest: http://localhost:3000/icons/icon-192.png (Download error or resource isn't a valid image) @ http://localhost:3000/login:0
[   19252ms] [LOG] [Fast Refresh] rebuilding @ webpack-internal:///(app-pages-browser)/./node_modules/next/dist/next-devtools/shared/forward-logs-shared.js:44
[   19264ms] [LOG] [Fast Refresh] done in 11ms @ webpack-internal:///(app-pages-browser)/./node_modules/next/dist/next-devtools/shared/forward-logs-shared.js:44
[   19291ms] [WARNING] Error while trying to use the following icon from the Manifest: http://localhost:3000/icons/icon-192.png (Download error or resource isn't a valid image) @ http://localhost:3000/login:0
[   19308ms] [LOG] [Fast Refresh] rebuilding @ webpack-internal:///(app-pages-browser)/./node_modules/next/dist/next-devtools/shared/forward-logs-shared.js:44
[   19324ms] [LOG] [Fast Refresh] done in 15ms @ webpack-internal:///(app-pages-browser)/./node_modules/next/dist/next-devtools/shared/forward-logs-shared.js:44
[   19353ms] [WARNING] Error while trying to use the following icon from the Manifest: http://localhost:3000/icons/icon-192.png (Download error or resource isn't a valid image) @ http://localhost:3000/login:0
[   19369ms] [LOG] [Fast Refresh] rebuilding @ webpack-internal:///(app-pages-browser)/./node_modules/next/dist/next-devtools/shared/forward-logs-shared.js:44
[   19380ms] [LOG] [Fast Refresh] done in 12ms @ webpack-internal:///(app-pages-browser)/./node_modules/next/dist/next-devtools/shared/forward-logs-shared.js:44
[   19411ms] [WARNING] Error while trying to use the following icon from the Manifest: http://localhost:3000/icons/icon-192.png (Download error or resource isn't a valid image) @ http://localhost:3000/login:0
[   19429ms] [LOG] [Fast Refresh] rebuilding @ webpack-internal:///(app-pages-browser)/./node_modules/next/dist/next-devtools/shared/forward-logs-shared.js:44
[   19445ms] [LOG] [Fast Refresh] done in 15ms @ webpack-internal:///(app-pages-browser)/./node_modules/next/dist/next-devtools/shared/forward-logs-shared.js:44
[   19468ms] [WARNING] Error while trying to use the following icon from the Manifest: http://localhost:3000/icons/icon-192.png (Download error or resource isn't a valid image) @ http://localhost:3000/login:0
[   19489ms] [LOG] [Fast Refresh] rebuilding @ webpack-internal:///(app-pages-browser)/./node_modules/next/dist/next-devtools/shared/forward-logs-shared.js:44
[   19500ms] [LOG] [Fast Refresh] done in 11ms @ webpack-internal:///(app-pages-browser)/./node_modules/next/dist/next-devtools/shared/forward-logs-shared.js:44
[   19555ms] [LOG] [Fast Refresh] rebuilding @ webpack-internal:///(app-pages-browser)/./node_modules/next/dist/next-devtools/shared/forward-logs-shared.js:44
[   19571ms] [LOG] [Fast Refresh] done in 16ms @ webpack-internal:///(app-pages-browser)/./node_modules/next/dist/next-devtools/shared/forward-logs-shared.js:44
[   19598ms] [WARNING] Error while trying to use the following icon from the Manifest: http://localhost:3000/icons/icon-192.png (Download error or resource isn't a valid image) @ http://localhost:3000/login:0
[   19614ms] [LOG] [Fast Refresh] rebuilding @ webpack-internal:///(app-pages-browser)/./node_modules/next/dist/next-devtools/shared/forward-logs-shared.js:44
[   19625ms] [LOG] [Fast Refresh] done in 11ms @ webpack-internal:///(app-pages-browser)/./node_modules/next/dist/next-devtools/shared/forward-logs-shared.js:44
[   19654ms] [WARNING] Error while trying to use the following icon from the Manifest: http://localhost:3000/icons/icon-192.png (Download error or resource isn't a valid image) @ http://localhost:3000/login:0
[   19671ms] [LOG] [Fast Refresh] rebuilding @ webpack-internal:///(app-pages-browser)/./node_modules/next/dist/next-devtools/shared/forward-logs-shared.js:44
[   19686ms] [LOG] [Fast Refresh] done in 16ms @ webpack-internal:///(app-pages-browser)/./node_modules/next/dist/next-devtools/shared/forward-logs-shared.js:44
[   19714ms] [WARNING] Error while trying to use the following icon from the Manifest: http://localhost:3000/icons/icon-192.png (Download error or resource isn't a valid image) @ http://localhost:3000/login:0
[   19730ms] [LOG] [Fast Refresh] rebuilding @ webpack-internal:///(app-pages-browser)/./node_modules/next/dist/next-devtools/shared/forward-logs-shared.js:44
[   19742ms] [LOG] [Fast Refresh] done in 11ms @ webpack-internal:///(app-pages-browser)/./node_modules/next/dist/next-devtools/shared/forward-logs-shared.js:44
[   19768ms] [WARNING] Error while trying to use the following icon from the Manifest: http://localhost:3000/icons/icon-192.png (Download error or resource isn't a valid image) @ http://localhost:3000/login:0
[   19786ms] [LOG] [Fast Refresh] rebuilding @ webpack-internal:///(app-pages-browser)/./node_modules/next/dist/next-devtools/shared/forward-logs-shared.js:44
[   19801ms] [LOG] [Fast Refresh] done in 15ms @ webpack-internal:///(app-pages-browser)/./node_modules/next/dist/next-devtools/shared/forward-logs-shared.js:44
[   19846ms] [LOG] [Fast Refresh] rebuilding @ webpack-internal:///(app-pages-browser)/./node_modules/next/dist/next-devtools/shared/forward-logs-shared.js:44
[   19857ms] [LOG] [Fast Refresh] done in 11ms @ webpack-internal:///(app-pages-browser)/./node_modules/next/dist/next-devtools/shared/forward-logs-shared.js:44
[   19885ms] [WARNING] Error while trying to use the following icon from the Manifest: http://localhost:3000/icons/icon-192.png (Download error or resource isn't a valid image) @ http://localhost:3000/login:0
[   19902ms] [LOG] [Fast Refresh] rebuilding @ webpack-internal:///(app-pages-browser)/./node_modules/next/dist/next-devtools/shared/forward-logs-shared.js:44
[   19918ms] [LOG] [Fast Refresh] done in 15ms @ webpack-internal:///(app-pages-browser)/./node_modules/next/dist/next-devtools/shared/forward-logs-shared.js:44
[   19948ms] [WARNING] Error while trying to use the following icon from the Manifest: http://localhost:3000/icons/icon-192.png (Download error or resource isn't a valid image) @ http://localhost:3000/login:0
[   19964ms] [LOG] [Fast Refresh] rebuilding @ webpack-internal:///(app-pages-browser)/./node_modules/next/dist/next-devtools/shared/forward-logs-shared.js:44
[   19975ms] [LOG] [Fast Refresh] done in 12ms @ webpack-internal:///(app-pages-browser)/./node_modules/next/dist/next-devtools/shared/forward-logs-shared.js:44
[   20002ms] [WARNING] Error while trying to use the following icon from the Manifest: http://localhost:3000/icons/icon-192.png (Download error or resource isn't a valid image) @ http://localhost:3000/login:0
[   20019ms] [LOG] [Fast Refresh] rebuilding @ webpack-internal:///(app-pages-browser)/./node_modules/next/dist/next-devtools/shared/forward-logs-shared.js:44
[   20034ms] [LOG] [Fast Refresh] done in 15ms @ webpack-internal:///(app-pages-browser)/./node_modules/next/dist/next-devtools/shared/forward-logs-shared.js:44
[   20063ms] [WARNING] Error while trying to use the following icon from the Manifest: http://localhost:3000/icons/icon-192.png (Download error or resource isn't a valid image) @ http://localhost:3000/login:0
[   20079ms] [LOG] [Fast Refresh] rebuilding @ webpack-internal:///(app-pages-browser)/./node_modules/next/dist/next-devtools/shared/forward-logs-shared.js:44
[   20091ms] [LOG] [Fast Refresh] done in 11ms @ webpack-internal:///(app-pages-browser)/./node_modules/next/dist/next-devtools/shared/forward-logs-shared.js:44
[   20117ms] [WARNING] Error while trying to use the following icon from the Manifest: http://localhost:3000/icons/icon-192.png (Download error or resource isn't a valid image) @ http://localhost:3000/login:0
[   20133ms] [LOG] [Fast Refresh] rebuilding @ webpack-internal:///(app-pages-browser)/./node_modules/next/dist/next-devtools/shared/forward-logs-shared.js:44
[   20149ms] [LOG] [Fast Refresh] done in 15ms @ webpack-internal:///(app-pages-browser)/./node_modules/next/dist/next-devtools/shared/forward-logs-shared.js:44
[   20192ms] [LOG] [Fast Refresh] rebuilding @ webpack-internal:///(app-pages-browser)/./node_modules/next/dist/next-devtools/shared/forward-logs-shared.js:44
[   20203ms] [LOG] [Fast Refresh] done in 12ms @ webpack-internal:///(app-pages-browser)/./node_modules/next/dist/next-devtools/shared/forward-logs-shared.js:44
[   20231ms] [WARNING] Error while trying to use the following icon from the Manifest: http://localhost:3000/icons/icon-192.png (Download error or resource isn't a valid image) @ http://localhost:3000/login:0
[   20248ms] [LOG] [Fast Refresh] rebuilding @ webpack-internal:///(app-pages-browser)/./node_modules/next/dist/next-devtools/shared/forward-logs-shared.js:44
[   20263ms] [LOG] [Fast Refresh] done in 14ms @ webpack-internal:///(app-pages-browser)/./node_modules/next/dist/next-devtools/shared/forward-logs-shared.js:44
[   20292ms] [WARNING] Error while trying to use the following icon from the Manifest: http://localhost:3000/icons/icon-192.png (Download error or resource isn't a valid image) @ http://localhost:3000/login:0
[   20308ms] [LOG] [Fast Refresh] rebuilding @ webpack-internal:///(app-pages-browser)/./node_modules/next/dist/next-devtools/shared/forward-logs-shared.js:44
[   20319ms] [LOG] [Fast Refresh] done in 11ms @ webpack-internal:///(app-pages-browser)/./node_modules/next/dist/next-devtools/shared/forward-logs-shared.js:44
[   20346ms] [WARNING] Error while trying to use the following icon from the Manifest: http://localhost:3000/icons/icon-192.png (Download error or resource isn't a valid image) @ http://localhost:3000/login:0
[   20362ms] [LOG] [Fast Refresh] rebuilding @ webpack-internal:///(app-pages-browser)/./node_modules/next/dist/next-devtools/shared/forward-logs-shared.js:44
[   20377ms] [LOG] [Fast Refresh] done in 15ms @ webpack-internal:///(app-pages-browser)/./node_modules/next/dist/next-devtools/shared/forward-logs-shared.js:44
[   20404ms] [WARNING] Error while trying to use the following icon from the Manifest: http://localhost:3000/icons/icon-192.png (Download error or resource isn't a valid image) @ http://localhost:3000/login:0
[   20420ms] [LOG] [Fast Refresh] rebuilding @ webpack-internal:///(app-pages-browser)/./node_modules/next/dist/next-devtools/shared/forward-logs-shared.js:44
[   20432ms] [LOG] [Fast Refresh] done in 12ms @ webpack-internal:///(app-pages-browser)/./node_modules/next/dist/next-devtools/shared/forward-logs-shared.js:44
[   20462ms] [WARNING] Error while trying to use the following icon from the Manifest: http://localhost:3000/icons/icon-192.png (Download error or resource isn't a valid image) @ http://localhost:3000/login:0
[   20479ms] [LOG] [Fast Refresh] rebuilding @ webpack-internal:///(app-pages-browser)/./node_modules/next/dist/next-devtools/shared/forward-logs-shared.js:44
[   20494ms] [LOG] [Fast Refresh] done in 16ms @ webpack-internal:///(app-pages-browser)/./node_modules/next/dist/next-devtools/shared/forward-logs-shared.js:44
[   20522ms] [WARNING] Error while trying to use the following icon from the Manifest: http://localhost:3000/icons/icon-192.png (Download error or resource isn't a valid image) @ http://localhost:3000/login:0
[   20538ms] [LOG] [Fast Refresh] rebuilding @ webpack-internal:///(app-pages-browser)/./node_modules/next/dist/next-devtools/shared/forward-logs-shared.js:44
[   20550ms] [LOG] [Fast Refresh] done in 12ms @ webpack-internal:///(app-pages-browser)/./node_modules/next/dist/next-devtools/shared/forward-logs-shared.js:44
[   20578ms] [WARNING] Error while trying to use the following icon from the Manifest: http://localhost:3000/icons/icon-192.png (Download error or resource isn't a valid image) @ http://localhost:3000/login:0
[   20596ms] [LOG] [Fast Refresh] rebuilding @ webpack-internal:///(app-pages-browser)/./node_modules/next/dist/next-devtools/shared/forward-logs-shared.js:44
[   20611ms] [LOG] [Fast Refresh] done in 15ms @ webpack-internal:///(app-pages-browser)/./node_modules/next/dist/next-devtools/shared/forward-logs-shared.js:44
[   20653ms] [LOG] [Fast Refresh] rebuilding @ webpack-internal:///(app-pages-browser)/./node_modules/next/dist/next-devtools/shared/forward-logs-shared.js:44
[   20664ms] [LOG] [Fast Refresh] done in 11ms @ webpack-internal:///(app-pages-browser)/./node_modules/next/dist/next-devtools/shared/forward-logs-shared.js:44
[   20693ms] [WARNING] Error while trying to use the following icon from the Manifest: http://localhost:3000/icons/icon-192.png (Download error or resource isn't a valid image) @ http://localhost:3000/login:0
[   20710ms] [LOG] [Fast Refresh] rebuilding @ webpack-internal:///(app-pages-browser)/./node_modules/next/dist/next-devtools/shared/forward-logs-shared.js:44
[   20724ms] [LOG] [Fast Refresh] done in 15ms @ webpack-internal:///(app-pages-browser)/./node_modules/next/dist/next-devtools/shared/forward-logs-shared.js:44
[   20752ms] [WARNING] Error while trying to use the following icon from the Manifest: http://localhost:3000/icons/icon-192.png (Download error or resource isn't a valid image) @ http://localhost:3000/login:0
[   20769ms] [LOG] [Fast Refresh] rebuilding @ webpack-internal:///(app-pages-browser)/./node_modules/next/dist/next-devtools/shared/forward-logs-shared.js:44
[   20780ms] [LOG] [Fast Refresh] done in 12ms @ webpack-internal:///(app-pages-browser)/./node_modules/next/dist/next-devtools/shared/forward-logs-shared.js:44
[   20807ms] [WARNING] Error while trying to use the following icon from the Manifest: http://localhost:3000/icons/icon-192.png (Download error or resource isn't a valid image) @ http://localhost:3000/login:0
[   20824ms] [LOG] [Fast Refresh] rebuilding @ webpack-internal:///(app-pages-browser)/./node_modules/next/dist/next-devtools/shared/forward-logs-shared.js:44
[   20838ms] [LOG] [Fast Refresh] done in 15ms @ webpack-internal:///(app-pages-browser)/./node_modules/next/dist/next-devtools/shared/forward-logs-shared.js:44
[   20864ms] [WARNING] Error while trying to use the following icon from the Manifest: http://localhost:3000/icons/icon-192.png (Download error or resource isn't a valid image) @ http://localhost:3000/login:0
[   20884ms] [LOG] [Fast Refresh] rebuilding @ webpack-internal:///(app-pages-browser)/./node_modules/next/dist/next-devtools/shared/forward-logs-shared.js:44
[   20896ms] [LOG] [Fast Refresh] done in 11ms @ webpack-internal:///(app-pages-browser)/./node_modules/next/dist/next-devtools/shared/forward-logs-shared.js:44
[   20923ms] [WARNING] Error while trying to use the following icon from the Manifest: http://localhost:3000/icons/icon-192.png (Download error or resource isn't a valid image) @ http://localhost:3000/login:0
[   20939ms] [LOG] [Fast Refresh] rebuilding @ webpack-internal:///(app-pages-browser)/./node_modules/next/dist/next-devtools/shared/forward-logs-shared.js:44
[   20954ms] [LOG] [Fast Refresh] done in 15ms @ webpack-internal:///(app-pages-browser)/./node_modules/next/dist/next-devtools/shared/forward-logs-shared.js:44
[   20983ms] [WARNING] Error while trying to use the following icon from the Manifest: http://localhost:3000/icons/icon-192.png (Download error or resource isn't a valid image) @ http://localhost:3000/login:0
[   21000ms] [LOG] [Fast Refresh] rebuilding @ webpack-internal:///(app-pages-browser)/./node_modules/next/dist/next-devtools/shared/forward-logs-shared.js:44
[   21011ms] [LOG] [Fast Refresh] done in 11ms @ webpack-internal:///(app-pages-browser)/./node_modules/next/dist/next-devtools/shared/forward-logs-shared.js:44
[   21039ms] [WARNING] Error while trying to use the following icon from the Manifest: http://localhost:3000/icons/icon-192.png (Download error or resource isn't a valid image) @ http://localhost:3000/login:0
[   21055ms] [LOG] [Fast Refresh] rebuilding @ webpack-internal:///(app-pages-browser)/./node_modules/next/dist/next-devtools/shared/forward-logs-shared.js:44
[   21070ms] [LOG] [Fast Refresh] done in 15ms @ webpack-internal:///(app-pages-browser)/./node_modules/next/dist/next-devtools/shared/forward-logs-shared.js:44
[   21098ms] [WARNING] Error while trying to use the following icon from the Manifest: http://localhost:3000/icons/icon-192.png (Download error or resource isn't a valid image) @ http://localhost:3000/login:0
[   21114ms] [LOG] [Fast Refresh] rebuilding @ webpack-internal:///(app-pages-browser)/./node_modules/next/dist/next-devtools/shared/forward-logs-shared.js:44
[   21125ms] [LOG] [Fast Refresh] done in 12ms @ webpack-internal:///(app-pages-browser)/./node_modules/next/dist/next-devtools/shared/forward-logs-shared.js:44
[   21166ms] [LOG] [Fast Refresh] rebuilding @ webpack-internal:///(app-pages-browser)/./node_modules/next/dist/next-devtools/shared/forward-logs-shared.js:44
[   21181ms] [LOG] [Fast Refresh] done in 15ms @ webpack-internal:///(app-pages-browser)/./node_modules/next/dist/next-devtools/shared/forward-logs-shared.js:44
[   21210ms] [WARNING] Error while trying to use the following icon from the Manifest: http://localhost:3000/icons/icon-192.png (Download error or resource isn't a valid image) @ http://localhost:3000/login:0
[   21226ms] [LOG] [Fast Refresh] rebuilding @ webpack-internal:///(app-pages-browser)/./node_modules/next/dist/next-devtools/shared/forward-logs-shared.js:44
[   21238ms] [LOG] [Fast Refresh] done in 11ms @ webpack-internal:///(app-pages-browser)/./node_modules/next/dist/next-devtools/shared/forward-logs-shared.js:44
[   21265ms] [WARNING] Error while trying to use the following icon from the Manifest: http://localhost:3000/icons/icon-192.png (Download error or resource isn't a valid image) @ http://localhost:3000/login:0
[   21282ms] [LOG] [Fast Refresh] rebuilding @ webpack-internal:///(app-pages-browser)/./node_modules/next/dist/next-devtools/shared/forward-logs-shared.js:44
[   21297ms] [LOG] [Fast Refresh] done in 15ms @ webpack-internal:///(app-pages-browser)/./node_modules/next/dist/next-devtools/shared/forward-logs-shared.js:44
[   21324ms] [WARNING] Error while trying to use the following icon from the Manifest: http://localhost:3000/icons/icon-192.png (Download error or resource isn't a valid image) @ http://localhost:3000/login:0
[   21340ms] [LOG] [Fast Refresh] rebuilding @ webpack-internal:///(app-pages-browser)/./node_modules/next/dist/next-devtools/shared/forward-logs-shared.js:44
[   21352ms] [LOG] [Fast Refresh] done in 11ms @ webpack-internal:///(app-pages-browser)/./node_modules/next/dist/next-devtools/shared/forward-logs-shared.js:44
[   21396ms] [LOG] [Fast Refresh] rebuilding @ webpack-internal:///(app-pages-browser)/./node_modules/next/dist/next-devtools/shared/forward-logs-shared.js:44
[   21411ms] [LOG] [Fast Refresh] done in 15ms @ webpack-internal:///(app-pages-browser)/./node_modules/next/dist/next-devtools/shared/forward-logs-shared.js:44
[   21440ms] [WARNING] Error while trying to use the following icon from the Manifest: http://localhost:3000/icons/icon-192.png (Download error or resource isn't a valid image) @ http://localhost:3000/login:0
[   21457ms] [LOG] [Fast Refresh] rebuilding @ webpack-internal:///(app-pages-browser)/./node_modules/next/dist/next-devtools/shared/forward-logs-shared.js:44
[   21469ms] [LOG] [Fast Refresh] done in 13ms @ webpack-internal:///(app-pages-browser)/./node_modules/next/dist/next-devtools/shared/forward-logs-shared.js:44
[   21511ms] [LOG] [Fast Refresh] rebuilding @ webpack-internal:///(app-pages-browser)/./node_modules/next/dist/next-devtools/shared/forward-logs-shared.js:44
[   21526ms] [LOG] [Fast Refresh] done in 14ms @ webpack-internal:///(app-pages-browser)/./node_modules/next/dist/next-devtools/shared/forward-logs-shared.js:44
[   21554ms] [WARNING] Error while trying to use the following icon from the Manifest: http://localhost:3000/icons/icon-192.png (Download error or resource isn't a valid image) @ http://localhost:3000/login:0
[   21570ms] [LOG] [Fast Refresh] rebuilding @ webpack-internal:///(app-pages-browser)/./node_modules/next/dist/next-devtools/shared/forward-logs-shared.js:44
[   21581ms] [LOG] [Fast Refresh] done in 11ms @ webpack-internal:///(app-pages-browser)/./node_modules/next/dist/next-devtools/shared/forward-logs-shared.js:44
[   21610ms] [WARNING] Error while trying to use the following icon from the Manifest: http://localhost:3000/icons/icon-192.png (Download error or resource isn't a valid image) @ http://localhost:3000/login:0
[   21627ms] [LOG] [Fast Refresh] rebuilding @ webpack-internal:///(app-pages-browser)/./node_modules/next/dist/next-devtools/shared/forward-logs-shared.js:44
[   21642ms] [LOG] [Fast Refresh] done in 15ms @ webpack-internal:///(app-pages-browser)/./node_modules/next/dist/next-devtools/shared/forward-logs-shared.js:44
[   21669ms] [WARNING] Error while trying to use the following icon from the Manifest: http://localhost:3000/icons/icon-192.png (Download error or resource isn't a valid image) @ http://localhost:3000/login:0
[   21685ms] [LOG] [Fast Refresh] rebuilding @ webpack-internal:///(app-pages-browser)/./node_modules/next/dist/next-devtools/shared/forward-logs-shared.js:44
[   21696ms] [LOG] [Fast Refresh] done in 12ms @ webpack-internal:///(app-pages-browser)/./node_modules/next/dist/next-devtools/shared/forward-logs-shared.js:44
[   21723ms] [WARNING] Error while trying to use the following icon from the Manifest: http://localhost:3000/icons/icon-192.png (Download error or resource isn't a valid image) @ http://localhost:3000/login:0
[   21740ms] [LOG] [Fast Refresh] rebuilding @ webpack-internal:///(app-pages-browser)/./node_modules/next/dist/next-devtools/shared/forward-logs-shared.js:44
[   21754ms] [LOG] [Fast Refresh] done in 14ms @ webpack-internal:///(app-pages-browser)/./node_modules/next/dist/next-devtools/shared/forward-logs-shared.js:44
[   21781ms] [WARNING] Error while trying to use the following icon from the Manifest: http://localhost:3000/icons/icon-192.png (Download error or resource isn't a valid image) @ http://localhost:3000/login:0
[   21797ms] [LOG] [Fast Refresh] rebuilding @ webpack-internal:///(app-pages-browser)/./node_modules/next/dist/next-devtools/shared/forward-logs-shared.js:44
[   21808ms] [LOG] [Fast Refresh] done in 11ms @ webpack-internal:///(app-pages-browser)/./node_modules/next/dist/next-devtools/shared/forward-logs-shared.js:44
[   21834ms] [WARNING] Error while trying to use the following icon from the Manifest: http://localhost:3000/icons/icon-192.png (Download error or resource isn't a valid image) @ http://localhost:3000/login:0
[   21851ms] [LOG] [Fast Refresh] rebuilding @ webpack-internal:///(app-pages-browser)/./node_modules/next/dist/next-devtools/shared/forward-logs-shared.js:44
[   21865ms] [LOG] [Fast Refresh] done in 15ms @ webpack-internal:///(app-pages-browser)/./node_modules/next/dist/next-devtools/shared/forward-logs-shared.js:44
[   21896ms] [WARNING] Error while trying to use the following icon from the Manifest: http://localhost:3000/icons/icon-192.png (Download error or resource isn't a valid image) @ http://localhost:3000/login:0
[   21911ms] [LOG] [Fast Refresh] rebuilding @ webpack-internal:///(app-pages-browser)/./node_modules/next/dist/next-devtools/shared/forward-logs-shared.js:44
[   21922ms] [LOG] [Fast Refresh] done in 10ms @ webpack-internal:///(app-pages-browser)/./node_modules/next/dist/next-devtools/shared/forward-logs-shared.js:44
[   21931ms] [WARNING] Error while trying to use the following icon from the Manifest: http://localhost:3000/icons/icon-192.png (Download error or resource isn't a valid image) @ http://localhost:3000/login:0
[   21973ms] [LOG] [Fast Refresh] rebuilding @ webpack-internal:///(app-pages-browser)/./node_modules/next/dist/next-devtools/shared/forward-logs-shared.js:44
[   21988ms] [LOG] [Fast Refresh] done in 15ms @ webpack-internal:///(app-pages-browser)/./node_modules/next/dist/next-devtools/shared/forward-logs-shared.js:44
[   22011ms] [WARNING] Error while trying to use the following icon from the Manifest: http://localhost:3000/icons/icon-192.png (Download error or resource isn't a valid image) @ http://localhost:3000/login:0
[   22031ms] [LOG] [Fast Refresh] rebuilding @ webpack-internal:///(app-pages-browser)/./node_modules/next/dist/next-devtools/shared/forward-logs-shared.js:44
[   22044ms] [LOG] [Fast Refresh] done in 12ms @ webpack-internal:///(app-pages-browser)/./node_modules/next/dist/next-devtools/shared/forward-logs-shared.js:44
[   22086ms] [LOG] [Fast Refresh] rebuilding @ webpack-internal:///(app-pages-browser)/./node_modules/next/dist/next-devtools/shared/forward-logs-shared.js:44
[   22101ms] [LOG] [Fast Refresh] done in 15ms @ webpack-internal:///(app-pages-browser)/./node_modules/next/dist/next-devtools/shared/forward-logs-shared.js:44
[   22131ms] [WARNING] Error while trying to use the following icon from the Manifest: http://localhost:3000/icons/icon-192.png (Download error or resource isn't a valid image) @ http://localhost:3000/login:0
[   22147ms] [LOG] [Fast Refresh] rebuilding @ webpack-internal:///(app-pages-browser)/./node_modules/next/dist/next-devtools/shared/forward-logs-shared.js:44
[   22158ms] [LOG] [Fast Refresh] done in 11ms @ webpack-internal:///(app-pages-browser)/./node_modules/next/dist/next-devtools/shared/forward-logs-shared.js:44
[   22185ms] [WARNING] Error while trying to use the following icon from the Manifest: http://localhost:3000/icons/icon-192.png (Download error or resource isn't a valid image) @ http://localhost:3000/login:0
[   22202ms] [LOG] [Fast Refresh] rebuilding @ webpack-internal:///(app-pages-browser)/./node_modules/next/dist/next-devtools/shared/forward-logs-shared.js:44
[   22217ms] [LOG] [Fast Refresh] done in 14ms @ webpack-internal:///(app-pages-browser)/./node_modules/next/dist/next-devtools/shared/forward-logs-shared.js:44
[   22246ms] [WARNING] Error while trying to use the following icon from the Manifest: http://localhost:3000/icons/icon-192.png (Download error or resource isn't a valid image) @ http://localhost:3000/login:0
[   22262ms] [LOG] [Fast Refresh] rebuilding @ webpack-internal:///(app-pages-browser)/./node_modules/next/dist/next-devtools/shared/forward-logs-shared.js:44
[   22273ms] [LOG] [Fast Refresh] done in 11ms @ webpack-internal:///(app-pages-browser)/./node_modules/next/dist/next-devtools/shared/forward-logs-shared.js:44
[   22305ms] [WARNING] Error while trying to use the following icon from the Manifest: http://localhost:3000/icons/icon-192.png (Download error or resource isn't a valid image) @ http://localhost:3000/login:0
[   22321ms] [LOG] [Fast Refresh] rebuilding @ webpack-internal:///(app-pages-browser)/./node_modules/next/dist/next-devtools/shared/forward-logs-shared.js:44
[   22335ms] [LOG] [Fast Refresh] done in 13ms @ webpack-internal:///(app-pages-browser)/./node_modules/next/dist/next-devtools/shared/forward-logs-shared.js:44
[   22363ms] [WARNING] Error while trying to use the following icon from the Manifest: http://localhost:3000/icons/icon-192.png (Download error or resource isn't a valid image) @ http://localhost:3000/login:0
[   22380ms] [LOG] [Fast Refresh] rebuilding @ webpack-internal:///(app-pages-browser)/./node_modules/next/dist/next-devtools/shared/forward-logs-shared.js:44
[   22401ms] [LOG] [Fast Refresh] done in 20ms @ webpack-internal:///(app-pages-browser)/./node_modules/next/dist/next-devtools/shared/forward-logs-shared.js:44
[   22440ms] [WARNING] Error while trying to use the following icon from the Manifest: http://localhost:3000/icons/icon-192.png (Download error or resource isn't a valid image) @ http://localhost:3000/login:0
[   22463ms] [LOG] [Fast Refresh] rebuilding @ webpack-internal:///(app-pages-browser)/./node_modules/next/dist/next-devtools/shared/forward-logs-shared.js:44
[   22479ms] [LOG] [Fast Refresh] done in 16ms @ webpack-internal:///(app-pages-browser)/./node_modules/next/dist/next-devtools/shared/forward-logs-shared.js:44
[   22509ms] [WARNING] Error while trying to use the following icon from the Manifest: http://localhost:3000/icons/icon-192.png (Download error or resource isn't a valid image) @ http://localhost:3000/login:0
[   22524ms] [LOG] [Fast Refresh] rebuilding @ webpack-internal:///(app-pages-browser)/./node_modules/next/dist/next-devtools/shared/forward-logs-shared.js:44
[   22536ms] [LOG] [Fast Refresh] done in 11ms @ webpack-internal:///(app-pages-browser)/./node_modules/next/dist/next-devtools/shared/forward-logs-shared.js:44
[   22563ms] [WARNING] Error while trying to use the following icon from the Manifest: http://localhost:3000/icons/icon-192.png (Download error or resource isn't a valid image) @ http://localhost:3000/login:0
[   22580ms] [LOG] [Fast Refresh] rebuilding @ webpack-internal:///(app-pages-browser)/./node_modules/next/dist/next-devtools/shared/forward-logs-shared.js:44
[   22604ms] [LOG] [Fast Refresh] done in 23ms @ webpack-internal:///(app-pages-browser)/./node_modules/next/dist/next-devtools/shared/forward-logs-shared.js:44
[   22672ms] [LOG] [Fast Refresh] rebuilding @ webpack-internal:///(app-pages-browser)/./node_modules/next/dist/next-devtools/shared/forward-logs-shared.js:44
[   22710ms] [LOG] [Fast Refresh] done in 39ms @ webpack-internal:///(app-pages-browser)/./node_modules/next/dist/next-devtools/shared/forward-logs-shared.js:44
[   23037ms] [LOG] [Fast Refresh] rebuilding @ webpack-internal:///(app-pages-browser)/./node_modules/next/dist/next-devtools/shared/forward-logs-shared.js:44
[   23039ms] [WARNING] Error while trying to use the following icon from the Manifest: http://localhost:3000/icons/icon-192.png (Download error or resource isn't a valid image) @ http://localhost:3000/login:0
[   23052ms] [LOG] [Fast Refresh] done in 14ms @ webpack-internal:///(app-pages-browser)/./node_modules/next/dist/next-devtools/shared/forward-logs-shared.js:44
[   23082ms] [WARNING] Error while trying to use the following icon from the Manifest: http://localhost:3000/icons/icon-192.png (Download error or resource isn't a valid image) @ http://localhost:3000/login:0
[   23099ms] [LOG] [Fast Refresh] rebuilding @ webpack-internal:///(app-pages-browser)/./node_modules/next/dist/next-devtools/shared/forward-logs-shared.js:44
[   23114ms] [LOG] [Fast Refresh] done in 15ms @ webpack-internal:///(app-pages-browser)/./node_modules/next/dist/next-devtools/shared/forward-logs-shared.js:44
[   23145ms] [WARNING] Error while trying to use the following icon from the Manifest: http://localhost:3000/icons/icon-192.png (Download error or resource isn't a valid image) @ http://localhost:3000/login:0
[   23162ms] [LOG] [Fast Refresh] rebuilding @ webpack-internal:///(app-pages-browser)/./node_modules/next/dist/next-devtools/shared/forward-logs-shared.js:44
[   23172ms] [LOG] [Fast Refresh] done in 11ms @ webpack-internal:///(app-pages-browser)/./node_modules/next/dist/next-devtools/shared/forward-logs-shared.js:44
[   23202ms] [WARNING] Error while trying to use the following icon from the Manifest: http://localhost:3000/icons/icon-192.png (Download error or resource isn't a valid image) @ http://localhost:3000/login:0
[   23218ms] [LOG] [Fast Refresh] rebuilding @ webpack-internal:///(app-pages-browser)/./node_modules/next/dist/next-devtools/shared/forward-logs-shared.js:44
[   23233ms] [LOG] [Fast Refresh] done in 14ms @ webpack-internal:///(app-pages-browser)/./node_modules/next/dist/next-devtools/shared/forward-logs-shared.js:44
[   23261ms] [WARNING] Error while trying to use the following icon from the Manifest: http://localhost:3000/icons/icon-192.png (Download error or resource isn't a valid image) @ http://localhost:3000/login:0
[   23277ms] [LOG] [Fast Refresh] rebuilding @ webpack-internal:///(app-pages-browser)/./node_modules/next/dist/next-devtools/shared/forward-logs-shared.js:44
[   23288ms] [LOG] [Fast Refresh] done in 10ms @ webpack-internal:///(app-pages-browser)/./node_modules/next/dist/next-devtools/shared/forward-logs-shared.js:44
[   23316ms] [WARNING] Error while trying to use the following icon from the Manifest: http://localhost:3000/icons/icon-192.png (Download error or resource isn't a valid image) @ http://localhost:3000/login:0
[   23332ms] [LOG] [Fast Refresh] rebuilding @ webpack-internal:///(app-pages-browser)/./node_modules/next/dist/next-devtools/shared/forward-logs-shared.js:44
[   23347ms] [LOG] [Fast Refresh] done in 14ms @ webpack-internal:///(app-pages-browser)/./node_modules/next/dist/next-devtools/shared/forward-logs-shared.js:44
[   23374ms] [WARNING] Error while trying to use the following icon from the Manifest: http://localhost:3000/icons/icon-192.png (Download error or resource isn't a valid image) @ http://localhost:3000/login:0
[   23393ms] [LOG] [Fast Refresh] rebuilding @ webpack-internal:///(app-pages-browser)/./node_modules/next/dist/next-devtools/shared/forward-logs-shared.js:44
[   23403ms] [LOG] [Fast Refresh] done in 10ms @ webpack-internal:///(app-pages-browser)/./node_modules/next/dist/next-devtools/shared/forward-logs-shared.js:44
[   23433ms] [WARNING] Error while trying to use the following icon from the Manifest: http://localhost:3000/icons/icon-192.png (Download error or resource isn't a valid image) @ http://localhost:3000/login:0
[   23450ms] [LOG] [Fast Refresh] rebuilding @ webpack-internal:///(app-pages-browser)/./node_modules/next/dist/next-devtools/shared/forward-logs-shared.js:44
[   23464ms] [LOG] [Fast Refresh] done in 15ms @ webpack-internal:///(app-pages-browser)/./node_modules/next/dist/next-devtools/shared/forward-logs-shared.js:44
[   23492ms] [WARNING] Error while trying to use the following icon from the Manifest: http://localhost:3000/icons/icon-192.png (Download error or resource isn't a valid image) @ http://localhost:3000/login:0
[   23508ms] [LOG] [Fast Refresh] rebuilding @ webpack-internal:///(app-pages-browser)/./node_modules/next/dist/next-devtools/shared/forward-logs-shared.js:44
[   23519ms] [LOG] [Fast Refresh] done in 11ms @ webpack-internal:///(app-pages-browser)/./node_modules/next/dist/next-devtools/shared/forward-logs-shared.js:44
[   23562ms] [LOG] [Fast Refresh] rebuilding @ webpack-internal:///(app-pages-browser)/./node_modules/next/dist/next-devtools/shared/forward-logs-shared.js:44
[   23578ms] [LOG] [Fast Refresh] done in 15ms @ webpack-internal:///(app-pages-browser)/./node_modules/next/dist/next-devtools/shared/forward-logs-shared.js:44
[   23606ms] [WARNING] Error while trying to use the following icon from the Manifest: http://localhost:3000/icons/icon-192.png (Download error or resource isn't a valid image) @ http://localhost:3000/login:0
[   23621ms] [LOG] [Fast Refresh] rebuilding @ webpack-internal:///(app-pages-browser)/./node_modules/next/dist/next-devtools/shared/forward-logs-shared.js:44
[   23632ms] [LOG] [Fast Refresh] done in 12ms @ webpack-internal:///(app-pages-browser)/./node_modules/next/dist/next-devtools/shared/forward-logs-shared.js:44
[   23663ms] [WARNING] Error while trying to use the following icon from the Manifest: http://localhost:3000/icons/icon-192.png (Download error or resource isn't a valid image) @ http://localhost:3000/login:0
[   23679ms] [LOG] [Fast Refresh] rebuilding @ webpack-internal:///(app-pages-browser)/./node_modules/next/dist/next-devtools/shared/forward-logs-shared.js:44
[   23693ms] [LOG] [Fast Refresh] done in 15ms @ webpack-internal:///(app-pages-browser)/./node_modules/next/dist/next-devtools/shared/forward-logs-shared.js:44
[   23721ms] [WARNING] Error while trying to use the following icon from the Manifest: http://localhost:3000/icons/icon-192.png (Download error or resource isn't a valid image) @ http://localhost:3000/login:0
[   23738ms] [LOG] [Fast Refresh] rebuilding @ webpack-internal:///(app-pages-browser)/./node_modules/next/dist/next-devtools/shared/forward-logs-shared.js:44
[   23750ms] [LOG] [Fast Refresh] done in 13ms @ webpack-internal:///(app-pages-browser)/./node_modules/next/dist/next-devtools/shared/forward-logs-shared.js:44
[   23778ms] [WARNING] Error while trying to use the following icon from the Manifest: http://localhost:3000/icons/icon-192.png (Download error or resource isn't a valid image) @ http://localhost:3000/login:0
[   23795ms] [LOG] [Fast Refresh] rebuilding @ webpack-internal:///(app-pages-browser)/./node_modules/next/dist/next-devtools/shared/forward-logs-shared.js:44
[   23810ms] [LOG] [Fast Refresh] done in 15ms @ webpack-internal:///(app-pages-browser)/./node_modules/next/dist/next-devtools/shared/forward-logs-shared.js:44
[   23837ms] [WARNING] Error while trying to use the following icon from the Manifest: http://localhost:3000/icons/icon-192.png (Download error or resource isn't a valid image) @ http://localhost:3000/login:0
[   23852ms] [LOG] [Fast Refresh] rebuilding @ webpack-internal:///(app-pages-browser)/./node_modules/next/dist/next-devtools/shared/forward-logs-shared.js:44
[   23863ms] [LOG] [Fast Refresh] done in 11ms @ webpack-internal:///(app-pages-browser)/./node_modules/next/dist/next-devtools/shared/forward-logs-shared.js:44
[   23907ms] [LOG] [Fast Refresh] rebuilding @ webpack-internal:///(app-pages-browser)/./node_modules/next/dist/next-devtools/shared/forward-logs-shared.js:44
[   23921ms] [LOG] [Fast Refresh] done in 15ms @ webpack-internal:///(app-pages-browser)/./node_modules/next/dist/next-devtools/shared/forward-logs-shared.js:44
[   23949ms] [WARNING] Error while trying to use the following icon from the Manifest: http://localhost:3000/icons/icon-192.png (Download error or resource isn't a valid image) @ http://localhost:3000/login:0
[   23964ms] [LOG] [Fast Refresh] rebuilding @ webpack-internal:///(app-pages-browser)/./node_modules/next/dist/next-devtools/shared/forward-logs-shared.js:44
[   23975ms] [LOG] [Fast Refresh] done in 11ms @ webpack-internal:///(app-pages-browser)/./node_modules/next/dist/next-devtools/shared/forward-logs-shared.js:44
[   24005ms] [WARNING] Error while trying to use the following icon from the Manifest: http://localhost:3000/icons/icon-192.png (Download error or resource isn't a valid image) @ http://localhost:3000/login:0
[   24021ms] [LOG] [Fast Refresh] rebuilding @ webpack-internal:///(app-pages-browser)/./node_modules/next/dist/next-devtools/shared/forward-logs-shared.js:44
[   24035ms] [LOG] [Fast Refresh] done in 15ms @ webpack-internal:///(app-pages-browser)/./node_modules/next/dist/next-devtools/shared/forward-logs-shared.js:44
[   24076ms] [LOG] [Fast Refresh] rebuilding @ webpack-internal:///(app-pages-browser)/./node_modules/next/dist/next-devtools/shared/forward-logs-shared.js:44
[   24088ms] [LOG] [Fast Refresh] done in 12ms @ webpack-internal:///(app-pages-browser)/./node_modules/next/dist/next-devtools/shared/forward-logs-shared.js:44
[   24116ms] [WARNING] Error while trying to use the following icon from the Manifest: http://localhost:3000/icons/icon-192.png (Download error or resource isn't a valid image) @ http://localhost:3000/login:0
[   24133ms] [LOG] [Fast Refresh] rebuilding @ webpack-internal:///(app-pages-browser)/./node_modules/next/dist/next-devtools/shared/forward-logs-shared.js:44
[   24148ms] [LOG] [Fast Refresh] done in 14ms @ webpack-internal:///(app-pages-browser)/./node_modules/next/dist/next-devtools/shared/forward-logs-shared.js:44
[   24176ms] [WARNING] Error while trying to use the following icon from the Manifest: http://localhost:3000/icons/icon-192.png (Download error or resource isn't a valid image) @ http://localhost:3000/login:0
[   24192ms] [LOG] [Fast Refresh] rebuilding @ webpack-internal:///(app-pages-browser)/./node_modules/next/dist/next-devtools/shared/forward-logs-shared.js:44
[   24204ms] [LOG] [Fast Refresh] done in 11ms @ webpack-internal:///(app-pages-browser)/./node_modules/next/dist/next-devtools/shared/forward-logs-shared.js:44
[   24232ms] [WARNING] Error while trying to use the following icon from the Manifest: http://localhost:3000/icons/icon-192.png (Download error or resource isn't a valid image) @ http://localhost:3000/login:0
[   24249ms] [LOG] [Fast Refresh] rebuilding @ webpack-internal:///(app-pages-browser)/./node_modules/next/dist/next-devtools/shared/forward-logs-shared.js:44
[   24265ms] [LOG] [Fast Refresh] done in 16ms @ webpack-internal:///(app-pages-browser)/./node_modules/next/dist/next-devtools/shared/forward-logs-shared.js:44
[   24290ms] [WARNING] Error while trying to use the following icon from the Manifest: http://localhost:3000/icons/icon-192.png (Download error or resource isn't a valid image) @ http://localhost:3000/login:0
[   24311ms] [LOG] [Fast Refresh] rebuilding @ webpack-internal:///(app-pages-browser)/./node_modules/next/dist/next-devtools/shared/forward-logs-shared.js:44
[   24321ms] [LOG] [Fast Refresh] done in 11ms @ webpack-internal:///(app-pages-browser)/./node_modules/next/dist/next-devtools/shared/forward-logs-shared.js:44
[   24348ms] [WARNING] Error while trying to use the following icon from the Manifest: http://localhost:3000/icons/icon-192.png (Download error or resource isn't a valid image) @ http://localhost:3000/login:0
[   24365ms] [LOG] [Fast Refresh] rebuilding @ webpack-internal:///(app-pages-browser)/./node_modules/next/dist/next-devtools/shared/forward-logs-shared.js:44
[   24380ms] [LOG] [Fast Refresh] done in 14ms @ webpack-internal:///(app-pages-browser)/./node_modules/next/dist/next-devtools/shared/forward-logs-shared.js:44
[   24408ms] [WARNING] Error while trying to use the following icon from the Manifest: http://localhost:3000/icons/icon-192.png (Download error or resource isn't a valid image) @ http://localhost:3000/login:0
[   24425ms] [LOG] [Fast Refresh] rebuilding @ webpack-internal:///(app-pages-browser)/./node_modules/next/dist/next-devtools/shared/forward-logs-shared.js:44
[   24436ms] [LOG] [Fast Refresh] done in 12ms @ webpack-internal:///(app-pages-browser)/./node_modules/next/dist/next-devtools/shared/forward-logs-shared.js:44
[   24465ms] [WARNING] Error while trying to use the following icon from the Manifest: http://localhost:3000/icons/icon-192.png (Download error or resource isn't a valid image) @ http://localhost:3000/login:0
[   24482ms] [LOG] [Fast Refresh] rebuilding @ webpack-internal:///(app-pages-browser)/./node_modules/next/dist/next-devtools/shared/forward-logs-shared.js:44
[   24498ms] [LOG] [Fast Refresh] done in 15ms @ webpack-internal:///(app-pages-browser)/./node_modules/next/dist/next-devtools/shared/forward-logs-shared.js:44
[   24524ms] [WARNING] Error while trying to use the following icon from the Manifest: http://localhost:3000/icons/icon-192.png (Download error or resource isn't a valid image) @ http://localhost:3000/login:0
[   24541ms] [LOG] [Fast Refresh] rebuilding @ webpack-internal:///(app-pages-browser)/./node_modules/next/dist/next-devtools/shared/forward-logs-shared.js:44
[   24553ms] [LOG] [Fast Refresh] done in 12ms @ webpack-internal:///(app-pages-browser)/./node_modules/next/dist/next-devtools/shared/forward-logs-shared.js:44
[   24581ms] [WARNING] Error while trying to use the following icon from the Manifest: http://localhost:3000/icons/icon-192.png (Download error or resource isn't a valid image) @ http://localhost:3000/login:0
[   24598ms] [LOG] [Fast Refresh] rebuilding @ webpack-internal:///(app-pages-browser)/./node_modules/next/dist/next-devtools/shared/forward-logs-shared.js:44
[   24613ms] [LOG] [Fast Refresh] done in 14ms @ webpack-internal:///(app-pages-browser)/./node_modules/next/dist/next-devtools/shared/forward-logs-shared.js:44
[   24641ms] [WARNING] Error while trying to use the following icon from the Manifest: http://localhost:3000/icons/icon-192.png (Download error or resource isn't a valid image) @ http://localhost:3000/login:0
[   24657ms] [LOG] [Fast Refresh] rebuilding @ webpack-internal:///(app-pages-browser)/./node_modules/next/dist/next-devtools/shared/forward-logs-shared.js:44
[   24669ms] [LOG] [Fast Refresh] done in 12ms @ webpack-internal:///(app-pages-browser)/./node_modules/next/dist/next-devtools/shared/forward-logs-shared.js:44
[   24697ms] [WARNING] Error while trying to use the following icon from the Manifest: http://localhost:3000/icons/icon-192.png (Download error or resource isn't a valid image) @ http://localhost:3000/login:0
[   24714ms] [LOG] [Fast Refresh] rebuilding @ webpack-internal:///(app-pages-browser)/./node_modules/next/dist/next-devtools/shared/forward-logs-shared.js:44
[   24729ms] [LOG] [Fast Refresh] done in 14ms @ webpack-internal:///(app-pages-browser)/./node_modules/next/dist/next-devtools/shared/forward-logs-shared.js:44
[   24773ms] [LOG] [Fast Refresh] rebuilding @ webpack-internal:///(app-pages-browser)/./node_modules/next/dist/next-devtools/shared/forward-logs-shared.js:44
[   24785ms] [LOG] [Fast Refresh] done in 11ms @ webpack-internal:///(app-pages-browser)/./node_modules/next/dist/next-devtools/shared/forward-logs-shared.js:44
[   24812ms] [WARNING] Error while trying to use the following icon from the Manifest: http://localhost:3000/icons/icon-192.png (Download error or resource isn't a valid image) @ http://localhost:3000/login:0
[   24830ms] [LOG] [Fast Refresh] rebuilding @ webpack-internal:///(app-pages-browser)/./node_modules/next/dist/next-devtools/shared/forward-logs-shared.js:44
[   24846ms] [LOG] [Fast Refresh] done in 15ms @ webpack-internal:///(app-pages-browser)/./node_modules/next/dist/next-devtools/shared/forward-logs-shared.js:44
[   24885ms] [WARNING] Error while trying to use the following icon from the Manifest: http://localhost:3000/icons/icon-192.png (Download error or resource isn't a valid image) @ http://localhost:3000/login:0
[   24888ms] [LOG] [Fast Refresh] rebuilding @ webpack-internal:///(app-pages-browser)/./node_modules/next/dist/next-devtools/shared/forward-logs-shared.js:44
[   24899ms] [LOG] [Fast Refresh] done in 11ms @ webpack-internal:///(app-pages-browser)/./node_modules/next/dist/next-devtools/shared/forward-logs-shared.js:44
[   24927ms] [WARNING] Error while trying to use the following icon from the Manifest: http://localhost:3000/icons/icon-192.png (Download error or resource isn't a valid image) @ http://localhost:3000/login:0
[   24944ms] [LOG] [Fast Refresh] rebuilding @ webpack-internal:///(app-pages-browser)/./node_modules/next/dist/next-devtools/shared/forward-logs-shared.js:44
[   24958ms] [LOG] [Fast Refresh] done in 15ms @ webpack-internal:///(app-pages-browser)/./node_modules/next/dist/next-devtools/shared/forward-logs-shared.js:44
[   24986ms] [WARNING] Error while trying to use the following icon from the Manifest: http://localhost:3000/icons/icon-192.png (Download error or resource isn't a valid image) @ http://localhost:3000/login:0
[   25002ms] [LOG] [Fast Refresh] rebuilding @ webpack-internal:///(app-pages-browser)/./node_modules/next/dist/next-devtools/shared/forward-logs-shared.js:44
[   25013ms] [LOG] [Fast Refresh] done in 11ms @ webpack-internal:///(app-pages-browser)/./node_modules/next/dist/next-devtools/shared/forward-logs-shared.js:44
[   25040ms] [WARNING] Error while trying to use the following icon from the Manifest: http://localhost:3000/icons/icon-192.png (Download error or resource isn't a valid image) @ http://localhost:3000/login:0
[   25056ms] [LOG] [Fast Refresh] rebuilding @ webpack-internal:///(app-pages-browser)/./node_modules/next/dist/next-devtools/shared/forward-logs-shared.js:44
[   25071ms] [LOG] [Fast Refresh] done in 15ms @ webpack-internal:///(app-pages-browser)/./node_modules/next/dist/next-devtools/shared/forward-logs-shared.js:44
[   25100ms] [WARNING] Error while trying to use the following icon from the Manifest: http://localhost:3000/icons/icon-192.png (Download error or resource isn't a valid image) @ http://localhost:3000/login:0
[   25116ms] [LOG] [Fast Refresh] rebuilding @ webpack-internal:///(app-pages-browser)/./node_modules/next/dist/next-devtools/shared/forward-logs-shared.js:44
[   25128ms] [LOG] [Fast Refresh] done in 11ms @ webpack-internal:///(app-pages-browser)/./node_modules/next/dist/next-devtools/shared/forward-logs-shared.js:44
[   25159ms] [WARNING] Error while trying to use the following icon from the Manifest: http://localhost:3000/icons/icon-192.png (Download error or resource isn't a valid image) @ http://localhost:3000/login:0
[   25175ms] [LOG] [Fast Refresh] rebuilding @ webpack-internal:///(app-pages-browser)/./node_modules/next/dist/next-devtools/shared/forward-logs-shared.js:44
[   25189ms] [LOG] [Fast Refresh] done in 15ms @ webpack-internal:///(app-pages-browser)/./node_modules/next/dist/next-devtools/shared/forward-logs-shared.js:44
[   25243ms] [WARNING] Error while trying to use the following icon from the Manifest: http://localhost:3000/icons/icon-192.png (Download error or resource isn't a valid image) @ http://localhost:3000/login:0
[   25264ms] [LOG] [Fast Refresh] rebuilding @ webpack-internal:///(app-pages-browser)/./node_modules/next/dist/next-devtools/shared/forward-logs-shared.js:44
[   25276ms] [LOG] [Fast Refresh] done in 13ms @ webpack-internal:///(app-pages-browser)/./node_modules/next/dist/next-devtools/shared/forward-logs-shared.js:44
[   25305ms] [WARNING] Error while trying to use the following icon from the Manifest: http://localhost:3000/icons/icon-192.png (Download error or resource isn't a valid image) @ http://localhost:3000/login:0
[   25323ms] [LOG] [Fast Refresh] rebuilding @ webpack-internal:///(app-pages-browser)/./node_modules/next/dist/next-devtools/shared/forward-logs-shared.js:44
[   25338ms] [LOG] [Fast Refresh] done in 16ms @ webpack-internal:///(app-pages-browser)/./node_modules/next/dist/next-devtools/shared/forward-logs-shared.js:44
[   25353ms] [WARNING] Error while trying to use the following icon from the Manifest: http://localhost:3000/icons/icon-192.png (Download error or resource isn't a valid image) @ http://localhost:3000/login:0
[   25388ms] [LOG] [Fast Refresh] rebuilding @ webpack-internal:///(app-pages-browser)/./node_modules/next/dist/next-devtools/shared/forward-logs-shared.js:44
[   25399ms] [LOG] [Fast Refresh] done in 12ms @ webpack-internal:///(app-pages-browser)/./node_modules/next/dist/next-devtools/shared/forward-logs-shared.js:44
[   25428ms] [WARNING] Error while trying to use the following icon from the Manifest: http://localhost:3000/icons/icon-192.png (Download error or resource isn't a valid image) @ http://localhost:3000/login:0
[   25445ms] [LOG] [Fast Refresh] rebuilding @ webpack-internal:///(app-pages-browser)/./node_modules/next/dist/next-devtools/shared/forward-logs-shared.js:44
[   25461ms] [LOG] [Fast Refresh] done in 16ms @ webpack-internal:///(app-pages-browser)/./node_modules/next/dist/next-devtools/shared/forward-logs-shared.js:44
[   25489ms] [WARNING] Error while trying to use the following icon from the Manifest: http://localhost:3000/icons/icon-192.png (Download error or resource isn't a valid image) @ http://localhost:3000/login:0
[   25505ms] [LOG] [Fast Refresh] rebuilding @ webpack-internal:///(app-pages-browser)/./node_modules/next/dist/next-devtools/shared/forward-logs-shared.js:44
[   25516ms] [LOG] [Fast Refresh] done in 11ms @ webpack-internal:///(app-pages-browser)/./node_modules/next/dist/next-devtools/shared/forward-logs-shared.js:44
[   25544ms] [WARNING] Error while trying to use the following icon from the Manifest: http://localhost:3000/icons/icon-192.png (Download error or resource isn't a valid image) @ http://localhost:3000/login:0
[   25561ms] [LOG] [Fast Refresh] rebuilding @ webpack-internal:///(app-pages-browser)/./node_modules/next/dist/next-devtools/shared/forward-logs-shared.js:44
[   25576ms] [LOG] [Fast Refresh] done in 14ms @ webpack-internal:///(app-pages-browser)/./node_modules/next/dist/next-devtools/shared/forward-logs-shared.js:44
[   25606ms] [WARNING] Error while trying to use the following icon from the Manifest: http://localhost:3000/icons/icon-192.png (Download error or resource isn't a valid image) @ http://localhost:3000/login:0
[   25622ms] [LOG] [Fast Refresh] rebuilding @ webpack-internal:///(app-pages-browser)/./node_modules/next/dist/next-devtools/shared/forward-logs-shared.js:44
[   25633ms] [LOG] [Fast Refresh] done in 11ms @ webpack-internal:///(app-pages-browser)/./node_modules/next/dist/next-devtools/shared/forward-logs-shared.js:44
[   25661ms] [WARNING] Error while trying to use the following icon from the Manifest: http://localhost:3000/icons/icon-192.png (Download error or resource isn't a valid image) @ http://localhost:3000/login:0
[   25679ms] [LOG] [Fast Refresh] rebuilding @ webpack-internal:///(app-pages-browser)/./node_modules/next/dist/next-devtools/shared/forward-logs-shared.js:44
[   25694ms] [LOG] [Fast Refresh] done in 15ms @ webpack-internal:///(app-pages-browser)/./node_modules/next/dist/next-devtools/shared/forward-logs-shared.js:44
[   25750ms] [WARNING] Error while trying to use the following icon from the Manifest: http://localhost:3000/icons/icon-192.png (Download error or resource isn't a valid image) @ http://localhost:3000/login:0
[   25753ms] [LOG] [Fast Refresh] rebuilding @ webpack-internal:///(app-pages-browser)/./node_modules/next/dist/next-devtools/shared/forward-logs-shared.js:44
[   25763ms] [LOG] [Fast Refresh] done in 11ms @ webpack-internal:///(app-pages-browser)/./node_modules/next/dist/next-devtools/shared/forward-logs-shared.js:44
[   25791ms] [WARNING] Error while trying to use the following icon from the Manifest: http://localhost:3000/icons/icon-192.png (Download error or resource isn't a valid image) @ http://localhost:3000/login:0
[   25808ms] [LOG] [Fast Refresh] rebuilding @ webpack-internal:///(app-pages-browser)/./node_modules/next/dist/next-devtools/shared/forward-logs-shared.js:44
[   25824ms] [LOG] [Fast Refresh] done in 15ms @ webpack-internal:///(app-pages-browser)/./node_modules/next/dist/next-devtools/shared/forward-logs-shared.js:44
[   25851ms] [WARNING] Error while trying to use the following icon from the Manifest: http://localhost:3000/icons/icon-192.png (Download error or resource isn't a valid image) @ http://localhost:3000/login:0
[   25867ms] [LOG] [Fast Refresh] rebuilding @ webpack-internal:///(app-pages-browser)/./node_modules/next/dist/next-devtools/shared/forward-logs-shared.js:44
[   25878ms] [LOG] [Fast Refresh] done in 12ms @ webpack-internal:///(app-pages-browser)/./node_modules/next/dist/next-devtools/shared/forward-logs-shared.js:44
[   25907ms] [WARNING] Error while trying to use the following icon from the Manifest: http://localhost:3000/icons/icon-192.png (Download error or resource isn't a valid image) @ http://localhost:3000/login:0
[   25923ms] [LOG] [Fast Refresh] rebuilding @ webpack-internal:///(app-pages-browser)/./node_modules/next/dist/next-devtools/shared/forward-logs-shared.js:44
[   25938ms] [LOG] [Fast Refresh] done in 15ms @ webpack-internal:///(app-pages-browser)/./node_modules/next/dist/next-devtools/shared/forward-logs-shared.js:44
[   25966ms] [WARNING] Error while trying to use the following icon from the Manifest: http://localhost:3000/icons/icon-192.png (Download error or resource isn't a valid image) @ http://localhost:3000/login:0
[   25982ms] [LOG] [Fast Refresh] rebuilding @ webpack-internal:///(app-pages-browser)/./node_modules/next/dist/next-devtools/shared/forward-logs-shared.js:44
[   25993ms] [LOG] [Fast Refresh] done in 12ms @ webpack-internal:///(app-pages-browser)/./node_modules/next/dist/next-devtools/shared/forward-logs-shared.js:44
[   26020ms] [WARNING] Error while trying to use the following icon from the Manifest: http://localhost:3000/icons/icon-192.png (Download error or resource isn't a valid image) @ http://localhost:3000/login:0
[   26037ms] [LOG] [Fast Refresh] rebuilding @ webpack-internal:///(app-pages-browser)/./node_modules/next/dist/next-devtools/shared/forward-logs-shared.js:44
[   26052ms] [LOG] [Fast Refresh] done in 14ms @ webpack-internal:///(app-pages-browser)/./node_modules/next/dist/next-devtools/shared/forward-logs-shared.js:44
[   26080ms] [WARNING] Error while trying to use the following icon from the Manifest: http://localhost:3000/icons/icon-192.png (Download error or resource isn't a valid image) @ http://localhost:3000/login:0
[   26096ms] [LOG] [Fast Refresh] rebuilding @ webpack-internal:///(app-pages-browser)/./node_modules/next/dist/next-devtools/shared/forward-logs-shared.js:44
[   26107ms] [LOG] [Fast Refresh] done in 10ms @ webpack-internal:///(app-pages-browser)/./node_modules/next/dist/next-devtools/shared/forward-logs-shared.js:44
[   26134ms] [WARNING] Error while trying to use the following icon from the Manifest: http://localhost:3000/icons/icon-192.png (Download error or resource isn't a valid image) @ http://localhost:3000/login:0
[   26151ms] [LOG] [Fast Refresh] rebuilding @ webpack-internal:///(app-pages-browser)/./node_modules/next/dist/next-devtools/shared/forward-logs-shared.js:44
[   26165ms] [LOG] [Fast Refresh] done in 15ms @ webpack-internal:///(app-pages-browser)/./node_modules/next/dist/next-devtools/shared/forward-logs-shared.js:44
[   26192ms] [WARNING] Error while trying to use the following icon from the Manifest: http://localhost:3000/icons/icon-192.png (Download error or resource isn't a valid image) @ http://localhost:3000/login:0
[   26208ms] [LOG] [Fast Refresh] rebuilding @ webpack-internal:///(app-pages-browser)/./node_modules/next/dist/next-devtools/shared/forward-logs-shared.js:44
[   26220ms] [LOG] [Fast Refresh] done in 11ms @ webpack-internal:///(app-pages-browser)/./node_modules/next/dist/next-devtools/shared/forward-logs-shared.js:44
[   26264ms] [LOG] [Fast Refresh] rebuilding @ webpack-internal:///(app-pages-browser)/./node_modules/next/dist/next-devtools/shared/forward-logs-shared.js:44
[   26279ms] [LOG] [Fast Refresh] done in 15ms @ webpack-internal:///(app-pages-browser)/./node_modules/next/dist/next-devtools/shared/forward-logs-shared.js:44
[   26321ms] [LOG] [Fast Refresh] rebuilding @ webpack-internal:///(app-pages-browser)/./node_modules/next/dist/next-devtools/shared/forward-logs-shared.js:44
[   26332ms] [LOG] [Fast Refresh] done in 11ms @ webpack-internal:///(app-pages-browser)/./node_modules/next/dist/next-devtools/shared/forward-logs-shared.js:44
[   26362ms] [WARNING] Error while trying to use the following icon from the Manifest: http://localhost:3000/icons/icon-192.png (Download error or resource isn't a valid image) @ http://localhost:3000/login:0
[   26379ms] [LOG] [Fast Refresh] rebuilding @ webpack-internal:///(app-pages-browser)/./node_modules/next/dist/next-devtools/shared/forward-logs-shared.js:44
[   26394ms] [LOG] [Fast Refresh] done in 15ms @ webpack-internal:///(app-pages-browser)/./node_modules/next/dist/next-devtools/shared/forward-logs-shared.js:44
[   26422ms] [WARNING] Error while trying to use the following icon from the Manifest: http://localhost:3000/icons/icon-192.png (Download error or resource isn't a valid image) @ http://localhost:3000/login:0
[   26438ms] [LOG] [Fast Refresh] rebuilding @ webpack-internal:///(app-pages-browser)/./node_modules/next/dist/next-devtools/shared/forward-logs-shared.js:44
[   26450ms] [LOG] [Fast Refresh] done in 11ms @ webpack-internal:///(app-pages-browser)/./node_modules/next/dist/next-devtools/shared/forward-logs-shared.js:44
[   26478ms] [WARNING] Error while trying to use the following icon from the Manifest: http://localhost:3000/icons/icon-192.png (Download error or resource isn't a valid image) @ http://localhost:3000/login:0
[   26495ms] [LOG] [Fast Refresh] rebuilding @ webpack-internal:///(app-pages-browser)/./node_modules/next/dist/next-devtools/shared/forward-logs-shared.js:44
[   26510ms] [LOG] [Fast Refresh] done in 16ms @ webpack-internal:///(app-pages-browser)/./node_modules/next/dist/next-devtools/shared/forward-logs-shared.js:44
[   26537ms] [WARNING] Error while trying to use the following icon from the Manifest: http://localhost:3000/icons/icon-192.png (Download error or resource isn't a valid image) @ http://localhost:3000/login:0
[   26554ms] [LOG] [Fast Refresh] rebuilding @ webpack-internal:///(app-pages-browser)/./node_modules/next/dist/next-devtools/shared/forward-logs-shared.js:44
[   26565ms] [LOG] [Fast Refresh] done in 11ms @ webpack-internal:///(app-pages-browser)/./node_modules/next/dist/next-devtools/shared/forward-logs-shared.js:44
[   26594ms] [WARNING] Error while trying to use the following icon from the Manifest: http://localhost:3000/icons/icon-192.png (Download error or resource isn't a valid image) @ http://localhost:3000/login:0
[   26611ms] [LOG] [Fast Refresh] rebuilding @ webpack-internal:///(app-pages-browser)/./node_modules/next/dist/next-devtools/shared/forward-logs-shared.js:44
[   26626ms] [LOG] [Fast Refresh] done in 15ms @ webpack-internal:///(app-pages-browser)/./node_modules/next/dist/next-devtools/shared/forward-logs-shared.js:44
[   26656ms] [WARNING] Error while trying to use the following icon from the Manifest: http://localhost:3000/icons/icon-192.png (Download error or resource isn't a valid image) @ http://localhost:3000/login:0
[   26672ms] [LOG] [Fast Refresh] rebuilding @ webpack-internal:///(app-pages-browser)/./node_modules/next/dist/next-devtools/shared/forward-logs-shared.js:44
[   26683ms] [LOG] [Fast Refresh] done in 12ms @ webpack-internal:///(app-pages-browser)/./node_modules/next/dist/next-devtools/shared/forward-logs-shared.js:44
[   26712ms] [WARNING] Error while trying to use the following icon from the Manifest: http://localhost:3000/icons/icon-192.png (Download error or resource isn't a valid image) @ http://localhost:3000/login:0
[   26729ms] [LOG] [Fast Refresh] rebuilding @ webpack-internal:///(app-pages-browser)/./node_modules/next/dist/next-devtools/shared/forward-logs-shared.js:44
[   26745ms] [LOG] [Fast Refresh] done in 15ms @ webpack-internal:///(app-pages-browser)/./node_modules/next/dist/next-devtools/shared/forward-logs-shared.js:44
[   26787ms] [LOG] [Fast Refresh] rebuilding @ webpack-internal:///(app-pages-browser)/./node_modules/next/dist/next-devtools/shared/forward-logs-shared.js:44
[   26798ms] [LOG] [Fast Refresh] done in 11ms @ webpack-internal:///(app-pages-browser)/./node_modules/next/dist/next-devtools/shared/forward-logs-shared.js:44
[   26826ms] [WARNING] Error while trying to use the following icon from the Manifest: http://localhost:3000/icons/icon-192.png (Download error or resource isn't a valid image) @ http://localhost:3000/login:0
[   26843ms] [LOG] [Fast Refresh] rebuilding @ webpack-internal:///(app-pages-browser)/./node_modules/next/dist/next-devtools/shared/forward-logs-shared.js:44
[   26857ms] [LOG] [Fast Refresh] done in 14ms @ webpack-internal:///(app-pages-browser)/./node_modules/next/dist/next-devtools/shared/forward-logs-shared.js:44
[   26886ms] [WARNING] Error while trying to use the following icon from the Manifest: http://localhost:3000/icons/icon-192.png (Download error or resource isn't a valid image) @ http://localhost:3000/login:0
[   26902ms] [LOG] [Fast Refresh] rebuilding @ webpack-internal:///(app-pages-browser)/./node_modules/next/dist/next-devtools/shared/forward-logs-shared.js:44
[   26913ms] [LOG] [Fast Refresh] done in 11ms @ webpack-internal:///(app-pages-browser)/./node_modules/next/dist/next-devtools/shared/forward-logs-shared.js:44
[   26942ms] [WARNING] Error while trying to use the following icon from the Manifest: http://localhost:3000/icons/icon-192.png (Download error or resource isn't a valid image) @ http://localhost:3000/login:0
[   26959ms] [LOG] [Fast Refresh] rebuilding @ webpack-internal:///(app-pages-browser)/./node_modules/next/dist/next-devtools/shared/forward-logs-shared.js:44
[   26975ms] [LOG] [Fast Refresh] done in 16ms @ webpack-internal:///(app-pages-browser)/./node_modules/next/dist/next-devtools/shared/forward-logs-shared.js:44
[   27003ms] [WARNING] Error while trying to use the following icon from the Manifest: http://localhost:3000/icons/icon-192.png (Download error or resource isn't a valid image) @ http://localhost:3000/login:0
[   27019ms] [LOG] [Fast Refresh] rebuilding @ webpack-internal:///(app-pages-browser)/./node_modules/next/dist/next-devtools/shared/forward-logs-shared.js:44
[   27031ms] [LOG] [Fast Refresh] done in 13ms @ webpack-internal:///(app-pages-browser)/./node_modules/next/dist/next-devtools/shared/forward-logs-shared.js:44
[   27059ms] [WARNING] Error while trying to use the following icon from the Manifest: http://localhost:3000/icons/icon-192.png (Download error or resource isn't a valid image) @ http://localhost:3000/login:0
[   27080ms] [LOG] [Fast Refresh] rebuilding @ webpack-internal:///(app-pages-browser)/./node_modules/next/dist/next-devtools/shared/forward-logs-shared.js:44
[   27095ms] [LOG] [Fast Refresh] done in 15ms @ webpack-internal:///(app-pages-browser)/./node_modules/next/dist/next-devtools/shared/forward-logs-shared.js:44
[   27124ms] [WARNING] Error while trying to use the following icon from the Manifest: http://localhost:3000/icons/icon-192.png (Download error or resource isn't a valid image) @ http://localhost:3000/login:0
[   27139ms] [LOG] [Fast Refresh] rebuilding @ webpack-internal:///(app-pages-browser)/./node_modules/next/dist/next-devtools/shared/forward-logs-shared.js:44
[   27150ms] [LOG] [Fast Refresh] done in 12ms @ webpack-internal:///(app-pages-browser)/./node_modules/next/dist/next-devtools/shared/forward-logs-shared.js:44
[   27177ms] [WARNING] Error while trying to use the following icon from the Manifest: http://localhost:3000/icons/icon-192.png (Download error or resource isn't a valid image) @ http://localhost:3000/login:0
[   27195ms] [LOG] [Fast Refresh] rebuilding @ webpack-internal:///(app-pages-browser)/./node_modules/next/dist/next-devtools/shared/forward-logs-shared.js:44
[   27210ms] [LOG] [Fast Refresh] done in 15ms @ webpack-internal:///(app-pages-browser)/./node_modules/next/dist/next-devtools/shared/forward-logs-shared.js:44
[   27253ms] [LOG] [Fast Refresh] rebuilding @ webpack-internal:///(app-pages-browser)/./node_modules/next/dist/next-devtools/shared/forward-logs-shared.js:44
[   27265ms] [LOG] [Fast Refresh] done in 12ms @ webpack-internal:///(app-pages-browser)/./node_modules/next/dist/next-devtools/shared/forward-logs-shared.js:44
[   27293ms] [WARNING] Error while trying to use the following icon from the Manifest: http://localhost:3000/icons/icon-192.png (Download error or resource isn't a valid image) @ http://localhost:3000/login:0
[   27312ms] [LOG] [Fast Refresh] rebuilding @ webpack-internal:///(app-pages-browser)/./node_modules/next/dist/next-devtools/shared/forward-logs-shared.js:44
[   27327ms] [LOG] [Fast Refresh] done in 15ms @ webpack-internal:///(app-pages-browser)/./node_modules/next/dist/next-devtools/shared/forward-logs-shared.js:44
[   27351ms] [WARNING] Error while trying to use the following icon from the Manifest: http://localhost:3000/icons/icon-192.png (Download error or resource isn't a valid image) @ http://localhost:3000/login:0
[   27371ms] [LOG] [Fast Refresh] rebuilding @ webpack-internal:///(app-pages-browser)/./node_modules/next/dist/next-devtools/shared/forward-logs-shared.js:44
[   27382ms] [LOG] [Fast Refresh] done in 11ms @ webpack-internal:///(app-pages-browser)/./node_modules/next/dist/next-devtools/shared/forward-logs-shared.js:44
[   27408ms] [WARNING] Error while trying to use the following icon from the Manifest: http://localhost:3000/icons/icon-192.png (Download error or resource isn't a valid image) @ http://localhost:3000/login:0
[   27426ms] [LOG] [Fast Refresh] rebuilding @ webpack-internal:///(app-pages-browser)/./node_modules/next/dist/next-devtools/shared/forward-logs-shared.js:44
[   27443ms] [LOG] [Fast Refresh] done in 16ms @ webpack-internal:///(app-pages-browser)/./node_modules/next/dist/next-devtools/shared/forward-logs-shared.js:44
[   27486ms] [LOG] [Fast Refresh] rebuilding @ webpack-internal:///(app-pages-browser)/./node_modules/next/dist/next-devtools/shared/forward-logs-shared.js:44
[   27497ms] [LOG] [Fast Refresh] done in 12ms @ webpack-internal:///(app-pages-browser)/./node_modules/next/dist/next-devtools/shared/forward-logs-shared.js:44
[   27527ms] [WARNING] Error while trying to use the following icon from the Manifest: http://localhost:3000/icons/icon-192.png (Download error or resource isn't a valid image) @ http://localhost:3000/login:0
[   27543ms] [LOG] [Fast Refresh] rebuilding @ webpack-internal:///(app-pages-browser)/./node_modules/next/dist/next-devtools/shared/forward-logs-shared.js:44
[   27559ms] [LOG] [Fast Refresh] done in 16ms @ webpack-internal:///(app-pages-browser)/./node_modules/next/dist/next-devtools/shared/forward-logs-shared.js:44
[   27586ms] [WARNING] Error while trying to use the following icon from the Manifest: http://localhost:3000/icons/icon-192.png (Download error or resource isn't a valid image) @ http://localhost:3000/login:0
[   27601ms] [LOG] [Fast Refresh] rebuilding @ webpack-internal:///(app-pages-browser)/./node_modules/next/dist/next-devtools/shared/forward-logs-shared.js:44
[   27614ms] [LOG] [Fast Refresh] done in 12ms @ webpack-internal:///(app-pages-browser)/./node_modules/next/dist/next-devtools/shared/forward-logs-shared.js:44
[   27645ms] [WARNING] Error while trying to use the following icon from the Manifest: http://localhost:3000/icons/icon-192.png (Download error or resource isn't a valid image) @ http://localhost:3000/login:0
[   27662ms] [LOG] [Fast Refresh] rebuilding @ webpack-internal:///(app-pages-browser)/./node_modules/next/dist/next-devtools/shared/forward-logs-shared.js:44
[   27677ms] [LOG] [Fast Refresh] done in 15ms @ webpack-internal:///(app-pages-browser)/./node_modules/next/dist/next-devtools/shared/forward-logs-shared.js:44
[   27706ms] [WARNING] Error while trying to use the following icon from the Manifest: http://localhost:3000/icons/icon-192.png (Download error or resource isn't a valid image) @ http://localhost:3000/login:0
[   27725ms] [LOG] [Fast Refresh] rebuilding @ webpack-internal:///(app-pages-browser)/./node_modules/next/dist/next-devtools/shared/forward-logs-shared.js:44
[   27738ms] [LOG] [Fast Refresh] done in 13ms @ webpack-internal:///(app-pages-browser)/./node_modules/next/dist/next-devtools/shared/forward-logs-shared.js:44
[   27769ms] [WARNING] Error while trying to use the following icon from the Manifest: http://localhost:3000/icons/icon-192.png (Download error or resource isn't a valid image) @ http://localhost:3000/login:0
[   27786ms] [LOG] [Fast Refresh] rebuilding @ webpack-internal:///(app-pages-browser)/./node_modules/next/dist/next-devtools/shared/forward-logs-shared.js:44
[   27801ms] [LOG] [Fast Refresh] done in 15ms @ webpack-internal:///(app-pages-browser)/./node_modules/next/dist/next-devtools/shared/forward-logs-shared.js:44
[   27848ms] [WARNING] Error while trying to use the following icon from the Manifest: http://localhost:3000/icons/icon-192.png (Download error or resource isn't a valid image) @ http://localhost:3000/login:0
[   27863ms] [LOG] [Fast Refresh] rebuilding @ webpack-internal:///(app-pages-browser)/./node_modules/next/dist/next-devtools/shared/forward-logs-shared.js:44
[   27875ms] [LOG] [Fast Refresh] done in 12ms @ webpack-internal:///(app-pages-browser)/./node_modules/next/dist/next-devtools/shared/forward-logs-shared.js:44
[   27902ms] [WARNING] Error while trying to use the following icon from the Manifest: http://localhost:3000/icons/icon-192.png (Download error or resource isn't a valid image) @ http://localhost:3000/login:0
[   27921ms] [LOG] [Fast Refresh] rebuilding @ webpack-internal:///(app-pages-browser)/./node_modules/next/dist/next-devtools/shared/forward-logs-shared.js:44
[   27936ms] [LOG] [Fast Refresh] done in 15ms @ webpack-internal:///(app-pages-browser)/./node_modules/next/dist/next-devtools/shared/forward-logs-shared.js:44
[   27965ms] [WARNING] Error while trying to use the following icon from the Manifest: http://localhost:3000/icons/icon-192.png (Download error or resource isn't a valid image) @ http://localhost:3000/login:0
[   27981ms] [LOG] [Fast Refresh] rebuilding @ webpack-internal:///(app-pages-browser)/./node_modules/next/dist/next-devtools/shared/forward-logs-shared.js:44
[   27992ms] [LOG] [Fast Refresh] done in 11ms @ webpack-internal:///(app-pages-browser)/./node_modules/next/dist/next-devtools/shared/forward-logs-shared.js:44
[   28019ms] [WARNING] Error while trying to use the following icon from the Manifest: http://localhost:3000/icons/icon-192.png (Download error or resource isn't a valid image) @ http://localhost:3000/login:0
[   28037ms] [LOG] [Fast Refresh] rebuilding @ webpack-internal:///(app-pages-browser)/./node_modules/next/dist/next-devtools/shared/forward-logs-shared.js:44
[   28051ms] [LOG] [Fast Refresh] done in 15ms @ webpack-internal:///(app-pages-browser)/./node_modules/next/dist/next-devtools/shared/forward-logs-shared.js:44
[   28083ms] [WARNING] Error while trying to use the following icon from the Manifest: http://localhost:3000/icons/icon-192.png (Download error or resource isn't a valid image) @ http://localhost:3000/login:0
[   28098ms] [LOG] [Fast Refresh] rebuilding @ webpack-internal:///(app-pages-browser)/./node_modules/next/dist/next-devtools/shared/forward-logs-shared.js:44
[   28113ms] [LOG] [Fast Refresh] done in 15ms @ webpack-internal:///(app-pages-browser)/./node_modules/next/dist/next-devtools/shared/forward-logs-shared.js:44
[   28146ms] [WARNING] Error while trying to use the following icon from the Manifest: http://localhost:3000/icons/icon-192.png (Download error or resource isn't a valid image) @ http://localhost:3000/login:0
[   28168ms] [LOG] [Fast Refresh] rebuilding @ webpack-internal:///(app-pages-browser)/./node_modules/next/dist/next-devtools/shared/forward-logs-shared.js:44
[   28184ms] [LOG] [Fast Refresh] done in 17ms @ webpack-internal:///(app-pages-browser)/./node_modules/next/dist/next-devtools/shared/forward-logs-shared.js:44
[   28227ms] [LOG] [Fast Refresh] rebuilding @ webpack-internal:///(app-pages-browser)/./node_modules/next/dist/next-devtools/shared/forward-logs-shared.js:44
[   28238ms] [LOG] [Fast Refresh] done in 11ms @ webpack-internal:///(app-pages-browser)/./node_modules/next/dist/next-devtools/shared/forward-logs-shared.js:44
[   28268ms] [WARNING] Error while trying to use the following icon from the Manifest: http://localhost:3000/icons/icon-192.png (Download error or resource isn't a valid image) @ http://localhost:3000/login:0
[   28285ms] [LOG] [Fast Refresh] rebuilding @ webpack-internal:///(app-pages-browser)/./node_modules/next/dist/next-devtools/shared/forward-logs-shared.js:44
[   28300ms] [LOG] [Fast Refresh] done in 15ms @ webpack-internal:///(app-pages-browser)/./node_modules/next/dist/next-devtools/shared/forward-logs-shared.js:44
[   28329ms] [WARNING] Error while trying to use the following icon from the Manifest: http://localhost:3000/icons/icon-192.png (Download error or resource isn't a valid image) @ http://localhost:3000/login:0
[   28345ms] [LOG] [Fast Refresh] rebuilding @ webpack-internal:///(app-pages-browser)/./node_modules/next/dist/next-devtools/shared/forward-logs-shared.js:44
[   28357ms] [LOG] [Fast Refresh] done in 11ms @ webpack-internal:///(app-pages-browser)/./node_modules/next/dist/next-devtools/shared/forward-logs-shared.js:44
[   28402ms] [LOG] [Fast Refresh] rebuilding @ webpack-internal:///(app-pages-browser)/./node_modules/next/dist/next-devtools/shared/forward-logs-shared.js:44
[   28417ms] [LOG] [Fast Refresh] done in 15ms @ webpack-internal:///(app-pages-browser)/./node_modules/next/dist/next-devtools/shared/forward-logs-shared.js:44
[   28449ms] [WARNING] Error while trying to use the following icon from the Manifest: http://localhost:3000/icons/icon-192.png (Download error or resource isn't a valid image) @ http://localhost:3000/login:0
[   28464ms] [LOG] [Fast Refresh] rebuilding @ webpack-internal:///(app-pages-browser)/./node_modules/next/dist/next-devtools/shared/forward-logs-shared.js:44
[   28475ms] [LOG] [Fast Refresh] done in 11ms @ webpack-internal:///(app-pages-browser)/./node_modules/next/dist/next-devtools/shared/forward-logs-shared.js:44
[   28502ms] [WARNING] Error while trying to use the following icon from the Manifest: http://localhost:3000/icons/icon-192.png (Download error or resource isn't a valid image) @ http://localhost:3000/login:0
[   28519ms] [LOG] [Fast Refresh] rebuilding @ webpack-internal:///(app-pages-browser)/./node_modules/next/dist/next-devtools/shared/forward-logs-shared.js:44
[   28535ms] [LOG] [Fast Refresh] done in 15ms @ webpack-internal:///(app-pages-browser)/./node_modules/next/dist/next-devtools/shared/forward-logs-shared.js:44
[   28564ms] [WARNING] Error while trying to use the following icon from the Manifest: http://localhost:3000/icons/icon-192.png (Download error or resource isn't a valid image) @ http://localhost:3000/login:0
[   28581ms] [LOG] [Fast Refresh] rebuilding @ webpack-internal:///(app-pages-browser)/./node_modules/next/dist/next-devtools/shared/forward-logs-shared.js:44
[   28592ms] [LOG] [Fast Refresh] done in 12ms @ webpack-internal:///(app-pages-browser)/./node_modules/next/dist/next-devtools/shared/forward-logs-shared.js:44
[   28620ms] [WARNING] Error while trying to use the following icon from the Manifest: http://localhost:3000/icons/icon-192.png (Download error or resource isn't a valid image) @ http://localhost:3000/login:0
[   28638ms] [LOG] [Fast Refresh] rebuilding @ webpack-internal:///(app-pages-browser)/./node_modules/next/dist/next-devtools/shared/forward-logs-shared.js:44
[   28654ms] [LOG] [Fast Refresh] done in 16ms @ webpack-internal:///(app-pages-browser)/./node_modules/next/dist/next-devtools/shared/forward-logs-shared.js:44
[   28682ms] [WARNING] Error while trying to use the following icon from the Manifest: http://localhost:3000/icons/icon-192.png (Download error or resource isn't a valid image) @ http://localhost:3000/login:0
[   28698ms] [LOG] [Fast Refresh] rebuilding @ webpack-internal:///(app-pages-browser)/./node_modules/next/dist/next-devtools/shared/forward-logs-shared.js:44
[   28709ms] [LOG] [Fast Refresh] done in 11ms @ webpack-internal:///(app-pages-browser)/./node_modules/next/dist/next-devtools/shared/forward-logs-shared.js:44
[   28737ms] [WARNING] Error while trying to use the following icon from the Manifest: http://localhost:3000/icons/icon-192.png (Download error or resource isn't a valid image) @ http://localhost:3000/login:0
[   28753ms] [LOG] [Fast Refresh] rebuilding @ webpack-internal:///(app-pages-browser)/./node_modules/next/dist/next-devtools/shared/forward-logs-shared.js:44
[   28768ms] [LOG] [Fast Refresh] done in 15ms @ webpack-internal:///(app-pages-browser)/./node_modules/next/dist/next-devtools/shared/forward-logs-shared.js:44
[   28795ms] [WARNING] Error while trying to use the following icon from the Manifest: http://localhost:3000/icons/icon-192.png (Download error or resource isn't a valid image) @ http://localhost:3000/login:0
[   28816ms] [LOG] [Fast Refresh] rebuilding @ webpack-internal:///(app-pages-browser)/./node_modules/next/dist/next-devtools/shared/forward-logs-shared.js:44
[   28827ms] [LOG] [Fast Refresh] done in 11ms @ webpack-internal:///(app-pages-browser)/./node_modules/next/dist/next-devtools/shared/forward-logs-shared.js:44
[   28853ms] [WARNING] Error while trying to use the following icon from the Manifest: http://localhost:3000/icons/icon-192.png (Download error or resource isn't a valid image) @ http://localhost:3000/login:0
[   28871ms] [LOG] [Fast Refresh] rebuilding @ webpack-internal:///(app-pages-browser)/./node_modules/next/dist/next-devtools/shared/forward-logs-shared.js:44
[   28885ms] [LOG] [Fast Refresh] done in 15ms @ webpack-internal:///(app-pages-browser)/./node_modules/next/dist/next-devtools/shared/forward-logs-shared.js:44
[   28913ms] [WARNING] Error while trying to use the following icon from the Manifest: http://localhost:3000/icons/icon-192.png (Download error or resource isn't a valid image) @ http://localhost:3000/login:0
[   28930ms] [LOG] [Fast Refresh] rebuilding @ webpack-internal:///(app-pages-browser)/./node_modules/next/dist/next-devtools/shared/forward-logs-shared.js:44
[   28942ms] [LOG] [Fast Refresh] done in 12ms @ webpack-internal:///(app-pages-browser)/./node_modules/next/dist/next-devtools/shared/forward-logs-shared.js:44
[   28987ms] [LOG] [Fast Refresh] rebuilding @ webpack-internal:///(app-pages-browser)/./node_modules/next/dist/next-devtools/shared/forward-logs-shared.js:44
[   29002ms] [LOG] [Fast Refresh] done in 15ms @ webpack-internal:///(app-pages-browser)/./node_modules/next/dist/next-devtools/shared/forward-logs-shared.js:44
[   29030ms] [WARNING] Error while trying to use the following icon from the Manifest: http://localhost:3000/icons/icon-192.png (Download error or resource isn't a valid image) @ http://localhost:3000/login:0
[   29045ms] [LOG] [Fast Refresh] rebuilding @ webpack-internal:///(app-pages-browser)/./node_modules/next/dist/next-devtools/shared/forward-logs-shared.js:44
[   29057ms] [LOG] [Fast Refresh] done in 11ms @ webpack-internal:///(app-pages-browser)/./node_modules/next/dist/next-devtools/shared/forward-logs-shared.js:44
[   29085ms] [WARNING] Error while trying to use the following icon from the Manifest: http://localhost:3000/icons/icon-192.png (Download error or resource isn't a valid image) @ http://localhost:3000/login:0
[   29102ms] [LOG] [Fast Refresh] rebuilding @ webpack-internal:///(app-pages-browser)/./node_modules/next/dist/next-devtools/shared/forward-logs-shared.js:44
[   29117ms] [LOG] [Fast Refresh] done in 15ms @ webpack-internal:///(app-pages-browser)/./node_modules/next/dist/next-devtools/shared/forward-logs-shared.js:44
[   29147ms] [WARNING] Error while trying to use the following icon from the Manifest: http://localhost:3000/icons/icon-192.png (Download error or resource isn't a valid image) @ http://localhost:3000/login:0
[   29163ms] [LOG] [Fast Refresh] rebuilding @ webpack-internal:///(app-pages-browser)/./node_modules/next/dist/next-devtools/shared/forward-logs-shared.js:44
[   29174ms] [LOG] [Fast Refresh] done in 11ms @ webpack-internal:///(app-pages-browser)/./node_modules/next/dist/next-devtools/shared/forward-logs-shared.js:44
[   29203ms] [WARNING] Error while trying to use the following icon from the Manifest: http://localhost:3000/icons/icon-192.png (Download error or resource isn't a valid image) @ http://localhost:3000/login:0
[   29221ms] [LOG] [Fast Refresh] rebuilding @ webpack-internal:///(app-pages-browser)/./node_modules/next/dist/next-devtools/shared/forward-logs-shared.js:44
[   29238ms] [LOG] [Fast Refresh] done in 17ms @ webpack-internal:///(app-pages-browser)/./node_modules/next/dist/next-devtools/shared/forward-logs-shared.js:44
[   29264ms] [WARNING] Error while trying to use the following icon from the Manifest: http://localhost:3000/icons/icon-192.png (Download error or resource isn't a valid image) @ http://localhost:3000/login:0
[   29280ms] [LOG] [Fast Refresh] rebuilding @ webpack-internal:///(app-pages-browser)/./node_modules/next/dist/next-devtools/shared/forward-logs-shared.js:44
[   29292ms] [LOG] [Fast Refresh] done in 11ms @ webpack-internal:///(app-pages-browser)/./node_modules/next/dist/next-devtools/shared/forward-logs-shared.js:44
[   29321ms] [WARNING] Error while trying to use the following icon from the Manifest: http://localhost:3000/icons/icon-192.png (Download error or resource isn't a valid image) @ http://localhost:3000/login:0
[   29339ms] [LOG] [Fast Refresh] rebuilding @ webpack-internal:///(app-pages-browser)/./node_modules/next/dist/next-devtools/shared/forward-logs-shared.js:44
[   29354ms] [LOG] [Fast Refresh] done in 14ms @ webpack-internal:///(app-pages-browser)/./node_modules/next/dist/next-devtools/shared/forward-logs-shared.js:44
[   29382ms] [WARNING] Error while trying to use the following icon from the Manifest: http://localhost:3000/icons/icon-192.png (Download error or resource isn't a valid image) @ http://localhost:3000/login:0
[   29397ms] [LOG] [Fast Refresh] rebuilding @ webpack-internal:///(app-pages-browser)/./node_modules/next/dist/next-devtools/shared/forward-logs-shared.js:44
[   29408ms] [LOG] [Fast Refresh] done in 11ms @ webpack-internal:///(app-pages-browser)/./node_modules/next/dist/next-devtools/shared/forward-logs-shared.js:44
[   29436ms] [WARNING] Error while trying to use the following icon from the Manifest: http://localhost:3000/icons/icon-192.png (Download error or resource isn't a valid image) @ http://localhost:3000/login:0
[   29454ms] [LOG] [Fast Refresh] rebuilding @ webpack-internal:///(app-pages-browser)/./node_modules/next/dist/next-devtools/shared/forward-logs-shared.js:44
[   29469ms] [LOG] [Fast Refresh] done in 15ms @ webpack-internal:///(app-pages-browser)/./node_modules/next/dist/next-devtools/shared/forward-logs-shared.js:44
[   29513ms] [LOG] [Fast Refresh] rebuilding @ webpack-internal:///(app-pages-browser)/./node_modules/next/dist/next-devtools/shared/forward-logs-shared.js:44
[   29524ms] [LOG] [Fast Refresh] done in 12ms @ webpack-internal:///(app-pages-browser)/./node_modules/next/dist/next-devtools/shared/forward-logs-shared.js:44
[   29554ms] [WARNING] Error while trying to use the following icon from the Manifest: http://localhost:3000/icons/icon-192.png (Download error or resource isn't a valid image) @ http://localhost:3000/login:0
[   29570ms] [LOG] [Fast Refresh] rebuilding @ webpack-internal:///(app-pages-browser)/./node_modules/next/dist/next-devtools/shared/forward-logs-shared.js:44
[   29586ms] [LOG] [Fast Refresh] done in 15ms @ webpack-internal:///(app-pages-browser)/./node_modules/next/dist/next-devtools/shared/forward-logs-shared.js:44
[   29614ms] [WARNING] Error while trying to use the following icon from the Manifest: http://localhost:3000/icons/icon-192.png (Download error or resource isn't a valid image) @ http://localhost:3000/login:0
[   29631ms] [LOG] [Fast Refresh] rebuilding @ webpack-internal:///(app-pages-browser)/./node_modules/next/dist/next-devtools/shared/forward-logs-shared.js:44
[   29643ms] [LOG] [Fast Refresh] done in 12ms @ webpack-internal:///(app-pages-browser)/./node_modules/next/dist/next-devtools/shared/forward-logs-shared.js:44
[   29671ms] [WARNING] Error while trying to use the following icon from the Manifest: http://localhost:3000/icons/icon-192.png (Download error or resource isn't a valid image) @ http://localhost:3000/login:0
[   29688ms] [LOG] [Fast Refresh] rebuilding @ webpack-internal:///(app-pages-browser)/./node_modules/next/dist/next-devtools/shared/forward-logs-shared.js:44
[   29703ms] [LOG] [Fast Refresh] done in 15ms @ webpack-internal:///(app-pages-browser)/./node_modules/next/dist/next-devtools/shared/forward-logs-shared.js:44
[   29735ms] [WARNING] Error while trying to use the following icon from the Manifest: http://localhost:3000/icons/icon-192.png (Download error or resource isn't a valid image) @ http://localhost:3000/login:0
[   29751ms] [LOG] [Fast Refresh] rebuilding @ webpack-internal:///(app-pages-browser)/./node_modules/next/dist/next-devtools/shared/forward-logs-shared.js:44
[   29762ms] [LOG] [Fast Refresh] done in 12ms @ webpack-internal:///(app-pages-browser)/./node_modules/next/dist/next-devtools/shared/forward-logs-shared.js:44
[   29790ms] [WARNING] Error while trying to use the following icon from the Manifest: http://localhost:3000/icons/icon-192.png (Download error or resource isn't a valid image) @ http://localhost:3000/login:0
[   29806ms] [LOG] [Fast Refresh] rebuilding @ webpack-internal:///(app-pages-browser)/./node_modules/next/dist/next-devtools/shared/forward-logs-shared.js:44
[   29821ms] [LOG] [Fast Refresh] done in 15ms @ webpack-internal:///(app-pages-browser)/./node_modules/next/dist/next-devtools/shared/forward-logs-shared.js:44
[   29850ms] [WARNING] Error while trying to use the following icon from the Manifest: http://localhost:3000/icons/icon-192.png (Download error or resource isn't a valid image) @ http://localhost:3000/login:0
[   29866ms] [LOG] [Fast Refresh] rebuilding @ webpack-internal:///(app-pages-browser)/./node_modules/next/dist/next-devtools/shared/forward-logs-shared.js:44
[   29879ms] [LOG] [Fast Refresh] done in 12ms @ webpack-internal:///(app-pages-browser)/./node_modules/next/dist/next-devtools/shared/forward-logs-shared.js:44
[   29906ms] [WARNING] Error while trying to use the following icon from the Manifest: http://localhost:3000/icons/icon-192.png (Download error or resource isn't a valid image) @ http://localhost:3000/login:0
[   29922ms] [LOG] [Fast Refresh] rebuilding @ webpack-internal:///(app-pages-browser)/./node_modules/next/dist/next-devtools/shared/forward-logs-shared.js:44
[   29937ms] [LOG] [Fast Refresh] done in 15ms @ webpack-internal:///(app-pages-browser)/./node_modules/next/dist/next-devtools/shared/forward-logs-shared.js:44
[   29965ms] [WARNING] Error while trying to use the following icon from the Manifest: http://localhost:3000/icons/icon-192.png (Download error or resource isn't a valid image) @ http://localhost:3000/login:0
[   29980ms] [LOG] [Fast Refresh] rebuilding @ webpack-internal:///(app-pages-browser)/./node_modules/next/dist/next-devtools/shared/forward-logs-shared.js:44
[   29991ms] [LOG] [Fast Refresh] done in 11ms @ webpack-internal:///(app-pages-browser)/./node_modules/next/dist/next-devtools/shared/forward-logs-shared.js:44
[   30037ms] [LOG] [Fast Refresh] rebuilding @ webpack-internal:///(app-pages-browser)/./node_modules/next/dist/next-devtools/shared/forward-logs-shared.js:44
[   30051ms] [LOG] [Fast Refresh] done in 15ms @ webpack-internal:///(app-pages-browser)/./node_modules/next/dist/next-devtools/shared/forward-logs-shared.js:44
[   30074ms] [WARNING] Error while trying to use the following icon from the Manifest: http://localhost:3000/icons/icon-192.png (Download error or resource isn't a valid image) @ http://localhost:3000/login:0
[   30095ms] [LOG] [Fast Refresh] rebuilding @ webpack-internal:///(app-pages-browser)/./node_modules/next/dist/next-devtools/shared/forward-logs-shared.js:44
[   30106ms] [LOG] [Fast Refresh] done in 11ms @ webpack-internal:///(app-pages-browser)/./node_modules/next/dist/next-devtools/shared/forward-logs-shared.js:44
[   30135ms] [WARNING] Error while trying to use the following icon from the Manifest: http://localhost:3000/icons/icon-192.png (Download error or resource isn't a valid image) @ http://localhost:3000/login:0
[   30151ms] [LOG] [Fast Refresh] rebuilding @ webpack-internal:///(app-pages-browser)/./node_modules/next/dist/next-devtools/shared/forward-logs-shared.js:44
[   30168ms] [LOG] [Fast Refresh] done in 16ms @ webpack-internal:///(app-pages-browser)/./node_modules/next/dist/next-devtools/shared/forward-logs-shared.js:44
[   30191ms] [WARNING] Error while trying to use the following icon from the Manifest: http://localhost:3000/icons/icon-192.png (Download error or resource isn't a valid image) @ http://localhost:3000/login:0
[   30212ms] [LOG] [Fast Refresh] rebuilding @ webpack-internal:///(app-pages-browser)/./node_modules/next/dist/next-devtools/shared/forward-logs-shared.js:44
[   30222ms] [LOG] [Fast Refresh] done in 11ms @ webpack-internal:///(app-pages-browser)/./node_modules/next/dist/next-devtools/shared/forward-logs-shared.js:44
[   30251ms] [WARNING] Error while trying to use the following icon from the Manifest: http://localhost:3000/icons/icon-192.png (Download error or resource isn't a valid image) @ http://localhost:3000/login:0
[   30267ms] [LOG] [Fast Refresh] rebuilding @ webpack-internal:///(app-pages-browser)/./node_modules/next/dist/next-devtools/shared/forward-logs-shared.js:44
[   30283ms] [LOG] [Fast Refresh] done in 15ms @ webpack-internal:///(app-pages-browser)/./node_modules/next/dist/next-devtools/shared/forward-logs-shared.js:44
[   30310ms] [WARNING] Error while trying to use the following icon from the Manifest: http://localhost:3000/icons/icon-192.png (Download error or resource isn't a valid image) @ http://localhost:3000/login:0
[   30326ms] [LOG] [Fast Refresh] rebuilding @ webpack-internal:///(app-pages-browser)/./node_modules/next/dist/next-devtools/shared/forward-logs-shared.js:44
[   30337ms] [LOG] [Fast Refresh] done in 11ms @ webpack-internal:///(app-pages-browser)/./node_modules/next/dist/next-devtools/shared/forward-logs-shared.js:44
[   30366ms] [WARNING] Error while trying to use the following icon from the Manifest: http://localhost:3000/icons/icon-192.png (Download error or resource isn't a valid image) @ http://localhost:3000/login:0
[   30385ms] [LOG] [Fast Refresh] rebuilding @ webpack-internal:///(app-pages-browser)/./node_modules/next/dist/next-devtools/shared/forward-logs-shared.js:44
[   30401ms] [LOG] [Fast Refresh] done in 15ms @ webpack-internal:///(app-pages-browser)/./node_modules/next/dist/next-devtools/shared/forward-logs-shared.js:44
[   30429ms] [WARNING] Error while trying to use the following icon from the Manifest: http://localhost:3000/icons/icon-192.png (Download error or resource isn't a valid image) @ http://localhost:3000/login:0
[   30446ms] [LOG] [Fast Refresh] rebuilding @ webpack-internal:///(app-pages-browser)/./node_modules/next/dist/next-devtools/shared/forward-logs-shared.js:44
[   30457ms] [LOG] [Fast Refresh] done in 11ms @ webpack-internal:///(app-pages-browser)/./node_modules/next/dist/next-devtools/shared/forward-logs-shared.js:44
[   30485ms] [WARNING] Error while trying to use the following icon from the Manifest: http://localhost:3000/icons/icon-192.png (Download error or resource isn't a valid image) @ http://localhost:3000/login:0
[   30535ms] [LOG] [Fast Refresh] rebuilding @ webpack-internal:///(app-pages-browser)/./node_modules/next/dist/next-devtools/shared/forward-logs-shared.js:44
[   30562ms] [LOG] [Fast Refresh] done in 27ms @ webpack-internal:///(app-pages-browser)/./node_modules/next/dist/next-devtools/shared/forward-logs-shared.js:44
[   30587ms] [WARNING] Error while trying to use the following icon from the Manifest: http://localhost:3000/icons/icon-192.png (Download error or resource isn't a valid image) @ http://localhost:3000/login:0
[   30602ms] [LOG] [Fast Refresh] rebuilding @ webpack-internal:///(app-pages-browser)/./node_modules/next/dist/next-devtools/shared/forward-logs-shared.js:44
[   30615ms] [LOG] [Fast Refresh] done in 12ms @ webpack-internal:///(app-pages-browser)/./node_modules/next/dist/next-devtools/shared/forward-logs-shared.js:44
[   30647ms] [WARNING] Error while trying to use the following icon from the Manifest: http://localhost:3000/icons/icon-192.png (Download error or resource isn't a valid image) @ http://localhost:3000/login:0
[   30664ms] [LOG] [Fast Refresh] rebuilding @ webpack-internal:///(app-pages-browser)/./node_modules/next/dist/next-devtools/shared/forward-logs-shared.js:44
[   30680ms] [LOG] [Fast Refresh] done in 16ms @ webpack-internal:///(app-pages-browser)/./node_modules/next/dist/next-devtools/shared/forward-logs-shared.js:44
[   30703ms] [WARNING] Error while trying to use the following icon from the Manifest: http://localhost:3000/icons/icon-192.png (Download error or resource isn't a valid image) @ http://localhost:3000/login:0
[   30723ms] [LOG] [Fast Refresh] rebuilding @ webpack-internal:///(app-pages-browser)/./node_modules/next/dist/next-devtools/shared/forward-logs-shared.js:44
[   30735ms] [LOG] [Fast Refresh] done in 12ms @ webpack-internal:///(app-pages-browser)/./node_modules/next/dist/next-devtools/shared/forward-logs-shared.js:44
[   30766ms] [WARNING] Error while trying to use the following icon from the Manifest: http://localhost:3000/icons/icon-192.png (Download error or resource isn't a valid image) @ http://localhost:3000/login:0
[   30782ms] [LOG] [Fast Refresh] rebuilding @ webpack-internal:///(app-pages-browser)/./node_modules/next/dist/next-devtools/shared/forward-logs-shared.js:44
[   30797ms] [LOG] [Fast Refresh] done in 15ms @ webpack-internal:///(app-pages-browser)/./node_modules/next/dist/next-devtools/shared/forward-logs-shared.js:44
[   30825ms] [WARNING] Error while trying to use the following icon from the Manifest: http://localhost:3000/icons/icon-192.png (Download error or resource isn't a valid image) @ http://localhost:3000/login:0
[   30841ms] [LOG] [Fast Refresh] rebuilding @ webpack-internal:///(app-pages-browser)/./node_modules/next/dist/next-devtools/shared/forward-logs-shared.js:44
[   30852ms] [LOG] [Fast Refresh] done in 12ms @ webpack-internal:///(app-pages-browser)/./node_modules/next/dist/next-devtools/shared/forward-logs-shared.js:44
[   30881ms] [WARNING] Error while trying to use the following icon from the Manifest: http://localhost:3000/icons/icon-192.png (Download error or resource isn't a valid image) @ http://localhost:3000/login:0
[   30900ms] [LOG] [Fast Refresh] rebuilding @ webpack-internal:///(app-pages-browser)/./node_modules/next/dist/next-devtools/shared/forward-logs-shared.js:44
[   30916ms] [LOG] [Fast Refresh] done in 16ms @ webpack-internal:///(app-pages-browser)/./node_modules/next/dist/next-devtools/shared/forward-logs-shared.js:44
[   30946ms] [WARNING] Error while trying to use the following icon from the Manifest: http://localhost:3000/icons/icon-192.png (Download error or resource isn't a valid image) @ http://localhost:3000/login:0
[   30962ms] [LOG] [Fast Refresh] rebuilding @ webpack-internal:///(app-pages-browser)/./node_modules/next/dist/next-devtools/shared/forward-logs-shared.js:44
[   30980ms] [LOG] [Fast Refresh] done in 18ms @ webpack-internal:///(app-pages-browser)/./node_modules/next/dist/next-devtools/shared/forward-logs-shared.js:44
[   31379ms] [WARNING] Error while trying to use the following icon from the Manifest: http://localhost:3000/icons/icon-192.png (Download error or resource isn't a valid image) @ http://localhost:3000/login:0
[   31403ms] [LOG] [Fast Refresh] rebuilding @ webpack-internal:///(app-pages-browser)/./node_modules/next/dist/next-devtools/shared/forward-logs-shared.js:44
[   31417ms] [LOG] [Fast Refresh] done in 15ms @ webpack-internal:///(app-pages-browser)/./node_modules/next/dist/next-devtools/shared/forward-logs-shared.js:44
[   31448ms] [WARNING] Error while trying to use the following icon from the Manifest: http://localhost:3000/icons/icon-192.png (Download error or resource isn't a valid image) @ http://localhost:3000/login:0
[   31469ms] [LOG] [Fast Refresh] rebuilding @ webpack-internal:///(app-pages-browser)/./node_modules/next/dist/next-devtools/shared/forward-logs-shared.js:44
[   31484ms] [LOG] [Fast Refresh] done in 15ms @ webpack-internal:///(app-pages-browser)/./node_modules/next/dist/next-devtools/shared/forward-logs-shared.js:44
[   31514ms] [WARNING] Error while trying to use the following icon from the Manifest: http://localhost:3000/icons/icon-192.png (Download error or resource isn't a valid image) @ http://localhost:3000/login:0
[   31531ms] [LOG] [Fast Refresh] rebuilding @ webpack-internal:///(app-pages-browser)/./node_modules/next/dist/next-devtools/shared/forward-logs-shared.js:44
[   31543ms] [LOG] [Fast Refresh] done in 12ms @ webpack-internal:///(app-pages-browser)/./node_modules/next/dist/next-devtools/shared/forward-logs-shared.js:44
[   31572ms] [WARNING] Error while trying to use the following icon from the Manifest: http://localhost:3000/icons/icon-192.png (Download error or resource isn't a valid image) @ http://localhost:3000/login:0
[   31589ms] [LOG] [Fast Refresh] rebuilding @ webpack-internal:///(app-pages-browser)/./node_modules/next/dist/next-devtools/shared/forward-logs-shared.js:44
[   31603ms] [LOG] [Fast Refresh] done in 15ms @ webpack-internal:///(app-pages-browser)/./node_modules/next/dist/next-devtools/shared/forward-logs-shared.js:44
[   31635ms] [WARNING] Error while trying to use the following icon from the Manifest: http://localhost:3000/icons/icon-192.png (Download error or resource isn't a valid image) @ http://localhost:3000/login:0
[   31651ms] [LOG] [Fast Refresh] rebuilding @ webpack-internal:///(app-pages-browser)/./node_modules/next/dist/next-devtools/shared/forward-logs-shared.js:44
[   31662ms] [LOG] [Fast Refresh] done in 11ms @ webpack-internal:///(app-pages-browser)/./node_modules/next/dist/next-devtools/shared/forward-logs-shared.js:44
[   31690ms] [WARNING] Error while trying to use the following icon from the Manifest: http://localhost:3000/icons/icon-192.png (Download error or resource isn't a valid image) @ http://localhost:3000/login:0
[   31707ms] [LOG] [Fast Refresh] rebuilding @ webpack-internal:///(app-pages-browser)/./node_modules/next/dist/next-devtools/shared/forward-logs-shared.js:44
[   31722ms] [LOG] [Fast Refresh] done in 15ms @ webpack-internal:///(app-pages-browser)/./node_modules/next/dist/next-devtools/shared/forward-logs-shared.js:44
[   31750ms] [WARNING] Error while trying to use the following icon from the Manifest: http://localhost:3000/icons/icon-192.png (Download error or resource isn't a valid image) @ http://localhost:3000/login:0
[   31767ms] [LOG] [Fast Refresh] rebuilding @ webpack-internal:///(app-pages-browser)/./node_modules/next/dist/next-devtools/shared/forward-logs-shared.js:44
[   31778ms] [LOG] [Fast Refresh] done in 11ms @ webpack-internal:///(app-pages-browser)/./node_modules/next/dist/next-devtools/shared/forward-logs-shared.js:44
[   31809ms] [WARNING] Error while trying to use the following icon from the Manifest: http://localhost:3000/icons/icon-192.png (Download error or resource isn't a valid image) @ http://localhost:3000/login:0
[   31825ms] [LOG] [Fast Refresh] rebuilding @ webpack-internal:///(app-pages-browser)/./node_modules/next/dist/next-devtools/shared/forward-logs-shared.js:44
[   31840ms] [LOG] [Fast Refresh] done in 14ms @ webpack-internal:///(app-pages-browser)/./node_modules/next/dist/next-devtools/shared/forward-logs-shared.js:44
[   31867ms] [WARNING] Error while trying to use the following icon from the Manifest: http://localhost:3000/icons/icon-192.png (Download error or resource isn't a valid image) @ http://localhost:3000/login:0
[   31883ms] [LOG] [Fast Refresh] rebuilding @ webpack-internal:///(app-pages-browser)/./node_modules/next/dist/next-devtools/shared/forward-logs-shared.js:44
[   31894ms] [LOG] [Fast Refresh] done in 10ms @ webpack-internal:///(app-pages-browser)/./node_modules/next/dist/next-devtools/shared/forward-logs-shared.js:44
[   31920ms] [WARNING] Error while trying to use the following icon from the Manifest: http://localhost:3000/icons/icon-192.png (Download error or resource isn't a valid image) @ http://localhost:3000/login:0
[   31936ms] [LOG] [Fast Refresh] rebuilding @ webpack-internal:///(app-pages-browser)/./node_modules/next/dist/next-devtools/shared/forward-logs-shared.js:44
[   31950ms] [LOG] [Fast Refresh] done in 15ms @ webpack-internal:///(app-pages-browser)/./node_modules/next/dist/next-devtools/shared/forward-logs-shared.js:44
[   31979ms] [WARNING] Error while trying to use the following icon from the Manifest: http://localhost:3000/icons/icon-192.png (Download error or resource isn't a valid image) @ http://localhost:3000/login:0
[   31998ms] [LOG] [Fast Refresh] rebuilding @ webpack-internal:///(app-pages-browser)/./node_modules/next/dist/next-devtools/shared/forward-logs-shared.js:44
[   32011ms] [LOG] [Fast Refresh] done in 14ms @ webpack-internal:///(app-pages-browser)/./node_modules/next/dist/next-devtools/shared/forward-logs-shared.js:44
[   32044ms] [WARNING] Error while trying to use the following icon from the Manifest: http://localhost:3000/icons/icon-192.png (Download error or resource isn't a valid image) @ http://localhost:3000/login:0
[   32063ms] [LOG] [Fast Refresh] rebuilding @ webpack-internal:///(app-pages-browser)/./node_modules/next/dist/next-devtools/shared/forward-logs-shared.js:44
[   32078ms] [LOG] [Fast Refresh] done in 15ms @ webpack-internal:///(app-pages-browser)/./node_modules/next/dist/next-devtools/shared/forward-logs-shared.js:44
[   32106ms] [WARNING] Error while trying to use the following icon from the Manifest: http://localhost:3000/icons/icon-192.png (Download error or resource isn't a valid image) @ http://localhost:3000/login:0
[   32122ms] [LOG] [Fast Refresh] rebuilding @ webpack-internal:///(app-pages-browser)/./node_modules/next/dist/next-devtools/shared/forward-logs-shared.js:44
[   32133ms] [LOG] [Fast Refresh] done in 11ms @ webpack-internal:///(app-pages-browser)/./node_modules/next/dist/next-devtools/shared/forward-logs-shared.js:44
[   32164ms] [WARNING] Error while trying to use the following icon from the Manifest: http://localhost:3000/icons/icon-192.png (Download error or resource isn't a valid image) @ http://localhost:3000/login:0
[   32181ms] [LOG] [Fast Refresh] rebuilding @ webpack-internal:///(app-pages-browser)/./node_modules/next/dist/next-devtools/shared/forward-logs-shared.js:44
[   32195ms] [LOG] [Fast Refresh] done in 14ms @ webpack-internal:///(app-pages-browser)/./node_modules/next/dist/next-devtools/shared/forward-logs-shared.js:44
[   32221ms] [WARNING] Error while trying to use the following icon from the Manifest: http://localhost:3000/icons/icon-192.png (Download error or resource isn't a valid image) @ http://localhost:3000/login:0
[   32238ms] [LOG] [Fast Refresh] rebuilding @ webpack-internal:///(app-pages-browser)/./node_modules/next/dist/next-devtools/shared/forward-logs-shared.js:44
[   32249ms] [LOG] [Fast Refresh] done in 12ms @ webpack-internal:///(app-pages-browser)/./node_modules/next/dist/next-devtools/shared/forward-logs-shared.js:44
[   32276ms] [WARNING] Error while trying to use the following icon from the Manifest: http://localhost:3000/icons/icon-192.png (Download error or resource isn't a valid image) @ http://localhost:3000/login:0
[   32295ms] [LOG] [Fast Refresh] rebuilding @ webpack-internal:///(app-pages-browser)/./node_modules/next/dist/next-devtools/shared/forward-logs-shared.js:44
[   32310ms] [LOG] [Fast Refresh] done in 15ms @ webpack-internal:///(app-pages-browser)/./node_modules/next/dist/next-devtools/shared/forward-logs-shared.js:44
[   32338ms] [WARNING] Error while trying to use the following icon from the Manifest: http://localhost:3000/icons/icon-192.png (Download error or resource isn't a valid image) @ http://localhost:3000/login:0
[   32354ms] [LOG] [Fast Refresh] rebuilding @ webpack-internal:///(app-pages-browser)/./node_modules/next/dist/next-devtools/shared/forward-logs-shared.js:44
[   32366ms] [LOG] [Fast Refresh] done in 11ms @ webpack-internal:///(app-pages-browser)/./node_modules/next/dist/next-devtools/shared/forward-logs-shared.js:44
[   32393ms] [WARNING] Error while trying to use the following icon from the Manifest: http://localhost:3000/icons/icon-192.png (Download error or resource isn't a valid image) @ http://localhost:3000/login:0
[   32411ms] [LOG] [Fast Refresh] rebuilding @ webpack-internal:///(app-pages-browser)/./node_modules/next/dist/next-devtools/shared/forward-logs-shared.js:44
[   32426ms] [LOG] [Fast Refresh] done in 14ms @ webpack-internal:///(app-pages-browser)/./node_modules/next/dist/next-devtools/shared/forward-logs-shared.js:44
[   32455ms] [WARNING] Error while trying to use the following icon from the Manifest: http://localhost:3000/icons/icon-192.png (Download error or resource isn't a valid image) @ http://localhost:3000/login:0
[   32471ms] [LOG] [Fast Refresh] rebuilding @ webpack-internal:///(app-pages-browser)/./node_modules/next/dist/next-devtools/shared/forward-logs-shared.js:44
[   32482ms] [LOG] [Fast Refresh] done in 11ms @ webpack-internal:///(app-pages-browser)/./node_modules/next/dist/next-devtools/shared/forward-logs-shared.js:44
[   32511ms] [WARNING] Error while trying to use the following icon from the Manifest: http://localhost:3000/icons/icon-192.png (Download error or resource isn't a valid image) @ http://localhost:3000/login:0
[   32529ms] [LOG] [Fast Refresh] rebuilding @ webpack-internal:///(app-pages-browser)/./node_modules/next/dist/next-devtools/shared/forward-logs-shared.js:44
[   32544ms] [LOG] [Fast Refresh] done in 14ms @ webpack-internal:///(app-pages-browser)/./node_modules/next/dist/next-devtools/shared/forward-logs-shared.js:44
[   32573ms] [WARNING] Error while trying to use the following icon from the Manifest: http://localhost:3000/icons/icon-192.png (Download error or resource isn't a valid image) @ http://localhost:3000/login:0
[   32592ms] [LOG] [Fast Refresh] rebuilding @ webpack-internal:///(app-pages-browser)/./node_modules/next/dist/next-devtools/shared/forward-logs-shared.js:44
[   32603ms] [LOG] [Fast Refresh] done in 11ms @ webpack-internal:///(app-pages-browser)/./node_modules/next/dist/next-devtools/shared/forward-logs-shared.js:44
[   32632ms] [WARNING] Error while trying to use the following icon from the Manifest: http://localhost:3000/icons/icon-192.png (Download error or resource isn't a valid image) @ http://localhost:3000/login:0
[   32650ms] [LOG] [Fast Refresh] rebuilding @ webpack-internal:///(app-pages-browser)/./node_modules/next/dist/next-devtools/shared/forward-logs-shared.js:44
[   32678ms] [LOG] [Fast Refresh] done in 28ms @ webpack-internal:///(app-pages-browser)/./node_modules/next/dist/next-devtools/shared/forward-logs-shared.js:44
[   32722ms] [LOG] [Fast Refresh] rebuilding @ webpack-internal:///(app-pages-browser)/./node_modules/next/dist/next-devtools/shared/forward-logs-shared.js:44
[   32733ms] [LOG] [Fast Refresh] done in 12ms @ webpack-internal:///(app-pages-browser)/./node_modules/next/dist/next-devtools/shared/forward-logs-shared.js:44
[   32763ms] [WARNING] Error while trying to use the following icon from the Manifest: http://localhost:3000/icons/icon-192.png (Download error or resource isn't a valid image) @ http://localhost:3000/login:0
[   32780ms] [LOG] [Fast Refresh] rebuilding @ webpack-internal:///(app-pages-browser)/./node_modules/next/dist/next-devtools/shared/forward-logs-shared.js:44
[   32795ms] [LOG] [Fast Refresh] done in 15ms @ webpack-internal:///(app-pages-browser)/./node_modules/next/dist/next-devtools/shared/forward-logs-shared.js:44
[   32825ms] [WARNING] Error while trying to use the following icon from the Manifest: http://localhost:3000/icons/icon-192.png (Download error or resource isn't a valid image) @ http://localhost:3000/login:0
[   32842ms] [LOG] [Fast Refresh] rebuilding @ webpack-internal:///(app-pages-browser)/./node_modules/next/dist/next-devtools/shared/forward-logs-shared.js:44
[   32853ms] [LOG] [Fast Refresh] done in 12ms @ webpack-internal:///(app-pages-browser)/./node_modules/next/dist/next-devtools/shared/forward-logs-shared.js:44
[   32906ms] [WARNING] Error while trying to use the following icon from the Manifest: http://localhost:3000/icons/icon-192.png (Download error or resource isn't a valid image) @ http://localhost:3000/login:0
[   32925ms] [LOG] [Fast Refresh] rebuilding @ webpack-internal:///(app-pages-browser)/./node_modules/next/dist/next-devtools/shared/forward-logs-shared.js:44
[   32942ms] [LOG] [Fast Refresh] done in 18ms @ webpack-internal:///(app-pages-browser)/./node_modules/next/dist/next-devtools/shared/forward-logs-shared.js:44
[   32971ms] [WARNING] Error while trying to use the following icon from the Manifest: http://localhost:3000/icons/icon-192.png (Download error or resource isn't a valid image) @ http://localhost:3000/login:0
[   32988ms] [LOG] [Fast Refresh] rebuilding @ webpack-internal:///(app-pages-browser)/./node_modules/next/dist/next-devtools/shared/forward-logs-shared.js:44
[   33001ms] [LOG] [Fast Refresh] done in 13ms @ webpack-internal:///(app-pages-browser)/./node_modules/next/dist/next-devtools/shared/forward-logs-shared.js:44
[   33029ms] [WARNING] Error while trying to use the following icon from the Manifest: http://localhost:3000/icons/icon-192.png (Download error or resource isn't a valid image) @ http://localhost:3000/login:0
[   33047ms] [LOG] [Fast Refresh] rebuilding @ webpack-internal:///(app-pages-browser)/./node_modules/next/dist/next-devtools/shared/forward-logs-shared.js:44
[   33062ms] [LOG] [Fast Refresh] done in 14ms @ webpack-internal:///(app-pages-browser)/./node_modules/next/dist/next-devtools/shared/forward-logs-shared.js:44
[   33090ms] [WARNING] Error while trying to use the following icon from the Manifest: http://localhost:3000/icons/icon-192.png (Download error or resource isn't a valid image) @ http://localhost:3000/login:0
[   33106ms] [LOG] [Fast Refresh] rebuilding @ webpack-internal:///(app-pages-browser)/./node_modules/next/dist/next-devtools/shared/forward-logs-shared.js:44
[   33117ms] [LOG] [Fast Refresh] done in 12ms @ webpack-internal:///(app-pages-browser)/./node_modules/next/dist/next-devtools/shared/forward-logs-shared.js:44
[   33146ms] [WARNING] Error while trying to use the following icon from the Manifest: http://localhost:3000/icons/icon-192.png (Download error or resource isn't a valid image) @ http://localhost:3000/login:0
[   33162ms] [LOG] [Fast Refresh] rebuilding @ webpack-internal:///(app-pages-browser)/./node_modules/next/dist/next-devtools/shared/forward-logs-shared.js:44
[   33177ms] [LOG] [Fast Refresh] done in 15ms @ webpack-internal:///(app-pages-browser)/./node_modules/next/dist/next-devtools/shared/forward-logs-shared.js:44
[   33204ms] [WARNING] Error while trying to use the following icon from the Manifest: http://localhost:3000/icons/icon-192.png (Download error or resource isn't a valid image) @ http://localhost:3000/login:0
[   33220ms] [LOG] [Fast Refresh] rebuilding @ webpack-internal:///(app-pages-browser)/./node_modules/next/dist/next-devtools/shared/forward-logs-shared.js:44
[   33232ms] [LOG] [Fast Refresh] done in 12ms @ webpack-internal:///(app-pages-browser)/./node_modules/next/dist/next-devtools/shared/forward-logs-shared.js:44
[   33259ms] [WARNING] Error while trying to use the following icon from the Manifest: http://localhost:3000/icons/icon-192.png (Download error or resource isn't a valid image) @ http://localhost:3000/login:0
[   33278ms] [LOG] [Fast Refresh] rebuilding @ webpack-internal:///(app-pages-browser)/./node_modules/next/dist/next-devtools/shared/forward-logs-shared.js:44
[   33293ms] [LOG] [Fast Refresh] done in 14ms @ webpack-internal:///(app-pages-browser)/./node_modules/next/dist/next-devtools/shared/forward-logs-shared.js:44
[   33320ms] [WARNING] Error while trying to use the following icon from the Manifest: http://localhost:3000/icons/icon-192.png (Download error or resource isn't a valid image) @ http://localhost:3000/login:0
[   33337ms] [LOG] [Fast Refresh] rebuilding @ webpack-internal:///(app-pages-browser)/./node_modules/next/dist/next-devtools/shared/forward-logs-shared.js:44
[   33349ms] [LOG] [Fast Refresh] done in 11ms @ webpack-internal:///(app-pages-browser)/./node_modules/next/dist/next-devtools/shared/forward-logs-shared.js:44
[   33378ms] [WARNING] Error while trying to use the following icon from the Manifest: http://localhost:3000/icons/icon-192.png (Download error or resource isn't a valid image) @ http://localhost:3000/login:0
[   33395ms] [LOG] [Fast Refresh] rebuilding @ webpack-internal:///(app-pages-browser)/./node_modules/next/dist/next-devtools/shared/forward-logs-shared.js:44
[   33410ms] [LOG] [Fast Refresh] done in 15ms @ webpack-internal:///(app-pages-browser)/./node_modules/next/dist/next-devtools/shared/forward-logs-shared.js:44
[   33438ms] [WARNING] Error while trying to use the following icon from the Manifest: http://localhost:3000/icons/icon-192.png (Download error or resource isn't a valid image) @ http://localhost:3000/login:0
[   33454ms] [LOG] [Fast Refresh] rebuilding @ webpack-internal:///(app-pages-browser)/./node_modules/next/dist/next-devtools/shared/forward-logs-shared.js:44
[   33466ms] [LOG] [Fast Refresh] done in 11ms @ webpack-internal:///(app-pages-browser)/./node_modules/next/dist/next-devtools/shared/forward-logs-shared.js:44
[   33493ms] [WARNING] Error while trying to use the following icon from the Manifest: http://localhost:3000/icons/icon-192.png (Download error or resource isn't a valid image) @ http://localhost:3000/login:0
[   33510ms] [LOG] [Fast Refresh] rebuilding @ webpack-internal:///(app-pages-browser)/./node_modules/next/dist/next-devtools/shared/forward-logs-shared.js:44
[   33526ms] [LOG] [Fast Refresh] done in 16ms @ webpack-internal:///(app-pages-browser)/./node_modules/next/dist/next-devtools/shared/forward-logs-shared.js:44
[   33554ms] [WARNING] Error while trying to use the following icon from the Manifest: http://localhost:3000/icons/icon-192.png (Download error or resource isn't a valid image) @ http://localhost:3000/login:0
[   33570ms] [LOG] [Fast Refresh] rebuilding @ webpack-internal:///(app-pages-browser)/./node_modules/next/dist/next-devtools/shared/forward-logs-shared.js:44
[   33582ms] [LOG] [Fast Refresh] done in 12ms @ webpack-internal:///(app-pages-browser)/./node_modules/next/dist/next-devtools/shared/forward-logs-shared.js:44
[   33614ms] [WARNING] Error while trying to use the following icon from the Manifest: http://localhost:3000/icons/icon-192.png (Download error or resource isn't a valid image) @ http://localhost:3000/login:0
[   33631ms] [LOG] [Fast Refresh] rebuilding @ webpack-internal:///(app-pages-browser)/./node_modules/next/dist/next-devtools/shared/forward-logs-shared.js:44
[   33645ms] [LOG] [Fast Refresh] done in 15ms @ webpack-internal:///(app-pages-browser)/./node_modules/next/dist/next-devtools/shared/forward-logs-shared.js:44
[   33672ms] [WARNING] Error while trying to use the following icon from the Manifest: http://localhost:3000/icons/icon-192.png (Download error or resource isn't a valid image) @ http://localhost:3000/login:0
[   33688ms] [LOG] [Fast Refresh] rebuilding @ webpack-internal:///(app-pages-browser)/./node_modules/next/dist/next-devtools/shared/forward-logs-shared.js:44
[   33700ms] [LOG] [Fast Refresh] done in 11ms @ webpack-internal:///(app-pages-browser)/./node_modules/next/dist/next-devtools/shared/forward-logs-shared.js:44
[   33728ms] [WARNING] Error while trying to use the following icon from the Manifest: http://localhost:3000/icons/icon-192.png (Download error or resource isn't a valid image) @ http://localhost:3000/login:0
[   33744ms] [LOG] [Fast Refresh] rebuilding @ webpack-internal:///(app-pages-browser)/./node_modules/next/dist/next-devtools/shared/forward-logs-shared.js:44
[   33758ms] [LOG] [Fast Refresh] done in 14ms @ webpack-internal:///(app-pages-browser)/./node_modules/next/dist/next-devtools/shared/forward-logs-shared.js:44
[   33803ms] [LOG] [Fast Refresh] rebuilding @ webpack-internal:///(app-pages-browser)/./node_modules/next/dist/next-devtools/shared/forward-logs-shared.js:44
[   33814ms] [LOG] [Fast Refresh] done in 12ms @ webpack-internal:///(app-pages-browser)/./node_modules/next/dist/next-devtools/shared/forward-logs-shared.js:44
[   33842ms] [WARNING] Error while trying to use the following icon from the Manifest: http://localhost:3000/icons/icon-192.png (Download error or resource isn't a valid image) @ http://localhost:3000/login:0
[   33858ms] [LOG] [Fast Refresh] rebuilding @ webpack-internal:///(app-pages-browser)/./node_modules/next/dist/next-devtools/shared/forward-logs-shared.js:44
[   33873ms] [LOG] [Fast Refresh] done in 15ms @ webpack-internal:///(app-pages-browser)/./node_modules/next/dist/next-devtools/shared/forward-logs-shared.js:44
[   33916ms] [LOG] [Fast Refresh] rebuilding @ webpack-internal:///(app-pages-browser)/./node_modules/next/dist/next-devtools/shared/forward-logs-shared.js:44
[   33927ms] [LOG] [Fast Refresh] done in 12ms @ webpack-internal:///(app-pages-browser)/./node_modules/next/dist/next-devtools/shared/forward-logs-shared.js:44
[   33956ms] [WARNING] Error while trying to use the following icon from the Manifest: http://localhost:3000/icons/icon-192.png (Download error or resource isn't a valid image) @ http://localhost:3000/login:0
[   33972ms] [LOG] [Fast Refresh] rebuilding @ webpack-internal:///(app-pages-browser)/./node_modules/next/dist/next-devtools/shared/forward-logs-shared.js:44
[   33987ms] [LOG] [Fast Refresh] done in 15ms @ webpack-internal:///(app-pages-browser)/./node_modules/next/dist/next-devtools/shared/forward-logs-shared.js:44
[   34016ms] [WARNING] Error while trying to use the following icon from the Manifest: http://localhost:3000/icons/icon-192.png (Download error or resource isn't a valid image) @ http://localhost:3000/login:0
[   34031ms] [LOG] [Fast Refresh] rebuilding @ webpack-internal:///(app-pages-browser)/./node_modules/next/dist/next-devtools/shared/forward-logs-shared.js:44
[   34043ms] [LOG] [Fast Refresh] done in 11ms @ webpack-internal:///(app-pages-browser)/./node_modules/next/dist/next-devtools/shared/forward-logs-shared.js:44
[   34070ms] [WARNING] Error while trying to use the following icon from the Manifest: http://localhost:3000/icons/icon-192.png (Download error or resource isn't a valid image) @ http://localhost:3000/login:0
[   34086ms] [LOG] [Fast Refresh] rebuilding @ webpack-internal:///(app-pages-browser)/./node_modules/next/dist/next-devtools/shared/forward-logs-shared.js:44
[   34100ms] [LOG] [Fast Refresh] done in 15ms @ webpack-internal:///(app-pages-browser)/./node_modules/next/dist/next-devtools/shared/forward-logs-shared.js:44
[   34131ms] [WARNING] Error while trying to use the following icon from the Manifest: http://localhost:3000/icons/icon-192.png (Download error or resource isn't a valid image) @ http://localhost:3000/login:0
[   34148ms] [LOG] [Fast Refresh] rebuilding @ webpack-internal:///(app-pages-browser)/./node_modules/next/dist/next-devtools/shared/forward-logs-shared.js:44
[   34159ms] [LOG] [Fast Refresh] done in 11ms @ webpack-internal:///(app-pages-browser)/./node_modules/next/dist/next-devtools/shared/forward-logs-shared.js:44
[   34186ms] [WARNING] Error while trying to use the following icon from the Manifest: http://localhost:3000/icons/icon-192.png (Download error or resource isn't a valid image) @ http://localhost:3000/login:0
[   34203ms] [LOG] [Fast Refresh] rebuilding @ webpack-internal:///(app-pages-browser)/./node_modules/next/dist/next-devtools/shared/forward-logs-shared.js:44
[   34232ms] [LOG] [Fast Refresh] done in 28ms @ webpack-internal:///(app-pages-browser)/./node_modules/next/dist/next-devtools/shared/forward-logs-shared.js:44
[   34271ms] [LOG] [Fast Refresh] rebuilding @ webpack-internal:///(app-pages-browser)/./node_modules/next/dist/next-devtools/shared/forward-logs-shared.js:44
[   34283ms] [LOG] [Fast Refresh] done in 11ms @ webpack-internal:///(app-pages-browser)/./node_modules/next/dist/next-devtools/shared/forward-logs-shared.js:44
[   34312ms] [WARNING] Error while trying to use the following icon from the Manifest: http://localhost:3000/icons/icon-192.png (Download error or resource isn't a valid image) @ http://localhost:3000/login:0
[   34330ms] [LOG] [Fast Refresh] rebuilding @ webpack-internal:///(app-pages-browser)/./node_modules/next/dist/next-devtools/shared/forward-logs-shared.js:44
[   34345ms] [LOG] [Fast Refresh] done in 15ms @ webpack-internal:///(app-pages-browser)/./node_modules/next/dist/next-devtools/shared/forward-logs-shared.js:44
[   34374ms] [WARNING] Error while trying to use the following icon from the Manifest: http://localhost:3000/icons/icon-192.png (Download error or resource isn't a valid image) @ http://localhost:3000/login:0
[   34391ms] [LOG] [Fast Refresh] rebuilding @ webpack-internal:///(app-pages-browser)/./node_modules/next/dist/next-devtools/shared/forward-logs-shared.js:44
[   34402ms] [LOG] [Fast Refresh] done in 12ms @ webpack-internal:///(app-pages-browser)/./node_modules/next/dist/next-devtools/shared/forward-logs-shared.js:44
[   34434ms] [WARNING] Error while trying to use the following icon from the Manifest: http://localhost:3000/icons/icon-192.png (Download error or resource isn't a valid image) @ http://localhost:3000/login:0
[   34452ms] [LOG] [Fast Refresh] rebuilding @ webpack-internal:///(app-pages-browser)/./node_modules/next/dist/next-devtools/shared/forward-logs-shared.js:44
[   34469ms] [LOG] [Fast Refresh] done in 18ms @ webpack-internal:///(app-pages-browser)/./node_modules/next/dist/next-devtools/shared/forward-logs-shared.js:44
[   34499ms] [WARNING] Error while trying to use the following icon from the Manifest: http://localhost:3000/icons/icon-192.png (Download error or resource isn't a valid image) @ http://localhost:3000/login:0
[   34514ms] [LOG] [Fast Refresh] rebuilding @ webpack-internal:///(app-pages-browser)/./node_modules/next/dist/next-devtools/shared/forward-logs-shared.js:44
[   34525ms] [LOG] [Fast Refresh] done in 11ms @ webpack-internal:///(app-pages-browser)/./node_modules/next/dist/next-devtools/shared/forward-logs-shared.js:44
[   34552ms] [WARNING] Error while trying to use the following icon from the Manifest: http://localhost:3000/icons/icon-192.png (Download error or resource isn't a valid image) @ http://localhost:3000/login:0
[   34570ms] [LOG] [Fast Refresh] rebuilding @ webpack-internal:///(app-pages-browser)/./node_modules/next/dist/next-devtools/shared/forward-logs-shared.js:44
[   34585ms] [LOG] [Fast Refresh] done in 16ms @ webpack-internal:///(app-pages-browser)/./node_modules/next/dist/next-devtools/shared/forward-logs-shared.js:44
[   34630ms] [LOG] [Fast Refresh] rebuilding @ webpack-internal:///(app-pages-browser)/./node_modules/next/dist/next-devtools/shared/forward-logs-shared.js:44
[   34641ms] [LOG] [Fast Refresh] done in 11ms @ webpack-internal:///(app-pages-browser)/./node_modules/next/dist/next-devtools/shared/forward-logs-shared.js:44
[   34667ms] [WARNING] Error while trying to use the following icon from the Manifest: http://localhost:3000/icons/icon-192.png (Download error or resource isn't a valid image) @ http://localhost:3000/login:0
[   34685ms] [LOG] [Fast Refresh] rebuilding @ webpack-internal:///(app-pages-browser)/./node_modules/next/dist/next-devtools/shared/forward-logs-shared.js:44
[   34699ms] [LOG] [Fast Refresh] done in 15ms @ webpack-internal:///(app-pages-browser)/./node_modules/next/dist/next-devtools/shared/forward-logs-shared.js:44
[   34730ms] [WARNING] Error while trying to use the following icon from the Manifest: http://localhost:3000/icons/icon-192.png (Download error or resource isn't a valid image) @ http://localhost:3000/login:0
[   34747ms] [LOG] [Fast Refresh] rebuilding @ webpack-internal:///(app-pages-browser)/./node_modules/next/dist/next-devtools/shared/forward-logs-shared.js:44
[   34758ms] [LOG] [Fast Refresh] done in 11ms @ webpack-internal:///(app-pages-browser)/./node_modules/next/dist/next-devtools/shared/forward-logs-shared.js:44
[   34786ms] [WARNING] Error while trying to use the following icon from the Manifest: http://localhost:3000/icons/icon-192.png (Download error or resource isn't a valid image) @ http://localhost:3000/login:0
[   34803ms] [LOG] [Fast Refresh] rebuilding @ webpack-internal:///(app-pages-browser)/./node_modules/next/dist/next-devtools/shared/forward-logs-shared.js:44
[   34817ms] [LOG] [Fast Refresh] done in 15ms @ webpack-internal:///(app-pages-browser)/./node_modules/next/dist/next-devtools/shared/forward-logs-shared.js:44
[   34846ms] [WARNING] Error while trying to use the following icon from the Manifest: http://localhost:3000/icons/icon-192.png (Download error or resource isn't a valid image) @ http://localhost:3000/login:0
[   34862ms] [LOG] [Fast Refresh] rebuilding @ webpack-internal:///(app-pages-browser)/./node_modules/next/dist/next-devtools/shared/forward-logs-shared.js:44
[   34873ms] [LOG] [Fast Refresh] done in 11ms @ webpack-internal:///(app-pages-browser)/./node_modules/next/dist/next-devtools/shared/forward-logs-shared.js:44
[   34900ms] [WARNING] Error while trying to use the following icon from the Manifest: http://localhost:3000/icons/icon-192.png (Download error or resource isn't a valid image) @ http://localhost:3000/login:0
[   34918ms] [LOG] [Fast Refresh] rebuilding @ webpack-internal:///(app-pages-browser)/./node_modules/next/dist/next-devtools/shared/forward-logs-shared.js:44
[   34934ms] [LOG] [Fast Refresh] done in 15ms @ webpack-internal:///(app-pages-browser)/./node_modules/next/dist/next-devtools/shared/forward-logs-shared.js:44
[   34964ms] [WARNING] Error while trying to use the following icon from the Manifest: http://localhost:3000/icons/icon-192.png (Download error or resource isn't a valid image) @ http://localhost:3000/login:0
[   34980ms] [LOG] [Fast Refresh] rebuilding @ webpack-internal:///(app-pages-browser)/./node_modules/next/dist/next-devtools/shared/forward-logs-shared.js:44
[   34991ms] [LOG] [Fast Refresh] done in 11ms @ webpack-internal:///(app-pages-browser)/./node_modules/next/dist/next-devtools/shared/forward-logs-shared.js:44
[   35021ms] [WARNING] Error while trying to use the following icon from the Manifest: http://localhost:3000/icons/icon-192.png (Download error or resource isn't a valid image) @ http://localhost:3000/login:0
[   35038ms] [LOG] [Fast Refresh] rebuilding @ webpack-internal:///(app-pages-browser)/./node_modules/next/dist/next-devtools/shared/forward-logs-shared.js:44
[   35053ms] [LOG] [Fast Refresh] done in 16ms @ webpack-internal:///(app-pages-browser)/./node_modules/next/dist/next-devtools/shared/forward-logs-shared.js:44
[   35082ms] [WARNING] Error while trying to use the following icon from the Manifest: http://localhost:3000/icons/icon-192.png (Download error or resource isn't a valid image) @ http://localhost:3000/login:0
[   35098ms] [LOG] [Fast Refresh] rebuilding @ webpack-internal:///(app-pages-browser)/./node_modules/next/dist/next-devtools/shared/forward-logs-shared.js:44
[   35108ms] [LOG] [Fast Refresh] done in 9ms @ webpack-internal:///(app-pages-browser)/./node_modules/next/dist/next-devtools/shared/forward-logs-shared.js:44
[   35117ms] [WARNING] Error while trying to use the following icon from the Manifest: http://localhost:3000/icons/icon-192.png (Download error or resource isn't a valid image) @ http://localhost:3000/login:0
[   35159ms] [LOG] [Fast Refresh] rebuilding @ webpack-internal:///(app-pages-browser)/./node_modules/next/dist/next-devtools/shared/forward-logs-shared.js:44
[   35173ms] [LOG] [Fast Refresh] done in 15ms @ webpack-internal:///(app-pages-browser)/./node_modules/next/dist/next-devtools/shared/forward-logs-shared.js:44
[   35201ms] [WARNING] Error while trying to use the following icon from the Manifest: http://localhost:3000/icons/icon-192.png (Download error or resource isn't a valid image) @ http://localhost:3000/login:0
[   35217ms] [LOG] [Fast Refresh] rebuilding @ webpack-internal:///(app-pages-browser)/./node_modules/next/dist/next-devtools/shared/forward-logs-shared.js:44
[   35228ms] [LOG] [Fast Refresh] done in 11ms @ webpack-internal:///(app-pages-browser)/./node_modules/next/dist/next-devtools/shared/forward-logs-shared.js:44
[   35255ms] [WARNING] Error while trying to use the following icon from the Manifest: http://localhost:3000/icons/icon-192.png (Download error or resource isn't a valid image) @ http://localhost:3000/login:0
[   35271ms] [LOG] [Fast Refresh] rebuilding @ webpack-internal:///(app-pages-browser)/./node_modules/next/dist/next-devtools/shared/forward-logs-shared.js:44
[   35287ms] [LOG] [Fast Refresh] done in 15ms @ webpack-internal:///(app-pages-browser)/./node_modules/next/dist/next-devtools/shared/forward-logs-shared.js:44
[   35329ms] [LOG] [Fast Refresh] rebuilding @ webpack-internal:///(app-pages-browser)/./node_modules/next/dist/next-devtools/shared/forward-logs-shared.js:44
[   35341ms] [LOG] [Fast Refresh] done in 11ms @ webpack-internal:///(app-pages-browser)/./node_modules/next/dist/next-devtools/shared/forward-logs-shared.js:44
[   35367ms] [WARNING] Error while trying to use the following icon from the Manifest: http://localhost:3000/icons/icon-192.png (Download error or resource isn't a valid image) @ http://localhost:3000/login:0
[   35385ms] [LOG] [Fast Refresh] rebuilding @ webpack-internal:///(app-pages-browser)/./node_modules/next/dist/next-devtools/shared/forward-logs-shared.js:44
[   35399ms] [LOG] [Fast Refresh] done in 15ms @ webpack-internal:///(app-pages-browser)/./node_modules/next/dist/next-devtools/shared/forward-logs-shared.js:44
[   35430ms] [WARNING] Error while trying to use the following icon from the Manifest: http://localhost:3000/icons/icon-192.png (Download error or resource isn't a valid image) @ http://localhost:3000/login:0
[   35447ms] [LOG] [Fast Refresh] rebuilding @ webpack-internal:///(app-pages-browser)/./node_modules/next/dist/next-devtools/shared/forward-logs-shared.js:44
[   35458ms] [LOG] [Fast Refresh] done in 11ms @ webpack-internal:///(app-pages-browser)/./node_modules/next/dist/next-devtools/shared/forward-logs-shared.js:44
[   35486ms] [WARNING] Error while trying to use the following icon from the Manifest: http://localhost:3000/icons/icon-192.png (Download error or resource isn't a valid image) @ http://localhost:3000/login:0
[   35503ms] [LOG] [Fast Refresh] rebuilding @ webpack-internal:///(app-pages-browser)/./node_modules/next/dist/next-devtools/shared/forward-logs-shared.js:44
[   35517ms] [LOG] [Fast Refresh] done in 15ms @ webpack-internal:///(app-pages-browser)/./node_modules/next/dist/next-devtools/shared/forward-logs-shared.js:44
[   35546ms] [WARNING] Error while trying to use the following icon from the Manifest: http://localhost:3000/icons/icon-192.png (Download error or resource isn't a valid image) @ http://localhost:3000/login:0
[   35561ms] [LOG] [Fast Refresh] rebuilding @ webpack-internal:///(app-pages-browser)/./node_modules/next/dist/next-devtools/shared/forward-logs-shared.js:44
[   35572ms] [LOG] [Fast Refresh] done in 11ms @ webpack-internal:///(app-pages-browser)/./node_modules/next/dist/next-devtools/shared/forward-logs-shared.js:44
[   35600ms] [WARNING] Error while trying to use the following icon from the Manifest: http://localhost:3000/icons/icon-192.png (Download error or resource isn't a valid image) @ http://localhost:3000/login:0
[   35616ms] [LOG] [Fast Refresh] rebuilding @ webpack-internal:///(app-pages-browser)/./node_modules/next/dist/next-devtools/shared/forward-logs-shared.js:44
[   35642ms] [LOG] [Fast Refresh] done in 25ms @ webpack-internal:///(app-pages-browser)/./node_modules/next/dist/next-devtools/shared/forward-logs-shared.js:44
[   35724ms] [LOG] [Fast Refresh] rebuilding @ webpack-internal:///(app-pages-browser)/./node_modules/next/dist/next-devtools/shared/forward-logs-shared.js:44
[   35736ms] [LOG] [Fast Refresh] done in 13ms @ webpack-internal:///(app-pages-browser)/./node_modules/next/dist/next-devtools/shared/forward-logs-shared.js:44
[   35779ms] [LOG] [Fast Refresh] rebuilding @ webpack-internal:///(app-pages-browser)/./node_modules/next/dist/next-devtools/shared/forward-logs-shared.js:44
[   35794ms] [LOG] [Fast Refresh] done in 14ms @ webpack-internal:///(app-pages-browser)/./node_modules/next/dist/next-devtools/shared/forward-logs-shared.js:44
[   35823ms] [WARNING] Error while trying to use the following icon from the Manifest: http://localhost:3000/icons/icon-192.png (Download error or resource isn't a valid image) @ http://localhost:3000/login:0
[   35842ms] [LOG] [Fast Refresh] rebuilding @ webpack-internal:///(app-pages-browser)/./node_modules/next/dist/next-devtools/shared/forward-logs-shared.js:44
[   35854ms] [LOG] [Fast Refresh] done in 12ms @ webpack-internal:///(app-pages-browser)/./node_modules/next/dist/next-devtools/shared/forward-logs-shared.js:44
[   35882ms] [WARNING] Error while trying to use the following icon from the Manifest: http://localhost:3000/icons/icon-192.png (Download error or resource isn't a valid image) @ http://localhost:3000/login:0
[   35898ms] [LOG] [Fast Refresh] rebuilding @ webpack-internal:///(app-pages-browser)/./node_modules/next/dist/next-devtools/shared/forward-logs-shared.js:44
[   35912ms] [LOG] [Fast Refresh] done in 15ms @ webpack-internal:///(app-pages-browser)/./node_modules/next/dist/next-devtools/shared/forward-logs-shared.js:44
[   35940ms] [WARNING] Error while trying to use the following icon from the Manifest: http://localhost:3000/icons/icon-192.png (Download error or resource isn't a valid image) @ http://localhost:3000/login:0
[   35956ms] [LOG] [Fast Refresh] rebuilding @ webpack-internal:///(app-pages-browser)/./node_modules/next/dist/next-devtools/shared/forward-logs-shared.js:44
[   35967ms] [LOG] [Fast Refresh] done in 12ms @ webpack-internal:///(app-pages-browser)/./node_modules/next/dist/next-devtools/shared/forward-logs-shared.js:44
[   35994ms] [WARNING] Error while trying to use the following icon from the Manifest: http://localhost:3000/icons/icon-192.png (Download error or resource isn't a valid image) @ http://localhost:3000/login:0
[   36012ms] [LOG] [Fast Refresh] rebuilding @ webpack-internal:///(app-pages-browser)/./node_modules/next/dist/next-devtools/shared/forward-logs-shared.js:44
[   36027ms] [LOG] [Fast Refresh] done in 15ms @ webpack-internal:///(app-pages-browser)/./node_modules/next/dist/next-devtools/shared/forward-logs-shared.js:44
[   36054ms] [WARNING] Error while trying to use the following icon from the Manifest: http://localhost:3000/icons/icon-192.png (Download error or resource isn't a valid image) @ http://localhost:3000/login:0
[   36070ms] [LOG] [Fast Refresh] rebuilding @ webpack-internal:///(app-pages-browser)/./node_modules/next/dist/next-devtools/shared/forward-logs-shared.js:44
[   36081ms] [LOG] [Fast Refresh] done in 12ms @ webpack-internal:///(app-pages-browser)/./node_modules/next/dist/next-devtools/shared/forward-logs-shared.js:44
[   36108ms] [WARNING] Error while trying to use the following icon from the Manifest: http://localhost:3000/icons/icon-192.png (Download error or resource isn't a valid image) @ http://localhost:3000/login:0
[   36126ms] [LOG] [Fast Refresh] rebuilding @ webpack-internal:///(app-pages-browser)/./node_modules/next/dist/next-devtools/shared/forward-logs-shared.js:44
[   36140ms] [LOG] [Fast Refresh] done in 15ms @ webpack-internal:///(app-pages-browser)/./node_modules/next/dist/next-devtools/shared/forward-logs-shared.js:44
[   36169ms] [WARNING] Error while trying to use the following icon from the Manifest: http://localhost:3000/icons/icon-192.png (Download error or resource isn't a valid image) @ http://localhost:3000/login:0
[   36187ms] [LOG] [Fast Refresh] rebuilding @ webpack-internal:///(app-pages-browser)/./node_modules/next/dist/next-devtools/shared/forward-logs-shared.js:44
[   36198ms] [LOG] [Fast Refresh] done in 12ms @ webpack-internal:///(app-pages-browser)/./node_modules/next/dist/next-devtools/shared/forward-logs-shared.js:44
[   36226ms] [WARNING] Error while trying to use the following icon from the Manifest: http://localhost:3000/icons/icon-192.png (Download error or resource isn't a valid image) @ http://localhost:3000/login:0
[   36243ms] [LOG] [Fast Refresh] rebuilding @ webpack-internal:///(app-pages-browser)/./node_modules/next/dist/next-devtools/shared/forward-logs-shared.js:44
[   36258ms] [LOG] [Fast Refresh] done in 14ms @ webpack-internal:///(app-pages-browser)/./node_modules/next/dist/next-devtools/shared/forward-logs-shared.js:44
[   36287ms] [WARNING] Error while trying to use the following icon from the Manifest: http://localhost:3000/icons/icon-192.png (Download error or resource isn't a valid image) @ http://localhost:3000/login:0
[   36304ms] [LOG] [Fast Refresh] rebuilding @ webpack-internal:///(app-pages-browser)/./node_modules/next/dist/next-devtools/shared/forward-logs-shared.js:44
[   36318ms] [LOG] [Fast Refresh] done in 13ms @ webpack-internal:///(app-pages-browser)/./node_modules/next/dist/next-devtools/shared/forward-logs-shared.js:44
[   36347ms] [WARNING] Error while trying to use the following icon from the Manifest: http://localhost:3000/icons/icon-192.png (Download error or resource isn't a valid image) @ http://localhost:3000/login:0
[   36364ms] [LOG] [Fast Refresh] rebuilding @ webpack-internal:///(app-pages-browser)/./node_modules/next/dist/next-devtools/shared/forward-logs-shared.js:44
[   36379ms] [LOG] [Fast Refresh] done in 15ms @ webpack-internal:///(app-pages-browser)/./node_modules/next/dist/next-devtools/shared/forward-logs-shared.js:44
[   36407ms] [WARNING] Error while trying to use the following icon from the Manifest: http://localhost:3000/icons/icon-192.png (Download error or resource isn't a valid image) @ http://localhost:3000/login:0
[   36424ms] [LOG] [Fast Refresh] rebuilding @ webpack-internal:///(app-pages-browser)/./node_modules/next/dist/next-devtools/shared/forward-logs-shared.js:44
[   36434ms] [LOG] [Fast Refresh] done in 10ms @ webpack-internal:///(app-pages-browser)/./node_modules/next/dist/next-devtools/shared/forward-logs-shared.js:44
[   36443ms] [WARNING] Error while trying to use the following icon from the Manifest: http://localhost:3000/icons/icon-192.png (Download error or resource isn't a valid image) @ http://localhost:3000/login:0
[   36482ms] [LOG] [Fast Refresh] rebuilding @ webpack-internal:///(app-pages-browser)/./node_modules/next/dist/next-devtools/shared/forward-logs-shared.js:44
[   36497ms] [LOG] [Fast Refresh] done in 15ms @ webpack-internal:///(app-pages-browser)/./node_modules/next/dist/next-devtools/shared/forward-logs-shared.js:44
[   36522ms] [WARNING] Error while trying to use the following icon from the Manifest: http://localhost:3000/icons/icon-192.png (Download error or resource isn't a valid image) @ http://localhost:3000/login:0
[   36542ms] [LOG] [Fast Refresh] rebuilding @ webpack-internal:///(app-pages-browser)/./node_modules/next/dist/next-devtools/shared/forward-logs-shared.js:44
[   36553ms] [LOG] [Fast Refresh] done in 11ms @ webpack-internal:///(app-pages-browser)/./node_modules/next/dist/next-devtools/shared/forward-logs-shared.js:44
[   36579ms] [WARNING] Error while trying to use the following icon from the Manifest: http://localhost:3000/icons/icon-192.png (Download error or resource isn't a valid image) @ http://localhost:3000/login:0
[   36597ms] [LOG] [Fast Refresh] rebuilding @ webpack-internal:///(app-pages-browser)/./node_modules/next/dist/next-devtools/shared/forward-logs-shared.js:44
[   36612ms] [LOG] [Fast Refresh] done in 15ms @ webpack-internal:///(app-pages-browser)/./node_modules/next/dist/next-devtools/shared/forward-logs-shared.js:44
[   36640ms] [WARNING] Error while trying to use the following icon from the Manifest: http://localhost:3000/icons/icon-192.png (Download error or resource isn't a valid image) @ http://localhost:3000/login:0
[   36658ms] [LOG] [Fast Refresh] rebuilding @ webpack-internal:///(app-pages-browser)/./node_modules/next/dist/next-devtools/shared/forward-logs-shared.js:44
[   36670ms] [LOG] [Fast Refresh] done in 12ms @ webpack-internal:///(app-pages-browser)/./node_modules/next/dist/next-devtools/shared/forward-logs-shared.js:44
[   36699ms] [WARNING] Error while trying to use the following icon from the Manifest: http://localhost:3000/icons/icon-192.png (Download error or resource isn't a valid image) @ http://localhost:3000/login:0
[   36716ms] [LOG] [Fast Refresh] rebuilding @ webpack-internal:///(app-pages-browser)/./node_modules/next/dist/next-devtools/shared/forward-logs-shared.js:44
[   36732ms] [LOG] [Fast Refresh] done in 15ms @ webpack-internal:///(app-pages-browser)/./node_modules/next/dist/next-devtools/shared/forward-logs-shared.js:44
[   36762ms] [WARNING] Error while trying to use the following icon from the Manifest: http://localhost:3000/icons/icon-192.png (Download error or resource isn't a valid image) @ http://localhost:3000/login:0
[   36777ms] [LOG] [Fast Refresh] rebuilding @ webpack-internal:///(app-pages-browser)/./node_modules/next/dist/next-devtools/shared/forward-logs-shared.js:44
[   36789ms] [LOG] [Fast Refresh] done in 11ms @ webpack-internal:///(app-pages-browser)/./node_modules/next/dist/next-devtools/shared/forward-logs-shared.js:44
[   36817ms] [WARNING] Error while trying to use the following icon from the Manifest: http://localhost:3000/icons/icon-192.png (Download error or resource isn't a valid image) @ http://localhost:3000/login:0
[   36834ms] [LOG] [Fast Refresh] rebuilding @ webpack-internal:///(app-pages-browser)/./node_modules/next/dist/next-devtools/shared/forward-logs-shared.js:44
[   36849ms] [LOG] [Fast Refresh] done in 16ms @ webpack-internal:///(app-pages-browser)/./node_modules/next/dist/next-devtools/shared/forward-logs-shared.js:44
[   36880ms] [WARNING] Error while trying to use the following icon from the Manifest: http://localhost:3000/icons/icon-192.png (Download error or resource isn't a valid image) @ http://localhost:3000/login:0
[   36897ms] [LOG] [Fast Refresh] rebuilding @ webpack-internal:///(app-pages-browser)/./node_modules/next/dist/next-devtools/shared/forward-logs-shared.js:44
[   36908ms] [LOG] [Fast Refresh] done in 11ms @ webpack-internal:///(app-pages-browser)/./node_modules/next/dist/next-devtools/shared/forward-logs-shared.js:44
[   36935ms] [WARNING] Error while trying to use the following icon from the Manifest: http://localhost:3000/icons/icon-192.png (Download error or resource isn't a valid image) @ http://localhost:3000/login:0
[   36954ms] [LOG] [Fast Refresh] rebuilding @ webpack-internal:///(app-pages-browser)/./node_modules/next/dist/next-devtools/shared/forward-logs-shared.js:44
[   36969ms] [LOG] [Fast Refresh] done in 15ms @ webpack-internal:///(app-pages-browser)/./node_modules/next/dist/next-devtools/shared/forward-logs-shared.js:44
[   37000ms] [WARNING] Error while trying to use the following icon from the Manifest: http://localhost:3000/icons/icon-192.png (Download error or resource isn't a valid image) @ http://localhost:3000/login:0
[   37015ms] [LOG] [Fast Refresh] rebuilding @ webpack-internal:///(app-pages-browser)/./node_modules/next/dist/next-devtools/shared/forward-logs-shared.js:44
[   37027ms] [LOG] [Fast Refresh] done in 11ms @ webpack-internal:///(app-pages-browser)/./node_modules/next/dist/next-devtools/shared/forward-logs-shared.js:44
[   37058ms] [WARNING] Error while trying to use the following icon from the Manifest: http://localhost:3000/icons/icon-192.png (Download error or resource isn't a valid image) @ http://localhost:3000/login:0
[   37079ms] [LOG] [Fast Refresh] rebuilding @ webpack-internal:///(app-pages-browser)/./node_modules/next/dist/next-devtools/shared/forward-logs-shared.js:44
[   37117ms] [LOG] [Fast Refresh] done in 37ms @ webpack-internal:///(app-pages-browser)/./node_modules/next/dist/next-devtools/shared/forward-logs-shared.js:44
[   37179ms] [LOG] [Fast Refresh] rebuilding @ webpack-internal:///(app-pages-browser)/./node_modules/next/dist/next-devtools/shared/forward-logs-shared.js:44
[   37194ms] [LOG] [Fast Refresh] done in 15ms @ webpack-internal:///(app-pages-browser)/./node_modules/next/dist/next-devtools/shared/forward-logs-shared.js:44
[   37222ms] [WARNING] Error while trying to use the following icon from the Manifest: http://localhost:3000/icons/icon-192.png (Download error or resource isn't a valid image) @ http://localhost:3000/login:0
[   37239ms] [LOG] [Fast Refresh] rebuilding @ webpack-internal:///(app-pages-browser)/./node_modules/next/dist/next-devtools/shared/forward-logs-shared.js:44
[   37254ms] [LOG] [Fast Refresh] done in 15ms @ webpack-internal:///(app-pages-browser)/./node_modules/next/dist/next-devtools/shared/forward-logs-shared.js:44
[   37297ms] [LOG] [Fast Refresh] rebuilding @ webpack-internal:///(app-pages-browser)/./node_modules/next/dist/next-devtools/shared/forward-logs-shared.js:44
[   37309ms] [LOG] [Fast Refresh] done in 13ms @ webpack-internal:///(app-pages-browser)/./node_modules/next/dist/next-devtools/shared/forward-logs-shared.js:44
[   37335ms] [WARNING] Error while trying to use the following icon from the Manifest: http://localhost:3000/icons/icon-192.png (Download error or resource isn't a valid image) @ http://localhost:3000/login:0
[   37352ms] [LOG] [Fast Refresh] rebuilding @ webpack-internal:///(app-pages-browser)/./node_modules/next/dist/next-devtools/shared/forward-logs-shared.js:44
[   37367ms] [LOG] [Fast Refresh] done in 15ms @ webpack-internal:///(app-pages-browser)/./node_modules/next/dist/next-devtools/shared/forward-logs-shared.js:44
[   37396ms] [WARNING] Error while trying to use the following icon from the Manifest: http://localhost:3000/icons/icon-192.png (Download error or resource isn't a valid image) @ http://localhost:3000/login:0
[   37413ms] [LOG] [Fast Refresh] rebuilding @ webpack-internal:///(app-pages-browser)/./node_modules/next/dist/next-devtools/shared/forward-logs-shared.js:44
[   37426ms] [LOG] [Fast Refresh] done in 14ms @ webpack-internal:///(app-pages-browser)/./node_modules/next/dist/next-devtools/shared/forward-logs-shared.js:44
[   37454ms] [WARNING] Error while trying to use the following icon from the Manifest: http://localhost:3000/icons/icon-192.png (Download error or resource isn't a valid image) @ http://localhost:3000/login:0
[   37471ms] [LOG] [Fast Refresh] rebuilding @ webpack-internal:///(app-pages-browser)/./node_modules/next/dist/next-devtools/shared/forward-logs-shared.js:44
[   37486ms] [LOG] [Fast Refresh] done in 14ms @ webpack-internal:///(app-pages-browser)/./node_modules/next/dist/next-devtools/shared/forward-logs-shared.js:44
[   37527ms] [WARNING] Error while trying to use the following icon from the Manifest: http://localhost:3000/icons/icon-192.png (Download error or resource isn't a valid image) @ http://localhost:3000/login:0
[   37542ms] [LOG] [Fast Refresh] rebuilding @ webpack-internal:///(app-pages-browser)/./node_modules/next/dist/next-devtools/shared/forward-logs-shared.js:44
[   37555ms] [LOG] [Fast Refresh] done in 12ms @ webpack-internal:///(app-pages-browser)/./node_modules/next/dist/next-devtools/shared/forward-logs-shared.js:44
[   37582ms] [WARNING] Error while trying to use the following icon from the Manifest: http://localhost:3000/icons/icon-192.png (Download error or resource isn't a valid image) @ http://localhost:3000/login:0
[   37599ms] [LOG] [Fast Refresh] rebuilding @ webpack-internal:///(app-pages-browser)/./node_modules/next/dist/next-devtools/shared/forward-logs-shared.js:44
[   37614ms] [LOG] [Fast Refresh] done in 15ms @ webpack-internal:///(app-pages-browser)/./node_modules/next/dist/next-devtools/shared/forward-logs-shared.js:44
[   37644ms] [WARNING] Error while trying to use the following icon from the Manifest: http://localhost:3000/icons/icon-192.png (Download error or resource isn't a valid image) @ http://localhost:3000/login:0
[   37660ms] [LOG] [Fast Refresh] rebuilding @ webpack-internal:///(app-pages-browser)/./node_modules/next/dist/next-devtools/shared/forward-logs-shared.js:44
[   37671ms] [LOG] [Fast Refresh] done in 11ms @ webpack-internal:///(app-pages-browser)/./node_modules/next/dist/next-devtools/shared/forward-logs-shared.js:44
[   37701ms] [WARNING] Error while trying to use the following icon from the Manifest: http://localhost:3000/icons/icon-192.png (Download error or resource isn't a valid image) @ http://localhost:3000/login:0
[   37717ms] [LOG] [Fast Refresh] rebuilding @ webpack-internal:///(app-pages-browser)/./node_modules/next/dist/next-devtools/shared/forward-logs-shared.js:44
[   37731ms] [LOG] [Fast Refresh] done in 15ms @ webpack-internal:///(app-pages-browser)/./node_modules/next/dist/next-devtools/shared/forward-logs-shared.js:44
[   37761ms] [WARNING] Error while trying to use the following icon from the Manifest: http://localhost:3000/icons/icon-192.png (Download error or resource isn't a valid image) @ http://localhost:3000/login:0
[   37803ms] [LOG] [Fast Refresh] rebuilding @ webpack-internal:///(app-pages-browser)/./node_modules/next/dist/next-devtools/shared/forward-logs-shared.js:44
[   37815ms] [LOG] [Fast Refresh] done in 11ms @ webpack-internal:///(app-pages-browser)/./node_modules/next/dist/next-devtools/shared/forward-logs-shared.js:44
[   37842ms] [WARNING] Error while trying to use the following icon from the Manifest: http://localhost:3000/icons/icon-192.png (Download error or resource isn't a valid image) @ http://localhost:3000/login:0
[   37859ms] [LOG] [Fast Refresh] rebuilding @ webpack-internal:///(app-pages-browser)/./node_modules/next/dist/next-devtools/shared/forward-logs-shared.js:44
[   37874ms] [LOG] [Fast Refresh] done in 16ms @ webpack-internal:///(app-pages-browser)/./node_modules/next/dist/next-devtools/shared/forward-logs-shared.js:44
[   37905ms] [WARNING] Error while trying to use the following icon from the Manifest: http://localhost:3000/icons/icon-192.png (Download error or resource isn't a valid image) @ http://localhost:3000/login:0
[   37920ms] [LOG] [Fast Refresh] rebuilding @ webpack-internal:///(app-pages-browser)/./node_modules/next/dist/next-devtools/shared/forward-logs-shared.js:44
[   37932ms] [LOG] [Fast Refresh] done in 12ms @ webpack-internal:///(app-pages-browser)/./node_modules/next/dist/next-devtools/shared/forward-logs-shared.js:44
[   37958ms] [WARNING] Error while trying to use the following icon from the Manifest: http://localhost:3000/icons/icon-192.png (Download error or resource isn't a valid image) @ http://localhost:3000/login:0
[   37977ms] [LOG] [Fast Refresh] rebuilding @ webpack-internal:///(app-pages-browser)/./node_modules/next/dist/next-devtools/shared/forward-logs-shared.js:44
[   37992ms] [LOG] [Fast Refresh] done in 16ms @ webpack-internal:///(app-pages-browser)/./node_modules/next/dist/next-devtools/shared/forward-logs-shared.js:44
[   38022ms] [WARNING] Error while trying to use the following icon from the Manifest: http://localhost:3000/icons/icon-192.png (Download error or resource isn't a valid image) @ http://localhost:3000/login:0
[   38038ms] [LOG] [Fast Refresh] rebuilding @ webpack-internal:///(app-pages-browser)/./node_modules/next/dist/next-devtools/shared/forward-logs-shared.js:44
[   38050ms] [LOG] [Fast Refresh] done in 11ms @ webpack-internal:///(app-pages-browser)/./node_modules/next/dist/next-devtools/shared/forward-logs-shared.js:44
[   38078ms] [WARNING] Error while trying to use the following icon from the Manifest: http://localhost:3000/icons/icon-192.png (Download error or resource isn't a valid image) @ http://localhost:3000/login:0
[   38095ms] [LOG] [Fast Refresh] rebuilding @ webpack-internal:///(app-pages-browser)/./node_modules/next/dist/next-devtools/shared/forward-logs-shared.js:44
[   38111ms] [LOG] [Fast Refresh] done in 15ms @ webpack-internal:///(app-pages-browser)/./node_modules/next/dist/next-devtools/shared/forward-logs-shared.js:44
[   38135ms] [WARNING] Error while trying to use the following icon from the Manifest: http://localhost:3000/icons/icon-192.png (Download error or resource isn't a valid image) @ http://localhost:3000/login:0
[   38157ms] [LOG] [Fast Refresh] rebuilding @ webpack-internal:///(app-pages-browser)/./node_modules/next/dist/next-devtools/shared/forward-logs-shared.js:44
[   38169ms] [LOG] [Fast Refresh] done in 11ms @ webpack-internal:///(app-pages-browser)/./node_modules/next/dist/next-devtools/shared/forward-logs-shared.js:44
[   38195ms] [WARNING] Error while trying to use the following icon from the Manifest: http://localhost:3000/icons/icon-192.png (Download error or resource isn't a valid image) @ http://localhost:3000/login:0
[   38213ms] [LOG] [Fast Refresh] rebuilding @ webpack-internal:///(app-pages-browser)/./node_modules/next/dist/next-devtools/shared/forward-logs-shared.js:44
[   38228ms] [LOG] [Fast Refresh] done in 15ms @ webpack-internal:///(app-pages-browser)/./node_modules/next/dist/next-devtools/shared/forward-logs-shared.js:44
[   38255ms] [WARNING] Error while trying to use the following icon from the Manifest: http://localhost:3000/icons/icon-192.png (Download error or resource isn't a valid image) @ http://localhost:3000/login:0
[   38271ms] [LOG] [Fast Refresh] rebuilding @ webpack-internal:///(app-pages-browser)/./node_modules/next/dist/next-devtools/shared/forward-logs-shared.js:44
[   38283ms] [LOG] [Fast Refresh] done in 11ms @ webpack-internal:///(app-pages-browser)/./node_modules/next/dist/next-devtools/shared/forward-logs-shared.js:44
[   38313ms] [WARNING] Error while trying to use the following icon from the Manifest: http://localhost:3000/icons/icon-192.png (Download error or resource isn't a valid image) @ http://localhost:3000/login:0
[   38330ms] [LOG] [Fast Refresh] rebuilding @ webpack-internal:///(app-pages-browser)/./node_modules/next/dist/next-devtools/shared/forward-logs-shared.js:44
[   38345ms] [LOG] [Fast Refresh] done in 14ms @ webpack-internal:///(app-pages-browser)/./node_modules/next/dist/next-devtools/shared/forward-logs-shared.js:44
[   38372ms] [WARNING] Error while trying to use the following icon from the Manifest: http://localhost:3000/icons/icon-192.png (Download error or resource isn't a valid image) @ http://localhost:3000/login:0
[   38388ms] [LOG] [Fast Refresh] rebuilding @ webpack-internal:///(app-pages-browser)/./node_modules/next/dist/next-devtools/shared/forward-logs-shared.js:44
[   38400ms] [LOG] [Fast Refresh] done in 11ms @ webpack-internal:///(app-pages-browser)/./node_modules/next/dist/next-devtools/shared/forward-logs-shared.js:44
[   38443ms] [LOG] [Fast Refresh] rebuilding @ webpack-internal:///(app-pages-browser)/./node_modules/next/dist/next-devtools/shared/forward-logs-shared.js:44
[   38459ms] [LOG] [Fast Refresh] done in 16ms @ webpack-internal:///(app-pages-browser)/./node_modules/next/dist/next-devtools/shared/forward-logs-shared.js:44
[   38487ms] [WARNING] Error while trying to use the following icon from the Manifest: http://localhost:3000/icons/icon-192.png (Download error or resource isn't a valid image) @ http://localhost:3000/login:0
[   38503ms] [LOG] [Fast Refresh] rebuilding @ webpack-internal:///(app-pages-browser)/./node_modules/next/dist/next-devtools/shared/forward-logs-shared.js:44
[   38515ms] [LOG] [Fast Refresh] done in 12ms @ webpack-internal:///(app-pages-browser)/./node_modules/next/dist/next-devtools/shared/forward-logs-shared.js:44
[   38541ms] [WARNING] Error while trying to use the following icon from the Manifest: http://localhost:3000/icons/icon-192.png (Download error or resource isn't a valid image) @ http://localhost:3000/login:0
[   38560ms] [LOG] [Fast Refresh] rebuilding @ webpack-internal:///(app-pages-browser)/./node_modules/next/dist/next-devtools/shared/forward-logs-shared.js:44
[   38574ms] [LOG] [Fast Refresh] done in 15ms @ webpack-internal:///(app-pages-browser)/./node_modules/next/dist/next-devtools/shared/forward-logs-shared.js:44
[   38602ms] [WARNING] Error while trying to use the following icon from the Manifest: http://localhost:3000/icons/icon-192.png (Download error or resource isn't a valid image) @ http://localhost:3000/login:0
[   38618ms] [LOG] [Fast Refresh] rebuilding @ webpack-internal:///(app-pages-browser)/./node_modules/next/dist/next-devtools/shared/forward-logs-shared.js:44
[   38630ms] [LOG] [Fast Refresh] done in 12ms @ webpack-internal:///(app-pages-browser)/./node_modules/next/dist/next-devtools/shared/forward-logs-shared.js:44
[   38657ms] [WARNING] Error while trying to use the following icon from the Manifest: http://localhost:3000/icons/icon-192.png (Download error or resource isn't a valid image) @ http://localhost:3000/login:0
[   38675ms] [LOG] [Fast Refresh] rebuilding @ webpack-internal:///(app-pages-browser)/./node_modules/next/dist/next-devtools/shared/forward-logs-shared.js:44
[   38690ms] [LOG] [Fast Refresh] done in 15ms @ webpack-internal:///(app-pages-browser)/./node_modules/next/dist/next-devtools/shared/forward-logs-shared.js:44
[   38719ms] [WARNING] Error while trying to use the following icon from the Manifest: http://localhost:3000/icons/icon-192.png (Download error or resource isn't a valid image) @ http://localhost:3000/login:0
[   38734ms] [LOG] [Fast Refresh] rebuilding @ webpack-internal:///(app-pages-browser)/./node_modules/next/dist/next-devtools/shared/forward-logs-shared.js:44
[   38747ms] [LOG] [Fast Refresh] done in 12ms @ webpack-internal:///(app-pages-browser)/./node_modules/next/dist/next-devtools/shared/forward-logs-shared.js:44
[   38775ms] [WARNING] Error while trying to use the following icon from the Manifest: http://localhost:3000/icons/icon-192.png (Download error or resource isn't a valid image) @ http://localhost:3000/login:0
[   38792ms] [LOG] [Fast Refresh] rebuilding @ webpack-internal:///(app-pages-browser)/./node_modules/next/dist/next-devtools/shared/forward-logs-shared.js:44
[   38807ms] [LOG] [Fast Refresh] done in 15ms @ webpack-internal:///(app-pages-browser)/./node_modules/next/dist/next-devtools/shared/forward-logs-shared.js:44
[   38836ms] [WARNING] Error while trying to use the following icon from the Manifest: http://localhost:3000/icons/icon-192.png (Download error or resource isn't a valid image) @ http://localhost:3000/login:0
[   38852ms] [LOG] [Fast Refresh] rebuilding @ webpack-internal:///(app-pages-browser)/./node_modules/next/dist/next-devtools/shared/forward-logs-shared.js:44
[   38863ms] [LOG] [Fast Refresh] done in 12ms @ webpack-internal:///(app-pages-browser)/./node_modules/next/dist/next-devtools/shared/forward-logs-shared.js:44
[   38892ms] [WARNING] Error while trying to use the following icon from the Manifest: http://localhost:3000/icons/icon-192.png (Download error or resource isn't a valid image) @ http://localhost:3000/login:0
[   38909ms] [LOG] [Fast Refresh] rebuilding @ webpack-internal:///(app-pages-browser)/./node_modules/next/dist/next-devtools/shared/forward-logs-shared.js:44
[   38923ms] [LOG] [Fast Refresh] done in 15ms @ webpack-internal:///(app-pages-browser)/./node_modules/next/dist/next-devtools/shared/forward-logs-shared.js:44
[   38952ms] [WARNING] Error while trying to use the following icon from the Manifest: http://localhost:3000/icons/icon-192.png (Download error or resource isn't a valid image) @ http://localhost:3000/login:0
[   38968ms] [LOG] [Fast Refresh] rebuilding @ webpack-internal:///(app-pages-browser)/./node_modules/next/dist/next-devtools/shared/forward-logs-shared.js:44
[   38979ms] [LOG] [Fast Refresh] done in 11ms @ webpack-internal:///(app-pages-browser)/./node_modules/next/dist/next-devtools/shared/forward-logs-shared.js:44
[   39007ms] [WARNING] Error while trying to use the following icon from the Manifest: http://localhost:3000/icons/icon-192.png (Download error or resource isn't a valid image) @ http://localhost:3000/login:0
[   39024ms] [LOG] [Fast Refresh] rebuilding @ webpack-internal:///(app-pages-browser)/./node_modules/next/dist/next-devtools/shared/forward-logs-shared.js:44
[   39039ms] [LOG] [Fast Refresh] done in 15ms @ webpack-internal:///(app-pages-browser)/./node_modules/next/dist/next-devtools/shared/forward-logs-shared.js:44
[   39069ms] [WARNING] Error while trying to use the following icon from the Manifest: http://localhost:3000/icons/icon-192.png (Download error or resource isn't a valid image) @ http://localhost:3000/login:0
[   39085ms] [LOG] [Fast Refresh] rebuilding @ webpack-internal:///(app-pages-browser)/./node_modules/next/dist/next-devtools/shared/forward-logs-shared.js:44
[   39097ms] [LOG] [Fast Refresh] done in 13ms @ webpack-internal:///(app-pages-browser)/./node_modules/next/dist/next-devtools/shared/forward-logs-shared.js:44
[   39123ms] [WARNING] Error while trying to use the following icon from the Manifest: http://localhost:3000/icons/icon-192.png (Download error or resource isn't a valid image) @ http://localhost:3000/login:0
[   39141ms] [LOG] [Fast Refresh] rebuilding @ webpack-internal:///(app-pages-browser)/./node_modules/next/dist/next-devtools/shared/forward-logs-shared.js:44
[   39155ms] [LOG] [Fast Refresh] done in 15ms @ webpack-internal:///(app-pages-browser)/./node_modules/next/dist/next-devtools/shared/forward-logs-shared.js:44
[   39212ms] [WARNING] Error while trying to use the following icon from the Manifest: http://localhost:3000/icons/icon-192.png (Download error or resource isn't a valid image) @ http://localhost:3000/login:0
[   39233ms] [LOG] [Fast Refresh] rebuilding @ webpack-internal:///(app-pages-browser)/./node_modules/next/dist/next-devtools/shared/forward-logs-shared.js:44
[   39249ms] [LOG] [Fast Refresh] done in 16ms @ webpack-internal:///(app-pages-browser)/./node_modules/next/dist/next-devtools/shared/forward-logs-shared.js:44
[   39278ms] [WARNING] Error while trying to use the following icon from the Manifest: http://localhost:3000/icons/icon-192.png (Download error or resource isn't a valid image) @ http://localhost:3000/login:0
[   39295ms] [LOG] [Fast Refresh] rebuilding @ webpack-internal:///(app-pages-browser)/./node_modules/next/dist/next-devtools/shared/forward-logs-shared.js:44
[   39311ms] [LOG] [Fast Refresh] done in 15ms @ webpack-internal:///(app-pages-browser)/./node_modules/next/dist/next-devtools/shared/forward-logs-shared.js:44
[   39340ms] [WARNING] Error while trying to use the following icon from the Manifest: http://localhost:3000/icons/icon-192.png (Download error or resource isn't a valid image) @ http://localhost:3000/login:0
[   39356ms] [LOG] [Fast Refresh] rebuilding @ webpack-internal:///(app-pages-browser)/./node_modules/next/dist/next-devtools/shared/forward-logs-shared.js:44
[   39368ms] [LOG] [Fast Refresh] done in 13ms @ webpack-internal:///(app-pages-browser)/./node_modules/next/dist/next-devtools/shared/forward-logs-shared.js:44
[   39412ms] [LOG] [Fast Refresh] rebuilding @ webpack-internal:///(app-pages-browser)/./node_modules/next/dist/next-devtools/shared/forward-logs-shared.js:44
[   39427ms] [LOG] [Fast Refresh] done in 15ms @ webpack-internal:///(app-pages-browser)/./node_modules/next/dist/next-devtools/shared/forward-logs-shared.js:44
[   39456ms] [WARNING] Error while trying to use the following icon from the Manifest: http://localhost:3000/icons/icon-192.png (Download error or resource isn't a valid image) @ http://localhost:3000/login:0
[   39471ms] [LOG] [Fast Refresh] rebuilding @ webpack-internal:///(app-pages-browser)/./node_modules/next/dist/next-devtools/shared/forward-logs-shared.js:44
[   39490ms] [LOG] [Fast Refresh] done in 19ms @ webpack-internal:///(app-pages-browser)/./node_modules/next/dist/next-devtools/shared/forward-logs-shared.js:44
[   39913ms] [WARNING] Error while trying to use the following icon from the Manifest: http://localhost:3000/icons/icon-192.png (Download error or resource isn't a valid image) @ http://localhost:3000/login:0
[   39937ms] [LOG] [Fast Refresh] rebuilding @ webpack-internal:///(app-pages-browser)/./node_modules/next/dist/next-devtools/shared/forward-logs-shared.js:44
[   39951ms] [LOG] [Fast Refresh] done in 14ms @ webpack-internal:///(app-pages-browser)/./node_modules/next/dist/next-devtools/shared/forward-logs-shared.js:44
[   40001ms] [LOG] [Fast Refresh] rebuilding @ webpack-internal:///(app-pages-browser)/./node_modules/next/dist/next-devtools/shared/forward-logs-shared.js:44
[   40017ms] [LOG] [Fast Refresh] done in 16ms @ webpack-internal:///(app-pages-browser)/./node_modules/next/dist/next-devtools/shared/forward-logs-shared.js:44
[   40047ms] [WARNING] Error while trying to use the following icon from the Manifest: http://localhost:3000/icons/icon-192.png (Download error or resource isn't a valid image) @ http://localhost:3000/login:0
[   40064ms] [LOG] [Fast Refresh] rebuilding @ webpack-internal:///(app-pages-browser)/./node_modules/next/dist/next-devtools/shared/forward-logs-shared.js:44
[   40075ms] [LOG] [Fast Refresh] done in 12ms @ webpack-internal:///(app-pages-browser)/./node_modules/next/dist/next-devtools/shared/forward-logs-shared.js:44
[   40103ms] [WARNING] Error while trying to use the following icon from the Manifest: http://localhost:3000/icons/icon-192.png (Download error or resource isn't a valid image) @ http://localhost:3000/login:0
[   40121ms] [LOG] [Fast Refresh] rebuilding @ webpack-internal:///(app-pages-browser)/./node_modules/next/dist/next-devtools/shared/forward-logs-shared.js:44
[   40137ms] [LOG] [Fast Refresh] done in 15ms @ webpack-internal:///(app-pages-browser)/./node_modules/next/dist/next-devtools/shared/forward-logs-shared.js:44
[   40164ms] [WARNING] Error while trying to use the following icon from the Manifest: http://localhost:3000/icons/icon-192.png (Download error or resource isn't a valid image) @ http://localhost:3000/login:0
[   40181ms] [LOG] [Fast Refresh] rebuilding @ webpack-internal:///(app-pages-browser)/./node_modules/next/dist/next-devtools/shared/forward-logs-shared.js:44
[   40192ms] [LOG] [Fast Refresh] done in 10ms @ webpack-internal:///(app-pages-browser)/./node_modules/next/dist/next-devtools/shared/forward-logs-shared.js:44
[   40221ms] [WARNING] Error while trying to use the following icon from the Manifest: http://localhost:3000/icons/icon-192.png (Download error or resource isn't a valid image) @ http://localhost:3000/login:0
[   40237ms] [LOG] [Fast Refresh] rebuilding @ webpack-internal:///(app-pages-browser)/./node_modules/next/dist/next-devtools/shared/forward-logs-shared.js:44
[   40251ms] [LOG] [Fast Refresh] done in 14ms @ webpack-internal:///(app-pages-browser)/./node_modules/next/dist/next-devtools/shared/forward-logs-shared.js:44
[   40278ms] [WARNING] Error while trying to use the following icon from the Manifest: http://localhost:3000/icons/icon-192.png (Download error or resource isn't a valid image) @ http://localhost:3000/login:0
[   40295ms] [LOG] [Fast Refresh] rebuilding @ webpack-internal:///(app-pages-browser)/./node_modules/next/dist/next-devtools/shared/forward-logs-shared.js:44
[   40306ms] [LOG] [Fast Refresh] done in 11ms @ webpack-internal:///(app-pages-browser)/./node_modules/next/dist/next-devtools/shared/forward-logs-shared.js:44
[   40336ms] [WARNING] Error while trying to use the following icon from the Manifest: http://localhost:3000/icons/icon-192.png (Download error or resource isn't a valid image) @ http://localhost:3000/login:0
[   40353ms] [LOG] [Fast Refresh] rebuilding @ webpack-internal:///(app-pages-browser)/./node_modules/next/dist/next-devtools/shared/forward-logs-shared.js:44
[   40368ms] [LOG] [Fast Refresh] done in 15ms @ webpack-internal:///(app-pages-browser)/./node_modules/next/dist/next-devtools/shared/forward-logs-shared.js:44
[   40397ms] [WARNING] Error while trying to use the following icon from the Manifest: http://localhost:3000/icons/icon-192.png (Download error or resource isn't a valid image) @ http://localhost:3000/login:0
[   40414ms] [LOG] [Fast Refresh] rebuilding @ webpack-internal:///(app-pages-browser)/./node_modules/next/dist/next-devtools/shared/forward-logs-shared.js:44
[   40425ms] [LOG] [Fast Refresh] done in 12ms @ webpack-internal:///(app-pages-browser)/./node_modules/next/dist/next-devtools/shared/forward-logs-shared.js:44
[   40456ms] [WARNING] Error while trying to use the following icon from the Manifest: http://localhost:3000/icons/icon-192.png (Download error or resource isn't a valid image) @ http://localhost:3000/login:0
[   40473ms] [LOG] [Fast Refresh] rebuilding @ webpack-internal:///(app-pages-browser)/./node_modules/next/dist/next-devtools/shared/forward-logs-shared.js:44
[   40489ms] [LOG] [Fast Refresh] done in 15ms @ webpack-internal:///(app-pages-browser)/./node_modules/next/dist/next-devtools/shared/forward-logs-shared.js:44
[   40517ms] [WARNING] Error while trying to use the following icon from the Manifest: http://localhost:3000/icons/icon-192.png (Download error or resource isn't a valid image) @ http://localhost:3000/login:0
[   40533ms] [LOG] [Fast Refresh] rebuilding @ webpack-internal:///(app-pages-browser)/./node_modules/next/dist/next-devtools/shared/forward-logs-shared.js:44
[   40544ms] [LOG] [Fast Refresh] done in 11ms @ webpack-internal:///(app-pages-browser)/./node_modules/next/dist/next-devtools/shared/forward-logs-shared.js:44
[   40573ms] [WARNING] Error while trying to use the following icon from the Manifest: http://localhost:3000/icons/icon-192.png (Download error or resource isn't a valid image) @ http://localhost:3000/login:0
[   40590ms] [LOG] [Fast Refresh] rebuilding @ webpack-internal:///(app-pages-browser)/./node_modules/next/dist/next-devtools/shared/forward-logs-shared.js:44
[   40605ms] [LOG] [Fast Refresh] done in 14ms @ webpack-internal:///(app-pages-browser)/./node_modules/next/dist/next-devtools/shared/forward-logs-shared.js:44
[   40647ms] [LOG] [Fast Refresh] rebuilding @ webpack-internal:///(app-pages-browser)/./node_modules/next/dist/next-devtools/shared/forward-logs-shared.js:44
[   40657ms] [LOG] [Fast Refresh] done in 11ms @ webpack-internal:///(app-pages-browser)/./node_modules/next/dist/next-devtools/shared/forward-logs-shared.js:44
[   40702ms] [LOG] [Fast Refresh] rebuilding @ webpack-internal:///(app-pages-browser)/./node_modules/next/dist/next-devtools/shared/forward-logs-shared.js:44
[   40717ms] [LOG] [Fast Refresh] done in 15ms @ webpack-internal:///(app-pages-browser)/./node_modules/next/dist/next-devtools/shared/forward-logs-shared.js:44
[   40746ms] [WARNING] Error while trying to use the following icon from the Manifest: http://localhost:3000/icons/icon-192.png (Download error or resource isn't a valid image) @ http://localhost:3000/login:0
[   40761ms] [LOG] [Fast Refresh] rebuilding @ webpack-internal:///(app-pages-browser)/./node_modules/next/dist/next-devtools/shared/forward-logs-shared.js:44
[   40772ms] [LOG] [Fast Refresh] done in 11ms @ webpack-internal:///(app-pages-browser)/./node_modules/next/dist/next-devtools/shared/forward-logs-shared.js:44
[   40817ms] [LOG] [Fast Refresh] rebuilding @ webpack-internal:///(app-pages-browser)/./node_modules/next/dist/next-devtools/shared/forward-logs-shared.js:44
[   40832ms] [LOG] [Fast Refresh] done in 15ms @ webpack-internal:///(app-pages-browser)/./node_modules/next/dist/next-devtools/shared/forward-logs-shared.js:44
[   40861ms] [WARNING] Error while trying to use the following icon from the Manifest: http://localhost:3000/icons/icon-192.png (Download error or resource isn't a valid image) @ http://localhost:3000/login:0
[   40877ms] [LOG] [Fast Refresh] rebuilding @ webpack-internal:///(app-pages-browser)/./node_modules/next/dist/next-devtools/shared/forward-logs-shared.js:44
[   40887ms] [LOG] [Fast Refresh] done in 11ms @ webpack-internal:///(app-pages-browser)/./node_modules/next/dist/next-devtools/shared/forward-logs-shared.js:44
[   40915ms] [WARNING] Error while trying to use the following icon from the Manifest: http://localhost:3000/icons/icon-192.png (Download error or resource isn't a valid image) @ http://localhost:3000/login:0
[   40932ms] [LOG] [Fast Refresh] rebuilding @ webpack-internal:///(app-pages-browser)/./node_modules/next/dist/next-devtools/shared/forward-logs-shared.js:44
[   40946ms] [LOG] [Fast Refresh] done in 15ms @ webpack-internal:///(app-pages-browser)/./node_modules/next/dist/next-devtools/shared/forward-logs-shared.js:44
[   40974ms] [WARNING] Error while trying to use the following icon from the Manifest: http://localhost:3000/icons/icon-192.png (Download error or resource isn't a valid image) @ http://localhost:3000/login:0
[   40990ms] [LOG] [Fast Refresh] rebuilding @ webpack-internal:///(app-pages-browser)/./node_modules/next/dist/next-devtools/shared/forward-logs-shared.js:44
[   41002ms] [LOG] [Fast Refresh] done in 12ms @ webpack-internal:///(app-pages-browser)/./node_modules/next/dist/next-devtools/shared/forward-logs-shared.js:44
[   41030ms] [WARNING] Error while trying to use the following icon from the Manifest: http://localhost:3000/icons/icon-192.png (Download error or resource isn't a valid image) @ http://localhost:3000/login:0
[   41048ms] [LOG] [Fast Refresh] rebuilding @ webpack-internal:///(app-pages-browser)/./node_modules/next/dist/next-devtools/shared/forward-logs-shared.js:44
[   41063ms] [LOG] [Fast Refresh] done in 14ms @ webpack-internal:///(app-pages-browser)/./node_modules/next/dist/next-devtools/shared/forward-logs-shared.js:44
[   41090ms] [WARNING] Error while trying to use the following icon from the Manifest: http://localhost:3000/icons/icon-192.png (Download error or resource isn't a valid image) @ http://localhost:3000/login:0
[   41106ms] [LOG] [Fast Refresh] rebuilding @ webpack-internal:///(app-pages-browser)/./node_modules/next/dist/next-devtools/shared/forward-logs-shared.js:44
[   41136ms] [LOG] [Fast Refresh] done in 30ms @ webpack-internal:///(app-pages-browser)/./node_modules/next/dist/next-devtools/shared/forward-logs-shared.js:44
[   41170ms] [WARNING] Error while trying to use the following icon from the Manifest: http://localhost:3000/icons/icon-192.png (Download error or resource isn't a valid image) @ http://localhost:3000/login:0
[   41172ms] [LOG] [Fast Refresh] rebuilding @ webpack-internal:///(app-pages-browser)/./node_modules/next/dist/next-devtools/shared/forward-logs-shared.js:44
[   41187ms] [LOG] [Fast Refresh] done in 15ms @ webpack-internal:///(app-pages-browser)/./node_modules/next/dist/next-devtools/shared/forward-logs-shared.js:44
[   41229ms] [WARNING] Error while trying to use the following icon from the Manifest: http://localhost:3000/icons/icon-192.png (Download error or resource isn't a valid image) @ http://localhost:3000/login:0
[   41232ms] [LOG] [Fast Refresh] rebuilding @ webpack-internal:///(app-pages-browser)/./node_modules/next/dist/next-devtools/shared/forward-logs-shared.js:44
[   41243ms] [LOG] [Fast Refresh] done in 10ms @ webpack-internal:///(app-pages-browser)/./node_modules/next/dist/next-devtools/shared/forward-logs-shared.js:44
[   41272ms] [WARNING] Error while trying to use the following icon from the Manifest: http://localhost:3000/icons/icon-192.png (Download error or resource isn't a valid image) @ http://localhost:3000/login:0
[   41289ms] [LOG] [Fast Refresh] rebuilding @ webpack-internal:///(app-pages-browser)/./node_modules/next/dist/next-devtools/shared/forward-logs-shared.js:44
[   41303ms] [LOG] [Fast Refresh] done in 15ms @ webpack-internal:///(app-pages-browser)/./node_modules/next/dist/next-devtools/shared/forward-logs-shared.js:44
[   41332ms] [WARNING] Error while trying to use the following icon from the Manifest: http://localhost:3000/icons/icon-192.png (Download error or resource isn't a valid image) @ http://localhost:3000/login:0
[   41349ms] [LOG] [Fast Refresh] rebuilding @ webpack-internal:///(app-pages-browser)/./node_modules/next/dist/next-devtools/shared/forward-logs-shared.js:44
[   41362ms] [LOG] [Fast Refresh] done in 13ms @ webpack-internal:///(app-pages-browser)/./node_modules/next/dist/next-devtools/shared/forward-logs-shared.js:44
[   41389ms] [WARNING] Error while trying to use the following icon from the Manifest: http://localhost:3000/icons/icon-192.png (Download error or resource isn't a valid image) @ http://localhost:3000/login:0
[   41405ms] [LOG] [Fast Refresh] rebuilding @ webpack-internal:///(app-pages-browser)/./node_modules/next/dist/next-devtools/shared/forward-logs-shared.js:44
[   41420ms] [LOG] [Fast Refresh] done in 15ms @ webpack-internal:///(app-pages-browser)/./node_modules/next/dist/next-devtools/shared/forward-logs-shared.js:44
[   41450ms] [WARNING] Error while trying to use the following icon from the Manifest: http://localhost:3000/icons/icon-192.png (Download error or resource isn't a valid image) @ http://localhost:3000/login:0
[   41466ms] [LOG] [Fast Refresh] rebuilding @ webpack-internal:///(app-pages-browser)/./node_modules/next/dist/next-devtools/shared/forward-logs-shared.js:44
[   41478ms] [LOG] [Fast Refresh] done in 11ms @ webpack-internal:///(app-pages-browser)/./node_modules/next/dist/next-devtools/shared/forward-logs-shared.js:44
[   41507ms] [WARNING] Error while trying to use the following icon from the Manifest: http://localhost:3000/icons/icon-192.png (Download error or resource isn't a valid image) @ http://localhost:3000/login:0
[   41525ms] [LOG] [Fast Refresh] rebuilding @ webpack-internal:///(app-pages-browser)/./node_modules/next/dist/next-devtools/shared/forward-logs-shared.js:44
[   41541ms] [LOG] [Fast Refresh] done in 15ms @ webpack-internal:///(app-pages-browser)/./node_modules/next/dist/next-devtools/shared/forward-logs-shared.js:44
[   41570ms] [WARNING] Error while trying to use the following icon from the Manifest: http://localhost:3000/icons/icon-192.png (Download error or resource isn't a valid image) @ http://localhost:3000/login:0
[   41586ms] [LOG] [Fast Refresh] rebuilding @ webpack-internal:///(app-pages-browser)/./node_modules/next/dist/next-devtools/shared/forward-logs-shared.js:44
[   41597ms] [LOG] [Fast Refresh] done in 11ms @ webpack-internal:///(app-pages-browser)/./node_modules/next/dist/next-devtools/shared/forward-logs-shared.js:44
[   41625ms] [WARNING] Error while trying to use the following icon from the Manifest: http://localhost:3000/icons/icon-192.png (Download error or resource isn't a valid image) @ http://localhost:3000/login:0
[   41644ms] [LOG] [Fast Refresh] rebuilding @ webpack-internal:///(app-pages-browser)/./node_modules/next/dist/next-devtools/shared/forward-logs-shared.js:44
[   41659ms] [LOG] [Fast Refresh] done in 15ms @ webpack-internal:///(app-pages-browser)/./node_modules/next/dist/next-devtools/shared/forward-logs-shared.js:44
[   41684ms] [WARNING] Error while trying to use the following icon from the Manifest: http://localhost:3000/icons/icon-192.png (Download error or resource isn't a valid image) @ http://localhost:3000/login:0
[   41701ms] [LOG] [Fast Refresh] rebuilding @ webpack-internal:///(app-pages-browser)/./node_modules/next/dist/next-devtools/shared/forward-logs-shared.js:44
[   41712ms] [LOG] [Fast Refresh] done in 11ms @ webpack-internal:///(app-pages-browser)/./node_modules/next/dist/next-devtools/shared/forward-logs-shared.js:44
[   41739ms] [WARNING] Error while trying to use the following icon from the Manifest: http://localhost:3000/icons/icon-192.png (Download error or resource isn't a valid image) @ http://localhost:3000/login:0
[   41757ms] [LOG] [Fast Refresh] rebuilding @ webpack-internal:///(app-pages-browser)/./node_modules/next/dist/next-devtools/shared/forward-logs-shared.js:44
[   41772ms] [LOG] [Fast Refresh] done in 16ms @ webpack-internal:///(app-pages-browser)/./node_modules/next/dist/next-devtools/shared/forward-logs-shared.js:44
[   41800ms] [WARNING] Error while trying to use the following icon from the Manifest: http://localhost:3000/icons/icon-192.png (Download error or resource isn't a valid image) @ http://localhost:3000/login:0
[   41815ms] [LOG] [Fast Refresh] rebuilding @ webpack-internal:///(app-pages-browser)/./node_modules/next/dist/next-devtools/shared/forward-logs-shared.js:44
[   41826ms] [LOG] [Fast Refresh] done in 11ms @ webpack-internal:///(app-pages-browser)/./node_modules/next/dist/next-devtools/shared/forward-logs-shared.js:44
[   41853ms] [WARNING] Error while trying to use the following icon from the Manifest: http://localhost:3000/icons/icon-192.png (Download error or resource isn't a valid image) @ http://localhost:3000/login:0
[   41870ms] [LOG] [Fast Refresh] rebuilding @ webpack-internal:///(app-pages-browser)/./node_modules/next/dist/next-devtools/shared/forward-logs-shared.js:44
[   41884ms] [LOG] [Fast Refresh] done in 15ms @ webpack-internal:///(app-pages-browser)/./node_modules/next/dist/next-devtools/shared/forward-logs-shared.js:44
[   41911ms] [WARNING] Error while trying to use the following icon from the Manifest: http://localhost:3000/icons/icon-192.png (Download error or resource isn't a valid image) @ http://localhost:3000/login:0
[   41927ms] [LOG] [Fast Refresh] rebuilding @ webpack-internal:///(app-pages-browser)/./node_modules/next/dist/next-devtools/shared/forward-logs-shared.js:44
[   41938ms] [LOG] [Fast Refresh] done in 11ms @ webpack-internal:///(app-pages-browser)/./node_modules/next/dist/next-devtools/shared/forward-logs-shared.js:44
[   41967ms] [WARNING] Error while trying to use the following icon from the Manifest: http://localhost:3000/icons/icon-192.png (Download error or resource isn't a valid image) @ http://localhost:3000/login:0
[   41984ms] [LOG] [Fast Refresh] rebuilding @ webpack-internal:///(app-pages-browser)/./node_modules/next/dist/next-devtools/shared/forward-logs-shared.js:44
[   41998ms] [LOG] [Fast Refresh] done in 15ms @ webpack-internal:///(app-pages-browser)/./node_modules/next/dist/next-devtools/shared/forward-logs-shared.js:44
[   42026ms] [WARNING] Error while trying to use the following icon from the Manifest: http://localhost:3000/icons/icon-192.png (Download error or resource isn't a valid image) @ http://localhost:3000/login:0
[   42044ms] [LOG] [Fast Refresh] rebuilding @ webpack-internal:///(app-pages-browser)/./node_modules/next/dist/next-devtools/shared/forward-logs-shared.js:44
[   42056ms] [LOG] [Fast Refresh] done in 13ms @ webpack-internal:///(app-pages-browser)/./node_modules/next/dist/next-devtools/shared/forward-logs-shared.js:44
[   42086ms] [WARNING] Error while trying to use the following icon from the Manifest: http://localhost:3000/icons/icon-192.png (Download error or resource isn't a valid image) @ http://localhost:3000/login:0
[   42103ms] [LOG] [Fast Refresh] rebuilding @ webpack-internal:///(app-pages-browser)/./node_modules/next/dist/next-devtools/shared/forward-logs-shared.js:44
[   42118ms] [LOG] [Fast Refresh] done in 16ms @ webpack-internal:///(app-pages-browser)/./node_modules/next/dist/next-devtools/shared/forward-logs-shared.js:44
[   42147ms] [WARNING] Error while trying to use the following icon from the Manifest: http://localhost:3000/icons/icon-192.png (Download error or resource isn't a valid image) @ http://localhost:3000/login:0
[   42163ms] [LOG] [Fast Refresh] rebuilding @ webpack-internal:///(app-pages-browser)/./node_modules/next/dist/next-devtools/shared/forward-logs-shared.js:44
[   42174ms] [LOG] [Fast Refresh] done in 10ms @ webpack-internal:///(app-pages-browser)/./node_modules/next/dist/next-devtools/shared/forward-logs-shared.js:44
[   42202ms] [WARNING] Error while trying to use the following icon from the Manifest: http://localhost:3000/icons/icon-192.png (Download error or resource isn't a valid image) @ http://localhost:3000/login:0
[   42219ms] [LOG] [Fast Refresh] rebuilding @ webpack-internal:///(app-pages-browser)/./node_modules/next/dist/next-devtools/shared/forward-logs-shared.js:44
[   42234ms] [LOG] [Fast Refresh] done in 15ms @ webpack-internal:///(app-pages-browser)/./node_modules/next/dist/next-devtools/shared/forward-logs-shared.js:44
[   42276ms] [LOG] [Fast Refresh] rebuilding @ webpack-internal:///(app-pages-browser)/./node_modules/next/dist/next-devtools/shared/forward-logs-shared.js:44
[   42287ms] [LOG] [Fast Refresh] done in 11ms @ webpack-internal:///(app-pages-browser)/./node_modules/next/dist/next-devtools/shared/forward-logs-shared.js:44
[   42315ms] [WARNING] Error while trying to use the following icon from the Manifest: http://localhost:3000/icons/icon-192.png (Download error or resource isn't a valid image) @ http://localhost:3000/login:0
[   42332ms] [LOG] [Fast Refresh] rebuilding @ webpack-internal:///(app-pages-browser)/./node_modules/next/dist/next-devtools/shared/forward-logs-shared.js:44
[   42347ms] [LOG] [Fast Refresh] done in 15ms @ webpack-internal:///(app-pages-browser)/./node_modules/next/dist/next-devtools/shared/forward-logs-shared.js:44
[   42373ms] [WARNING] Error while trying to use the following icon from the Manifest: http://localhost:3000/icons/icon-192.png (Download error or resource isn't a valid image) @ http://localhost:3000/login:0
[   42390ms] [LOG] [Fast Refresh] rebuilding @ webpack-internal:///(app-pages-browser)/./node_modules/next/dist/next-devtools/shared/forward-logs-shared.js:44
[   42400ms] [LOG] [Fast Refresh] done in 11ms @ webpack-internal:///(app-pages-browser)/./node_modules/next/dist/next-devtools/shared/forward-logs-shared.js:44
[   42427ms] [WARNING] Error while trying to use the following icon from the Manifest: http://localhost:3000/icons/icon-192.png (Download error or resource isn't a valid image) @ http://localhost:3000/login:0
[   42444ms] [LOG] [Fast Refresh] rebuilding @ webpack-internal:///(app-pages-browser)/./node_modules/next/dist/next-devtools/shared/forward-logs-shared.js:44
[   42459ms] [LOG] [Fast Refresh] done in 14ms @ webpack-internal:///(app-pages-browser)/./node_modules/next/dist/next-devtools/shared/forward-logs-shared.js:44
[   42487ms] [WARNING] Error while trying to use the following icon from the Manifest: http://localhost:3000/icons/icon-192.png (Download error or resource isn't a valid image) @ http://localhost:3000/login:0
[   42503ms] [LOG] [Fast Refresh] rebuilding @ webpack-internal:///(app-pages-browser)/./node_modules/next/dist/next-devtools/shared/forward-logs-shared.js:44
[   42514ms] [LOG] [Fast Refresh] done in 11ms @ webpack-internal:///(app-pages-browser)/./node_modules/next/dist/next-devtools/shared/forward-logs-shared.js:44
[   42540ms] [WARNING] Error while trying to use the following icon from the Manifest: http://localhost:3000/icons/icon-192.png (Download error or resource isn't a valid image) @ http://localhost:3000/login:0
[   42557ms] [LOG] [Fast Refresh] rebuilding @ webpack-internal:///(app-pages-browser)/./node_modules/next/dist/next-devtools/shared/forward-logs-shared.js:44
[   42572ms] [LOG] [Fast Refresh] done in 15ms @ webpack-internal:///(app-pages-browser)/./node_modules/next/dist/next-devtools/shared/forward-logs-shared.js:44
[   42599ms] [WARNING] Error while trying to use the following icon from the Manifest: http://localhost:3000/icons/icon-192.png (Download error or resource isn't a valid image) @ http://localhost:3000/login:0
[   42615ms] [LOG] [Fast Refresh] rebuilding @ webpack-internal:///(app-pages-browser)/./node_modules/next/dist/next-devtools/shared/forward-logs-shared.js:44
[   42627ms] [LOG] [Fast Refresh] done in 11ms @ webpack-internal:///(app-pages-browser)/./node_modules/next/dist/next-devtools/shared/forward-logs-shared.js:44
[   42655ms] [WARNING] Error while trying to use the following icon from the Manifest: http://localhost:3000/icons/icon-192.png (Download error or resource isn't a valid image) @ http://localhost:3000/login:0
[   42672ms] [LOG] [Fast Refresh] rebuilding @ webpack-internal:///(app-pages-browser)/./node_modules/next/dist/next-devtools/shared/forward-logs-shared.js:44
[   42686ms] [LOG] [Fast Refresh] done in 15ms @ webpack-internal:///(app-pages-browser)/./node_modules/next/dist/next-devtools/shared/forward-logs-shared.js:44
[   42713ms] [WARNING] Error while trying to use the following icon from the Manifest: http://localhost:3000/icons/icon-192.png (Download error or resource isn't a valid image) @ http://localhost:3000/login:0
[   42729ms] [LOG] [Fast Refresh] rebuilding @ webpack-internal:///(app-pages-browser)/./node_modules/next/dist/next-devtools/shared/forward-logs-shared.js:44
[   42740ms] [LOG] [Fast Refresh] done in 10ms @ webpack-internal:///(app-pages-browser)/./node_modules/next/dist/next-devtools/shared/forward-logs-shared.js:44
[   42768ms] [WARNING] Error while trying to use the following icon from the Manifest: http://localhost:3000/icons/icon-192.png (Download error or resource isn't a valid image) @ http://localhost:3000/login:0
[   42784ms] [LOG] [Fast Refresh] rebuilding @ webpack-internal:///(app-pages-browser)/./node_modules/next/dist/next-devtools/shared/forward-logs-shared.js:44
[   42799ms] [LOG] [Fast Refresh] done in 14ms @ webpack-internal:///(app-pages-browser)/./node_modules/next/dist/next-devtools/shared/forward-logs-shared.js:44
[   42839ms] [WARNING] Error while trying to use the following icon from the Manifest: http://localhost:3000/icons/icon-192.png (Download error or resource isn't a valid image) @ http://localhost:3000/login:0
[   42856ms] [LOG] [Fast Refresh] rebuilding @ webpack-internal:///(app-pages-browser)/./node_modules/next/dist/next-devtools/shared/forward-logs-shared.js:44
[   42867ms] [LOG] [Fast Refresh] done in 11ms @ webpack-internal:///(app-pages-browser)/./node_modules/next/dist/next-devtools/shared/forward-logs-shared.js:44
[   42895ms] [WARNING] Error while trying to use the following icon from the Manifest: http://localhost:3000/icons/icon-192.png (Download error or resource isn't a valid image) @ http://localhost:3000/login:0
[   42911ms] [LOG] [Fast Refresh] rebuilding @ webpack-internal:///(app-pages-browser)/./node_modules/next/dist/next-devtools/shared/forward-logs-shared.js:44
[   42925ms] [LOG] [Fast Refresh] done in 14ms @ webpack-internal:///(app-pages-browser)/./node_modules/next/dist/next-devtools/shared/forward-logs-shared.js:44
[   42954ms] [WARNING] Error while trying to use the following icon from the Manifest: http://localhost:3000/icons/icon-192.png (Download error or resource isn't a valid image) @ http://localhost:3000/login:0
[   42969ms] [LOG] [Fast Refresh] rebuilding @ webpack-internal:///(app-pages-browser)/./node_modules/next/dist/next-devtools/shared/forward-logs-shared.js:44
[   42980ms] [LOG] [Fast Refresh] done in 11ms @ webpack-internal:///(app-pages-browser)/./node_modules/next/dist/next-devtools/shared/forward-logs-shared.js:44
[   43005ms] [WARNING] Error while trying to use the following icon from the Manifest: http://localhost:3000/icons/icon-192.png (Download error or resource isn't a valid image) @ http://localhost:3000/login:0
[   43023ms] [LOG] [Fast Refresh] rebuilding @ webpack-internal:///(app-pages-browser)/./node_modules/next/dist/next-devtools/shared/forward-logs-shared.js:44
[   43037ms] [LOG] [Fast Refresh] done in 14ms @ webpack-internal:///(app-pages-browser)/./node_modules/next/dist/next-devtools/shared/forward-logs-shared.js:44
[   43065ms] [WARNING] Error while trying to use the following icon from the Manifest: http://localhost:3000/icons/icon-192.png (Download error or resource isn't a valid image) @ http://localhost:3000/login:0
[   43082ms] [LOG] [Fast Refresh] rebuilding @ webpack-internal:///(app-pages-browser)/./node_modules/next/dist/next-devtools/shared/forward-logs-shared.js:44
[   43093ms] [LOG] [Fast Refresh] done in 12ms @ webpack-internal:///(app-pages-browser)/./node_modules/next/dist/next-devtools/shared/forward-logs-shared.js:44
[   43118ms] [WARNING] Error while trying to use the following icon from the Manifest: http://localhost:3000/icons/icon-192.png (Download error or resource isn't a valid image) @ http://localhost:3000/login:0
[   43136ms] [LOG] [Fast Refresh] rebuilding @ webpack-internal:///(app-pages-browser)/./node_modules/next/dist/next-devtools/shared/forward-logs-shared.js:44
[   43151ms] [LOG] [Fast Refresh] done in 14ms @ webpack-internal:///(app-pages-browser)/./node_modules/next/dist/next-devtools/shared/forward-logs-shared.js:44
[   43179ms] [WARNING] Error while trying to use the following icon from the Manifest: http://localhost:3000/icons/icon-192.png (Download error or resource isn't a valid image) @ http://localhost:3000/login:0
[   43196ms] [LOG] [Fast Refresh] rebuilding @ webpack-internal:///(app-pages-browser)/./node_modules/next/dist/next-devtools/shared/forward-logs-shared.js:44
[   43208ms] [LOG] [Fast Refresh] done in 12ms @ webpack-internal:///(app-pages-browser)/./node_modules/next/dist/next-devtools/shared/forward-logs-shared.js:44
[   43235ms] [WARNING] Error while trying to use the following icon from the Manifest: http://localhost:3000/icons/icon-192.png (Download error or resource isn't a valid image) @ http://localhost:3000/login:0
[   43252ms] [LOG] [Fast Refresh] rebuilding @ webpack-internal:///(app-pages-browser)/./node_modules/next/dist/next-devtools/shared/forward-logs-shared.js:44
[   43266ms] [LOG] [Fast Refresh] done in 15ms @ webpack-internal:///(app-pages-browser)/./node_modules/next/dist/next-devtools/shared/forward-logs-shared.js:44
[   43293ms] [WARNING] Error while trying to use the following icon from the Manifest: http://localhost:3000/icons/icon-192.png (Download error or resource isn't a valid image) @ http://localhost:3000/login:0
[   43311ms] [LOG] [Fast Refresh] rebuilding @ webpack-internal:///(app-pages-browser)/./node_modules/next/dist/next-devtools/shared/forward-logs-shared.js:44
[   43322ms] [LOG] [Fast Refresh] done in 11ms @ webpack-internal:///(app-pages-browser)/./node_modules/next/dist/next-devtools/shared/forward-logs-shared.js:44
[   43350ms] [WARNING] Error while trying to use the following icon from the Manifest: http://localhost:3000/icons/icon-192.png (Download error or resource isn't a valid image) @ http://localhost:3000/login:0
[   43367ms] [LOG] [Fast Refresh] rebuilding @ webpack-internal:///(app-pages-browser)/./node_modules/next/dist/next-devtools/shared/forward-logs-shared.js:44
[   43382ms] [LOG] [Fast Refresh] done in 14ms @ webpack-internal:///(app-pages-browser)/./node_modules/next/dist/next-devtools/shared/forward-logs-shared.js:44
[   43411ms] [WARNING] Error while trying to use the following icon from the Manifest: http://localhost:3000/icons/icon-192.png (Download error or resource isn't a valid image) @ http://localhost:3000/login:0
[   43427ms] [LOG] [Fast Refresh] rebuilding @ webpack-internal:///(app-pages-browser)/./node_modules/next/dist/next-devtools/shared/forward-logs-shared.js:44
[   43438ms] [LOG] [Fast Refresh] done in 11ms @ webpack-internal:///(app-pages-browser)/./node_modules/next/dist/next-devtools/shared/forward-logs-shared.js:44
[   43466ms] [WARNING] Error while trying to use the following icon from the Manifest: http://localhost:3000/icons/icon-192.png (Download error or resource isn't a valid image) @ http://localhost:3000/login:0
[   43483ms] [LOG] [Fast Refresh] rebuilding @ webpack-internal:///(app-pages-browser)/./node_modules/next/dist/next-devtools/shared/forward-logs-shared.js:44
[   43495ms] [LOG] [Fast Refresh] done in 11ms @ webpack-internal:///(app-pages-browser)/./node_modules/next/dist/next-devtools/shared/forward-logs-shared.js:44
[   43530ms] [WARNING] Error while trying to use the following icon from the Manifest: http://localhost:3000/icons/icon-192.png (Download error or resource isn't a valid image) @ http://localhost:3000/login:0
[   43546ms] [LOG] [Fast Refresh] rebuilding @ webpack-internal:///(app-pages-browser)/./node_modules/next/dist/next-devtools/shared/forward-logs-shared.js:44
[   43557ms] [LOG] [Fast Refresh] done in 11ms @ webpack-internal:///(app-pages-browser)/./node_modules/next/dist/next-devtools/shared/forward-logs-shared.js:44
[   43585ms] [WARNING] Error while trying to use the following icon from the Manifest: http://localhost:3000/icons/icon-192.png (Download error or resource isn't a valid image) @ http://localhost:3000/login:0
[   43602ms] [LOG] [Fast Refresh] rebuilding @ webpack-internal:///(app-pages-browser)/./node_modules/next/dist/next-devtools/shared/forward-logs-shared.js:44
[   43617ms] [LOG] [Fast Refresh] done in 15ms @ webpack-internal:///(app-pages-browser)/./node_modules/next/dist/next-devtools/shared/forward-logs-shared.js:44
[   43645ms] [WARNING] Error while trying to use the following icon from the Manifest: http://localhost:3000/icons/icon-192.png (Download error or resource isn't a valid image) @ http://localhost:3000/login:0
[   43660ms] [LOG] [Fast Refresh] rebuilding @ webpack-internal:///(app-pages-browser)/./node_modules/next/dist/next-devtools/shared/forward-logs-shared.js:44
[   43672ms] [LOG] [Fast Refresh] done in 12ms @ webpack-internal:///(app-pages-browser)/./node_modules/next/dist/next-devtools/shared/forward-logs-shared.js:44
[   43701ms] [WARNING] Error while trying to use the following icon from the Manifest: http://localhost:3000/icons/icon-192.png (Download error or resource isn't a valid image) @ http://localhost:3000/login:0
[   43717ms] [LOG] [Fast Refresh] rebuilding @ webpack-internal:///(app-pages-browser)/./node_modules/next/dist/next-devtools/shared/forward-logs-shared.js:44
[   43732ms] [LOG] [Fast Refresh] done in 15ms @ webpack-internal:///(app-pages-browser)/./node_modules/next/dist/next-devtools/shared/forward-logs-shared.js:44
[   43760ms] [WARNING] Error while trying to use the following icon from the Manifest: http://localhost:3000/icons/icon-192.png (Download error or resource isn't a valid image) @ http://localhost:3000/login:0
[   43776ms] [LOG] [Fast Refresh] rebuilding @ webpack-internal:///(app-pages-browser)/./node_modules/next/dist/next-devtools/shared/forward-logs-shared.js:44
[   43790ms] [LOG] [Fast Refresh] done in 13ms @ webpack-internal:///(app-pages-browser)/./node_modules/next/dist/next-devtools/shared/forward-logs-shared.js:44
[   43817ms] [WARNING] Error while trying to use the following icon from the Manifest: http://localhost:3000/icons/icon-192.png (Download error or resource isn't a valid image) @ http://localhost:3000/login:0
[   43834ms] [LOG] [Fast Refresh] rebuilding @ webpack-internal:///(app-pages-browser)/./node_modules/next/dist/next-devtools/shared/forward-logs-shared.js:44
[   43849ms] [LOG] [Fast Refresh] done in 15ms @ webpack-internal:///(app-pages-browser)/./node_modules/next/dist/next-devtools/shared/forward-logs-shared.js:44
[   43876ms] [WARNING] Error while trying to use the following icon from the Manifest: http://localhost:3000/icons/icon-192.png (Download error or resource isn't a valid image) @ http://localhost:3000/login:0
[   43892ms] [LOG] [Fast Refresh] rebuilding @ webpack-internal:///(app-pages-browser)/./node_modules/next/dist/next-devtools/shared/forward-logs-shared.js:44
[   43902ms] [LOG] [Fast Refresh] done in 10ms @ webpack-internal:///(app-pages-browser)/./node_modules/next/dist/next-devtools/shared/forward-logs-shared.js:44
[   43912ms] [WARNING] Error while trying to use the following icon from the Manifest: http://localhost:3000/icons/icon-192.png (Download error or resource isn't a valid image) @ http://localhost:3000/login:0
[   43951ms] [LOG] [Fast Refresh] rebuilding @ webpack-internal:///(app-pages-browser)/./node_modules/next/dist/next-devtools/shared/forward-logs-shared.js:44
[   43966ms] [LOG] [Fast Refresh] done in 15ms @ webpack-internal:///(app-pages-browser)/./node_modules/next/dist/next-devtools/shared/forward-logs-shared.js:44
[   43995ms] [WARNING] Error while trying to use the following icon from the Manifest: http://localhost:3000/icons/icon-192.png (Download error or resource isn't a valid image) @ http://localhost:3000/login:0
[   44009ms] [LOG] [Fast Refresh] rebuilding @ webpack-internal:///(app-pages-browser)/./node_modules/next/dist/next-devtools/shared/forward-logs-shared.js:44
[   44022ms] [LOG] [Fast Refresh] done in 12ms @ webpack-internal:///(app-pages-browser)/./node_modules/next/dist/next-devtools/shared/forward-logs-shared.js:44
[   44067ms] [LOG] [Fast Refresh] rebuilding @ webpack-internal:///(app-pages-browser)/./node_modules/next/dist/next-devtools/shared/forward-logs-shared.js:44
[   44083ms] [LOG] [Fast Refresh] done in 15ms @ webpack-internal:///(app-pages-browser)/./node_modules/next/dist/next-devtools/shared/forward-logs-shared.js:44
[   44118ms] [WARNING] Error while trying to use the following icon from the Manifest: http://localhost:3000/icons/icon-192.png (Download error or resource isn't a valid image) @ http://localhost:3000/login:0
[   44136ms] [LOG] [Fast Refresh] rebuilding @ webpack-internal:///(app-pages-browser)/./node_modules/next/dist/next-devtools/shared/forward-logs-shared.js:44
[   44148ms] [LOG] [Fast Refresh] done in 13ms @ webpack-internal:///(app-pages-browser)/./node_modules/next/dist/next-devtools/shared/forward-logs-shared.js:44
[   44176ms] [WARNING] Error while trying to use the following icon from the Manifest: http://localhost:3000/icons/icon-192.png (Download error or resource isn't a valid image) @ http://localhost:3000/login:0
[   44192ms] [LOG] [Fast Refresh] rebuilding @ webpack-internal:///(app-pages-browser)/./node_modules/next/dist/next-devtools/shared/forward-logs-shared.js:44
[   44207ms] [LOG] [Fast Refresh] done in 16ms @ webpack-internal:///(app-pages-browser)/./node_modules/next/dist/next-devtools/shared/forward-logs-shared.js:44
[   44236ms] [WARNING] Error while trying to use the following icon from the Manifest: http://localhost:3000/icons/icon-192.png (Download error or resource isn't a valid image) @ http://localhost:3000/login:0
[   44252ms] [LOG] [Fast Refresh] rebuilding @ webpack-internal:///(app-pages-browser)/./node_modules/next/dist/next-devtools/shared/forward-logs-shared.js:44
[   44262ms] [LOG] [Fast Refresh] done in 11ms @ webpack-internal:///(app-pages-browser)/./node_modules/next/dist/next-devtools/shared/forward-logs-shared.js:44
[   44270ms] [WARNING] Error while trying to use the following icon from the Manifest: http://localhost:3000/icons/icon-192.png (Download error or resource isn't a valid image) @ http://localhost:3000/login:0
[   44310ms] [LOG] [Fast Refresh] rebuilding @ webpack-internal:///(app-pages-browser)/./node_modules/next/dist/next-devtools/shared/forward-logs-shared.js:44
[   44325ms] [LOG] [Fast Refresh] done in 14ms @ webpack-internal:///(app-pages-browser)/./node_modules/next/dist/next-devtools/shared/forward-logs-shared.js:44
[   44355ms] [WARNING] Error while trying to use the following icon from the Manifest: http://localhost:3000/icons/icon-192.png (Download error or resource isn't a valid image) @ http://localhost:3000/login:0
[   44370ms] [LOG] [Fast Refresh] rebuilding @ webpack-internal:///(app-pages-browser)/./node_modules/next/dist/next-devtools/shared/forward-logs-shared.js:44
[   44382ms] [LOG] [Fast Refresh] done in 11ms @ webpack-internal:///(app-pages-browser)/./node_modules/next/dist/next-devtools/shared/forward-logs-shared.js:44
[   44410ms] [WARNING] Error while trying to use the following icon from the Manifest: http://localhost:3000/icons/icon-192.png (Download error or resource isn't a valid image) @ http://localhost:3000/login:0
[   44426ms] [LOG] [Fast Refresh] rebuilding @ webpack-internal:///(app-pages-browser)/./node_modules/next/dist/next-devtools/shared/forward-logs-shared.js:44
[   44441ms] [LOG] [Fast Refresh] done in 15ms @ webpack-internal:///(app-pages-browser)/./node_modules/next/dist/next-devtools/shared/forward-logs-shared.js:44
[   44470ms] [WARNING] Error while trying to use the following icon from the Manifest: http://localhost:3000/icons/icon-192.png (Download error or resource isn't a valid image) @ http://localhost:3000/login:0
[   44486ms] [LOG] [Fast Refresh] rebuilding @ webpack-internal:///(app-pages-browser)/./node_modules/next/dist/next-devtools/shared/forward-logs-shared.js:44
[   44498ms] [LOG] [Fast Refresh] done in 12ms @ webpack-internal:///(app-pages-browser)/./node_modules/next/dist/next-devtools/shared/forward-logs-shared.js:44
[   44526ms] [WARNING] Error while trying to use the following icon from the Manifest: http://localhost:3000/icons/icon-192.png (Download error or resource isn't a valid image) @ http://localhost:3000/login:0
[   44543ms] [LOG] [Fast Refresh] rebuilding @ webpack-internal:///(app-pages-browser)/./node_modules/next/dist/next-devtools/shared/forward-logs-shared.js:44
[   44559ms] [LOG] [Fast Refresh] done in 16ms @ webpack-internal:///(app-pages-browser)/./node_modules/next/dist/next-devtools/shared/forward-logs-shared.js:44
[   44588ms] [WARNING] Error while trying to use the following icon from the Manifest: http://localhost:3000/icons/icon-192.png (Download error or resource isn't a valid image) @ http://localhost:3000/login:0
[   44605ms] [LOG] [Fast Refresh] rebuilding @ webpack-internal:///(app-pages-browser)/./node_modules/next/dist/next-devtools/shared/forward-logs-shared.js:44
[   44617ms] [LOG] [Fast Refresh] done in 12ms @ webpack-internal:///(app-pages-browser)/./node_modules/next/dist/next-devtools/shared/forward-logs-shared.js:44
[   44647ms] [WARNING] Error while trying to use the following icon from the Manifest: http://localhost:3000/icons/icon-192.png (Download error or resource isn't a valid image) @ http://localhost:3000/login:0
[   44663ms] [LOG] [Fast Refresh] rebuilding @ webpack-internal:///(app-pages-browser)/./node_modules/next/dist/next-devtools/shared/forward-logs-shared.js:44
[   44679ms] [LOG] [Fast Refresh] done in 15ms @ webpack-internal:///(app-pages-browser)/./node_modules/next/dist/next-devtools/shared/forward-logs-shared.js:44
[   44706ms] [WARNING] Error while trying to use the following icon from the Manifest: http://localhost:3000/icons/icon-192.png (Download error or resource isn't a valid image) @ http://localhost:3000/login:0
[   44722ms] [LOG] [Fast Refresh] rebuilding @ webpack-internal:///(app-pages-browser)/./node_modules/next/dist/next-devtools/shared/forward-logs-shared.js:44
[   44733ms] [LOG] [Fast Refresh] done in 12ms @ webpack-internal:///(app-pages-browser)/./node_modules/next/dist/next-devtools/shared/forward-logs-shared.js:44
[   44763ms] [WARNING] Error while trying to use the following icon from the Manifest: http://localhost:3000/icons/icon-192.png (Download error or resource isn't a valid image) @ http://localhost:3000/login:0
[   44780ms] [LOG] [Fast Refresh] rebuilding @ webpack-internal:///(app-pages-browser)/./node_modules/next/dist/next-devtools/shared/forward-logs-shared.js:44
[   44795ms] [LOG] [Fast Refresh] done in 16ms @ webpack-internal:///(app-pages-browser)/./node_modules/next/dist/next-devtools/shared/forward-logs-shared.js:44
[   44839ms] [LOG] [Fast Refresh] rebuilding @ webpack-internal:///(app-pages-browser)/./node_modules/next/dist/next-devtools/shared/forward-logs-shared.js:44
[   44851ms] [LOG] [Fast Refresh] done in 12ms @ webpack-internal:///(app-pages-browser)/./node_modules/next/dist/next-devtools/shared/forward-logs-shared.js:44
[   44882ms] [WARNING] Error while trying to use the following icon from the Manifest: http://localhost:3000/icons/icon-192.png (Download error or resource isn't a valid image) @ http://localhost:3000/login:0
[   44900ms] [LOG] [Fast Refresh] rebuilding @ webpack-internal:///(app-pages-browser)/./node_modules/next/dist/next-devtools/shared/forward-logs-shared.js:44
[   44914ms] [LOG] [Fast Refresh] done in 15ms @ webpack-internal:///(app-pages-browser)/./node_modules/next/dist/next-devtools/shared/forward-logs-shared.js:44
[   44942ms] [WARNING] Error while trying to use the following icon from the Manifest: http://localhost:3000/icons/icon-192.png (Download error or resource isn't a valid image) @ http://localhost:3000/login:0
[   44959ms] [LOG] [Fast Refresh] rebuilding @ webpack-internal:///(app-pages-browser)/./node_modules/next/dist/next-devtools/shared/forward-logs-shared.js:44
[   44970ms] [LOG] [Fast Refresh] done in 11ms @ webpack-internal:///(app-pages-browser)/./node_modules/next/dist/next-devtools/shared/forward-logs-shared.js:44
[   44999ms] [WARNING] Error while trying to use the following icon from the Manifest: http://localhost:3000/icons/icon-192.png (Download error or resource isn't a valid image) @ http://localhost:3000/login:0
[   45015ms] [LOG] [Fast Refresh] rebuilding @ webpack-internal:///(app-pages-browser)/./node_modules/next/dist/next-devtools/shared/forward-logs-shared.js:44
[   45030ms] [LOG] [Fast Refresh] done in 15ms @ webpack-internal:///(app-pages-browser)/./node_modules/next/dist/next-devtools/shared/forward-logs-shared.js:44
[   45057ms] [WARNING] Error while trying to use the following icon from the Manifest: http://localhost:3000/icons/icon-192.png (Download error or resource isn't a valid image) @ http://localhost:3000/login:0
[   45076ms] [LOG] [Fast Refresh] rebuilding @ webpack-internal:///(app-pages-browser)/./node_modules/next/dist/next-devtools/shared/forward-logs-shared.js:44
[   45088ms] [LOG] [Fast Refresh] done in 11ms @ webpack-internal:///(app-pages-browser)/./node_modules/next/dist/next-devtools/shared/forward-logs-shared.js:44
[   45116ms] [WARNING] Error while trying to use the following icon from the Manifest: http://localhost:3000/icons/icon-192.png (Download error or resource isn't a valid image) @ http://localhost:3000/login:0
[   45134ms] [LOG] [Fast Refresh] rebuilding @ webpack-internal:///(app-pages-browser)/./node_modules/next/dist/next-devtools/shared/forward-logs-shared.js:44
[   45149ms] [LOG] [Fast Refresh] done in 15ms @ webpack-internal:///(app-pages-browser)/./node_modules/next/dist/next-devtools/shared/forward-logs-shared.js:44
[   45192ms] [LOG] [Fast Refresh] rebuilding @ webpack-internal:///(app-pages-browser)/./node_modules/next/dist/next-devtools/shared/forward-logs-shared.js:44
[   45203ms] [LOG] [Fast Refresh] done in 12ms @ webpack-internal:///(app-pages-browser)/./node_modules/next/dist/next-devtools/shared/forward-logs-shared.js:44
[   45233ms] [WARNING] Error while trying to use the following icon from the Manifest: http://localhost:3000/icons/icon-192.png (Download error or resource isn't a valid image) @ http://localhost:3000/login:0
[   45250ms] [LOG] [Fast Refresh] rebuilding @ webpack-internal:///(app-pages-browser)/./node_modules/next/dist/next-devtools/shared/forward-logs-shared.js:44
[   45264ms] [LOG] [Fast Refresh] done in 15ms @ webpack-internal:///(app-pages-browser)/./node_modules/next/dist/next-devtools/shared/forward-logs-shared.js:44
[   45290ms] [WARNING] Error while trying to use the following icon from the Manifest: http://localhost:3000/icons/icon-192.png (Download error or resource isn't a valid image) @ http://localhost:3000/login:0
[   45309ms] [LOG] [Fast Refresh] rebuilding @ webpack-internal:///(app-pages-browser)/./node_modules/next/dist/next-devtools/shared/forward-logs-shared.js:44
[   45320ms] [LOG] [Fast Refresh] done in 11ms @ webpack-internal:///(app-pages-browser)/./node_modules/next/dist/next-devtools/shared/forward-logs-shared.js:44
[   45363ms] [LOG] [Fast Refresh] rebuilding @ webpack-internal:///(app-pages-browser)/./node_modules/next/dist/next-devtools/shared/forward-logs-shared.js:44
[   45378ms] [LOG] [Fast Refresh] done in 15ms @ webpack-internal:///(app-pages-browser)/./node_modules/next/dist/next-devtools/shared/forward-logs-shared.js:44
[   45401ms] [WARNING] Error while trying to use the following icon from the Manifest: http://localhost:3000/icons/icon-192.png (Download error or resource isn't a valid image) @ http://localhost:3000/login:0
[   45421ms] [LOG] [Fast Refresh] rebuilding @ webpack-internal:///(app-pages-browser)/./node_modules/next/dist/next-devtools/shared/forward-logs-shared.js:44
[   45433ms] [LOG] [Fast Refresh] done in 11ms @ webpack-internal:///(app-pages-browser)/./node_modules/next/dist/next-devtools/shared/forward-logs-shared.js:44
[   45461ms] [WARNING] Error while trying to use the following icon from the Manifest: http://localhost:3000/icons/icon-192.png (Download error or resource isn't a valid image) @ http://localhost:3000/login:0
[   45479ms] [LOG] [Fast Refresh] rebuilding @ webpack-internal:///(app-pages-browser)/./node_modules/next/dist/next-devtools/shared/forward-logs-shared.js:44
[   45494ms] [LOG] [Fast Refresh] done in 15ms @ webpack-internal:///(app-pages-browser)/./node_modules/next/dist/next-devtools/shared/forward-logs-shared.js:44
[   45520ms] [WARNING] Error while trying to use the following icon from the Manifest: http://localhost:3000/icons/icon-192.png (Download error or resource isn't a valid image) @ http://localhost:3000/login:0
[   45536ms] [LOG] [Fast Refresh] rebuilding @ webpack-internal:///(app-pages-browser)/./node_modules/next/dist/next-devtools/shared/forward-logs-shared.js:44
[   45547ms] [LOG] [Fast Refresh] done in 11ms @ webpack-internal:///(app-pages-browser)/./node_modules/next/dist/next-devtools/shared/forward-logs-shared.js:44
[   45575ms] [WARNING] Error while trying to use the following icon from the Manifest: http://localhost:3000/icons/icon-192.png (Download error or resource isn't a valid image) @ http://localhost:3000/login:0
[   45592ms] [LOG] [Fast Refresh] rebuilding @ webpack-internal:///(app-pages-browser)/./node_modules/next/dist/next-devtools/shared/forward-logs-shared.js:44
[   45607ms] [LOG] [Fast Refresh] done in 15ms @ webpack-internal:///(app-pages-browser)/./node_modules/next/dist/next-devtools/shared/forward-logs-shared.js:44
[   45636ms] [WARNING] Error while trying to use the following icon from the Manifest: http://localhost:3000/icons/icon-192.png (Download error or resource isn't a valid image) @ http://localhost:3000/login:0
[   45652ms] [LOG] [Fast Refresh] rebuilding @ webpack-internal:///(app-pages-browser)/./node_modules/next/dist/next-devtools/shared/forward-logs-shared.js:44
[   45664ms] [LOG] [Fast Refresh] done in 12ms @ webpack-internal:///(app-pages-browser)/./node_modules/next/dist/next-devtools/shared/forward-logs-shared.js:44
[   45692ms] [WARNING] Error while trying to use the following icon from the Manifest: http://localhost:3000/icons/icon-192.png (Download error or resource isn't a valid image) @ http://localhost:3000/login:0
[   45712ms] [LOG] [Fast Refresh] rebuilding @ webpack-internal:///(app-pages-browser)/./node_modules/next/dist/next-devtools/shared/forward-logs-shared.js:44
[   45728ms] [LOG] [Fast Refresh] done in 16ms @ webpack-internal:///(app-pages-browser)/./node_modules/next/dist/next-devtools/shared/forward-logs-shared.js:44
[   45752ms] [WARNING] Error while trying to use the following icon from the Manifest: http://localhost:3000/icons/icon-192.png (Download error or resource isn't a valid image) @ http://localhost:3000/login:0
[   45771ms] [LOG] [Fast Refresh] rebuilding @ webpack-internal:///(app-pages-browser)/./node_modules/next/dist/next-devtools/shared/forward-logs-shared.js:44
[   45782ms] [LOG] [Fast Refresh] done in 11ms @ webpack-internal:///(app-pages-browser)/./node_modules/next/dist/next-devtools/shared/forward-logs-shared.js:44
[   45810ms] [WARNING] Error while trying to use the following icon from the Manifest: http://localhost:3000/icons/icon-192.png (Download error or resource isn't a valid image) @ http://localhost:3000/login:0
[   45828ms] [LOG] [Fast Refresh] rebuilding @ webpack-internal:///(app-pages-browser)/./node_modules/next/dist/next-devtools/shared/forward-logs-shared.js:44
[   45844ms] [LOG] [Fast Refresh] done in 15ms @ webpack-internal:///(app-pages-browser)/./node_modules/next/dist/next-devtools/shared/forward-logs-shared.js:44
[   45870ms] [WARNING] Error while trying to use the following icon from the Manifest: http://localhost:3000/icons/icon-192.png (Download error or resource isn't a valid image) @ http://localhost:3000/login:0
[   45886ms] [LOG] [Fast Refresh] rebuilding @ webpack-internal:///(app-pages-browser)/./node_modules/next/dist/next-devtools/shared/forward-logs-shared.js:44
[   45897ms] [LOG] [Fast Refresh] done in 11ms @ webpack-internal:///(app-pages-browser)/./node_modules/next/dist/next-devtools/shared/forward-logs-shared.js:44
[   45925ms] [WARNING] Error while trying to use the following icon from the Manifest: http://localhost:3000/icons/icon-192.png (Download error or resource isn't a valid image) @ http://localhost:3000/login:0
[   45941ms] [LOG] [Fast Refresh] rebuilding @ webpack-internal:///(app-pages-browser)/./node_modules/next/dist/next-devtools/shared/forward-logs-shared.js:44
[   45957ms] [LOG] [Fast Refresh] done in 15ms @ webpack-internal:///(app-pages-browser)/./node_modules/next/dist/next-devtools/shared/forward-logs-shared.js:44
[   45999ms] [LOG] [Fast Refresh] rebuilding @ webpack-internal:///(app-pages-browser)/./node_modules/next/dist/next-devtools/shared/forward-logs-shared.js:44
[   46010ms] [LOG] [Fast Refresh] done in 11ms @ webpack-internal:///(app-pages-browser)/./node_modules/next/dist/next-devtools/shared/forward-logs-shared.js:44
[   46037ms] [WARNING] Error while trying to use the following icon from the Manifest: http://localhost:3000/icons/icon-192.png (Download error or resource isn't a valid image) @ http://localhost:3000/login:0
[   46053ms] [LOG] [Fast Refresh] rebuilding @ webpack-internal:///(app-pages-browser)/./node_modules/next/dist/next-devtools/shared/forward-logs-shared.js:44
[   46069ms] [LOG] [Fast Refresh] done in 15ms @ webpack-internal:///(app-pages-browser)/./node_modules/next/dist/next-devtools/shared/forward-logs-shared.js:44
[   46100ms] [WARNING] Error while trying to use the following icon from the Manifest: http://localhost:3000/icons/icon-192.png (Download error or resource isn't a valid image) @ http://localhost:3000/login:0
[   46116ms] [LOG] [Fast Refresh] rebuilding @ webpack-internal:///(app-pages-browser)/./node_modules/next/dist/next-devtools/shared/forward-logs-shared.js:44
[   46127ms] [LOG] [Fast Refresh] done in 11ms @ webpack-internal:///(app-pages-browser)/./node_modules/next/dist/next-devtools/shared/forward-logs-shared.js:44
[   46155ms] [WARNING] Error while trying to use the following icon from the Manifest: http://localhost:3000/icons/icon-192.png (Download error or resource isn't a valid image) @ http://localhost:3000/login:0
[   46172ms] [LOG] [Fast Refresh] rebuilding @ webpack-internal:///(app-pages-browser)/./node_modules/next/dist/next-devtools/shared/forward-logs-shared.js:44
[   46188ms] [LOG] [Fast Refresh] done in 15ms @ webpack-internal:///(app-pages-browser)/./node_modules/next/dist/next-devtools/shared/forward-logs-shared.js:44
[   46217ms] [WARNING] Error while trying to use the following icon from the Manifest: http://localhost:3000/icons/icon-192.png (Download error or resource isn't a valid image) @ http://localhost:3000/login:0
[   46232ms] [LOG] [Fast Refresh] rebuilding @ webpack-internal:///(app-pages-browser)/./node_modules/next/dist/next-devtools/shared/forward-logs-shared.js:44
[   46242ms] [LOG] [Fast Refresh] done in 10ms @ webpack-internal:///(app-pages-browser)/./node_modules/next/dist/next-devtools/shared/forward-logs-shared.js:44
[   46251ms] [WARNING] Error while trying to use the following icon from the Manifest: http://localhost:3000/icons/icon-192.png (Download error or resource isn't a valid image) @ http://localhost:3000/login:0
[   46291ms] [LOG] [Fast Refresh] rebuilding @ webpack-internal:///(app-pages-browser)/./node_modules/next/dist/next-devtools/shared/forward-logs-shared.js:44
[   46305ms] [LOG] [Fast Refresh] done in 14ms @ webpack-internal:///(app-pages-browser)/./node_modules/next/dist/next-devtools/shared/forward-logs-shared.js:44
[   46334ms] [WARNING] Error while trying to use the following icon from the Manifest: http://localhost:3000/icons/icon-192.png (Download error or resource isn't a valid image) @ http://localhost:3000/login:0
[   46349ms] [LOG] [Fast Refresh] rebuilding @ webpack-internal:///(app-pages-browser)/./node_modules/next/dist/next-devtools/shared/forward-logs-shared.js:44
[   46360ms] [LOG] [Fast Refresh] done in 11ms @ webpack-internal:///(app-pages-browser)/./node_modules/next/dist/next-devtools/shared/forward-logs-shared.js:44
[   46387ms] [WARNING] Error while trying to use the following icon from the Manifest: http://localhost:3000/icons/icon-192.png (Download error or resource isn't a valid image) @ http://localhost:3000/login:0
[   46404ms] [LOG] [Fast Refresh] rebuilding @ webpack-internal:///(app-pages-browser)/./node_modules/next/dist/next-devtools/shared/forward-logs-shared.js:44
[   46419ms] [LOG] [Fast Refresh] done in 15ms @ webpack-internal:///(app-pages-browser)/./node_modules/next/dist/next-devtools/shared/forward-logs-shared.js:44
[   46447ms] [WARNING] Error while trying to use the following icon from the Manifest: http://localhost:3000/icons/icon-192.png (Download error or resource isn't a valid image) @ http://localhost:3000/login:0
[   46465ms] [LOG] [Fast Refresh] rebuilding @ webpack-internal:///(app-pages-browser)/./node_modules/next/dist/next-devtools/shared/forward-logs-shared.js:44
[   46476ms] [LOG] [Fast Refresh] done in 12ms @ webpack-internal:///(app-pages-browser)/./node_modules/next/dist/next-devtools/shared/forward-logs-shared.js:44
[   46502ms] [WARNING] Error while trying to use the following icon from the Manifest: http://localhost:3000/icons/icon-192.png (Download error or resource isn't a valid image) @ http://localhost:3000/login:0
[   46520ms] [LOG] [Fast Refresh] rebuilding @ webpack-internal:///(app-pages-browser)/./node_modules/next/dist/next-devtools/shared/forward-logs-shared.js:44
[   46534ms] [LOG] [Fast Refresh] done in 14ms @ webpack-internal:///(app-pages-browser)/./node_modules/next/dist/next-devtools/shared/forward-logs-shared.js:44
[   46563ms] [WARNING] Error while trying to use the following icon from the Manifest: http://localhost:3000/icons/icon-192.png (Download error or resource isn't a valid image) @ http://localhost:3000/login:0
[   46579ms] [LOG] [Fast Refresh] rebuilding @ webpack-internal:///(app-pages-browser)/./node_modules/next/dist/next-devtools/shared/forward-logs-shared.js:44
[   46590ms] [LOG] [Fast Refresh] done in 11ms @ webpack-internal:///(app-pages-browser)/./node_modules/next/dist/next-devtools/shared/forward-logs-shared.js:44
[   46617ms] [WARNING] Error while trying to use the following icon from the Manifest: http://localhost:3000/icons/icon-192.png (Download error or resource isn't a valid image) @ http://localhost:3000/login:0
[   46634ms] [LOG] [Fast Refresh] rebuilding @ webpack-internal:///(app-pages-browser)/./node_modules/next/dist/next-devtools/shared/forward-logs-shared.js:44
[   46649ms] [LOG] [Fast Refresh] done in 15ms @ webpack-internal:///(app-pages-browser)/./node_modules/next/dist/next-devtools/shared/forward-logs-shared.js:44
[   46677ms] [WARNING] Error while trying to use the following icon from the Manifest: http://localhost:3000/icons/icon-192.png (Download error or resource isn't a valid image) @ http://localhost:3000/login:0
[   46715ms] [LOG] [Fast Refresh] rebuilding @ webpack-internal:///(app-pages-browser)/./node_modules/next/dist/next-devtools/shared/forward-logs-shared.js:44
[   46728ms] [LOG] [Fast Refresh] done in 12ms @ webpack-internal:///(app-pages-browser)/./node_modules/next/dist/next-devtools/shared/forward-logs-shared.js:44
[   46754ms] [WARNING] Error while trying to use the following icon from the Manifest: http://localhost:3000/icons/icon-192.png (Download error or resource isn't a valid image) @ http://localhost:3000/login:0
[   46771ms] [LOG] [Fast Refresh] rebuilding @ webpack-internal:///(app-pages-browser)/./node_modules/next/dist/next-devtools/shared/forward-logs-shared.js:44
[   46786ms] [LOG] [Fast Refresh] done in 16ms @ webpack-internal:///(app-pages-browser)/./node_modules/next/dist/next-devtools/shared/forward-logs-shared.js:44
[   46828ms] [LOG] [Fast Refresh] rebuilding @ webpack-internal:///(app-pages-browser)/./node_modules/next/dist/next-devtools/shared/forward-logs-shared.js:44
[   46839ms] [LOG] [Fast Refresh] done in 11ms @ webpack-internal:///(app-pages-browser)/./node_modules/next/dist/next-devtools/shared/forward-logs-shared.js:44
[   46866ms] [WARNING] Error while trying to use the following icon from the Manifest: http://localhost:3000/icons/icon-192.png (Download error or resource isn't a valid image) @ http://localhost:3000/login:0
[   46883ms] [LOG] [Fast Refresh] rebuilding @ webpack-internal:///(app-pages-browser)/./node_modules/next/dist/next-devtools/shared/forward-logs-shared.js:44
[   46898ms] [LOG] [Fast Refresh] done in 15ms @ webpack-internal:///(app-pages-browser)/./node_modules/next/dist/next-devtools/shared/forward-logs-shared.js:44
[   46927ms] [WARNING] Error while trying to use the following icon from the Manifest: http://localhost:3000/icons/icon-192.png (Download error or resource isn't a valid image) @ http://localhost:3000/login:0
[   46944ms] [LOG] [Fast Refresh] rebuilding @ webpack-internal:///(app-pages-browser)/./node_modules/next/dist/next-devtools/shared/forward-logs-shared.js:44
[   46953ms] [LOG] [Fast Refresh] done in 10ms @ webpack-internal:///(app-pages-browser)/./node_modules/next/dist/next-devtools/shared/forward-logs-shared.js:44
[   46963ms] [WARNING] Error while trying to use the following icon from the Manifest: http://localhost:3000/icons/icon-192.png (Download error or resource isn't a valid image) @ http://localhost:3000/login:0
[   47001ms] [LOG] [Fast Refresh] rebuilding @ webpack-internal:///(app-pages-browser)/./node_modules/next/dist/next-devtools/shared/forward-logs-shared.js:44
[   47016ms] [LOG] [Fast Refresh] done in 15ms @ webpack-internal:///(app-pages-browser)/./node_modules/next/dist/next-devtools/shared/forward-logs-shared.js:44
[   47040ms] [WARNING] Error while trying to use the following icon from the Manifest: http://localhost:3000/icons/icon-192.png (Download error or resource isn't a valid image) @ http://localhost:3000/login:0
[   47062ms] [LOG] [Fast Refresh] rebuilding @ webpack-internal:///(app-pages-browser)/./node_modules/next/dist/next-devtools/shared/forward-logs-shared.js:44
[   47074ms] [LOG] [Fast Refresh] done in 11ms @ webpack-internal:///(app-pages-browser)/./node_modules/next/dist/next-devtools/shared/forward-logs-shared.js:44
[   47101ms] [WARNING] Error while trying to use the following icon from the Manifest: http://localhost:3000/icons/icon-192.png (Download error or resource isn't a valid image) @ http://localhost:3000/login:0
[   47117ms] [LOG] [Fast Refresh] rebuilding @ webpack-internal:///(app-pages-browser)/./node_modules/next/dist/next-devtools/shared/forward-logs-shared.js:44
[   47132ms] [LOG] [Fast Refresh] done in 14ms @ webpack-internal:///(app-pages-browser)/./node_modules/next/dist/next-devtools/shared/forward-logs-shared.js:44
[   47161ms] [WARNING] Error while trying to use the following icon from the Manifest: http://localhost:3000/icons/icon-192.png (Download error or resource isn't a valid image) @ http://localhost:3000/login:0
[   47177ms] [LOG] [Fast Refresh] rebuilding @ webpack-internal:///(app-pages-browser)/./node_modules/next/dist/next-devtools/shared/forward-logs-shared.js:44
[   47188ms] [LOG] [Fast Refresh] done in 11ms @ webpack-internal:///(app-pages-browser)/./node_modules/next/dist/next-devtools/shared/forward-logs-shared.js:44
[   47218ms] [WARNING] Error while trying to use the following icon from the Manifest: http://localhost:3000/icons/icon-192.png (Download error or resource isn't a valid image) @ http://localhost:3000/login:0
[   47234ms] [LOG] [Fast Refresh] rebuilding @ webpack-internal:///(app-pages-browser)/./node_modules/next/dist/next-devtools/shared/forward-logs-shared.js:44
[   47249ms] [LOG] [Fast Refresh] done in 14ms @ webpack-internal:///(app-pages-browser)/./node_modules/next/dist/next-devtools/shared/forward-logs-shared.js:44
[   47277ms] [WARNING] Error while trying to use the following icon from the Manifest: http://localhost:3000/icons/icon-192.png (Download error or resource isn't a valid image) @ http://localhost:3000/login:0
[   47293ms] [LOG] [Fast Refresh] rebuilding @ webpack-internal:///(app-pages-browser)/./node_modules/next/dist/next-devtools/shared/forward-logs-shared.js:44
[   47305ms] [LOG] [Fast Refresh] done in 11ms @ webpack-internal:///(app-pages-browser)/./node_modules/next/dist/next-devtools/shared/forward-logs-shared.js:44
[   47332ms] [WARNING] Error while trying to use the following icon from the Manifest: http://localhost:3000/icons/icon-192.png (Download error or resource isn't a valid image) @ http://localhost:3000/login:0
[   47348ms] [LOG] [Fast Refresh] rebuilding @ webpack-internal:///(app-pages-browser)/./node_modules/next/dist/next-devtools/shared/forward-logs-shared.js:44
[   47378ms] [LOG] [Fast Refresh] done in 29ms @ webpack-internal:///(app-pages-browser)/./node_modules/next/dist/next-devtools/shared/forward-logs-shared.js:44
[   47400ms] [WARNING] Error while trying to use the following icon from the Manifest: http://localhost:3000/icons/icon-192.png (Download error or resource isn't a valid image) @ http://localhost:3000/login:0
[   47415ms] [LOG] [Fast Refresh] rebuilding @ webpack-internal:///(app-pages-browser)/./node_modules/next/dist/next-devtools/shared/forward-logs-shared.js:44
[   47427ms] [LOG] [Fast Refresh] done in 12ms @ webpack-internal:///(app-pages-browser)/./node_modules/next/dist/next-devtools/shared/forward-logs-shared.js:44
[   47453ms] [WARNING] Error while trying to use the following icon from the Manifest: http://localhost:3000/icons/icon-192.png (Download error or resource isn't a valid image) @ http://localhost:3000/login:0
[   47470ms] [LOG] [Fast Refresh] rebuilding @ webpack-internal:///(app-pages-browser)/./node_modules/next/dist/next-devtools/shared/forward-logs-shared.js:44
[   47485ms] [LOG] [Fast Refresh] done in 15ms @ webpack-internal:///(app-pages-browser)/./node_modules/next/dist/next-devtools/shared/forward-logs-shared.js:44
[   47514ms] [WARNING] Error while trying to use the following icon from the Manifest: http://localhost:3000/icons/icon-192.png (Download error or resource isn't a valid image) @ http://localhost:3000/login:0
[   47529ms] [LOG] [Fast Refresh] rebuilding @ webpack-internal:///(app-pages-browser)/./node_modules/next/dist/next-devtools/shared/forward-logs-shared.js:44
[   47540ms] [LOG] [Fast Refresh] done in 12ms @ webpack-internal:///(app-pages-browser)/./node_modules/next/dist/next-devtools/shared/forward-logs-shared.js:44
[   47578ms] [WARNING] Error while trying to use the following icon from the Manifest: http://localhost:3000/icons/icon-192.png (Download error or resource isn't a valid image) @ http://localhost:3000/login:0
[   47599ms] [LOG] [Fast Refresh] rebuilding @ webpack-internal:///(app-pages-browser)/./node_modules/next/dist/next-devtools/shared/forward-logs-shared.js:44
[   47615ms] [LOG] [Fast Refresh] done in 15ms @ webpack-internal:///(app-pages-browser)/./node_modules/next/dist/next-devtools/shared/forward-logs-shared.js:44
[   47641ms] [WARNING] Error while trying to use the following icon from the Manifest: http://localhost:3000/icons/icon-192.png (Download error or resource isn't a valid image) @ http://localhost:3000/login:0
[   47658ms] [LOG] [Fast Refresh] rebuilding @ webpack-internal:///(app-pages-browser)/./node_modules/next/dist/next-devtools/shared/forward-logs-shared.js:44
[   47669ms] [LOG] [Fast Refresh] done in 12ms @ webpack-internal:///(app-pages-browser)/./node_modules/next/dist/next-devtools/shared/forward-logs-shared.js:44
[   47698ms] [WARNING] Error while trying to use the following icon from the Manifest: http://localhost:3000/icons/icon-192.png (Download error or resource isn't a valid image) @ http://localhost:3000/login:0
[   47716ms] [LOG] [Fast Refresh] rebuilding @ webpack-internal:///(app-pages-browser)/./node_modules/next/dist/next-devtools/shared/forward-logs-shared.js:44
[   47731ms] [LOG] [Fast Refresh] done in 16ms @ webpack-internal:///(app-pages-browser)/./node_modules/next/dist/next-devtools/shared/forward-logs-shared.js:44
[   47760ms] [WARNING] Error while trying to use the following icon from the Manifest: http://localhost:3000/icons/icon-192.png (Download error or resource isn't a valid image) @ http://localhost:3000/login:0
[   47775ms] [LOG] [Fast Refresh] rebuilding @ webpack-internal:///(app-pages-browser)/./node_modules/next/dist/next-devtools/shared/forward-logs-shared.js:44
[   47802ms] [LOG] [Fast Refresh] done in 26ms @ webpack-internal:///(app-pages-browser)/./node_modules/next/dist/next-devtools/shared/forward-logs-shared.js:44
[   47867ms] [WARNING] Error while trying to use the following icon from the Manifest: http://localhost:3000/icons/icon-192.png (Download error or resource isn't a valid image) @ http://localhost:3000/login:0
[   47945ms] [LOG] [Fast Refresh] rebuilding @ webpack-internal:///(app-pages-browser)/./node_modules/next/dist/next-devtools/shared/forward-logs-shared.js:44
[   47967ms] [LOG] [Fast Refresh] done in 21ms @ webpack-internal:///(app-pages-browser)/./node_modules/next/dist/next-devtools/shared/forward-logs-shared.js:44
[   48096ms] [LOG] [Fast Refresh] rebuilding @ webpack-internal:///(app-pages-browser)/./node_modules/next/dist/next-devtools/shared/forward-logs-shared.js:44
[   48124ms] [LOG] [Fast Refresh] done in 27ms @ webpack-internal:///(app-pages-browser)/./node_modules/next/dist/next-devtools/shared/forward-logs-shared.js:44
[   48191ms] [WARNING] Error while trying to use the following icon from the Manifest: http://localhost:3000/icons/icon-192.png (Download error or resource isn't a valid image) @ http://localhost:3000/login:0
[   48322ms] [LOG] [Fast Refresh] rebuilding @ webpack-internal:///(app-pages-browser)/./node_modules/next/dist/next-devtools/shared/forward-logs-shared.js:44
[   48339ms] [LOG] [Fast Refresh] done in 17ms @ webpack-internal:///(app-pages-browser)/./node_modules/next/dist/next-devtools/shared/forward-logs-shared.js:44
[   48375ms] [WARNING] Error while trying to use the following icon from the Manifest: http://localhost:3000/icons/icon-192.png (Download error or resource isn't a valid image) @ http://localhost:3000/login:0
[   48395ms] [LOG] [Fast Refresh] rebuilding @ webpack-internal:///(app-pages-browser)/./node_modules/next/dist/next-devtools/shared/forward-logs-shared.js:44
[   48406ms] [LOG] [Fast Refresh] done in 11ms @ webpack-internal:///(app-pages-browser)/./node_modules/next/dist/next-devtools/shared/forward-logs-shared.js:44
[   48435ms] [WARNING] Error while trying to use the following icon from the Manifest: http://localhost:3000/icons/icon-192.png (Download error or resource isn't a valid image) @ http://localhost:3000/login:0
[   48453ms] [LOG] [Fast Refresh] rebuilding @ webpack-internal:///(app-pages-browser)/./node_modules/next/dist/next-devtools/shared/forward-logs-shared.js:44
[   48469ms] [LOG] [Fast Refresh] done in 16ms @ webpack-internal:///(app-pages-browser)/./node_modules/next/dist/next-devtools/shared/forward-logs-shared.js:44
[   48497ms] [WARNING] Error while trying to use the following icon from the Manifest: http://localhost:3000/icons/icon-192.png (Download error or resource isn't a valid image) @ http://localhost:3000/login:0
[   48514ms] [LOG] [Fast Refresh] rebuilding @ webpack-internal:///(app-pages-browser)/./node_modules/next/dist/next-devtools/shared/forward-logs-shared.js:44
[   48525ms] [LOG] [Fast Refresh] done in 11ms @ webpack-internal:///(app-pages-browser)/./node_modules/next/dist/next-devtools/shared/forward-logs-shared.js:44
[   48552ms] [WARNING] Error while trying to use the following icon from the Manifest: http://localhost:3000/icons/icon-192.png (Download error or resource isn't a valid image) @ http://localhost:3000/login:0
[   48569ms] [LOG] [Fast Refresh] rebuilding @ webpack-internal:///(app-pages-browser)/./node_modules/next/dist/next-devtools/shared/forward-logs-shared.js:44
[   48584ms] [LOG] [Fast Refresh] done in 15ms @ webpack-internal:///(app-pages-browser)/./node_modules/next/dist/next-devtools/shared/forward-logs-shared.js:44
[   48630ms] [LOG] [Fast Refresh] rebuilding @ webpack-internal:///(app-pages-browser)/./node_modules/next/dist/next-devtools/shared/forward-logs-shared.js:44
[   48641ms] [LOG] [Fast Refresh] done in 12ms @ webpack-internal:///(app-pages-browser)/./node_modules/next/dist/next-devtools/shared/forward-logs-shared.js:44
[   48669ms] [WARNING] Error while trying to use the following icon from the Manifest: http://localhost:3000/icons/icon-192.png (Download error or resource isn't a valid image) @ http://localhost:3000/login:0
[   48686ms] [LOG] [Fast Refresh] rebuilding @ webpack-internal:///(app-pages-browser)/./node_modules/next/dist/next-devtools/shared/forward-logs-shared.js:44
[   48700ms] [LOG] [Fast Refresh] done in 15ms @ webpack-internal:///(app-pages-browser)/./node_modules/next/dist/next-devtools/shared/forward-logs-shared.js:44
[   48732ms] [WARNING] Error while trying to use the following icon from the Manifest: http://localhost:3000/icons/icon-192.png (Download error or resource isn't a valid image) @ http://localhost:3000/login:0
[   48748ms] [LOG] [Fast Refresh] rebuilding @ webpack-internal:///(app-pages-browser)/./node_modules/next/dist/next-devtools/shared/forward-logs-shared.js:44
[   48759ms] [LOG] [Fast Refresh] done in 12ms @ webpack-internal:///(app-pages-browser)/./node_modules/next/dist/next-devtools/shared/forward-logs-shared.js:44
[   48801ms] [LOG] [Fast Refresh] rebuilding @ webpack-internal:///(app-pages-browser)/./node_modules/next/dist/next-devtools/shared/forward-logs-shared.js:44
[   48816ms] [LOG] [Fast Refresh] done in 14ms @ webpack-internal:///(app-pages-browser)/./node_modules/next/dist/next-devtools/shared/forward-logs-shared.js:44
[   48844ms] [WARNING] Error while trying to use the following icon from the Manifest: http://localhost:3000/icons/icon-192.png (Download error or resource isn't a valid image) @ http://localhost:3000/login:0
[   48861ms] [LOG] [Fast Refresh] rebuilding @ webpack-internal:///(app-pages-browser)/./node_modules/next/dist/next-devtools/shared/forward-logs-shared.js:44
[   48871ms] [LOG] [Fast Refresh] done in 11ms @ webpack-internal:///(app-pages-browser)/./node_modules/next/dist/next-devtools/shared/forward-logs-shared.js:44
[   48916ms] [LOG] [Fast Refresh] rebuilding @ webpack-internal:///(app-pages-browser)/./node_modules/next/dist/next-devtools/shared/forward-logs-shared.js:44
[   48936ms] [LOG] [Fast Refresh] done in 20ms @ webpack-internal:///(app-pages-browser)/./node_modules/next/dist/next-devtools/shared/forward-logs-shared.js:44
[   48971ms] [WARNING] Error while trying to use the following icon from the Manifest: http://localhost:3000/icons/icon-192.png (Download error or resource isn't a valid image) @ http://localhost:3000/login:0
[   48993ms] [LOG] [Fast Refresh] rebuilding @ webpack-internal:///(app-pages-browser)/./node_modules/next/dist/next-devtools/shared/forward-logs-shared.js:44
[   49004ms] [LOG] [Fast Refresh] done in 11ms @ webpack-internal:///(app-pages-browser)/./node_modules/next/dist/next-devtools/shared/forward-logs-shared.js:44
[   49032ms] [WARNING] Error while trying to use the following icon from the Manifest: http://localhost:3000/icons/icon-192.png (Download error or resource isn't a valid image) @ http://localhost:3000/login:0
[   49049ms] [LOG] [Fast Refresh] rebuilding @ webpack-internal:///(app-pages-browser)/./node_modules/next/dist/next-devtools/shared/forward-logs-shared.js:44
[   49064ms] [LOG] [Fast Refresh] done in 14ms @ webpack-internal:///(app-pages-browser)/./node_modules/next/dist/next-devtools/shared/forward-logs-shared.js:44
[   49091ms] [WARNING] Error while trying to use the following icon from the Manifest: http://localhost:3000/icons/icon-192.png (Download error or resource isn't a valid image) @ http://localhost:3000/login:0
[   49107ms] [LOG] [Fast Refresh] rebuilding @ webpack-internal:///(app-pages-browser)/./node_modules/next/dist/next-devtools/shared/forward-logs-shared.js:44
[   49118ms] [LOG] [Fast Refresh] done in 11ms @ webpack-internal:///(app-pages-browser)/./node_modules/next/dist/next-devtools/shared/forward-logs-shared.js:44
[   49149ms] [WARNING] Error while trying to use the following icon from the Manifest: http://localhost:3000/icons/icon-192.png (Download error or resource isn't a valid image) @ http://localhost:3000/login:0
[   49166ms] [LOG] [Fast Refresh] rebuilding @ webpack-internal:///(app-pages-browser)/./node_modules/next/dist/next-devtools/shared/forward-logs-shared.js:44
[   49181ms] [LOG] [Fast Refresh] done in 15ms @ webpack-internal:///(app-pages-browser)/./node_modules/next/dist/next-devtools/shared/forward-logs-shared.js:44
[   49209ms] [WARNING] Error while trying to use the following icon from the Manifest: http://localhost:3000/icons/icon-192.png (Download error or resource isn't a valid image) @ http://localhost:3000/login:0
[   49225ms] [LOG] [Fast Refresh] rebuilding @ webpack-internal:///(app-pages-browser)/./node_modules/next/dist/next-devtools/shared/forward-logs-shared.js:44
[   49237ms] [LOG] [Fast Refresh] done in 11ms @ webpack-internal:///(app-pages-browser)/./node_modules/next/dist/next-devtools/shared/forward-logs-shared.js:44
[   49268ms] [WARNING] Error while trying to use the following icon from the Manifest: http://localhost:3000/icons/icon-192.png (Download error or resource isn't a valid image) @ http://localhost:3000/login:0
[   49285ms] [LOG] [Fast Refresh] rebuilding @ webpack-internal:///(app-pages-browser)/./node_modules/next/dist/next-devtools/shared/forward-logs-shared.js:44
[   49295ms] [LOG] [Fast Refresh] done in 10ms @ webpack-internal:///(app-pages-browser)/./node_modules/next/dist/next-devtools/shared/forward-logs-shared.js:44
[   49311ms] [WARNING] Error while trying to use the following icon from the Manifest: http://localhost:3000/icons/icon-192.png (Download error or resource isn't a valid image) @ http://localhost:3000/login:0
[   49344ms] [LOG] [Fast Refresh] rebuilding @ webpack-internal:///(app-pages-browser)/./node_modules/next/dist/next-devtools/shared/forward-logs-shared.js:44
[   49355ms] [LOG] [Fast Refresh] done in 11ms @ webpack-internal:///(app-pages-browser)/./node_modules/next/dist/next-devtools/shared/forward-logs-shared.js:44
[   49398ms] [LOG] [Fast Refresh] rebuilding @ webpack-internal:///(app-pages-browser)/./node_modules/next/dist/next-devtools/shared/forward-logs-shared.js:44
[   49413ms] [LOG] [Fast Refresh] done in 15ms @ webpack-internal:///(app-pages-browser)/./node_modules/next/dist/next-devtools/shared/forward-logs-shared.js:44
[   49438ms] [WARNING] Error while trying to use the following icon from the Manifest: http://localhost:3000/icons/icon-192.png (Download error or resource isn't a valid image) @ http://localhost:3000/login:0
[   49459ms] [LOG] [Fast Refresh] rebuilding @ webpack-internal:///(app-pages-browser)/./node_modules/next/dist/next-devtools/shared/forward-logs-shared.js:44
[   49470ms] [LOG] [Fast Refresh] done in 12ms @ webpack-internal:///(app-pages-browser)/./node_modules/next/dist/next-devtools/shared/forward-logs-shared.js:44
[   49537ms] [LOG] [Fast Refresh] rebuilding @ webpack-internal:///(app-pages-browser)/./node_modules/next/dist/next-devtools/shared/forward-logs-shared.js:44
[   49540ms] [LOG] [Fast Refresh] done in 4ms @ webpack-internal:///(app-pages-browser)/./node_modules/next/dist/next-devtools/shared/forward-logs-shared.js:44
[   49581ms] [WARNING] Error while trying to use the following icon from the Manifest: http://localhost:3000/icons/icon-192.png (Download error or resource isn't a valid image) @ http://localhost:3000/login:0
[   49597ms] [LOG] [Fast Refresh] rebuilding @ webpack-internal:///(app-pages-browser)/./node_modules/next/dist/next-devtools/shared/forward-logs-shared.js:44
[   49608ms] [LOG] [Fast Refresh] done in 12ms @ webpack-internal:///(app-pages-browser)/./node_modules/next/dist/next-devtools/shared/forward-logs-shared.js:44
[   49636ms] [WARNING] Error while trying to use the following icon from the Manifest: http://localhost:3000/icons/icon-192.png (Download error or resource isn't a valid image) @ http://localhost:3000/login:0
[   49653ms] [LOG] [Fast Refresh] rebuilding @ webpack-internal:///(app-pages-browser)/./node_modules/next/dist/next-devtools/shared/forward-logs-shared.js:44
[   49668ms] [LOG] [Fast Refresh] done in 15ms @ webpack-internal:///(app-pages-browser)/./node_modules/next/dist/next-devtools/shared/forward-logs-shared.js:44
[   49699ms] [WARNING] Error while trying to use the following icon from the Manifest: http://localhost:3000/icons/icon-192.png (Download error or resource isn't a valid image) @ http://localhost:3000/login:0
[   49715ms] [LOG] [Fast Refresh] rebuilding @ webpack-internal:///(app-pages-browser)/./node_modules/next/dist/next-devtools/shared/forward-logs-shared.js:44
[   49726ms] [LOG] [Fast Refresh] done in 11ms @ webpack-internal:///(app-pages-browser)/./node_modules/next/dist/next-devtools/shared/forward-logs-shared.js:44
[   49756ms] [WARNING] Error while trying to use the following icon from the Manifest: http://localhost:3000/icons/icon-192.png (Download error or resource isn't a valid image) @ http://localhost:3000/login:0
[   49772ms] [LOG] [Fast Refresh] rebuilding @ webpack-internal:///(app-pages-browser)/./node_modules/next/dist/next-devtools/shared/forward-logs-shared.js:44
[   49787ms] [LOG] [Fast Refresh] done in 15ms @ webpack-internal:///(app-pages-browser)/./node_modules/next/dist/next-devtools/shared/forward-logs-shared.js:44
[   49815ms] [WARNING] Error while trying to use the following icon from the Manifest: http://localhost:3000/icons/icon-192.png (Download error or resource isn't a valid image) @ http://localhost:3000/login:0
[   49831ms] [LOG] [Fast Refresh] rebuilding @ webpack-internal:///(app-pages-browser)/./node_modules/next/dist/next-devtools/shared/forward-logs-shared.js:44
[   49843ms] [LOG] [Fast Refresh] done in 12ms @ webpack-internal:///(app-pages-browser)/./node_modules/next/dist/next-devtools/shared/forward-logs-shared.js:44
[   49869ms] [WARNING] Error while trying to use the following icon from the Manifest: http://localhost:3000/icons/icon-192.png (Download error or resource isn't a valid image) @ http://localhost:3000/login:0
[   49887ms] [LOG] [Fast Refresh] rebuilding @ webpack-internal:///(app-pages-browser)/./node_modules/next/dist/next-devtools/shared/forward-logs-shared.js:44
[   49902ms] [LOG] [Fast Refresh] done in 14ms @ webpack-internal:///(app-pages-browser)/./node_modules/next/dist/next-devtools/shared/forward-logs-shared.js:44
[   49932ms] [WARNING] Error while trying to use the following icon from the Manifest: http://localhost:3000/icons/icon-192.png (Download error or resource isn't a valid image) @ http://localhost:3000/login:0
[   49948ms] [LOG] [Fast Refresh] rebuilding @ webpack-internal:///(app-pages-browser)/./node_modules/next/dist/next-devtools/shared/forward-logs-shared.js:44
[   49959ms] [LOG] [Fast Refresh] done in 11ms @ webpack-internal:///(app-pages-browser)/./node_modules/next/dist/next-devtools/shared/forward-logs-shared.js:44
[   49988ms] [WARNING] Error while trying to use the following icon from the Manifest: http://localhost:3000/icons/icon-192.png (Download error or resource isn't a valid image) @ http://localhost:3000/login:0
[   50005ms] [LOG] [Fast Refresh] rebuilding @ webpack-internal:///(app-pages-browser)/./node_modules/next/dist/next-devtools/shared/forward-logs-shared.js:44
[   50021ms] [LOG] [Fast Refresh] done in 16ms @ webpack-internal:///(app-pages-browser)/./node_modules/next/dist/next-devtools/shared/forward-logs-shared.js:44
[   50046ms] [WARNING] Error while trying to use the following icon from the Manifest: http://localhost:3000/icons/icon-192.png (Download error or resource isn't a valid image) @ http://localhost:3000/login:0
[   50067ms] [LOG] [Fast Refresh] rebuilding @ webpack-internal:///(app-pages-browser)/./node_modules/next/dist/next-devtools/shared/forward-logs-shared.js:44
[   50078ms] [LOG] [Fast Refresh] done in 12ms @ webpack-internal:///(app-pages-browser)/./node_modules/next/dist/next-devtools/shared/forward-logs-shared.js:44
[   50105ms] [WARNING] Error while trying to use the following icon from the Manifest: http://localhost:3000/icons/icon-192.png (Download error or resource isn't a valid image) @ http://localhost:3000/login:0
[   50123ms] [LOG] [Fast Refresh] rebuilding @ webpack-internal:///(app-pages-browser)/./node_modules/next/dist/next-devtools/shared/forward-logs-shared.js:44
[   50138ms] [LOG] [Fast Refresh] done in 14ms @ webpack-internal:///(app-pages-browser)/./node_modules/next/dist/next-devtools/shared/forward-logs-shared.js:44
[   50167ms] [WARNING] Error while trying to use the following icon from the Manifest: http://localhost:3000/icons/icon-192.png (Download error or resource isn't a valid image) @ http://localhost:3000/login:0
[   50183ms] [LOG] [Fast Refresh] rebuilding @ webpack-internal:///(app-pages-browser)/./node_modules/next/dist/next-devtools/shared/forward-logs-shared.js:44
[   50194ms] [LOG] [Fast Refresh] done in 11ms @ webpack-internal:///(app-pages-browser)/./node_modules/next/dist/next-devtools/shared/forward-logs-shared.js:44
[   50222ms] [WARNING] Error while trying to use the following icon from the Manifest: http://localhost:3000/icons/icon-192.png (Download error or resource isn't a valid image) @ http://localhost:3000/login:0
[   50239ms] [LOG] [Fast Refresh] rebuilding @ webpack-internal:///(app-pages-browser)/./node_modules/next/dist/next-devtools/shared/forward-logs-shared.js:44
[   50254ms] [LOG] [Fast Refresh] done in 15ms @ webpack-internal:///(app-pages-browser)/./node_modules/next/dist/next-devtools/shared/forward-logs-shared.js:44
[   50296ms] [LOG] [Fast Refresh] rebuilding @ webpack-internal:///(app-pages-browser)/./node_modules/next/dist/next-devtools/shared/forward-logs-shared.js:44
[   50307ms] [LOG] [Fast Refresh] done in 11ms @ webpack-internal:///(app-pages-browser)/./node_modules/next/dist/next-devtools/shared/forward-logs-shared.js:44
[   50335ms] [WARNING] Error while trying to use the following icon from the Manifest: http://localhost:3000/icons/icon-192.png (Download error or resource isn't a valid image) @ http://localhost:3000/login:0
[   50352ms] [LOG] [Fast Refresh] rebuilding @ webpack-internal:///(app-pages-browser)/./node_modules/next/dist/next-devtools/shared/forward-logs-shared.js:44
[   50366ms] [LOG] [Fast Refresh] done in 15ms @ webpack-internal:///(app-pages-browser)/./node_modules/next/dist/next-devtools/shared/forward-logs-shared.js:44
[   50407ms] [WARNING] Error while trying to use the following icon from the Manifest: http://localhost:3000/icons/icon-192.png (Download error or resource isn't a valid image) @ http://localhost:3000/login:0
[   50410ms] [LOG] [Fast Refresh] rebuilding @ webpack-internal:///(app-pages-browser)/./node_modules/next/dist/next-devtools/shared/forward-logs-shared.js:44
[   50422ms] [LOG] [Fast Refresh] done in 12ms @ webpack-internal:///(app-pages-browser)/./node_modules/next/dist/next-devtools/shared/forward-logs-shared.js:44
[   50452ms] [WARNING] Error while trying to use the following icon from the Manifest: http://localhost:3000/icons/icon-192.png (Download error or resource isn't a valid image) @ http://localhost:3000/login:0
[   50471ms] [LOG] [Fast Refresh] rebuilding @ webpack-internal:///(app-pages-browser)/./node_modules/next/dist/next-devtools/shared/forward-logs-shared.js:44
[   50487ms] [LOG] [Fast Refresh] done in 16ms @ webpack-internal:///(app-pages-browser)/./node_modules/next/dist/next-devtools/shared/forward-logs-shared.js:44
[   50532ms] [LOG] [Fast Refresh] rebuilding @ webpack-internal:///(app-pages-browser)/./node_modules/next/dist/next-devtools/shared/forward-logs-shared.js:44
[   50545ms] [LOG] [Fast Refresh] done in 13ms @ webpack-internal:///(app-pages-browser)/./node_modules/next/dist/next-devtools/shared/forward-logs-shared.js:44
[   50572ms] [WARNING] Error while trying to use the following icon from the Manifest: http://localhost:3000/icons/icon-192.png (Download error or resource isn't a valid image) @ http://localhost:3000/login:0
[   50589ms] [LOG] [Fast Refresh] rebuilding @ webpack-internal:///(app-pages-browser)/./node_modules/next/dist/next-devtools/shared/forward-logs-shared.js:44
[   50604ms] [LOG] [Fast Refresh] done in 14ms @ webpack-internal:///(app-pages-browser)/./node_modules/next/dist/next-devtools/shared/forward-logs-shared.js:44
[   50631ms] [WARNING] Error while trying to use the following icon from the Manifest: http://localhost:3000/icons/icon-192.png (Download error or resource isn't a valid image) @ http://localhost:3000/login:0
[   50647ms] [LOG] [Fast Refresh] rebuilding @ webpack-internal:///(app-pages-browser)/./node_modules/next/dist/next-devtools/shared/forward-logs-shared.js:44
[   50657ms] [LOG] [Fast Refresh] done in 11ms @ webpack-internal:///(app-pages-browser)/./node_modules/next/dist/next-devtools/shared/forward-logs-shared.js:44
[   50685ms] [WARNING] Error while trying to use the following icon from the Manifest: http://localhost:3000/icons/icon-192.png (Download error or resource isn't a valid image) @ http://localhost:3000/login:0
[   50702ms] [LOG] [Fast Refresh] rebuilding @ webpack-internal:///(app-pages-browser)/./node_modules/next/dist/next-devtools/shared/forward-logs-shared.js:44
[   50716ms] [LOG] [Fast Refresh] done in 15ms @ webpack-internal:///(app-pages-browser)/./node_modules/next/dist/next-devtools/shared/forward-logs-shared.js:44
[   50746ms] [WARNING] Error while trying to use the following icon from the Manifest: http://localhost:3000/icons/icon-192.png (Download error or resource isn't a valid image) @ http://localhost:3000/login:0
[   50762ms] [LOG] [Fast Refresh] rebuilding @ webpack-internal:///(app-pages-browser)/./node_modules/next/dist/next-devtools/shared/forward-logs-shared.js:44
[   50773ms] [LOG] [Fast Refresh] done in 11ms @ webpack-internal:///(app-pages-browser)/./node_modules/next/dist/next-devtools/shared/forward-logs-shared.js:44
[   50800ms] [WARNING] Error while trying to use the following icon from the Manifest: http://localhost:3000/icons/icon-192.png (Download error or resource isn't a valid image) @ http://localhost:3000/login:0
[   50817ms] [LOG] [Fast Refresh] rebuilding @ webpack-internal:///(app-pages-browser)/./node_modules/next/dist/next-devtools/shared/forward-logs-shared.js:44
[   50832ms] [LOG] [Fast Refresh] done in 15ms @ webpack-internal:///(app-pages-browser)/./node_modules/next/dist/next-devtools/shared/forward-logs-shared.js:44
[   50858ms] [WARNING] Error while trying to use the following icon from the Manifest: http://localhost:3000/icons/icon-192.png (Download error or resource isn't a valid image) @ http://localhost:3000/login:0
[   50874ms] [LOG] [Fast Refresh] rebuilding @ webpack-internal:///(app-pages-browser)/./node_modules/next/dist/next-devtools/shared/forward-logs-shared.js:44
[   50885ms] [LOG] [Fast Refresh] done in 11ms @ webpack-internal:///(app-pages-browser)/./node_modules/next/dist/next-devtools/shared/forward-logs-shared.js:44
[   50915ms] [WARNING] Error while trying to use the following icon from the Manifest: http://localhost:3000/icons/icon-192.png (Download error or resource isn't a valid image) @ http://localhost:3000/login:0
[   50931ms] [LOG] [Fast Refresh] rebuilding @ webpack-internal:///(app-pages-browser)/./node_modules/next/dist/next-devtools/shared/forward-logs-shared.js:44
[   50946ms] [LOG] [Fast Refresh] done in 14ms @ webpack-internal:///(app-pages-browser)/./node_modules/next/dist/next-devtools/shared/forward-logs-shared.js:44
[   50973ms] [WARNING] Error while trying to use the following icon from the Manifest: http://localhost:3000/icons/icon-192.png (Download error or resource isn't a valid image) @ http://localhost:3000/login:0
[   50988ms] [LOG] [Fast Refresh] rebuilding @ webpack-internal:///(app-pages-browser)/./node_modules/next/dist/next-devtools/shared/forward-logs-shared.js:44
[   51000ms] [LOG] [Fast Refresh] done in 11ms @ webpack-internal:///(app-pages-browser)/./node_modules/next/dist/next-devtools/shared/forward-logs-shared.js:44
[   51028ms] [WARNING] Error while trying to use the following icon from the Manifest: http://localhost:3000/icons/icon-192.png (Download error or resource isn't a valid image) @ http://localhost:3000/login:0
[   51047ms] [LOG] [Fast Refresh] rebuilding @ webpack-internal:///(app-pages-browser)/./node_modules/next/dist/next-devtools/shared/forward-logs-shared.js:44
[   51062ms] [LOG] [Fast Refresh] done in 15ms @ webpack-internal:///(app-pages-browser)/./node_modules/next/dist/next-devtools/shared/forward-logs-shared.js:44
[   51104ms] [LOG] [Fast Refresh] rebuilding @ webpack-internal:///(app-pages-browser)/./node_modules/next/dist/next-devtools/shared/forward-logs-shared.js:44
[   51121ms] [LOG] [Fast Refresh] done in 17ms @ webpack-internal:///(app-pages-browser)/./node_modules/next/dist/next-devtools/shared/forward-logs-shared.js:44
[   51167ms] [WARNING] Error while trying to use the following icon from the Manifest: http://localhost:3000/icons/icon-192.png (Download error or resource isn't a valid image) @ http://localhost:3000/login:0
[   51170ms] [LOG] [Fast Refresh] rebuilding @ webpack-internal:///(app-pages-browser)/./node_modules/next/dist/next-devtools/shared/forward-logs-shared.js:44
[   51185ms] [LOG] [Fast Refresh] done in 15ms @ webpack-internal:///(app-pages-browser)/./node_modules/next/dist/next-devtools/shared/forward-logs-shared.js:44
[   51208ms] [WARNING] Error while trying to use the following icon from the Manifest: http://localhost:3000/icons/icon-192.png (Download error or resource isn't a valid image) @ http://localhost:3000/login:0
[   51232ms] [LOG] [Fast Refresh] rebuilding @ webpack-internal:///(app-pages-browser)/./node_modules/next/dist/next-devtools/shared/forward-logs-shared.js:44
[   51245ms] [LOG] [Fast Refresh] done in 13ms @ webpack-internal:///(app-pages-browser)/./node_modules/next/dist/next-devtools/shared/forward-logs-shared.js:44
[   51294ms] [LOG] [Fast Refresh] rebuilding @ webpack-internal:///(app-pages-browser)/./node_modules/next/dist/next-devtools/shared/forward-logs-shared.js:44
[   51308ms] [LOG] [Fast Refresh] done in 14ms @ webpack-internal:///(app-pages-browser)/./node_modules/next/dist/next-devtools/shared/forward-logs-shared.js:44
[   51332ms] [WARNING] Error while trying to use the following icon from the Manifest: http://localhost:3000/icons/icon-192.png (Download error or resource isn't a valid image) @ http://localhost:3000/login:0
[   51352ms] [LOG] [Fast Refresh] rebuilding @ webpack-internal:///(app-pages-browser)/./node_modules/next/dist/next-devtools/shared/forward-logs-shared.js:44
[   51363ms] [LOG] [Fast Refresh] done in 12ms @ webpack-internal:///(app-pages-browser)/./node_modules/next/dist/next-devtools/shared/forward-logs-shared.js:44
[   51391ms] [WARNING] Error while trying to use the following icon from the Manifest: http://localhost:3000/icons/icon-192.png (Download error or resource isn't a valid image) @ http://localhost:3000/login:0
[   51410ms] [LOG] [Fast Refresh] rebuilding @ webpack-internal:///(app-pages-browser)/./node_modules/next/dist/next-devtools/shared/forward-logs-shared.js:44
[   51427ms] [LOG] [Fast Refresh] done in 16ms @ webpack-internal:///(app-pages-browser)/./node_modules/next/dist/next-devtools/shared/forward-logs-shared.js:44
[   51455ms] [WARNING] Error while trying to use the following icon from the Manifest: http://localhost:3000/icons/icon-192.png (Download error or resource isn't a valid image) @ http://localhost:3000/login:0
[   51476ms] [LOG] [Fast Refresh] rebuilding @ webpack-internal:///(app-pages-browser)/./node_modules/next/dist/next-devtools/shared/forward-logs-shared.js:44
[   51488ms] [LOG] [Fast Refresh] done in 11ms @ webpack-internal:///(app-pages-browser)/./node_modules/next/dist/next-devtools/shared/forward-logs-shared.js:44
[   51530ms] [LOG] [Fast Refresh] rebuilding @ webpack-internal:///(app-pages-browser)/./node_modules/next/dist/next-devtools/shared/forward-logs-shared.js:44
[   51545ms] [LOG] [Fast Refresh] done in 15ms @ webpack-internal:///(app-pages-browser)/./node_modules/next/dist/next-devtools/shared/forward-logs-shared.js:44
[   51576ms] [WARNING] Error while trying to use the following icon from the Manifest: http://localhost:3000/icons/icon-192.png (Download error or resource isn't a valid image) @ http://localhost:3000/login:0
[   51593ms] [LOG] [Fast Refresh] rebuilding @ webpack-internal:///(app-pages-browser)/./node_modules/next/dist/next-devtools/shared/forward-logs-shared.js:44
[   51604ms] [LOG] [Fast Refresh] done in 11ms @ webpack-internal:///(app-pages-browser)/./node_modules/next/dist/next-devtools/shared/forward-logs-shared.js:44
[   51633ms] [WARNING] Error while trying to use the following icon from the Manifest: http://localhost:3000/icons/icon-192.png (Download error or resource isn't a valid image) @ http://localhost:3000/login:0
[   51650ms] [LOG] [Fast Refresh] rebuilding @ webpack-internal:///(app-pages-browser)/./node_modules/next/dist/next-devtools/shared/forward-logs-shared.js:44
[   51664ms] [LOG] [Fast Refresh] done in 15ms @ webpack-internal:///(app-pages-browser)/./node_modules/next/dist/next-devtools/shared/forward-logs-shared.js:44
[   51710ms] [LOG] [Fast Refresh] rebuilding @ webpack-internal:///(app-pages-browser)/./node_modules/next/dist/next-devtools/shared/forward-logs-shared.js:44
[   51723ms] [LOG] [Fast Refresh] done in 13ms @ webpack-internal:///(app-pages-browser)/./node_modules/next/dist/next-devtools/shared/forward-logs-shared.js:44
[   51750ms] [WARNING] Error while trying to use the following icon from the Manifest: http://localhost:3000/icons/icon-192.png (Download error or resource isn't a valid image) @ http://localhost:3000/login:0
[   51768ms] [LOG] [Fast Refresh] rebuilding @ webpack-internal:///(app-pages-browser)/./node_modules/next/dist/next-devtools/shared/forward-logs-shared.js:44
[   51785ms] [LOG] [Fast Refresh] done in 16ms @ webpack-internal:///(app-pages-browser)/./node_modules/next/dist/next-devtools/shared/forward-logs-shared.js:44
[   51814ms] [WARNING] Error while trying to use the following icon from the Manifest: http://localhost:3000/icons/icon-192.png (Download error or resource isn't a valid image) @ http://localhost:3000/login:0
[   51830ms] [LOG] [Fast Refresh] rebuilding @ webpack-internal:///(app-pages-browser)/./node_modules/next/dist/next-devtools/shared/forward-logs-shared.js:44
[   51841ms] [LOG] [Fast Refresh] done in 11ms @ webpack-internal:///(app-pages-browser)/./node_modules/next/dist/next-devtools/shared/forward-logs-shared.js:44
[   51869ms] [WARNING] Error while trying to use the following icon from the Manifest: http://localhost:3000/icons/icon-192.png (Download error or resource isn't a valid image) @ http://localhost:3000/login:0
[   51887ms] [LOG] [Fast Refresh] rebuilding @ webpack-internal:///(app-pages-browser)/./node_modules/next/dist/next-devtools/shared/forward-logs-shared.js:44
[   51902ms] [LOG] [Fast Refresh] done in 15ms @ webpack-internal:///(app-pages-browser)/./node_modules/next/dist/next-devtools/shared/forward-logs-shared.js:44
[   51927ms] [WARNING] Error while trying to use the following icon from the Manifest: http://localhost:3000/icons/icon-192.png (Download error or resource isn't a valid image) @ http://localhost:3000/login:0
[   51949ms] [LOG] [Fast Refresh] rebuilding @ webpack-internal:///(app-pages-browser)/./node_modules/next/dist/next-devtools/shared/forward-logs-shared.js:44
[   51961ms] [LOG] [Fast Refresh] done in 12ms @ webpack-internal:///(app-pages-browser)/./node_modules/next/dist/next-devtools/shared/forward-logs-shared.js:44
[   51988ms] [WARNING] Error while trying to use the following icon from the Manifest: http://localhost:3000/icons/icon-192.png (Download error or resource isn't a valid image) @ http://localhost:3000/login:0
[   52006ms] [LOG] [Fast Refresh] rebuilding @ webpack-internal:///(app-pages-browser)/./node_modules/next/dist/next-devtools/shared/forward-logs-shared.js:44
[   52021ms] [LOG] [Fast Refresh] done in 14ms @ webpack-internal:///(app-pages-browser)/./node_modules/next/dist/next-devtools/shared/forward-logs-shared.js:44
[   52051ms] [WARNING] Error while trying to use the following icon from the Manifest: http://localhost:3000/icons/icon-192.png (Download error or resource isn't a valid image) @ http://localhost:3000/login:0
[   52070ms] [LOG] [Fast Refresh] rebuilding @ webpack-internal:///(app-pages-browser)/./node_modules/next/dist/next-devtools/shared/forward-logs-shared.js:44
[   52083ms] [LOG] [Fast Refresh] done in 14ms @ webpack-internal:///(app-pages-browser)/./node_modules/next/dist/next-devtools/shared/forward-logs-shared.js:44
[   52112ms] [WARNING] Error while trying to use the following icon from the Manifest: http://localhost:3000/icons/icon-192.png (Download error or resource isn't a valid image) @ http://localhost:3000/login:0
[   52129ms] [LOG] [Fast Refresh] rebuilding @ webpack-internal:///(app-pages-browser)/./node_modules/next/dist/next-devtools/shared/forward-logs-shared.js:44
[   52144ms] [LOG] [Fast Refresh] done in 14ms @ webpack-internal:///(app-pages-browser)/./node_modules/next/dist/next-devtools/shared/forward-logs-shared.js:44
[   52173ms] [WARNING] Error while trying to use the following icon from the Manifest: http://localhost:3000/icons/icon-192.png (Download error or resource isn't a valid image) @ http://localhost:3000/login:0
[   52189ms] [LOG] [Fast Refresh] rebuilding @ webpack-internal:///(app-pages-browser)/./node_modules/next/dist/next-devtools/shared/forward-logs-shared.js:44
[   52200ms] [LOG] [Fast Refresh] done in 11ms @ webpack-internal:///(app-pages-browser)/./node_modules/next/dist/next-devtools/shared/forward-logs-shared.js:44
[   52231ms] [WARNING] Error while trying to use the following icon from the Manifest: http://localhost:3000/icons/icon-192.png (Download error or resource isn't a valid image) @ http://localhost:3000/login:0
[   52249ms] [LOG] [Fast Refresh] rebuilding @ webpack-internal:///(app-pages-browser)/./node_modules/next/dist/next-devtools/shared/forward-logs-shared.js:44
[   52264ms] [LOG] [Fast Refresh] done in 15ms @ webpack-internal:///(app-pages-browser)/./node_modules/next/dist/next-devtools/shared/forward-logs-shared.js:44
[   52291ms] [WARNING] Error while trying to use the following icon from the Manifest: http://localhost:3000/icons/icon-192.png (Download error or resource isn't a valid image) @ http://localhost:3000/login:0
[   52318ms] [LOG] [Fast Refresh] rebuilding @ webpack-internal:///(app-pages-browser)/./node_modules/next/dist/next-devtools/shared/forward-logs-shared.js:44
[   52333ms] [LOG] [Fast Refresh] done in 15ms @ webpack-internal:///(app-pages-browser)/./node_modules/next/dist/next-devtools/shared/forward-logs-shared.js:44
[   52383ms] [LOG] [Fast Refresh] rebuilding @ webpack-internal:///(app-pages-browser)/./node_modules/next/dist/next-devtools/shared/forward-logs-shared.js:44
[   52398ms] [LOG] [Fast Refresh] done in 15ms @ webpack-internal:///(app-pages-browser)/./node_modules/next/dist/next-devtools/shared/forward-logs-shared.js:44
[   52426ms] [WARNING] Error while trying to use the following icon from the Manifest: http://localhost:3000/icons/icon-192.png (Download error or resource isn't a valid image) @ http://localhost:3000/login:0
[   52443ms] [LOG] [Fast Refresh] rebuilding @ webpack-internal:///(app-pages-browser)/./node_modules/next/dist/next-devtools/shared/forward-logs-shared.js:44
[   52455ms] [LOG] [Fast Refresh] done in 11ms @ webpack-internal:///(app-pages-browser)/./node_modules/next/dist/next-devtools/shared/forward-logs-shared.js:44
[   52482ms] [WARNING] Error while trying to use the following icon from the Manifest: http://localhost:3000/icons/icon-192.png (Download error or resource isn't a valid image) @ http://localhost:3000/login:0
[   52500ms] [LOG] [Fast Refresh] rebuilding @ webpack-internal:///(app-pages-browser)/./node_modules/next/dist/next-devtools/shared/forward-logs-shared.js:44
[   52516ms] [LOG] [Fast Refresh] done in 15ms @ webpack-internal:///(app-pages-browser)/./node_modules/next/dist/next-devtools/shared/forward-logs-shared.js:44
[   52546ms] [WARNING] Error while trying to use the following icon from the Manifest: http://localhost:3000/icons/icon-192.png (Download error or resource isn't a valid image) @ http://localhost:3000/login:0
[   52562ms] [LOG] [Fast Refresh] rebuilding @ webpack-internal:///(app-pages-browser)/./node_modules/next/dist/next-devtools/shared/forward-logs-shared.js:44
[   52574ms] [LOG] [Fast Refresh] done in 11ms @ webpack-internal:///(app-pages-browser)/./node_modules/next/dist/next-devtools/shared/forward-logs-shared.js:44
[   52604ms] [WARNING] Error while trying to use the following icon from the Manifest: http://localhost:3000/icons/icon-192.png (Download error or resource isn't a valid image) @ http://localhost:3000/login:0
[   52621ms] [LOG] [Fast Refresh] rebuilding @ webpack-internal:///(app-pages-browser)/./node_modules/next/dist/next-devtools/shared/forward-logs-shared.js:44
[   52639ms] [LOG] [Fast Refresh] done in 19ms @ webpack-internal:///(app-pages-browser)/./node_modules/next/dist/next-devtools/shared/forward-logs-shared.js:44
[   52683ms] [LOG] [Fast Refresh] rebuilding @ webpack-internal:///(app-pages-browser)/./node_modules/next/dist/next-devtools/shared/forward-logs-shared.js:44
[   52695ms] [LOG] [Fast Refresh] done in 12ms @ webpack-internal:///(app-pages-browser)/./node_modules/next/dist/next-devtools/shared/forward-logs-shared.js:44
[   52762ms] [WARNING] Error while trying to use the following icon from the Manifest: http://localhost:3000/icons/icon-192.png (Download error or resource isn't a valid image) @ http://localhost:3000/login:0
[   52780ms] [LOG] [Fast Refresh] rebuilding @ webpack-internal:///(app-pages-browser)/./node_modules/next/dist/next-devtools/shared/forward-logs-shared.js:44
[   52795ms] [LOG] [Fast Refresh] done in 15ms @ webpack-internal:///(app-pages-browser)/./node_modules/next/dist/next-devtools/shared/forward-logs-shared.js:44
[   52821ms] [WARNING] Error while trying to use the following icon from the Manifest: http://localhost:3000/icons/icon-192.png (Download error or resource isn't a valid image) @ http://localhost:3000/login:0
[   52837ms] [LOG] [Fast Refresh] rebuilding @ webpack-internal:///(app-pages-browser)/./node_modules/next/dist/next-devtools/shared/forward-logs-shared.js:44
[   52848ms] [LOG] [Fast Refresh] done in 11ms @ webpack-internal:///(app-pages-browser)/./node_modules/next/dist/next-devtools/shared/forward-logs-shared.js:44
[   52877ms] [WARNING] Error while trying to use the following icon from the Manifest: http://localhost:3000/icons/icon-192.png (Download error or resource isn't a valid image) @ http://localhost:3000/login:0
[   52893ms] [LOG] [Fast Refresh] rebuilding @ webpack-internal:///(app-pages-browser)/./node_modules/next/dist/next-devtools/shared/forward-logs-shared.js:44
[   52908ms] [LOG] [Fast Refresh] done in 15ms @ webpack-internal:///(app-pages-browser)/./node_modules/next/dist/next-devtools/shared/forward-logs-shared.js:44
[   52941ms] [WARNING] Error while trying to use the following icon from the Manifest: http://localhost:3000/icons/icon-192.png (Download error or resource isn't a valid image) @ http://localhost:3000/login:0
[   52957ms] [LOG] [Fast Refresh] rebuilding @ webpack-internal:///(app-pages-browser)/./node_modules/next/dist/next-devtools/shared/forward-logs-shared.js:44
[   52969ms] [LOG] [Fast Refresh] done in 12ms @ webpack-internal:///(app-pages-browser)/./node_modules/next/dist/next-devtools/shared/forward-logs-shared.js:44
[   52998ms] [WARNING] Error while trying to use the following icon from the Manifest: http://localhost:3000/icons/icon-192.png (Download error or resource isn't a valid image) @ http://localhost:3000/login:0
[   53014ms] [LOG] [Fast Refresh] rebuilding @ webpack-internal:///(app-pages-browser)/./node_modules/next/dist/next-devtools/shared/forward-logs-shared.js:44
[   53030ms] [LOG] [Fast Refresh] done in 15ms @ webpack-internal:///(app-pages-browser)/./node_modules/next/dist/next-devtools/shared/forward-logs-shared.js:44
[   53057ms] [WARNING] Error while trying to use the following icon from the Manifest: http://localhost:3000/icons/icon-192.png (Download error or resource isn't a valid image) @ http://localhost:3000/login:0
[   53073ms] [LOG] [Fast Refresh] rebuilding @ webpack-internal:///(app-pages-browser)/./node_modules/next/dist/next-devtools/shared/forward-logs-shared.js:44
[   53084ms] [LOG] [Fast Refresh] done in 12ms @ webpack-internal:///(app-pages-browser)/./node_modules/next/dist/next-devtools/shared/forward-logs-shared.js:44
[   53113ms] [WARNING] Error while trying to use the following icon from the Manifest: http://localhost:3000/icons/icon-192.png (Download error or resource isn't a valid image) @ http://localhost:3000/login:0
[   53129ms] [LOG] [Fast Refresh] rebuilding @ webpack-internal:///(app-pages-browser)/./node_modules/next/dist/next-devtools/shared/forward-logs-shared.js:44
[   53148ms] [LOG] [Fast Refresh] done in 19ms @ webpack-internal:///(app-pages-browser)/./node_modules/next/dist/next-devtools/shared/forward-logs-shared.js:44
[   53179ms] [WARNING] Error while trying to use the following icon from the Manifest: http://localhost:3000/icons/icon-192.png (Download error or resource isn't a valid image) @ http://localhost:3000/login:0
[   53195ms] [LOG] [Fast Refresh] rebuilding @ webpack-internal:///(app-pages-browser)/./node_modules/next/dist/next-devtools/shared/forward-logs-shared.js:44
[   53207ms] [LOG] [Fast Refresh] done in 11ms @ webpack-internal:///(app-pages-browser)/./node_modules/next/dist/next-devtools/shared/forward-logs-shared.js:44
[   53236ms] [WARNING] Error while trying to use the following icon from the Manifest: http://localhost:3000/icons/icon-192.png (Download error or resource isn't a valid image) @ http://localhost:3000/login:0
[   53254ms] [LOG] [Fast Refresh] rebuilding @ webpack-internal:///(app-pages-browser)/./node_modules/next/dist/next-devtools/shared/forward-logs-shared.js:44
[   53270ms] [LOG] [Fast Refresh] done in 16ms @ webpack-internal:///(app-pages-browser)/./node_modules/next/dist/next-devtools/shared/forward-logs-shared.js:44
[   53299ms] [WARNING] Error while trying to use the following icon from the Manifest: http://localhost:3000/icons/icon-192.png (Download error or resource isn't a valid image) @ http://localhost:3000/login:0
[   53316ms] [LOG] [Fast Refresh] rebuilding @ webpack-internal:///(app-pages-browser)/./node_modules/next/dist/next-devtools/shared/forward-logs-shared.js:44
[   53328ms] [LOG] [Fast Refresh] done in 12ms @ webpack-internal:///(app-pages-browser)/./node_modules/next/dist/next-devtools/shared/forward-logs-shared.js:44
[   53356ms] [WARNING] Error while trying to use the following icon from the Manifest: http://localhost:3000/icons/icon-192.png (Download error or resource isn't a valid image) @ http://localhost:3000/login:0
[   53373ms] [LOG] [Fast Refresh] rebuilding @ webpack-internal:///(app-pages-browser)/./node_modules/next/dist/next-devtools/shared/forward-logs-shared.js:44
[   53389ms] [LOG] [Fast Refresh] done in 15ms @ webpack-internal:///(app-pages-browser)/./node_modules/next/dist/next-devtools/shared/forward-logs-shared.js:44
[   53417ms] [WARNING] Error while trying to use the following icon from the Manifest: http://localhost:3000/icons/icon-192.png (Download error or resource isn't a valid image) @ http://localhost:3000/login:0
[   53432ms] [LOG] [Fast Refresh] rebuilding @ webpack-internal:///(app-pages-browser)/./node_modules/next/dist/next-devtools/shared/forward-logs-shared.js:44
[   53444ms] [LOG] [Fast Refresh] done in 11ms @ webpack-internal:///(app-pages-browser)/./node_modules/next/dist/next-devtools/shared/forward-logs-shared.js:44
[   53471ms] [WARNING] Error while trying to use the following icon from the Manifest: http://localhost:3000/icons/icon-192.png (Download error or resource isn't a valid image) @ http://localhost:3000/login:0
[   53490ms] [LOG] [Fast Refresh] rebuilding @ webpack-internal:///(app-pages-browser)/./node_modules/next/dist/next-devtools/shared/forward-logs-shared.js:44
[   53505ms] [LOG] [Fast Refresh] done in 16ms @ webpack-internal:///(app-pages-browser)/./node_modules/next/dist/next-devtools/shared/forward-logs-shared.js:44
[   53534ms] [WARNING] Error while trying to use the following icon from the Manifest: http://localhost:3000/icons/icon-192.png (Download error or resource isn't a valid image) @ http://localhost:3000/login:0
[   53550ms] [LOG] [Fast Refresh] rebuilding @ webpack-internal:///(app-pages-browser)/./node_modules/next/dist/next-devtools/shared/forward-logs-shared.js:44
[   53561ms] [LOG] [Fast Refresh] done in 11ms @ webpack-internal:///(app-pages-browser)/./node_modules/next/dist/next-devtools/shared/forward-logs-shared.js:44
[   53590ms] [WARNING] Error while trying to use the following icon from the Manifest: http://localhost:3000/icons/icon-192.png (Download error or resource isn't a valid image) @ http://localhost:3000/login:0
[   53607ms] [LOG] [Fast Refresh] rebuilding @ webpack-internal:///(app-pages-browser)/./node_modules/next/dist/next-devtools/shared/forward-logs-shared.js:44
[   53624ms] [LOG] [Fast Refresh] done in 17ms @ webpack-internal:///(app-pages-browser)/./node_modules/next/dist/next-devtools/shared/forward-logs-shared.js:44
[   53653ms] [WARNING] Error while trying to use the following icon from the Manifest: http://localhost:3000/icons/icon-192.png (Download error or resource isn't a valid image) @ http://localhost:3000/login:0
[   53668ms] [LOG] [Fast Refresh] rebuilding @ webpack-internal:///(app-pages-browser)/./node_modules/next/dist/next-devtools/shared/forward-logs-shared.js:44
[   53680ms] [LOG] [Fast Refresh] done in 11ms @ webpack-internal:///(app-pages-browser)/./node_modules/next/dist/next-devtools/shared/forward-logs-shared.js:44
[   53708ms] [WARNING] Error while trying to use the following icon from the Manifest: http://localhost:3000/icons/icon-192.png (Download error or resource isn't a valid image) @ http://localhost:3000/login:0
[   53725ms] [LOG] [Fast Refresh] rebuilding @ webpack-internal:///(app-pages-browser)/./node_modules/next/dist/next-devtools/shared/forward-logs-shared.js:44
[   53742ms] [LOG] [Fast Refresh] done in 18ms @ webpack-internal:///(app-pages-browser)/./node_modules/next/dist/next-devtools/shared/forward-logs-shared.js:44
[   53786ms] [LOG] [Fast Refresh] rebuilding @ webpack-internal:///(app-pages-browser)/./node_modules/next/dist/next-devtools/shared/forward-logs-shared.js:44
[   53798ms] [LOG] [Fast Refresh] done in 11ms @ webpack-internal:///(app-pages-browser)/./node_modules/next/dist/next-devtools/shared/forward-logs-shared.js:44
[   53825ms] [WARNING] Error while trying to use the following icon from the Manifest: http://localhost:3000/icons/icon-192.png (Download error or resource isn't a valid image) @ http://localhost:3000/login:0
[   53842ms] [LOG] [Fast Refresh] rebuilding @ webpack-internal:///(app-pages-browser)/./node_modules/next/dist/next-devtools/shared/forward-logs-shared.js:44
[   53857ms] [LOG] [Fast Refresh] done in 15ms @ webpack-internal:///(app-pages-browser)/./node_modules/next/dist/next-devtools/shared/forward-logs-shared.js:44
[   53886ms] [WARNING] Error while trying to use the following icon from the Manifest: http://localhost:3000/icons/icon-192.png (Download error or resource isn't a valid image) @ http://localhost:3000/login:0
[   53903ms] [LOG] [Fast Refresh] rebuilding @ webpack-internal:///(app-pages-browser)/./node_modules/next/dist/next-devtools/shared/forward-logs-shared.js:44
[   53916ms] [LOG] [Fast Refresh] done in 12ms @ webpack-internal:///(app-pages-browser)/./node_modules/next/dist/next-devtools/shared/forward-logs-shared.js:44
[   53946ms] [WARNING] Error while trying to use the following icon from the Manifest: http://localhost:3000/icons/icon-192.png (Download error or resource isn't a valid image) @ http://localhost:3000/login:0
[   53963ms] [LOG] [Fast Refresh] rebuilding @ webpack-internal:///(app-pages-browser)/./node_modules/next/dist/next-devtools/shared/forward-logs-shared.js:44
[   53979ms] [LOG] [Fast Refresh] done in 15ms @ webpack-internal:///(app-pages-browser)/./node_modules/next/dist/next-devtools/shared/forward-logs-shared.js:44
[   54002ms] [WARNING] Error while trying to use the following icon from the Manifest: http://localhost:3000/icons/icon-192.png (Download error or resource isn't a valid image) @ http://localhost:3000/login:0
[   54023ms] [LOG] [Fast Refresh] rebuilding @ webpack-internal:///(app-pages-browser)/./node_modules/next/dist/next-devtools/shared/forward-logs-shared.js:44
[   54035ms] [LOG] [Fast Refresh] done in 11ms @ webpack-internal:///(app-pages-browser)/./node_modules/next/dist/next-devtools/shared/forward-logs-shared.js:44
[   54064ms] [WARNING] Error while trying to use the following icon from the Manifest: http://localhost:3000/icons/icon-192.png (Download error or resource isn't a valid image) @ http://localhost:3000/login:0
[   54084ms] [LOG] [Fast Refresh] rebuilding @ webpack-internal:///(app-pages-browser)/./node_modules/next/dist/next-devtools/shared/forward-logs-shared.js:44
[   54099ms] [LOG] [Fast Refresh] done in 16ms @ webpack-internal:///(app-pages-browser)/./node_modules/next/dist/next-devtools/shared/forward-logs-shared.js:44
[   54129ms] [WARNING] Error while trying to use the following icon from the Manifest: http://localhost:3000/icons/icon-192.png (Download error or resource isn't a valid image) @ http://localhost:3000/login:0
[   54145ms] [LOG] [Fast Refresh] rebuilding @ webpack-internal:///(app-pages-browser)/./node_modules/next/dist/next-devtools/shared/forward-logs-shared.js:44
[   54156ms] [LOG] [Fast Refresh] done in 11ms @ webpack-internal:///(app-pages-browser)/./node_modules/next/dist/next-devtools/shared/forward-logs-shared.js:44
[   54185ms] [WARNING] Error while trying to use the following icon from the Manifest: http://localhost:3000/icons/icon-192.png (Download error or resource isn't a valid image) @ http://localhost:3000/login:0
[   54202ms] [LOG] [Fast Refresh] rebuilding @ webpack-internal:///(app-pages-browser)/./node_modules/next/dist/next-devtools/shared/forward-logs-shared.js:44
[   54217ms] [LOG] [Fast Refresh] done in 15ms @ webpack-internal:///(app-pages-browser)/./node_modules/next/dist/next-devtools/shared/forward-logs-shared.js:44
[   54249ms] [WARNING] Error while trying to use the following icon from the Manifest: http://localhost:3000/icons/icon-192.png (Download error or resource isn't a valid image) @ http://localhost:3000/login:0
[   54266ms] [LOG] [Fast Refresh] rebuilding @ webpack-internal:///(app-pages-browser)/./node_modules/next/dist/next-devtools/shared/forward-logs-shared.js:44
[   54278ms] [LOG] [Fast Refresh] done in 11ms @ webpack-internal:///(app-pages-browser)/./node_modules/next/dist/next-devtools/shared/forward-logs-shared.js:44
[   54305ms] [WARNING] Error while trying to use the following icon from the Manifest: http://localhost:3000/icons/icon-192.png (Download error or resource isn't a valid image) @ http://localhost:3000/login:0
[   54324ms] [LOG] [Fast Refresh] rebuilding @ webpack-internal:///(app-pages-browser)/./node_modules/next/dist/next-devtools/shared/forward-logs-shared.js:44
[   54341ms] [LOG] [Fast Refresh] done in 16ms @ webpack-internal:///(app-pages-browser)/./node_modules/next/dist/next-devtools/shared/forward-logs-shared.js:44
[   54385ms] [LOG] [Fast Refresh] rebuilding @ webpack-internal:///(app-pages-browser)/./node_modules/next/dist/next-devtools/shared/forward-logs-shared.js:44
[   54397ms] [LOG] [Fast Refresh] done in 12ms @ webpack-internal:///(app-pages-browser)/./node_modules/next/dist/next-devtools/shared/forward-logs-shared.js:44
[   54436ms] [WARNING] Error while trying to use the following icon from the Manifest: http://localhost:3000/icons/icon-192.png (Download error or resource isn't a valid image) @ http://localhost:3000/login:0
[   54454ms] [LOG] [Fast Refresh] rebuilding @ webpack-internal:///(app-pages-browser)/./node_modules/next/dist/next-devtools/shared/forward-logs-shared.js:44
[   54470ms] [LOG] [Fast Refresh] done in 16ms @ webpack-internal:///(app-pages-browser)/./node_modules/next/dist/next-devtools/shared/forward-logs-shared.js:44
[   54504ms] [WARNING] Error while trying to use the following icon from the Manifest: http://localhost:3000/icons/icon-192.png (Download error or resource isn't a valid image) @ http://localhost:3000/login:0
[   54520ms] [LOG] [Fast Refresh] rebuilding @ webpack-internal:///(app-pages-browser)/./node_modules/next/dist/next-devtools/shared/forward-logs-shared.js:44
[   54532ms] [LOG] [Fast Refresh] done in 11ms @ webpack-internal:///(app-pages-browser)/./node_modules/next/dist/next-devtools/shared/forward-logs-shared.js:44
[   54560ms] [WARNING] Error while trying to use the following icon from the Manifest: http://localhost:3000/icons/icon-192.png (Download error or resource isn't a valid image) @ http://localhost:3000/login:0
[   54577ms] [LOG] [Fast Refresh] rebuilding @ webpack-internal:///(app-pages-browser)/./node_modules/next/dist/next-devtools/shared/forward-logs-shared.js:44
[   54592ms] [LOG] [Fast Refresh] done in 16ms @ webpack-internal:///(app-pages-browser)/./node_modules/next/dist/next-devtools/shared/forward-logs-shared.js:44
[   54620ms] [WARNING] Error while trying to use the following icon from the Manifest: http://localhost:3000/icons/icon-192.png (Download error or resource isn't a valid image) @ http://localhost:3000/login:0
[   54640ms] [LOG] [Fast Refresh] rebuilding @ webpack-internal:///(app-pages-browser)/./node_modules/next/dist/next-devtools/shared/forward-logs-shared.js:44
[   54653ms] [LOG] [Fast Refresh] done in 13ms @ webpack-internal:///(app-pages-browser)/./node_modules/next/dist/next-devtools/shared/forward-logs-shared.js:44
[   54681ms] [WARNING] Error while trying to use the following icon from the Manifest: http://localhost:3000/icons/icon-192.png (Download error or resource isn't a valid image) @ http://localhost:3000/login:0
[   54698ms] [LOG] [Fast Refresh] rebuilding @ webpack-internal:///(app-pages-browser)/./node_modules/next/dist/next-devtools/shared/forward-logs-shared.js:44
[   54714ms] [LOG] [Fast Refresh] done in 16ms @ webpack-internal:///(app-pages-browser)/./node_modules/next/dist/next-devtools/shared/forward-logs-shared.js:44
[   54743ms] [WARNING] Error while trying to use the following icon from the Manifest: http://localhost:3000/icons/icon-192.png (Download error or resource isn't a valid image) @ http://localhost:3000/login:0
[   54760ms] [LOG] [Fast Refresh] rebuilding @ webpack-internal:///(app-pages-browser)/./node_modules/next/dist/next-devtools/shared/forward-logs-shared.js:44
[   54772ms] [LOG] [Fast Refresh] done in 11ms @ webpack-internal:///(app-pages-browser)/./node_modules/next/dist/next-devtools/shared/forward-logs-shared.js:44
[   54799ms] [WARNING] Error while trying to use the following icon from the Manifest: http://localhost:3000/icons/icon-192.png (Download error or resource isn't a valid image) @ http://localhost:3000/login:0
[   54816ms] [LOG] [Fast Refresh] rebuilding @ webpack-internal:///(app-pages-browser)/./node_modules/next/dist/next-devtools/shared/forward-logs-shared.js:44
[   54832ms] [LOG] [Fast Refresh] done in 17ms @ webpack-internal:///(app-pages-browser)/./node_modules/next/dist/next-devtools/shared/forward-logs-shared.js:44
[   54863ms] [WARNING] Error while trying to use the following icon from the Manifest: http://localhost:3000/icons/icon-192.png (Download error or resource isn't a valid image) @ http://localhost:3000/login:0
[   54879ms] [LOG] [Fast Refresh] rebuilding @ webpack-internal:///(app-pages-browser)/./node_modules/next/dist/next-devtools/shared/forward-logs-shared.js:44
[   54891ms] [LOG] [Fast Refresh] done in 12ms @ webpack-internal:///(app-pages-browser)/./node_modules/next/dist/next-devtools/shared/forward-logs-shared.js:44
[   54919ms] [WARNING] Error while trying to use the following icon from the Manifest: http://localhost:3000/icons/icon-192.png (Download error or resource isn't a valid image) @ http://localhost:3000/login:0
[   54937ms] [LOG] [Fast Refresh] rebuilding @ webpack-internal:///(app-pages-browser)/./node_modules/next/dist/next-devtools/shared/forward-logs-shared.js:44
[   54952ms] [LOG] [Fast Refresh] done in 16ms @ webpack-internal:///(app-pages-browser)/./node_modules/next/dist/next-devtools/shared/forward-logs-shared.js:44
[   54982ms] [WARNING] Error while trying to use the following icon from the Manifest: http://localhost:3000/icons/icon-192.png (Download error or resource isn't a valid image) @ http://localhost:3000/login:0
[   54998ms] [LOG] [Fast Refresh] rebuilding @ webpack-internal:///(app-pages-browser)/./node_modules/next/dist/next-devtools/shared/forward-logs-shared.js:44
[   55016ms] [LOG] [Fast Refresh] done in 17ms @ webpack-internal:///(app-pages-browser)/./node_modules/next/dist/next-devtools/shared/forward-logs-shared.js:44
[   55040ms] [WARNING] Error while trying to use the following icon from the Manifest: http://localhost:3000/icons/icon-192.png (Download error or resource isn't a valid image) @ http://localhost:3000/login:0
[   55057ms] [LOG] [Fast Refresh] rebuilding @ webpack-internal:///(app-pages-browser)/./node_modules/next/dist/next-devtools/shared/forward-logs-shared.js:44
[   55073ms] [LOG] [Fast Refresh] done in 15ms @ webpack-internal:///(app-pages-browser)/./node_modules/next/dist/next-devtools/shared/forward-logs-shared.js:44
[   55101ms] [WARNING] Error while trying to use the following icon from the Manifest: http://localhost:3000/icons/icon-192.png (Download error or resource isn't a valid image) @ http://localhost:3000/login:0
[   55118ms] [LOG] [Fast Refresh] rebuilding @ webpack-internal:///(app-pages-browser)/./node_modules/next/dist/next-devtools/shared/forward-logs-shared.js:44
[   55129ms] [LOG] [Fast Refresh] done in 12ms @ webpack-internal:///(app-pages-browser)/./node_modules/next/dist/next-devtools/shared/forward-logs-shared.js:44
[   55157ms] [WARNING] Error while trying to use the following icon from the Manifest: http://localhost:3000/icons/icon-192.png (Download error or resource isn't a valid image) @ http://localhost:3000/login:0
[   55174ms] [LOG] [Fast Refresh] rebuilding @ webpack-internal:///(app-pages-browser)/./node_modules/next/dist/next-devtools/shared/forward-logs-shared.js:44
[   55189ms] [LOG] [Fast Refresh] done in 16ms @ webpack-internal:///(app-pages-browser)/./node_modules/next/dist/next-devtools/shared/forward-logs-shared.js:44
[   55218ms] [WARNING] Error while trying to use the following icon from the Manifest: http://localhost:3000/icons/icon-192.png (Download error or resource isn't a valid image) @ http://localhost:3000/login:0
[   55234ms] [LOG] [Fast Refresh] rebuilding @ webpack-internal:///(app-pages-browser)/./node_modules/next/dist/next-devtools/shared/forward-logs-shared.js:44
[   55246ms] [LOG] [Fast Refresh] done in 12ms @ webpack-internal:///(app-pages-browser)/./node_modules/next/dist/next-devtools/shared/forward-logs-shared.js:44
[   55273ms] [WARNING] Error while trying to use the following icon from the Manifest: http://localhost:3000/icons/icon-192.png (Download error or resource isn't a valid image) @ http://localhost:3000/login:0
[   55292ms] [LOG] [Fast Refresh] rebuilding @ webpack-internal:///(app-pages-browser)/./node_modules/next/dist/next-devtools/shared/forward-logs-shared.js:44
[   55308ms] [LOG] [Fast Refresh] done in 15ms @ webpack-internal:///(app-pages-browser)/./node_modules/next/dist/next-devtools/shared/forward-logs-shared.js:44
[   55364ms] [WARNING] Error while trying to use the following icon from the Manifest: http://localhost:3000/icons/icon-192.png (Download error or resource isn't a valid image) @ http://localhost:3000/login:0
[   55387ms] [LOG] [Fast Refresh] rebuilding @ webpack-internal:///(app-pages-browser)/./node_modules/next/dist/next-devtools/shared/forward-logs-shared.js:44
[   55399ms] [LOG] [Fast Refresh] done in 12ms @ webpack-internal:///(app-pages-browser)/./node_modules/next/dist/next-devtools/shared/forward-logs-shared.js:44
[   55429ms] [WARNING] Error while trying to use the following icon from the Manifest: http://localhost:3000/icons/icon-192.png (Download error or resource isn't a valid image) @ http://localhost:3000/login:0
[   55454ms] [LOG] [Fast Refresh] rebuilding @ webpack-internal:///(app-pages-browser)/./node_modules/next/dist/next-devtools/shared/forward-logs-shared.js:44
[   55469ms] [LOG] [Fast Refresh] done in 16ms @ webpack-internal:///(app-pages-browser)/./node_modules/next/dist/next-devtools/shared/forward-logs-shared.js:44
[   55499ms] [WARNING] Error while trying to use the following icon from the Manifest: http://localhost:3000/icons/icon-192.png (Download error or resource isn't a valid image) @ http://localhost:3000/login:0
[   55515ms] [LOG] [Fast Refresh] rebuilding @ webpack-internal:///(app-pages-browser)/./node_modules/next/dist/next-devtools/shared/forward-logs-shared.js:44
[   55527ms] [LOG] [Fast Refresh] done in 12ms @ webpack-internal:///(app-pages-browser)/./node_modules/next/dist/next-devtools/shared/forward-logs-shared.js:44
[   55557ms] [WARNING] Error while trying to use the following icon from the Manifest: http://localhost:3000/icons/icon-192.png (Download error or resource isn't a valid image) @ http://localhost:3000/login:0
[   55575ms] [LOG] [Fast Refresh] rebuilding @ webpack-internal:///(app-pages-browser)/./node_modules/next/dist/next-devtools/shared/forward-logs-shared.js:44
[   55591ms] [LOG] [Fast Refresh] done in 16ms @ webpack-internal:///(app-pages-browser)/./node_modules/next/dist/next-devtools/shared/forward-logs-shared.js:44
[   55622ms] [WARNING] Error while trying to use the following icon from the Manifest: http://localhost:3000/icons/icon-192.png (Download error or resource isn't a valid image) @ http://localhost:3000/login:0
[   55643ms] [LOG] [Fast Refresh] rebuilding @ webpack-internal:///(app-pages-browser)/./node_modules/next/dist/next-devtools/shared/forward-logs-shared.js:44
[   55655ms] [LOG] [Fast Refresh] done in 13ms @ webpack-internal:///(app-pages-browser)/./node_modules/next/dist/next-devtools/shared/forward-logs-shared.js:44
[   55683ms] [WARNING] Error while trying to use the following icon from the Manifest: http://localhost:3000/icons/icon-192.png (Download error or resource isn't a valid image) @ http://localhost:3000/login:0
[   55700ms] [LOG] [Fast Refresh] rebuilding @ webpack-internal:///(app-pages-browser)/./node_modules/next/dist/next-devtools/shared/forward-logs-shared.js:44
[   55716ms] [LOG] [Fast Refresh] done in 16ms @ webpack-internal:///(app-pages-browser)/./node_modules/next/dist/next-devtools/shared/forward-logs-shared.js:44
[   55742ms] [WARNING] Error while trying to use the following icon from the Manifest: http://localhost:3000/icons/icon-192.png (Download error or resource isn't a valid image) @ http://localhost:3000/login:0
[   55764ms] [LOG] [Fast Refresh] rebuilding @ webpack-internal:///(app-pages-browser)/./node_modules/next/dist/next-devtools/shared/forward-logs-shared.js:44
[   55775ms] [LOG] [Fast Refresh] done in 11ms @ webpack-internal:///(app-pages-browser)/./node_modules/next/dist/next-devtools/shared/forward-logs-shared.js:44
[   55820ms] [LOG] [Fast Refresh] rebuilding @ webpack-internal:///(app-pages-browser)/./node_modules/next/dist/next-devtools/shared/forward-logs-shared.js:44
[   55837ms] [LOG] [Fast Refresh] done in 16ms @ webpack-internal:///(app-pages-browser)/./node_modules/next/dist/next-devtools/shared/forward-logs-shared.js:44
[   55865ms] [WARNING] Error while trying to use the following icon from the Manifest: http://localhost:3000/icons/icon-192.png (Download error or resource isn't a valid image) @ http://localhost:3000/login:0
[   55882ms] [LOG] [Fast Refresh] rebuilding @ webpack-internal:///(app-pages-browser)/./node_modules/next/dist/next-devtools/shared/forward-logs-shared.js:44
[   55893ms] [LOG] [Fast Refresh] done in 12ms @ webpack-internal:///(app-pages-browser)/./node_modules/next/dist/next-devtools/shared/forward-logs-shared.js:44
[   55923ms] [WARNING] Error while trying to use the following icon from the Manifest: http://localhost:3000/icons/icon-192.png (Download error or resource isn't a valid image) @ http://localhost:3000/login:0
[   55941ms] [LOG] [Fast Refresh] rebuilding @ webpack-internal:///(app-pages-browser)/./node_modules/next/dist/next-devtools/shared/forward-logs-shared.js:44
[   55956ms] [LOG] [Fast Refresh] done in 16ms @ webpack-internal:///(app-pages-browser)/./node_modules/next/dist/next-devtools/shared/forward-logs-shared.js:44
[   56002ms] [LOG] [Fast Refresh] rebuilding @ webpack-internal:///(app-pages-browser)/./node_modules/next/dist/next-devtools/shared/forward-logs-shared.js:44
[   56014ms] [LOG] [Fast Refresh] done in 11ms @ webpack-internal:///(app-pages-browser)/./node_modules/next/dist/next-devtools/shared/forward-logs-shared.js:44
[   56043ms] [WARNING] Error while trying to use the following icon from the Manifest: http://localhost:3000/icons/icon-192.png (Download error or resource isn't a valid image) @ http://localhost:3000/login:0
[   56062ms] [LOG] [Fast Refresh] rebuilding @ webpack-internal:///(app-pages-browser)/./node_modules/next/dist/next-devtools/shared/forward-logs-shared.js:44
[   56078ms] [LOG] [Fast Refresh] done in 16ms @ webpack-internal:///(app-pages-browser)/./node_modules/next/dist/next-devtools/shared/forward-logs-shared.js:44
[   56101ms] [WARNING] Error while trying to use the following icon from the Manifest: http://localhost:3000/icons/icon-192.png (Download error or resource isn't a valid image) @ http://localhost:3000/login:0
[   56124ms] [LOG] [Fast Refresh] rebuilding @ webpack-internal:///(app-pages-browser)/./node_modules/next/dist/next-devtools/shared/forward-logs-shared.js:44
[   56136ms] [LOG] [Fast Refresh] done in 12ms @ webpack-internal:///(app-pages-browser)/./node_modules/next/dist/next-devtools/shared/forward-logs-shared.js:44
[   56165ms] [WARNING] Error while trying to use the following icon from the Manifest: http://localhost:3000/icons/icon-192.png (Download error or resource isn't a valid image) @ http://localhost:3000/login:0
[   56183ms] [LOG] [Fast Refresh] rebuilding @ webpack-internal:///(app-pages-browser)/./node_modules/next/dist/next-devtools/shared/forward-logs-shared.js:44
[   56202ms] [LOG] [Fast Refresh] done in 18ms @ webpack-internal:///(app-pages-browser)/./node_modules/next/dist/next-devtools/shared/forward-logs-shared.js:44
[   56234ms] [WARNING] Error while trying to use the following icon from the Manifest: http://localhost:3000/icons/icon-192.png (Download error or resource isn't a valid image) @ http://localhost:3000/login:0
[   56250ms] [LOG] [Fast Refresh] rebuilding @ webpack-internal:///(app-pages-browser)/./node_modules/next/dist/next-devtools/shared/forward-logs-shared.js:44
[   56262ms] [LOG] [Fast Refresh] done in 12ms @ webpack-internal:///(app-pages-browser)/./node_modules/next/dist/next-devtools/shared/forward-logs-shared.js:44
[   56293ms] [WARNING] Error while trying to use the following icon from the Manifest: http://localhost:3000/icons/icon-192.png (Download error or resource isn't a valid image) @ http://localhost:3000/login:0
[   56310ms] [LOG] [Fast Refresh] rebuilding @ webpack-internal:///(app-pages-browser)/./node_modules/next/dist/next-devtools/shared/forward-logs-shared.js:44
[   56326ms] [LOG] [Fast Refresh] done in 15ms @ webpack-internal:///(app-pages-browser)/./node_modules/next/dist/next-devtools/shared/forward-logs-shared.js:44
[   56361ms] [WARNING] Error while trying to use the following icon from the Manifest: http://localhost:3000/icons/icon-192.png (Download error or resource isn't a valid image) @ http://localhost:3000/login:0
[   56377ms] [LOG] [Fast Refresh] rebuilding @ webpack-internal:///(app-pages-browser)/./node_modules/next/dist/next-devtools/shared/forward-logs-shared.js:44
[   56390ms] [LOG] [Fast Refresh] done in 12ms @ webpack-internal:///(app-pages-browser)/./node_modules/next/dist/next-devtools/shared/forward-logs-shared.js:44
[   56421ms] [WARNING] Error while trying to use the following icon from the Manifest: http://localhost:3000/icons/icon-192.png (Download error or resource isn't a valid image) @ http://localhost:3000/login:0
[   56443ms] [LOG] [Fast Refresh] rebuilding @ webpack-internal:///(app-pages-browser)/./node_modules/next/dist/next-devtools/shared/forward-logs-shared.js:44
[   56464ms] [LOG] [Fast Refresh] done in 20ms @ webpack-internal:///(app-pages-browser)/./node_modules/next/dist/next-devtools/shared/forward-logs-shared.js:44
[   56538ms] [LOG] [Fast Refresh] rebuilding @ webpack-internal:///(app-pages-browser)/./node_modules/next/dist/next-devtools/shared/forward-logs-shared.js:44
[   56666ms] [LOG] [Fast Refresh] done in 127ms @ webpack-internal:///(app-pages-browser)/./node_modules/next/dist/next-devtools/shared/forward-logs-shared.js:44
[   57266ms] [WARNING] Error while trying to use the following icon from the Manifest: http://localhost:3000/icons/icon-192.png (Download error or resource isn't a valid image) @ http://localhost:3000/login:0
[   57317ms] [LOG] [Fast Refresh] rebuilding @ webpack-internal:///(app-pages-browser)/./node_modules/next/dist/next-devtools/shared/forward-logs-shared.js:44
[   57336ms] [LOG] [Fast Refresh] done in 19ms @ webpack-internal:///(app-pages-browser)/./node_modules/next/dist/next-devtools/shared/forward-logs-shared.js:44
[   57368ms] [WARNING] Error while trying to use the following icon from the Manifest: http://localhost:3000/icons/icon-192.png (Download error or resource isn't a valid image) @ http://localhost:3000/login:0
[   57386ms] [LOG] [Fast Refresh] rebuilding @ webpack-internal:///(app-pages-browser)/./node_modules/next/dist/next-devtools/shared/forward-logs-shared.js:44
[   57396ms] [LOG] [Fast Refresh] done in 11ms @ webpack-internal:///(app-pages-browser)/./node_modules/next/dist/next-devtools/shared/forward-logs-shared.js:44
[   57425ms] [WARNING] Error while trying to use the following icon from the Manifest: http://localhost:3000/icons/icon-192.png (Download error or resource isn't a valid image) @ http://localhost:3000/login:0
[   57444ms] [LOG] [Fast Refresh] rebuilding @ webpack-internal:///(app-pages-browser)/./node_modules/next/dist/next-devtools/shared/forward-logs-shared.js:44
[   57460ms] [LOG] [Fast Refresh] done in 16ms @ webpack-internal:///(app-pages-browser)/./node_modules/next/dist/next-devtools/shared/forward-logs-shared.js:44
[   57490ms] [WARNING] Error while trying to use the following icon from the Manifest: http://localhost:3000/icons/icon-192.png (Download error or resource isn't a valid image) @ http://localhost:3000/login:0
[   57510ms] [LOG] [Fast Refresh] rebuilding @ webpack-internal:///(app-pages-browser)/./node_modules/next/dist/next-devtools/shared/forward-logs-shared.js:44
[   57524ms] [LOG] [Fast Refresh] done in 13ms @ webpack-internal:///(app-pages-browser)/./node_modules/next/dist/next-devtools/shared/forward-logs-shared.js:44
[   57553ms] [WARNING] Error while trying to use the following icon from the Manifest: http://localhost:3000/icons/icon-192.png (Download error or resource isn't a valid image) @ http://localhost:3000/login:0
[   57571ms] [LOG] [Fast Refresh] rebuilding @ webpack-internal:///(app-pages-browser)/./node_modules/next/dist/next-devtools/shared/forward-logs-shared.js:44
[   57587ms] [LOG] [Fast Refresh] done in 16ms @ webpack-internal:///(app-pages-browser)/./node_modules/next/dist/next-devtools/shared/forward-logs-shared.js:44
[   57618ms] [WARNING] Error while trying to use the following icon from the Manifest: http://localhost:3000/icons/icon-192.png (Download error or resource isn't a valid image) @ http://localhost:3000/login:0
[   57636ms] [LOG] [Fast Refresh] rebuilding @ webpack-internal:///(app-pages-browser)/./node_modules/next/dist/next-devtools/shared/forward-logs-shared.js:44
[   57650ms] [LOG] [Fast Refresh] done in 15ms @ webpack-internal:///(app-pages-browser)/./node_modules/next/dist/next-devtools/shared/forward-logs-shared.js:44
[   57681ms] [WARNING] Error while trying to use the following icon from the Manifest: http://localhost:3000/icons/icon-192.png (Download error or resource isn't a valid image) @ http://localhost:3000/login:0
[   57699ms] [LOG] [Fast Refresh] rebuilding @ webpack-internal:///(app-pages-browser)/./node_modules/next/dist/next-devtools/shared/forward-logs-shared.js:44
[   57715ms] [LOG] [Fast Refresh] done in 16ms @ webpack-internal:///(app-pages-browser)/./node_modules/next/dist/next-devtools/shared/forward-logs-shared.js:44
[   57745ms] [WARNING] Error while trying to use the following icon from the Manifest: http://localhost:3000/icons/icon-192.png (Download error or resource isn't a valid image) @ http://localhost:3000/login:0
[   57771ms] [LOG] [Fast Refresh] rebuilding @ webpack-internal:///(app-pages-browser)/./node_modules/next/dist/next-devtools/shared/forward-logs-shared.js:44
[   57785ms] [LOG] [Fast Refresh] done in 15ms @ webpack-internal:///(app-pages-browser)/./node_modules/next/dist/next-devtools/shared/forward-logs-shared.js:44
[   57831ms] [LOG] [Fast Refresh] rebuilding @ webpack-internal:///(app-pages-browser)/./node_modules/next/dist/next-devtools/shared/forward-logs-shared.js:44
[   57847ms] [LOG] [Fast Refresh] done in 15ms @ webpack-internal:///(app-pages-browser)/./node_modules/next/dist/next-devtools/shared/forward-logs-shared.js:44
[   57875ms] [WARNING] Error while trying to use the following icon from the Manifest: http://localhost:3000/icons/icon-192.png (Download error or resource isn't a valid image) @ http://localhost:3000/login:0
[   57892ms] [LOG] [Fast Refresh] rebuilding @ webpack-internal:///(app-pages-browser)/./node_modules/next/dist/next-devtools/shared/forward-logs-shared.js:44
[   57903ms] [LOG] [Fast Refresh] done in 11ms @ webpack-internal:///(app-pages-browser)/./node_modules/next/dist/next-devtools/shared/forward-logs-shared.js:44
[   57932ms] [WARNING] Error while trying to use the following icon from the Manifest: http://localhost:3000/icons/icon-192.png (Download error or resource isn't a valid image) @ http://localhost:3000/login:0
[   57951ms] [LOG] [Fast Refresh] rebuilding @ webpack-internal:///(app-pages-browser)/./node_modules/next/dist/next-devtools/shared/forward-logs-shared.js:44
[   57967ms] [LOG] [Fast Refresh] done in 17ms @ webpack-internal:///(app-pages-browser)/./node_modules/next/dist/next-devtools/shared/forward-logs-shared.js:44
[   57996ms] [WARNING] Error while trying to use the following icon from the Manifest: http://localhost:3000/icons/icon-192.png (Download error or resource isn't a valid image) @ http://localhost:3000/login:0
[   58014ms] [LOG] [Fast Refresh] rebuilding @ webpack-internal:///(app-pages-browser)/./node_modules/next/dist/next-devtools/shared/forward-logs-shared.js:44
[   58026ms] [LOG] [Fast Refresh] done in 11ms @ webpack-internal:///(app-pages-browser)/./node_modules/next/dist/next-devtools/shared/forward-logs-shared.js:44
[   58058ms] [WARNING] Error while trying to use the following icon from the Manifest: http://localhost:3000/icons/icon-192.png (Download error or resource isn't a valid image) @ http://localhost:3000/login:0
[   58077ms] [LOG] [Fast Refresh] rebuilding @ webpack-internal:///(app-pages-browser)/./node_modules/next/dist/next-devtools/shared/forward-logs-shared.js:44
[   58093ms] [LOG] [Fast Refresh] done in 17ms @ webpack-internal:///(app-pages-browser)/./node_modules/next/dist/next-devtools/shared/forward-logs-shared.js:44
[   58143ms] [WARNING] Error while trying to use the following icon from the Manifest: http://localhost:3000/icons/icon-192.png (Download error or resource isn't a valid image) @ http://localhost:3000/login:0
[   58160ms] [LOG] [Fast Refresh] rebuilding @ webpack-internal:///(app-pages-browser)/./node_modules/next/dist/next-devtools/shared/forward-logs-shared.js:44
[   58171ms] [LOG] [Fast Refresh] done in 12ms @ webpack-internal:///(app-pages-browser)/./node_modules/next/dist/next-devtools/shared/forward-logs-shared.js:44
[   58202ms] [WARNING] Error while trying to use the following icon from the Manifest: http://localhost:3000/icons/icon-192.png (Download error or resource isn't a valid image) @ http://localhost:3000/login:0
[   58219ms] [LOG] [Fast Refresh] rebuilding @ webpack-internal:///(app-pages-browser)/./node_modules/next/dist/next-devtools/shared/forward-logs-shared.js:44
[   58235ms] [LOG] [Fast Refresh] done in 16ms @ webpack-internal:///(app-pages-browser)/./node_modules/next/dist/next-devtools/shared/forward-logs-shared.js:44
[   58283ms] [LOG] [Fast Refresh] rebuilding @ webpack-internal:///(app-pages-browser)/./node_modules/next/dist/next-devtools/shared/forward-logs-shared.js:44
[   58294ms] [LOG] [Fast Refresh] done in 11ms @ webpack-internal:///(app-pages-browser)/./node_modules/next/dist/next-devtools/shared/forward-logs-shared.js:44
[   58324ms] [WARNING] Error while trying to use the following icon from the Manifest: http://localhost:3000/icons/icon-192.png (Download error or resource isn't a valid image) @ http://localhost:3000/login:0
[   58342ms] [LOG] [Fast Refresh] rebuilding @ webpack-internal:///(app-pages-browser)/./node_modules/next/dist/next-devtools/shared/forward-logs-shared.js:44
[   58358ms] [LOG] [Fast Refresh] done in 15ms @ webpack-internal:///(app-pages-browser)/./node_modules/next/dist/next-devtools/shared/forward-logs-shared.js:44
[   58387ms] [WARNING] Error while trying to use the following icon from the Manifest: http://localhost:3000/icons/icon-192.png (Download error or resource isn't a valid image) @ http://localhost:3000/login:0
[   58403ms] [LOG] [Fast Refresh] rebuilding @ webpack-internal:///(app-pages-browser)/./node_modules/next/dist/next-devtools/shared/forward-logs-shared.js:44
[   58414ms] [LOG] [Fast Refresh] done in 11ms @ webpack-internal:///(app-pages-browser)/./node_modules/next/dist/next-devtools/shared/forward-logs-shared.js:44
[   58443ms] [WARNING] Error while trying to use the following icon from the Manifest: http://localhost:3000/icons/icon-192.png (Download error or resource isn't a valid image) @ http://localhost:3000/login:0
[   58461ms] [LOG] [Fast Refresh] rebuilding @ webpack-internal:///(app-pages-browser)/./node_modules/next/dist/next-devtools/shared/forward-logs-shared.js:44
[   58482ms] [LOG] [Fast Refresh] done in 20ms @ webpack-internal:///(app-pages-browser)/./node_modules/next/dist/next-devtools/shared/forward-logs-shared.js:44
[   58531ms] [WARNING] Error while trying to use the following icon from the Manifest: http://localhost:3000/icons/icon-192.png (Download error or resource isn't a valid image) @ http://localhost:3000/login:0
[   58543ms] [LOG] [Fast Refresh] rebuilding @ webpack-internal:///(app-pages-browser)/./node_modules/next/dist/next-devtools/shared/forward-logs-shared.js:44
[   58555ms] [LOG] [Fast Refresh] done in 11ms @ webpack-internal:///(app-pages-browser)/./node_modules/next/dist/next-devtools/shared/forward-logs-shared.js:44
[   58584ms] [WARNING] Error while trying to use the following icon from the Manifest: http://localhost:3000/icons/icon-192.png (Download error or resource isn't a valid image) @ http://localhost:3000/login:0
[   58602ms] [LOG] [Fast Refresh] rebuilding @ webpack-internal:///(app-pages-browser)/./node_modules/next/dist/next-devtools/shared/forward-logs-shared.js:44
[   58618ms] [LOG] [Fast Refresh] done in 17ms @ webpack-internal:///(app-pages-browser)/./node_modules/next/dist/next-devtools/shared/forward-logs-shared.js:44
[   58647ms] [WARNING] Error while trying to use the following icon from the Manifest: http://localhost:3000/icons/icon-192.png (Download error or resource isn't a valid image) @ http://localhost:3000/login:0
[   58664ms] [LOG] [Fast Refresh] rebuilding @ webpack-internal:///(app-pages-browser)/./node_modules/next/dist/next-devtools/shared/forward-logs-shared.js:44
[   58675ms] [LOG] [Fast Refresh] done in 12ms @ webpack-internal:///(app-pages-browser)/./node_modules/next/dist/next-devtools/shared/forward-logs-shared.js:44
[   58703ms] [WARNING] Error while trying to use the following icon from the Manifest: http://localhost:3000/icons/icon-192.png (Download error or resource isn't a valid image) @ http://localhost:3000/login:0
[   58722ms] [LOG] [Fast Refresh] rebuilding @ webpack-internal:///(app-pages-browser)/./node_modules/next/dist/next-devtools/shared/forward-logs-shared.js:44
[   58738ms] [LOG] [Fast Refresh] done in 17ms @ webpack-internal:///(app-pages-browser)/./node_modules/next/dist/next-devtools/shared/forward-logs-shared.js:44
[   58766ms] [WARNING] Error while trying to use the following icon from the Manifest: http://localhost:3000/icons/icon-192.png (Download error or resource isn't a valid image) @ http://localhost:3000/login:0
[   58783ms] [LOG] [Fast Refresh] rebuilding @ webpack-internal:///(app-pages-browser)/./node_modules/next/dist/next-devtools/shared/forward-logs-shared.js:44
[   58794ms] [LOG] [Fast Refresh] done in 12ms @ webpack-internal:///(app-pages-browser)/./node_modules/next/dist/next-devtools/shared/forward-logs-shared.js:44
[   58839ms] [LOG] [Fast Refresh] rebuilding @ webpack-internal:///(app-pages-browser)/./node_modules/next/dist/next-devtools/shared/forward-logs-shared.js:44
[   58854ms] [LOG] [Fast Refresh] done in 16ms @ webpack-internal:///(app-pages-browser)/./node_modules/next/dist/next-devtools/shared/forward-logs-shared.js:44
[   58885ms] [WARNING] Error while trying to use the following icon from the Manifest: http://localhost:3000/icons/icon-192.png (Download error or resource isn't a valid image) @ http://localhost:3000/login:0
[   58902ms] [LOG] [Fast Refresh] rebuilding @ webpack-internal:///(app-pages-browser)/./node_modules/next/dist/next-devtools/shared/forward-logs-shared.js:44
[   58915ms] [LOG] [Fast Refresh] done in 13ms @ webpack-internal:///(app-pages-browser)/./node_modules/next/dist/next-devtools/shared/forward-logs-shared.js:44
[   58942ms] [WARNING] Error while trying to use the following icon from the Manifest: http://localhost:3000/icons/icon-192.png (Download error or resource isn't a valid image) @ http://localhost:3000/login:0
[   58961ms] [LOG] [Fast Refresh] rebuilding @ webpack-internal:///(app-pages-browser)/./node_modules/next/dist/next-devtools/shared/forward-logs-shared.js:44
[   58977ms] [LOG] [Fast Refresh] done in 16ms @ webpack-internal:///(app-pages-browser)/./node_modules/next/dist/next-devtools/shared/forward-logs-shared.js:44
[   59006ms] [WARNING] Error while trying to use the following icon from the Manifest: http://localhost:3000/icons/icon-192.png (Download error or resource isn't a valid image) @ http://localhost:3000/login:0
[   59022ms] [LOG] [Fast Refresh] rebuilding @ webpack-internal:///(app-pages-browser)/./node_modules/next/dist/next-devtools/shared/forward-logs-shared.js:44
[   59034ms] [LOG] [Fast Refresh] done in 12ms @ webpack-internal:///(app-pages-browser)/./node_modules/next/dist/next-devtools/shared/forward-logs-shared.js:44
[   59065ms] [WARNING] Error while trying to use the following icon from the Manifest: http://localhost:3000/icons/icon-192.png (Download error or resource isn't a valid image) @ http://localhost:3000/login:0
[   59083ms] [LOG] [Fast Refresh] rebuilding @ webpack-internal:///(app-pages-browser)/./node_modules/next/dist/next-devtools/shared/forward-logs-shared.js:44
[   59097ms] [LOG] [Fast Refresh] done in 15ms @ webpack-internal:///(app-pages-browser)/./node_modules/next/dist/next-devtools/shared/forward-logs-shared.js:44
[   59128ms] [WARNING] Error while trying to use the following icon from the Manifest: http://localhost:3000/icons/icon-192.png (Download error or resource isn't a valid image) @ http://localhost:3000/login:0
[   59174ms] [LOG] [Fast Refresh] rebuilding @ webpack-internal:///(app-pages-browser)/./node_modules/next/dist/next-devtools/shared/forward-logs-shared.js:44
[   59188ms] [LOG] [Fast Refresh] done in 15ms @ webpack-internal:///(app-pages-browser)/./node_modules/next/dist/next-devtools/shared/forward-logs-shared.js:44
[   59217ms] [WARNING] Error while trying to use the following icon from the Manifest: http://localhost:3000/icons/icon-192.png (Download error or resource isn't a valid image) @ http://localhost:3000/login:0
[   59235ms] [LOG] [Fast Refresh] rebuilding @ webpack-internal:///(app-pages-browser)/./node_modules/next/dist/next-devtools/shared/forward-logs-shared.js:44
[   59252ms] [LOG] [Fast Refresh] done in 17ms @ webpack-internal:///(app-pages-browser)/./node_modules/next/dist/next-devtools/shared/forward-logs-shared.js:44
[   59292ms] [WARNING] Error while trying to use the following icon from the Manifest: http://localhost:3000/icons/icon-192.png (Download error or resource isn't a valid image) @ http://localhost:3000/login:0
[   59299ms] [LOG] [Fast Refresh] rebuilding @ webpack-internal:///(app-pages-browser)/./node_modules/next/dist/next-devtools/shared/forward-logs-shared.js:44
[   59310ms] [LOG] [Fast Refresh] done in 11ms @ webpack-internal:///(app-pages-browser)/./node_modules/next/dist/next-devtools/shared/forward-logs-shared.js:44
[   59339ms] [WARNING] Error while trying to use the following icon from the Manifest: http://localhost:3000/icons/icon-192.png (Download error or resource isn't a valid image) @ http://localhost:3000/login:0
[   59356ms] [LOG] [Fast Refresh] rebuilding @ webpack-internal:///(app-pages-browser)/./node_modules/next/dist/next-devtools/shared/forward-logs-shared.js:44
[   59372ms] [LOG] [Fast Refresh] done in 16ms @ webpack-internal:///(app-pages-browser)/./node_modules/next/dist/next-devtools/shared/forward-logs-shared.js:44
[   59403ms] [WARNING] Error while trying to use the following icon from the Manifest: http://localhost:3000/icons/icon-192.png (Download error or resource isn't a valid image) @ http://localhost:3000/login:0
[   59420ms] [LOG] [Fast Refresh] rebuilding @ webpack-internal:///(app-pages-browser)/./node_modules/next/dist/next-devtools/shared/forward-logs-shared.js:44
[   59431ms] [LOG] [Fast Refresh] done in 11ms @ webpack-internal:///(app-pages-browser)/./node_modules/next/dist/next-devtools/shared/forward-logs-shared.js:44
[   59460ms] [WARNING] Error while trying to use the following icon from the Manifest: http://localhost:3000/icons/icon-192.png (Download error or resource isn't a valid image) @ http://localhost:3000/login:0
[   59480ms] [LOG] [Fast Refresh] rebuilding @ webpack-internal:///(app-pages-browser)/./node_modules/next/dist/next-devtools/shared/forward-logs-shared.js:44
[   59496ms] [LOG] [Fast Refresh] done in 16ms @ webpack-internal:///(app-pages-browser)/./node_modules/next/dist/next-devtools/shared/forward-logs-shared.js:44
[   59525ms] [WARNING] Error while trying to use the following icon from the Manifest: http://localhost:3000/icons/icon-192.png (Download error or resource isn't a valid image) @ http://localhost:3000/login:0
[   59542ms] [LOG] [Fast Refresh] rebuilding @ webpack-internal:///(app-pages-browser)/./node_modules/next/dist/next-devtools/shared/forward-logs-shared.js:44
[   59553ms] [LOG] [Fast Refresh] done in 11ms @ webpack-internal:///(app-pages-browser)/./node_modules/next/dist/next-devtools/shared/forward-logs-shared.js:44
[   59582ms] [WARNING] Error while trying to use the following icon from the Manifest: http://localhost:3000/icons/icon-192.png (Download error or resource isn't a valid image) @ http://localhost:3000/login:0
[   59600ms] [LOG] [Fast Refresh] rebuilding @ webpack-internal:///(app-pages-browser)/./node_modules/next/dist/next-devtools/shared/forward-logs-shared.js:44
[   59616ms] [LOG] [Fast Refresh] done in 17ms @ webpack-internal:///(app-pages-browser)/./node_modules/next/dist/next-devtools/shared/forward-logs-shared.js:44
[   59650ms] [WARNING] Error while trying to use the following icon from the Manifest: http://localhost:3000/icons/icon-192.png (Download error or resource isn't a valid image) @ http://localhost:3000/login:0
[   59666ms] [LOG] [Fast Refresh] rebuilding @ webpack-internal:///(app-pages-browser)/./node_modules/next/dist/next-devtools/shared/forward-logs-shared.js:44
[   59677ms] [LOG] [Fast Refresh] done in 11ms @ webpack-internal:///(app-pages-browser)/./node_modules/next/dist/next-devtools/shared/forward-logs-shared.js:44
[   59705ms] [WARNING] Error while trying to use the following icon from the Manifest: http://localhost:3000/icons/icon-192.png (Download error or resource isn't a valid image) @ http://localhost:3000/login:0
[   59722ms] [LOG] [Fast Refresh] rebuilding @ webpack-internal:///(app-pages-browser)/./node_modules/next/dist/next-devtools/shared/forward-logs-shared.js:44
[   59738ms] [LOG] [Fast Refresh] done in 15ms @ webpack-internal:///(app-pages-browser)/./node_modules/next/dist/next-devtools/shared/forward-logs-shared.js:44
[   59767ms] [WARNING] Error while trying to use the following icon from the Manifest: http://localhost:3000/icons/icon-192.png (Download error or resource isn't a valid image) @ http://localhost:3000/login:0
[   59786ms] [LOG] [Fast Refresh] rebuilding @ webpack-internal:///(app-pages-browser)/./node_modules/next/dist/next-devtools/shared/forward-logs-shared.js:44
[   59798ms] [LOG] [Fast Refresh] done in 12ms @ webpack-internal:///(app-pages-browser)/./node_modules/next/dist/next-devtools/shared/forward-logs-shared.js:44
[   59826ms] [WARNING] Error while trying to use the following icon from the Manifest: http://localhost:3000/icons/icon-192.png (Download error or resource isn't a valid image) @ http://localhost:3000/login:0
[   59844ms] [LOG] [Fast Refresh] rebuilding @ webpack-internal:///(app-pages-browser)/./node_modules/next/dist/next-devtools/shared/forward-logs-shared.js:44
[   59859ms] [LOG] [Fast Refresh] done in 16ms @ webpack-internal:///(app-pages-browser)/./node_modules/next/dist/next-devtools/shared/forward-logs-shared.js:44
[   59889ms] [WARNING] Error while trying to use the following icon from the Manifest: http://localhost:3000/icons/icon-192.png (Download error or resource isn't a valid image) @ http://localhost:3000/login:0
[   59905ms] [LOG] [Fast Refresh] rebuilding @ webpack-internal:///(app-pages-browser)/./node_modules/next/dist/next-devtools/shared/forward-logs-shared.js:44
[   59916ms] [LOG] [Fast Refresh] done in 11ms @ webpack-internal:///(app-pages-browser)/./node_modules/next/dist/next-devtools/shared/forward-logs-shared.js:44
[   59961ms] [LOG] [Fast Refresh] rebuilding @ webpack-internal:///(app-pages-browser)/./node_modules/next/dist/next-devtools/shared/forward-logs-shared.js:44
[   59977ms] [LOG] [Fast Refresh] done in 15ms @ webpack-internal:///(app-pages-browser)/./node_modules/next/dist/next-devtools/shared/forward-logs-shared.js:44
[   60007ms] [WARNING] Error while trying to use the following icon from the Manifest: http://localhost:3000/icons/icon-192.png (Download error or resource isn't a valid image) @ http://localhost:3000/login:0
[   60023ms] [LOG] [Fast Refresh] rebuilding @ webpack-internal:///(app-pages-browser)/./node_modules/next/dist/next-devtools/shared/forward-logs-shared.js:44
[   60034ms] [LOG] [Fast Refresh] done in 11ms @ webpack-internal:///(app-pages-browser)/./node_modules/next/dist/next-devtools/shared/forward-logs-shared.js:44
[   60063ms] [WARNING] Error while trying to use the following icon from the Manifest: http://localhost:3000/icons/icon-192.png (Download error or resource isn't a valid image) @ http://localhost:3000/login:0
[   60081ms] [LOG] [Fast Refresh] rebuilding @ webpack-internal:///(app-pages-browser)/./node_modules/next/dist/next-devtools/shared/forward-logs-shared.js:44
[   60096ms] [LOG] [Fast Refresh] done in 16ms @ webpack-internal:///(app-pages-browser)/./node_modules/next/dist/next-devtools/shared/forward-logs-shared.js:44
[   60120ms] [WARNING] Error while trying to use the following icon from the Manifest: http://localhost:3000/icons/icon-192.png (Download error or resource isn't a valid image) @ http://localhost:3000/login:0
[   60142ms] [LOG] [Fast Refresh] rebuilding @ webpack-internal:///(app-pages-browser)/./node_modules/next/dist/next-devtools/shared/forward-logs-shared.js:44
[   60153ms] [LOG] [Fast Refresh] done in 11ms @ webpack-internal:///(app-pages-browser)/./node_modules/next/dist/next-devtools/shared/forward-logs-shared.js:44
[   60182ms] [WARNING] Error while trying to use the following icon from the Manifest: http://localhost:3000/icons/icon-192.png (Download error or resource isn't a valid image) @ http://localhost:3000/login:0
[   60199ms] [LOG] [Fast Refresh] rebuilding @ webpack-internal:///(app-pages-browser)/./node_modules/next/dist/next-devtools/shared/forward-logs-shared.js:44
[   60214ms] [LOG] [Fast Refresh] done in 15ms @ webpack-internal:///(app-pages-browser)/./node_modules/next/dist/next-devtools/shared/forward-logs-shared.js:44
[   60243ms] [WARNING] Error while trying to use the following icon from the Manifest: http://localhost:3000/icons/icon-192.png (Download error or resource isn't a valid image) @ http://localhost:3000/login:0
[   60260ms] [LOG] [Fast Refresh] rebuilding @ webpack-internal:///(app-pages-browser)/./node_modules/next/dist/next-devtools/shared/forward-logs-shared.js:44
[   60271ms] [LOG] [Fast Refresh] done in 11ms @ webpack-internal:///(app-pages-browser)/./node_modules/next/dist/next-devtools/shared/forward-logs-shared.js:44
[   60318ms] [LOG] [Fast Refresh] rebuilding @ webpack-internal:///(app-pages-browser)/./node_modules/next/dist/next-devtools/shared/forward-logs-shared.js:44
[   60335ms] [LOG] [Fast Refresh] done in 17ms @ webpack-internal:///(app-pages-browser)/./node_modules/next/dist/next-devtools/shared/forward-logs-shared.js:44
[   60381ms] [LOG] [Fast Refresh] rebuilding @ webpack-internal:///(app-pages-browser)/./node_modules/next/dist/next-devtools/shared/forward-logs-shared.js:44
[   60392ms] [LOG] [Fast Refresh] done in 11ms @ webpack-internal:///(app-pages-browser)/./node_modules/next/dist/next-devtools/shared/forward-logs-shared.js:44
[   60422ms] [WARNING] Error while trying to use the following icon from the Manifest: http://localhost:3000/icons/icon-192.png (Download error or resource isn't a valid image) @ http://localhost:3000/login:0
[   60441ms] [LOG] [Fast Refresh] rebuilding @ webpack-internal:///(app-pages-browser)/./node_modules/next/dist/next-devtools/shared/forward-logs-shared.js:44
[   60457ms] [LOG] [Fast Refresh] done in 15ms @ webpack-internal:///(app-pages-browser)/./node_modules/next/dist/next-devtools/shared/forward-logs-shared.js:44
[   60487ms] [WARNING] Error while trying to use the following icon from the Manifest: http://localhost:3000/icons/icon-192.png (Download error or resource isn't a valid image) @ http://localhost:3000/login:0
[   60503ms] [LOG] [Fast Refresh] rebuilding @ webpack-internal:///(app-pages-browser)/./node_modules/next/dist/next-devtools/shared/forward-logs-shared.js:44
[   60514ms] [LOG] [Fast Refresh] done in 11ms @ webpack-internal:///(app-pages-browser)/./node_modules/next/dist/next-devtools/shared/forward-logs-shared.js:44
[   60542ms] [WARNING] Error while trying to use the following icon from the Manifest: http://localhost:3000/icons/icon-192.png (Download error or resource isn't a valid image) @ http://localhost:3000/login:0
[   60560ms] [LOG] [Fast Refresh] rebuilding @ webpack-internal:///(app-pages-browser)/./node_modules/next/dist/next-devtools/shared/forward-logs-shared.js:44
[   60576ms] [LOG] [Fast Refresh] done in 15ms @ webpack-internal:///(app-pages-browser)/./node_modules/next/dist/next-devtools/shared/forward-logs-shared.js:44
[   60605ms] [WARNING] Error while trying to use the following icon from the Manifest: http://localhost:3000/icons/icon-192.png (Download error or resource isn't a valid image) @ http://localhost:3000/login:0
[   60622ms] [LOG] [Fast Refresh] rebuilding @ webpack-internal:///(app-pages-browser)/./node_modules/next/dist/next-devtools/shared/forward-logs-shared.js:44
[   60634ms] [LOG] [Fast Refresh] done in 12ms @ webpack-internal:///(app-pages-browser)/./node_modules/next/dist/next-devtools/shared/forward-logs-shared.js:44
[   60666ms] [WARNING] Error while trying to use the following icon from the Manifest: http://localhost:3000/icons/icon-192.png (Download error or resource isn't a valid image) @ http://localhost:3000/login:0
[   60683ms] [LOG] [Fast Refresh] rebuilding @ webpack-internal:///(app-pages-browser)/./node_modules/next/dist/next-devtools/shared/forward-logs-shared.js:44
[   60698ms] [LOG] [Fast Refresh] done in 16ms @ webpack-internal:///(app-pages-browser)/./node_modules/next/dist/next-devtools/shared/forward-logs-shared.js:44
[   60726ms] [WARNING] Error while trying to use the following icon from the Manifest: http://localhost:3000/icons/icon-192.png (Download error or resource isn't a valid image) @ http://localhost:3000/login:0
[   60743ms] [LOG] [Fast Refresh] rebuilding @ webpack-internal:///(app-pages-browser)/./node_modules/next/dist/next-devtools/shared/forward-logs-shared.js:44
[   60754ms] [LOG] [Fast Refresh] done in 11ms @ webpack-internal:///(app-pages-browser)/./node_modules/next/dist/next-devtools/shared/forward-logs-shared.js:44
[   60783ms] [WARNING] Error while trying to use the following icon from the Manifest: http://localhost:3000/icons/icon-192.png (Download error or resource isn't a valid image) @ http://localhost:3000/login:0
[   60802ms] [LOG] [Fast Refresh] rebuilding @ webpack-internal:///(app-pages-browser)/./node_modules/next/dist/next-devtools/shared/forward-logs-shared.js:44
[   60817ms] [LOG] [Fast Refresh] done in 16ms @ webpack-internal:///(app-pages-browser)/./node_modules/next/dist/next-devtools/shared/forward-logs-shared.js:44
[   60847ms] [WARNING] Error while trying to use the following icon from the Manifest: http://localhost:3000/icons/icon-192.png (Download error or resource isn't a valid image) @ http://localhost:3000/login:0
[   60863ms] [LOG] [Fast Refresh] rebuilding @ webpack-internal:///(app-pages-browser)/./node_modules/next/dist/next-devtools/shared/forward-logs-shared.js:44
[   60875ms] [LOG] [Fast Refresh] done in 12ms @ webpack-internal:///(app-pages-browser)/./node_modules/next/dist/next-devtools/shared/forward-logs-shared.js:44
[   60904ms] [WARNING] Error while trying to use the following icon from the Manifest: http://localhost:3000/icons/icon-192.png (Download error or resource isn't a valid image) @ http://localhost:3000/login:0
[   60921ms] [LOG] [Fast Refresh] rebuilding @ webpack-internal:///(app-pages-browser)/./node_modules/next/dist/next-devtools/shared/forward-logs-shared.js:44
[   60936ms] [LOG] [Fast Refresh] done in 15ms @ webpack-internal:///(app-pages-browser)/./node_modules/next/dist/next-devtools/shared/forward-logs-shared.js:44
[   60968ms] [WARNING] Error while trying to use the following icon from the Manifest: http://localhost:3000/icons/icon-192.png (Download error or resource isn't a valid image) @ http://localhost:3000/login:0
[   60985ms] [LOG] [Fast Refresh] rebuilding @ webpack-internal:///(app-pages-browser)/./node_modules/next/dist/next-devtools/shared/forward-logs-shared.js:44
[   60997ms] [LOG] [Fast Refresh] done in 12ms @ webpack-internal:///(app-pages-browser)/./node_modules/next/dist/next-devtools/shared/forward-logs-shared.js:44
[   61027ms] [WARNING] Error while trying to use the following icon from the Manifest: http://localhost:3000/icons/icon-192.png (Download error or resource isn't a valid image) @ http://localhost:3000/login:0
[   61045ms] [LOG] [Fast Refresh] rebuilding @ webpack-internal:///(app-pages-browser)/./node_modules/next/dist/next-devtools/shared/forward-logs-shared.js:44
[   61061ms] [LOG] [Fast Refresh] done in 16ms @ webpack-internal:///(app-pages-browser)/./node_modules/next/dist/next-devtools/shared/forward-logs-shared.js:44
[   61089ms] [WARNING] Error while trying to use the following icon from the Manifest: http://localhost:3000/icons/icon-192.png (Download error or resource isn't a valid image) @ http://localhost:3000/login:0
[   61105ms] [LOG] [Fast Refresh] rebuilding @ webpack-internal:///(app-pages-browser)/./node_modules/next/dist/next-devtools/shared/forward-logs-shared.js:44
[   61116ms] [LOG] [Fast Refresh] done in 12ms @ webpack-internal:///(app-pages-browser)/./node_modules/next/dist/next-devtools/shared/forward-logs-shared.js:44
[   61148ms] [WARNING] Error while trying to use the following icon from the Manifest: http://localhost:3000/icons/icon-192.png (Download error or resource isn't a valid image) @ http://localhost:3000/login:0
[   61166ms] [LOG] [Fast Refresh] rebuilding @ webpack-internal:///(app-pages-browser)/./node_modules/next/dist/next-devtools/shared/forward-logs-shared.js:44
[   61183ms] [LOG] [Fast Refresh] done in 16ms @ webpack-internal:///(app-pages-browser)/./node_modules/next/dist/next-devtools/shared/forward-logs-shared.js:44
[   61207ms] [WARNING] Error while trying to use the following icon from the Manifest: http://localhost:3000/icons/icon-192.png (Download error or resource isn't a valid image) @ http://localhost:3000/login:0
[   61229ms] [LOG] [Fast Refresh] rebuilding @ webpack-internal:///(app-pages-browser)/./node_modules/next/dist/next-devtools/shared/forward-logs-shared.js:44
[   61240ms] [LOG] [Fast Refresh] done in 11ms @ webpack-internal:///(app-pages-browser)/./node_modules/next/dist/next-devtools/shared/forward-logs-shared.js:44
[   61268ms] [WARNING] Error while trying to use the following icon from the Manifest: http://localhost:3000/icons/icon-192.png (Download error or resource isn't a valid image) @ http://localhost:3000/login:0
[   61285ms] [LOG] [Fast Refresh] rebuilding @ webpack-internal:///(app-pages-browser)/./node_modules/next/dist/next-devtools/shared/forward-logs-shared.js:44
[   61301ms] [LOG] [Fast Refresh] done in 16ms @ webpack-internal:///(app-pages-browser)/./node_modules/next/dist/next-devtools/shared/forward-logs-shared.js:44
[   61329ms] [WARNING] Error while trying to use the following icon from the Manifest: http://localhost:3000/icons/icon-192.png (Download error or resource isn't a valid image) @ http://localhost:3000/login:0
[   61346ms] [LOG] [Fast Refresh] rebuilding @ webpack-internal:///(app-pages-browser)/./node_modules/next/dist/next-devtools/shared/forward-logs-shared.js:44
[   61358ms] [LOG] [Fast Refresh] done in 13ms @ webpack-internal:///(app-pages-browser)/./node_modules/next/dist/next-devtools/shared/forward-logs-shared.js:44
[   61388ms] [WARNING] Error while trying to use the following icon from the Manifest: http://localhost:3000/icons/icon-192.png (Download error or resource isn't a valid image) @ http://localhost:3000/login:0
[   61405ms] [LOG] [Fast Refresh] rebuilding @ webpack-internal:///(app-pages-browser)/./node_modules/next/dist/next-devtools/shared/forward-logs-shared.js:44
[   61420ms] [LOG] [Fast Refresh] done in 15ms @ webpack-internal:///(app-pages-browser)/./node_modules/next/dist/next-devtools/shared/forward-logs-shared.js:44
[   61464ms] [LOG] [Fast Refresh] rebuilding @ webpack-internal:///(app-pages-browser)/./node_modules/next/dist/next-devtools/shared/forward-logs-shared.js:44
[   61476ms] [LOG] [Fast Refresh] done in 11ms @ webpack-internal:///(app-pages-browser)/./node_modules/next/dist/next-devtools/shared/forward-logs-shared.js:44
[   61520ms] [LOG] [Fast Refresh] rebuilding @ webpack-internal:///(app-pages-browser)/./node_modules/next/dist/next-devtools/shared/forward-logs-shared.js:44
[   61536ms] [LOG] [Fast Refresh] done in 15ms @ webpack-internal:///(app-pages-browser)/./node_modules/next/dist/next-devtools/shared/forward-logs-shared.js:44
[   61569ms] [WARNING] Error while trying to use the following icon from the Manifest: http://localhost:3000/icons/icon-192.png (Download error or resource isn't a valid image) @ http://localhost:3000/login:0
[   61586ms] [LOG] [Fast Refresh] rebuilding @ webpack-internal:///(app-pages-browser)/./node_modules/next/dist/next-devtools/shared/forward-logs-shared.js:44
[   61598ms] [LOG] [Fast Refresh] done in 11ms @ webpack-internal:///(app-pages-browser)/./node_modules/next/dist/next-devtools/shared/forward-logs-shared.js:44
[   61625ms] [WARNING] Error while trying to use the following icon from the Manifest: http://localhost:3000/icons/icon-192.png (Download error or resource isn't a valid image) @ http://localhost:3000/login:0
[   61645ms] [LOG] [Fast Refresh] rebuilding @ webpack-internal:///(app-pages-browser)/./node_modules/next/dist/next-devtools/shared/forward-logs-shared.js:44
[   61661ms] [LOG] [Fast Refresh] done in 16ms @ webpack-internal:///(app-pages-browser)/./node_modules/next/dist/next-devtools/shared/forward-logs-shared.js:44
[   61707ms] [LOG] [Fast Refresh] rebuilding @ webpack-internal:///(app-pages-browser)/./node_modules/next/dist/next-devtools/shared/forward-logs-shared.js:44
[   61719ms] [LOG] [Fast Refresh] done in 11ms @ webpack-internal:///(app-pages-browser)/./node_modules/next/dist/next-devtools/shared/forward-logs-shared.js:44
[   61746ms] [WARNING] Error while trying to use the following icon from the Manifest: http://localhost:3000/icons/icon-192.png (Download error or resource isn't a valid image) @ http://localhost:3000/login:0
[   61764ms] [LOG] [Fast Refresh] rebuilding @ webpack-internal:///(app-pages-browser)/./node_modules/next/dist/next-devtools/shared/forward-logs-shared.js:44
[   61779ms] [LOG] [Fast Refresh] done in 16ms @ webpack-internal:///(app-pages-browser)/./node_modules/next/dist/next-devtools/shared/forward-logs-shared.js:44
[   61810ms] [WARNING] Error while trying to use the following icon from the Manifest: http://localhost:3000/icons/icon-192.png (Download error or resource isn't a valid image) @ http://localhost:3000/login:0
[   61826ms] [LOG] [Fast Refresh] rebuilding @ webpack-internal:///(app-pages-browser)/./node_modules/next/dist/next-devtools/shared/forward-logs-shared.js:44
[   61838ms] [LOG] [Fast Refresh] done in 11ms @ webpack-internal:///(app-pages-browser)/./node_modules/next/dist/next-devtools/shared/forward-logs-shared.js:44
[   61869ms] [WARNING] Error while trying to use the following icon from the Manifest: http://localhost:3000/icons/icon-192.png (Download error or resource isn't a valid image) @ http://localhost:3000/login:0
[   61886ms] [LOG] [Fast Refresh] rebuilding @ webpack-internal:///(app-pages-browser)/./node_modules/next/dist/next-devtools/shared/forward-logs-shared.js:44
[   61902ms] [LOG] [Fast Refresh] done in 15ms @ webpack-internal:///(app-pages-browser)/./node_modules/next/dist/next-devtools/shared/forward-logs-shared.js:44
[   61933ms] [WARNING] Error while trying to use the following icon from the Manifest: http://localhost:3000/icons/icon-192.png (Download error or resource isn't a valid image) @ http://localhost:3000/login:0
[   61949ms] [LOG] [Fast Refresh] rebuilding @ webpack-internal:///(app-pages-browser)/./node_modules/next/dist/next-devtools/shared/forward-logs-shared.js:44
[   61960ms] [LOG] [Fast Refresh] done in 11ms @ webpack-internal:///(app-pages-browser)/./node_modules/next/dist/next-devtools/shared/forward-logs-shared.js:44
[   62004ms] [LOG] [Fast Refresh] rebuilding @ webpack-internal:///(app-pages-browser)/./node_modules/next/dist/next-devtools/shared/forward-logs-shared.js:44
[   62019ms] [LOG] [Fast Refresh] done in 16ms @ webpack-internal:///(app-pages-browser)/./node_modules/next/dist/next-devtools/shared/forward-logs-shared.js:44
[   62050ms] [WARNING] Error while trying to use the following icon from the Manifest: http://localhost:3000/icons/icon-192.png (Download error or resource isn't a valid image) @ http://localhost:3000/login:0
[   62068ms] [LOG] [Fast Refresh] rebuilding @ webpack-internal:///(app-pages-browser)/./node_modules/next/dist/next-devtools/shared/forward-logs-shared.js:44
[   62080ms] [LOG] [Fast Refresh] done in 12ms @ webpack-internal:///(app-pages-browser)/./node_modules/next/dist/next-devtools/shared/forward-logs-shared.js:44
[   62108ms] [WARNING] Error while trying to use the following icon from the Manifest: http://localhost:3000/icons/icon-192.png (Download error or resource isn't a valid image) @ http://localhost:3000/login:0
[   62125ms] [LOG] [Fast Refresh] rebuilding @ webpack-internal:///(app-pages-browser)/./node_modules/next/dist/next-devtools/shared/forward-logs-shared.js:44
[   62140ms] [LOG] [Fast Refresh] done in 15ms @ webpack-internal:///(app-pages-browser)/./node_modules/next/dist/next-devtools/shared/forward-logs-shared.js:44
[   62163ms] [WARNING] Error while trying to use the following icon from the Manifest: http://localhost:3000/icons/icon-192.png (Download error or resource isn't a valid image) @ http://localhost:3000/login:0
[   62185ms] [LOG] [Fast Refresh] rebuilding @ webpack-internal:///(app-pages-browser)/./node_modules/next/dist/next-devtools/shared/forward-logs-shared.js:44
[   62197ms] [LOG] [Fast Refresh] done in 11ms @ webpack-internal:///(app-pages-browser)/./node_modules/next/dist/next-devtools/shared/forward-logs-shared.js:44
[   62226ms] [WARNING] Error while trying to use the following icon from the Manifest: http://localhost:3000/icons/icon-192.png (Download error or resource isn't a valid image) @ http://localhost:3000/login:0
[   62243ms] [LOG] [Fast Refresh] rebuilding @ webpack-internal:///(app-pages-browser)/./node_modules/next/dist/next-devtools/shared/forward-logs-shared.js:44
[   62259ms] [LOG] [Fast Refresh] done in 15ms @ webpack-internal:///(app-pages-browser)/./node_modules/next/dist/next-devtools/shared/forward-logs-shared.js:44
[   62288ms] [WARNING] Error while trying to use the following icon from the Manifest: http://localhost:3000/icons/icon-192.png (Download error or resource isn't a valid image) @ http://localhost:3000/login:0
[   62304ms] [LOG] [Fast Refresh] rebuilding @ webpack-internal:///(app-pages-browser)/./node_modules/next/dist/next-devtools/shared/forward-logs-shared.js:44
[   62316ms] [LOG] [Fast Refresh] done in 11ms @ webpack-internal:///(app-pages-browser)/./node_modules/next/dist/next-devtools/shared/forward-logs-shared.js:44
[   62345ms] [WARNING] Error while trying to use the following icon from the Manifest: http://localhost:3000/icons/icon-192.png (Download error or resource isn't a valid image) @ http://localhost:3000/login:0
[   62362ms] [LOG] [Fast Refresh] rebuilding @ webpack-internal:///(app-pages-browser)/./node_modules/next/dist/next-devtools/shared/forward-logs-shared.js:44
[   62378ms] [LOG] [Fast Refresh] done in 16ms @ webpack-internal:///(app-pages-browser)/./node_modules/next/dist/next-devtools/shared/forward-logs-shared.js:44
[   62408ms] [WARNING] Error while trying to use the following icon from the Manifest: http://localhost:3000/icons/icon-192.png (Download error or resource isn't a valid image) @ http://localhost:3000/login:0
[   62425ms] [LOG] [Fast Refresh] rebuilding @ webpack-internal:///(app-pages-browser)/./node_modules/next/dist/next-devtools/shared/forward-logs-shared.js:44
[   62436ms] [LOG] [Fast Refresh] done in 11ms @ webpack-internal:///(app-pages-browser)/./node_modules/next/dist/next-devtools/shared/forward-logs-shared.js:44
[   62481ms] [LOG] [Fast Refresh] rebuilding @ webpack-internal:///(app-pages-browser)/./node_modules/next/dist/next-devtools/shared/forward-logs-shared.js:44
[   62507ms] [LOG] [Fast Refresh] done in 26ms @ webpack-internal:///(app-pages-browser)/./node_modules/next/dist/next-devtools/shared/forward-logs-shared.js:44
[   62537ms] [WARNING] Error while trying to use the following icon from the Manifest: http://localhost:3000/icons/icon-192.png (Download error or resource isn't a valid image) @ http://localhost:3000/login:0
[   62554ms] [LOG] [Fast Refresh] rebuilding @ webpack-internal:///(app-pages-browser)/./node_modules/next/dist/next-devtools/shared/forward-logs-shared.js:44
[   62566ms] [LOG] [Fast Refresh] done in 12ms @ webpack-internal:///(app-pages-browser)/./node_modules/next/dist/next-devtools/shared/forward-logs-shared.js:44
[   62608ms] [WARNING] Error while trying to use the following icon from the Manifest: http://localhost:3000/icons/icon-192.png (Download error or resource isn't a valid image) @ http://localhost:3000/login:0
[   62627ms] [LOG] [Fast Refresh] rebuilding @ webpack-internal:///(app-pages-browser)/./node_modules/next/dist/next-devtools/shared/forward-logs-shared.js:44
[   62643ms] [LOG] [Fast Refresh] done in 15ms @ webpack-internal:///(app-pages-browser)/./node_modules/next/dist/next-devtools/shared/forward-logs-shared.js:44
[   62671ms] [WARNING] Error while trying to use the following icon from the Manifest: http://localhost:3000/icons/icon-192.png (Download error or resource isn't a valid image) @ http://localhost:3000/login:0
[   62688ms] [LOG] [Fast Refresh] rebuilding @ webpack-internal:///(app-pages-browser)/./node_modules/next/dist/next-devtools/shared/forward-logs-shared.js:44
[   62700ms] [LOG] [Fast Refresh] done in 12ms @ webpack-internal:///(app-pages-browser)/./node_modules/next/dist/next-devtools/shared/forward-logs-shared.js:44
[   62728ms] [WARNING] Error while trying to use the following icon from the Manifest: http://localhost:3000/icons/icon-192.png (Download error or resource isn't a valid image) @ http://localhost:3000/login:0
[   62748ms] [LOG] [Fast Refresh] rebuilding @ webpack-internal:///(app-pages-browser)/./node_modules/next/dist/next-devtools/shared/forward-logs-shared.js:44
[   62763ms] [LOG] [Fast Refresh] done in 16ms @ webpack-internal:///(app-pages-browser)/./node_modules/next/dist/next-devtools/shared/forward-logs-shared.js:44
[   62791ms] [WARNING] Error while trying to use the following icon from the Manifest: http://localhost:3000/icons/icon-192.png (Download error or resource isn't a valid image) @ http://localhost:3000/login:0
[   62807ms] [LOG] [Fast Refresh] rebuilding @ webpack-internal:///(app-pages-browser)/./node_modules/next/dist/next-devtools/shared/forward-logs-shared.js:44
[   62818ms] [LOG] [Fast Refresh] done in 12ms @ webpack-internal:///(app-pages-browser)/./node_modules/next/dist/next-devtools/shared/forward-logs-shared.js:44
[   62860ms] [WARNING] Error while trying to use the following icon from the Manifest: http://localhost:3000/icons/icon-192.png (Download error or resource isn't a valid image) @ http://localhost:3000/login:0
[   62863ms] [LOG] [Fast Refresh] rebuilding @ webpack-internal:///(app-pages-browser)/./node_modules/next/dist/next-devtools/shared/forward-logs-shared.js:44
[   62878ms] [LOG] [Fast Refresh] done in 15ms @ webpack-internal:///(app-pages-browser)/./node_modules/next/dist/next-devtools/shared/forward-logs-shared.js:44
[   62906ms] [WARNING] Error while trying to use the following icon from the Manifest: http://localhost:3000/icons/icon-192.png (Download error or resource isn't a valid image) @ http://localhost:3000/login:0
[   62922ms] [LOG] [Fast Refresh] rebuilding @ webpack-internal:///(app-pages-browser)/./node_modules/next/dist/next-devtools/shared/forward-logs-shared.js:44
[   62934ms] [LOG] [Fast Refresh] done in 11ms @ webpack-internal:///(app-pages-browser)/./node_modules/next/dist/next-devtools/shared/forward-logs-shared.js:44
[   62960ms] [WARNING] Error while trying to use the following icon from the Manifest: http://localhost:3000/icons/icon-192.png (Download error or resource isn't a valid image) @ http://localhost:3000/login:0
[   62978ms] [LOG] [Fast Refresh] rebuilding @ webpack-internal:///(app-pages-browser)/./node_modules/next/dist/next-devtools/shared/forward-logs-shared.js:44
[   62993ms] [LOG] [Fast Refresh] done in 16ms @ webpack-internal:///(app-pages-browser)/./node_modules/next/dist/next-devtools/shared/forward-logs-shared.js:44
[   63036ms] [LOG] [Fast Refresh] rebuilding @ webpack-internal:///(app-pages-browser)/./node_modules/next/dist/next-devtools/shared/forward-logs-shared.js:44
[   63047ms] [LOG] [Fast Refresh] done in 12ms @ webpack-internal:///(app-pages-browser)/./node_modules/next/dist/next-devtools/shared/forward-logs-shared.js:44
[   63091ms] [WARNING] Error while trying to use the following icon from the Manifest: http://localhost:3000/icons/icon-192.png (Download error or resource isn't a valid image) @ http://localhost:3000/login:0
[   63109ms] [LOG] [Fast Refresh] rebuilding @ webpack-internal:///(app-pages-browser)/./node_modules/next/dist/next-devtools/shared/forward-logs-shared.js:44
[   63125ms] [LOG] [Fast Refresh] done in 16ms @ webpack-internal:///(app-pages-browser)/./node_modules/next/dist/next-devtools/shared/forward-logs-shared.js:44
[   63168ms] [LOG] [Fast Refresh] rebuilding @ webpack-internal:///(app-pages-browser)/./node_modules/next/dist/next-devtools/shared/forward-logs-shared.js:44
[   63179ms] [LOG] [Fast Refresh] done in 11ms @ webpack-internal:///(app-pages-browser)/./node_modules/next/dist/next-devtools/shared/forward-logs-shared.js:44
[   63208ms] [WARNING] Error while trying to use the following icon from the Manifest: http://localhost:3000/icons/icon-192.png (Download error or resource isn't a valid image) @ http://localhost:3000/login:0
[   63226ms] [LOG] [Fast Refresh] rebuilding @ webpack-internal:///(app-pages-browser)/./node_modules/next/dist/next-devtools/shared/forward-logs-shared.js:44
[   63241ms] [LOG] [Fast Refresh] done in 16ms @ webpack-internal:///(app-pages-browser)/./node_modules/next/dist/next-devtools/shared/forward-logs-shared.js:44
[   63270ms] [WARNING] Error while trying to use the following icon from the Manifest: http://localhost:3000/icons/icon-192.png (Download error or resource isn't a valid image) @ http://localhost:3000/login:0
[   63286ms] [LOG] [Fast Refresh] rebuilding @ webpack-internal:///(app-pages-browser)/./node_modules/next/dist/next-devtools/shared/forward-logs-shared.js:44
[   63298ms] [LOG] [Fast Refresh] done in 12ms @ webpack-internal:///(app-pages-browser)/./node_modules/next/dist/next-devtools/shared/forward-logs-shared.js:44
[   63324ms] [WARNING] Error while trying to use the following icon from the Manifest: http://localhost:3000/icons/icon-192.png (Download error or resource isn't a valid image) @ http://localhost:3000/login:0
[   63342ms] [LOG] [Fast Refresh] rebuilding @ webpack-internal:///(app-pages-browser)/./node_modules/next/dist/next-devtools/shared/forward-logs-shared.js:44
[   63358ms] [LOG] [Fast Refresh] done in 15ms @ webpack-internal:///(app-pages-browser)/./node_modules/next/dist/next-devtools/shared/forward-logs-shared.js:44
[   63403ms] [LOG] [Fast Refresh] rebuilding @ webpack-internal:///(app-pages-browser)/./node_modules/next/dist/next-devtools/shared/forward-logs-shared.js:44
[   63414ms] [LOG] [Fast Refresh] done in 12ms @ webpack-internal:///(app-pages-browser)/./node_modules/next/dist/next-devtools/shared/forward-logs-shared.js:44
[   63442ms] [WARNING] Error while trying to use the following icon from the Manifest: http://localhost:3000/icons/icon-192.png (Download error or resource isn't a valid image) @ http://localhost:3000/login:0
[   63459ms] [LOG] [Fast Refresh] rebuilding @ webpack-internal:///(app-pages-browser)/./node_modules/next/dist/next-devtools/shared/forward-logs-shared.js:44
[   63476ms] [LOG] [Fast Refresh] done in 18ms @ webpack-internal:///(app-pages-browser)/./node_modules/next/dist/next-devtools/shared/forward-logs-shared.js:44
[   63521ms] [LOG] [Fast Refresh] rebuilding @ webpack-internal:///(app-pages-browser)/./node_modules/next/dist/next-devtools/shared/forward-logs-shared.js:44
[   63532ms] [LOG] [Fast Refresh] done in 11ms @ webpack-internal:///(app-pages-browser)/./node_modules/next/dist/next-devtools/shared/forward-logs-shared.js:44
[   63560ms] [WARNING] Error while trying to use the following icon from the Manifest: http://localhost:3000/icons/icon-192.png (Download error or resource isn't a valid image) @ http://localhost:3000/login:0
[   63578ms] [LOG] [Fast Refresh] rebuilding @ webpack-internal:///(app-pages-browser)/./node_modules/next/dist/next-devtools/shared/forward-logs-shared.js:44
[   63594ms] [LOG] [Fast Refresh] done in 16ms @ webpack-internal:///(app-pages-browser)/./node_modules/next/dist/next-devtools/shared/forward-logs-shared.js:44
[   63622ms] [WARNING] Error while trying to use the following icon from the Manifest: http://localhost:3000/icons/icon-192.png (Download error or resource isn't a valid image) @ http://localhost:3000/login:0
[   63638ms] [LOG] [Fast Refresh] rebuilding @ webpack-internal:///(app-pages-browser)/./node_modules/next/dist/next-devtools/shared/forward-logs-shared.js:44
[   63650ms] [LOG] [Fast Refresh] done in 11ms @ webpack-internal:///(app-pages-browser)/./node_modules/next/dist/next-devtools/shared/forward-logs-shared.js:44
[   63680ms] [WARNING] Error while trying to use the following icon from the Manifest: http://localhost:3000/icons/icon-192.png (Download error or resource isn't a valid image) @ http://localhost:3000/login:0
[   63697ms] [LOG] [Fast Refresh] rebuilding @ webpack-internal:///(app-pages-browser)/./node_modules/next/dist/next-devtools/shared/forward-logs-shared.js:44
[   63714ms] [LOG] [Fast Refresh] done in 16ms @ webpack-internal:///(app-pages-browser)/./node_modules/next/dist/next-devtools/shared/forward-logs-shared.js:44
[   63738ms] [WARNING] Error while trying to use the following icon from the Manifest: http://localhost:3000/icons/icon-192.png (Download error or resource isn't a valid image) @ http://localhost:3000/login:0
[   63761ms] [LOG] [Fast Refresh] rebuilding @ webpack-internal:///(app-pages-browser)/./node_modules/next/dist/next-devtools/shared/forward-logs-shared.js:44
[   63772ms] [LOG] [Fast Refresh] done in 11ms @ webpack-internal:///(app-pages-browser)/./node_modules/next/dist/next-devtools/shared/forward-logs-shared.js:44
[   63801ms] [WARNING] Error while trying to use the following icon from the Manifest: http://localhost:3000/icons/icon-192.png (Download error or resource isn't a valid image) @ http://localhost:3000/login:0
[   63817ms] [LOG] [Fast Refresh] rebuilding @ webpack-internal:///(app-pages-browser)/./node_modules/next/dist/next-devtools/shared/forward-logs-shared.js:44
[   63833ms] [LOG] [Fast Refresh] done in 15ms @ webpack-internal:///(app-pages-browser)/./node_modules/next/dist/next-devtools/shared/forward-logs-shared.js:44
[   63862ms] [WARNING] Error while trying to use the following icon from the Manifest: http://localhost:3000/icons/icon-192.png (Download error or resource isn't a valid image) @ http://localhost:3000/login:0
[   63879ms] [LOG] [Fast Refresh] rebuilding @ webpack-internal:///(app-pages-browser)/./node_modules/next/dist/next-devtools/shared/forward-logs-shared.js:44
[   63889ms] [LOG] [Fast Refresh] done in 11ms @ webpack-internal:///(app-pages-browser)/./node_modules/next/dist/next-devtools/shared/forward-logs-shared.js:44
[   63918ms] [WARNING] Error while trying to use the following icon from the Manifest: http://localhost:3000/icons/icon-192.png (Download error or resource isn't a valid image) @ http://localhost:3000/login:0
[   63935ms] [LOG] [Fast Refresh] rebuilding @ webpack-internal:///(app-pages-browser)/./node_modules/next/dist/next-devtools/shared/forward-logs-shared.js:44
[   63951ms] [LOG] [Fast Refresh] done in 16ms @ webpack-internal:///(app-pages-browser)/./node_modules/next/dist/next-devtools/shared/forward-logs-shared.js:44
[   63981ms] [WARNING] Error while trying to use the following icon from the Manifest: http://localhost:3000/icons/icon-192.png (Download error or resource isn't a valid image) @ http://localhost:3000/login:0
[   63997ms] [LOG] [Fast Refresh] rebuilding @ webpack-internal:///(app-pages-browser)/./node_modules/next/dist/next-devtools/shared/forward-logs-shared.js:44
[   64007ms] [LOG] [Fast Refresh] done in 10ms @ webpack-internal:///(app-pages-browser)/./node_modules/next/dist/next-devtools/shared/forward-logs-shared.js:44
[   64015ms] [WARNING] Error while trying to use the following icon from the Manifest: http://localhost:3000/icons/icon-192.png (Download error or resource isn't a valid image) @ http://localhost:3000/login:0
[   64056ms] [LOG] [Fast Refresh] rebuilding @ webpack-internal:///(app-pages-browser)/./node_modules/next/dist/next-devtools/shared/forward-logs-shared.js:44
[   64072ms] [LOG] [Fast Refresh] done in 17ms @ webpack-internal:///(app-pages-browser)/./node_modules/next/dist/next-devtools/shared/forward-logs-shared.js:44
[   64099ms] [WARNING] Error while trying to use the following icon from the Manifest: http://localhost:3000/icons/icon-192.png (Download error or resource isn't a valid image) @ http://localhost:3000/login:0
[   64116ms] [LOG] [Fast Refresh] rebuilding @ webpack-internal:///(app-pages-browser)/./node_modules/next/dist/next-devtools/shared/forward-logs-shared.js:44
[   64127ms] [LOG] [Fast Refresh] done in 12ms @ webpack-internal:///(app-pages-browser)/./node_modules/next/dist/next-devtools/shared/forward-logs-shared.js:44
[   64155ms] [WARNING] Error while trying to use the following icon from the Manifest: http://localhost:3000/icons/icon-192.png (Download error or resource isn't a valid image) @ http://localhost:3000/login:0
[   64172ms] [LOG] [Fast Refresh] rebuilding @ webpack-internal:///(app-pages-browser)/./node_modules/next/dist/next-devtools/shared/forward-logs-shared.js:44
[   64188ms] [LOG] [Fast Refresh] done in 15ms @ webpack-internal:///(app-pages-browser)/./node_modules/next/dist/next-devtools/shared/forward-logs-shared.js:44
[   64217ms] [WARNING] Error while trying to use the following icon from the Manifest: http://localhost:3000/icons/icon-192.png (Download error or resource isn't a valid image) @ http://localhost:3000/login:0
[   64234ms] [LOG] [Fast Refresh] rebuilding @ webpack-internal:///(app-pages-browser)/./node_modules/next/dist/next-devtools/shared/forward-logs-shared.js:44
[   64246ms] [LOG] [Fast Refresh] done in 13ms @ webpack-internal:///(app-pages-browser)/./node_modules/next/dist/next-devtools/shared/forward-logs-shared.js:44
[   64293ms] [LOG] [Fast Refresh] rebuilding @ webpack-internal:///(app-pages-browser)/./node_modules/next/dist/next-devtools/shared/forward-logs-shared.js:44
[   64309ms] [LOG] [Fast Refresh] done in 16ms @ webpack-internal:///(app-pages-browser)/./node_modules/next/dist/next-devtools/shared/forward-logs-shared.js:44
[   64353ms] [LOG] [Fast Refresh] rebuilding @ webpack-internal:///(app-pages-browser)/./node_modules/next/dist/next-devtools/shared/forward-logs-shared.js:44
[   64364ms] [LOG] [Fast Refresh] done in 12ms @ webpack-internal:///(app-pages-browser)/./node_modules/next/dist/next-devtools/shared/forward-logs-shared.js:44
[   64396ms] [WARNING] Error while trying to use the following icon from the Manifest: http://localhost:3000/icons/icon-192.png (Download error or resource isn't a valid image) @ http://localhost:3000/login:0
[   64413ms] [LOG] [Fast Refresh] rebuilding @ webpack-internal:///(app-pages-browser)/./node_modules/next/dist/next-devtools/shared/forward-logs-shared.js:44
[   64429ms] [LOG] [Fast Refresh] done in 16ms @ webpack-internal:///(app-pages-browser)/./node_modules/next/dist/next-devtools/shared/forward-logs-shared.js:44
[   64457ms] [WARNING] Error while trying to use the following icon from the Manifest: http://localhost:3000/icons/icon-192.png (Download error or resource isn't a valid image) @ http://localhost:3000/login:0
[   64474ms] [LOG] [Fast Refresh] rebuilding @ webpack-internal:///(app-pages-browser)/./node_modules/next/dist/next-devtools/shared/forward-logs-shared.js:44
[   64485ms] [LOG] [Fast Refresh] done in 12ms @ webpack-internal:///(app-pages-browser)/./node_modules/next/dist/next-devtools/shared/forward-logs-shared.js:44
[   64515ms] [WARNING] Error while trying to use the following icon from the Manifest: http://localhost:3000/icons/icon-192.png (Download error or resource isn't a valid image) @ http://localhost:3000/login:0
[   64533ms] [LOG] [Fast Refresh] rebuilding @ webpack-internal:///(app-pages-browser)/./node_modules/next/dist/next-devtools/shared/forward-logs-shared.js:44
[   64548ms] [LOG] [Fast Refresh] done in 16ms @ webpack-internal:///(app-pages-browser)/./node_modules/next/dist/next-devtools/shared/forward-logs-shared.js:44
[   64593ms] [LOG] [Fast Refresh] rebuilding @ webpack-internal:///(app-pages-browser)/./node_modules/next/dist/next-devtools/shared/forward-logs-shared.js:44
[   64606ms] [LOG] [Fast Refresh] done in 12ms @ webpack-internal:///(app-pages-browser)/./node_modules/next/dist/next-devtools/shared/forward-logs-shared.js:44
[   64635ms] [WARNING] Error while trying to use the following icon from the Manifest: http://localhost:3000/icons/icon-192.png (Download error or resource isn't a valid image) @ http://localhost:3000/login:0
[   64655ms] [LOG] [Fast Refresh] rebuilding @ webpack-internal:///(app-pages-browser)/./node_modules/next/dist/next-devtools/shared/forward-logs-shared.js:44
[   64675ms] [LOG] [Fast Refresh] done in 20ms @ webpack-internal:///(app-pages-browser)/./node_modules/next/dist/next-devtools/shared/forward-logs-shared.js:44
[   64705ms] [WARNING] Error while trying to use the following icon from the Manifest: http://localhost:3000/icons/icon-192.png (Download error or resource isn't a valid image) @ http://localhost:3000/login:0
[   64721ms] [LOG] [Fast Refresh] rebuilding @ webpack-internal:///(app-pages-browser)/./node_modules/next/dist/next-devtools/shared/forward-logs-shared.js:44
[   64733ms] [LOG] [Fast Refresh] done in 11ms @ webpack-internal:///(app-pages-browser)/./node_modules/next/dist/next-devtools/shared/forward-logs-shared.js:44
[   64763ms] [WARNING] Error while trying to use the following icon from the Manifest: http://localhost:3000/icons/icon-192.png (Download error or resource isn't a valid image) @ http://localhost:3000/login:0
[   64781ms] [LOG] [Fast Refresh] rebuilding @ webpack-internal:///(app-pages-browser)/./node_modules/next/dist/next-devtools/shared/forward-logs-shared.js:44
[   64797ms] [LOG] [Fast Refresh] done in 16ms @ webpack-internal:///(app-pages-browser)/./node_modules/next/dist/next-devtools/shared/forward-logs-shared.js:44
[   64826ms] [WARNING] Error while trying to use the following icon from the Manifest: http://localhost:3000/icons/icon-192.png (Download error or resource isn't a valid image) @ http://localhost:3000/login:0
[   64842ms] [LOG] [Fast Refresh] rebuilding @ webpack-internal:///(app-pages-browser)/./node_modules/next/dist/next-devtools/shared/forward-logs-shared.js:44
[   64853ms] [LOG] [Fast Refresh] done in 12ms @ webpack-internal:///(app-pages-browser)/./node_modules/next/dist/next-devtools/shared/forward-logs-shared.js:44
[   64898ms] [LOG] [Fast Refresh] rebuilding @ webpack-internal:///(app-pages-browser)/./node_modules/next/dist/next-devtools/shared/forward-logs-shared.js:44
[   64914ms] [LOG] [Fast Refresh] done in 16ms @ webpack-internal:///(app-pages-browser)/./node_modules/next/dist/next-devtools/shared/forward-logs-shared.js:44
[   64942ms] [WARNING] Error while trying to use the following icon from the Manifest: http://localhost:3000/icons/icon-192.png (Download error or resource isn't a valid image) @ http://localhost:3000/login:0
[   64959ms] [LOG] [Fast Refresh] rebuilding @ webpack-internal:///(app-pages-browser)/./node_modules/next/dist/next-devtools/shared/forward-logs-shared.js:44
[   64970ms] [LOG] [Fast Refresh] done in 12ms @ webpack-internal:///(app-pages-browser)/./node_modules/next/dist/next-devtools/shared/forward-logs-shared.js:44
[   65001ms] [WARNING] Error while trying to use the following icon from the Manifest: http://localhost:3000/icons/icon-192.png (Download error or resource isn't a valid image) @ http://localhost:3000/login:0
[   65019ms] [LOG] [Fast Refresh] rebuilding @ webpack-internal:///(app-pages-browser)/./node_modules/next/dist/next-devtools/shared/forward-logs-shared.js:44
[   65036ms] [LOG] [Fast Refresh] done in 17ms @ webpack-internal:///(app-pages-browser)/./node_modules/next/dist/next-devtools/shared/forward-logs-shared.js:44
[   65066ms] [WARNING] Error while trying to use the following icon from the Manifest: http://localhost:3000/icons/icon-192.png (Download error or resource isn't a valid image) @ http://localhost:3000/login:0
[   65083ms] [LOG] [Fast Refresh] rebuilding @ webpack-internal:///(app-pages-browser)/./node_modules/next/dist/next-devtools/shared/forward-logs-shared.js:44
[   65095ms] [LOG] [Fast Refresh] done in 13ms @ webpack-internal:///(app-pages-browser)/./node_modules/next/dist/next-devtools/shared/forward-logs-shared.js:44
[   65124ms] [WARNING] Error while trying to use the following icon from the Manifest: http://localhost:3000/icons/icon-192.png (Download error or resource isn't a valid image) @ http://localhost:3000/login:0
[   65141ms] [LOG] [Fast Refresh] rebuilding @ webpack-internal:///(app-pages-browser)/./node_modules/next/dist/next-devtools/shared/forward-logs-shared.js:44
[   65157ms] [LOG] [Fast Refresh] done in 17ms @ webpack-internal:///(app-pages-browser)/./node_modules/next/dist/next-devtools/shared/forward-logs-shared.js:44
[   65185ms] [WARNING] Error while trying to use the following icon from the Manifest: http://localhost:3000/icons/icon-192.png (Download error or resource isn't a valid image) @ http://localhost:3000/login:0
[   65202ms] [LOG] [Fast Refresh] rebuilding @ webpack-internal:///(app-pages-browser)/./node_modules/next/dist/next-devtools/shared/forward-logs-shared.js:44
[   65213ms] [LOG] [Fast Refresh] done in 11ms @ webpack-internal:///(app-pages-browser)/./node_modules/next/dist/next-devtools/shared/forward-logs-shared.js:44
[   65243ms] [WARNING] Error while trying to use the following icon from the Manifest: http://localhost:3000/icons/icon-192.png (Download error or resource isn't a valid image) @ http://localhost:3000/login:0
[   65261ms] [LOG] [Fast Refresh] rebuilding @ webpack-internal:///(app-pages-browser)/./node_modules/next/dist/next-devtools/shared/forward-logs-shared.js:44
[   65277ms] [LOG] [Fast Refresh] done in 17ms @ webpack-internal:///(app-pages-browser)/./node_modules/next/dist/next-devtools/shared/forward-logs-shared.js:44
[   65306ms] [WARNING] Error while trying to use the following icon from the Manifest: http://localhost:3000/icons/icon-192.png (Download error or resource isn't a valid image) @ http://localhost:3000/login:0
[   65323ms] [LOG] [Fast Refresh] rebuilding @ webpack-internal:///(app-pages-browser)/./node_modules/next/dist/next-devtools/shared/forward-logs-shared.js:44
[   65334ms] [LOG] [Fast Refresh] done in 12ms @ webpack-internal:///(app-pages-browser)/./node_modules/next/dist/next-devtools/shared/forward-logs-shared.js:44
[   65364ms] [WARNING] Error while trying to use the following icon from the Manifest: http://localhost:3000/icons/icon-192.png (Download error or resource isn't a valid image) @ http://localhost:3000/login:0
[   65381ms] [LOG] [Fast Refresh] rebuilding @ webpack-internal:///(app-pages-browser)/./node_modules/next/dist/next-devtools/shared/forward-logs-shared.js:44
[   65398ms] [LOG] [Fast Refresh] done in 16ms @ webpack-internal:///(app-pages-browser)/./node_modules/next/dist/next-devtools/shared/forward-logs-shared.js:44
[   65441ms] [LOG] [Fast Refresh] rebuilding @ webpack-internal:///(app-pages-browser)/./node_modules/next/dist/next-devtools/shared/forward-logs-shared.js:44
[   65456ms] [LOG] [Fast Refresh] done in 15ms @ webpack-internal:///(app-pages-browser)/./node_modules/next/dist/next-devtools/shared/forward-logs-shared.js:44
[   65486ms] [WARNING] Error while trying to use the following icon from the Manifest: http://localhost:3000/icons/icon-192.png (Download error or resource isn't a valid image) @ http://localhost:3000/login:0
[   65505ms] [LOG] [Fast Refresh] rebuilding @ webpack-internal:///(app-pages-browser)/./node_modules/next/dist/next-devtools/shared/forward-logs-shared.js:44
[   65528ms] [LOG] [Fast Refresh] done in 23ms @ webpack-internal:///(app-pages-browser)/./node_modules/next/dist/next-devtools/shared/forward-logs-shared.js:44
[   65563ms] [WARNING] Error while trying to use the following icon from the Manifest: http://localhost:3000/icons/icon-192.png (Download error or resource isn't a valid image) @ http://localhost:3000/login:0
[   65596ms] [LOG] [Fast Refresh] rebuilding @ webpack-internal:///(app-pages-browser)/./node_modules/next/dist/next-devtools/shared/forward-logs-shared.js:44
[   65657ms] [LOG] [Fast Refresh] done in 61ms @ webpack-internal:///(app-pages-browser)/./node_modules/next/dist/next-devtools/shared/forward-logs-shared.js:44
[   66065ms] [WARNING] Error while trying to use the following icon from the Manifest: http://localhost:3000/icons/icon-192.png (Download error or resource isn't a valid image) @ http://localhost:3000/login:0
[   66091ms] [LOG] [Fast Refresh] rebuilding @ webpack-internal:///(app-pages-browser)/./node_modules/next/dist/next-devtools/shared/forward-logs-shared.js:44
[   66107ms] [LOG] [Fast Refresh] done in 16ms @ webpack-internal:///(app-pages-browser)/./node_modules/next/dist/next-devtools/shared/forward-logs-shared.js:44
[   66140ms] [WARNING] Error while trying to use the following icon from the Manifest: http://localhost:3000/icons/icon-192.png (Download error or resource isn't a valid image) @ http://localhost:3000/login:0
[   66160ms] [LOG] [Fast Refresh] rebuilding @ webpack-internal:///(app-pages-browser)/./node_modules/next/dist/next-devtools/shared/forward-logs-shared.js:44
[   66177ms] [LOG] [Fast Refresh] done in 17ms @ webpack-internal:///(app-pages-browser)/./node_modules/next/dist/next-devtools/shared/forward-logs-shared.js:44
[   66207ms] [WARNING] Error while trying to use the following icon from the Manifest: http://localhost:3000/icons/icon-192.png (Download error or resource isn't a valid image) @ http://localhost:3000/login:0
[   66225ms] [LOG] [Fast Refresh] rebuilding @ webpack-internal:///(app-pages-browser)/./node_modules/next/dist/next-devtools/shared/forward-logs-shared.js:44
[   66236ms] [LOG] [Fast Refresh] done in 10ms @ webpack-internal:///(app-pages-browser)/./node_modules/next/dist/next-devtools/shared/forward-logs-shared.js:44
[   66249ms] [WARNING] Error while trying to use the following icon from the Manifest: http://localhost:3000/icons/icon-192.png (Download error or resource isn't a valid image) @ http://localhost:3000/login:0
[   66288ms] [LOG] [Fast Refresh] rebuilding @ webpack-internal:///(app-pages-browser)/./node_modules/next/dist/next-devtools/shared/forward-logs-shared.js:44
[   66304ms] [LOG] [Fast Refresh] done in 16ms @ webpack-internal:///(app-pages-browser)/./node_modules/next/dist/next-devtools/shared/forward-logs-shared.js:44
[   66333ms] [WARNING] Error while trying to use the following icon from the Manifest: http://localhost:3000/icons/icon-192.png (Download error or resource isn't a valid image) @ http://localhost:3000/login:0
[   66351ms] [LOG] [Fast Refresh] rebuilding @ webpack-internal:///(app-pages-browser)/./node_modules/next/dist/next-devtools/shared/forward-logs-shared.js:44
[   66362ms] [LOG] [Fast Refresh] done in 11ms @ webpack-internal:///(app-pages-browser)/./node_modules/next/dist/next-devtools/shared/forward-logs-shared.js:44
[   66391ms] [WARNING] Error while trying to use the following icon from the Manifest: http://localhost:3000/icons/icon-192.png (Download error or resource isn't a valid image) @ http://localhost:3000/login:0
[   66410ms] [LOG] [Fast Refresh] rebuilding @ webpack-internal:///(app-pages-browser)/./node_modules/next/dist/next-devtools/shared/forward-logs-shared.js:44
[   66425ms] [LOG] [Fast Refresh] done in 15ms @ webpack-internal:///(app-pages-browser)/./node_modules/next/dist/next-devtools/shared/forward-logs-shared.js:44
[   66453ms] [WARNING] Error while trying to use the following icon from the Manifest: http://localhost:3000/icons/icon-192.png (Download error or resource isn't a valid image) @ http://localhost:3000/login:0
[   66470ms] [LOG] [Fast Refresh] rebuilding @ webpack-internal:///(app-pages-browser)/./node_modules/next/dist/next-devtools/shared/forward-logs-shared.js:44
[   66482ms] [LOG] [Fast Refresh] done in 11ms @ webpack-internal:///(app-pages-browser)/./node_modules/next/dist/next-devtools/shared/forward-logs-shared.js:44
[   66510ms] [WARNING] Error while trying to use the following icon from the Manifest: http://localhost:3000/icons/icon-192.png (Download error or resource isn't a valid image) @ http://localhost:3000/login:0
[   66530ms] [LOG] [Fast Refresh] rebuilding @ webpack-internal:///(app-pages-browser)/./node_modules/next/dist/next-devtools/shared/forward-logs-shared.js:44
[   66546ms] [LOG] [Fast Refresh] done in 15ms @ webpack-internal:///(app-pages-browser)/./node_modules/next/dist/next-devtools/shared/forward-logs-shared.js:44
[   66574ms] [WARNING] Error while trying to use the following icon from the Manifest: http://localhost:3000/icons/icon-192.png (Download error or resource isn't a valid image) @ http://localhost:3000/login:0
[   66591ms] [LOG] [Fast Refresh] rebuilding @ webpack-internal:///(app-pages-browser)/./node_modules/next/dist/next-devtools/shared/forward-logs-shared.js:44
[   66603ms] [LOG] [Fast Refresh] done in 11ms @ webpack-internal:///(app-pages-browser)/./node_modules/next/dist/next-devtools/shared/forward-logs-shared.js:44
[   66632ms] [WARNING] Error while trying to use the following icon from the Manifest: http://localhost:3000/icons/icon-192.png (Download error or resource isn't a valid image) @ http://localhost:3000/login:0
[   66649ms] [LOG] [Fast Refresh] rebuilding @ webpack-internal:///(app-pages-browser)/./node_modules/next/dist/next-devtools/shared/forward-logs-shared.js:44
[   66664ms] [LOG] [Fast Refresh] done in 15ms @ webpack-internal:///(app-pages-browser)/./node_modules/next/dist/next-devtools/shared/forward-logs-shared.js:44
[   66693ms] [WARNING] Error while trying to use the following icon from the Manifest: http://localhost:3000/icons/icon-192.png (Download error or resource isn't a valid image) @ http://localhost:3000/login:0
[   66711ms] [LOG] [Fast Refresh] rebuilding @ webpack-internal:///(app-pages-browser)/./node_modules/next/dist/next-devtools/shared/forward-logs-shared.js:44
[   66722ms] [LOG] [Fast Refresh] done in 11ms @ webpack-internal:///(app-pages-browser)/./node_modules/next/dist/next-devtools/shared/forward-logs-shared.js:44
[   66749ms] [WARNING] Error while trying to use the following icon from the Manifest: http://localhost:3000/icons/icon-192.png (Download error or resource isn't a valid image) @ http://localhost:3000/login:0
[   66767ms] [LOG] [Fast Refresh] rebuilding @ webpack-internal:///(app-pages-browser)/./node_modules/next/dist/next-devtools/shared/forward-logs-shared.js:44
[   66783ms] [LOG] [Fast Refresh] done in 16ms @ webpack-internal:///(app-pages-browser)/./node_modules/next/dist/next-devtools/shared/forward-logs-shared.js:44
[   66816ms] [WARNING] Error while trying to use the following icon from the Manifest: http://localhost:3000/icons/icon-192.png (Download error or resource isn't a valid image) @ http://localhost:3000/login:0
[   66833ms] [LOG] [Fast Refresh] rebuilding @ webpack-internal:///(app-pages-browser)/./node_modules/next/dist/next-devtools/shared/forward-logs-shared.js:44
[   66846ms] [LOG] [Fast Refresh] done in 14ms @ webpack-internal:///(app-pages-browser)/./node_modules/next/dist/next-devtools/shared/forward-logs-shared.js:44
[   66875ms] [WARNING] Error while trying to use the following icon from the Manifest: http://localhost:3000/icons/icon-192.png (Download error or resource isn't a valid image) @ http://localhost:3000/login:0
[   66892ms] [LOG] [Fast Refresh] rebuilding @ webpack-internal:///(app-pages-browser)/./node_modules/next/dist/next-devtools/shared/forward-logs-shared.js:44
[   66907ms] [LOG] [Fast Refresh] done in 15ms @ webpack-internal:///(app-pages-browser)/./node_modules/next/dist/next-devtools/shared/forward-logs-shared.js:44
[   66936ms] [WARNING] Error while trying to use the following icon from the Manifest: http://localhost:3000/icons/icon-192.png (Download error or resource isn't a valid image) @ http://localhost:3000/login:0
[   66954ms] [LOG] [Fast Refresh] rebuilding @ webpack-internal:///(app-pages-browser)/./node_modules/next/dist/next-devtools/shared/forward-logs-shared.js:44
[   66965ms] [LOG] [Fast Refresh] done in 11ms @ webpack-internal:///(app-pages-browser)/./node_modules/next/dist/next-devtools/shared/forward-logs-shared.js:44
[   66993ms] [WARNING] Error while trying to use the following icon from the Manifest: http://localhost:3000/icons/icon-192.png (Download error or resource isn't a valid image) @ http://localhost:3000/login:0
[   67011ms] [LOG] [Fast Refresh] rebuilding @ webpack-internal:///(app-pages-browser)/./node_modules/next/dist/next-devtools/shared/forward-logs-shared.js:44
[   67026ms] [LOG] [Fast Refresh] done in 15ms @ webpack-internal:///(app-pages-browser)/./node_modules/next/dist/next-devtools/shared/forward-logs-shared.js:44
[   67053ms] [WARNING] Error while trying to use the following icon from the Manifest: http://localhost:3000/icons/icon-192.png (Download error or resource isn't a valid image) @ http://localhost:3000/login:0
[   67078ms] [LOG] [Fast Refresh] rebuilding @ webpack-internal:///(app-pages-browser)/./node_modules/next/dist/next-devtools/shared/forward-logs-shared.js:44
[   67090ms] [LOG] [Fast Refresh] done in 12ms @ webpack-internal:///(app-pages-browser)/./node_modules/next/dist/next-devtools/shared/forward-logs-shared.js:44
[   67119ms] [WARNING] Error while trying to use the following icon from the Manifest: http://localhost:3000/icons/icon-192.png (Download error or resource isn't a valid image) @ http://localhost:3000/login:0
[   67138ms] [LOG] [Fast Refresh] rebuilding @ webpack-internal:///(app-pages-browser)/./node_modules/next/dist/next-devtools/shared/forward-logs-shared.js:44
[   67164ms] [LOG] [Fast Refresh] done in 26ms @ webpack-internal:///(app-pages-browser)/./node_modules/next/dist/next-devtools/shared/forward-logs-shared.js:44
[   67208ms] [WARNING] Error while trying to use the following icon from the Manifest: http://localhost:3000/icons/icon-192.png (Download error or resource isn't a valid image) @ http://localhost:3000/login:0
[   67211ms] [LOG] [Fast Refresh] rebuilding @ webpack-internal:///(app-pages-browser)/./node_modules/next/dist/next-devtools/shared/forward-logs-shared.js:44
[   67222ms] [LOG] [Fast Refresh] done in 11ms @ webpack-internal:///(app-pages-browser)/./node_modules/next/dist/next-devtools/shared/forward-logs-shared.js:44
[   67250ms] [WARNING] Error while trying to use the following icon from the Manifest: http://localhost:3000/icons/icon-192.png (Download error or resource isn't a valid image) @ http://localhost:3000/login:0
[   67267ms] [LOG] [Fast Refresh] rebuilding @ webpack-internal:///(app-pages-browser)/./node_modules/next/dist/next-devtools/shared/forward-logs-shared.js:44
[   67283ms] [LOG] [Fast Refresh] done in 15ms @ webpack-internal:///(app-pages-browser)/./node_modules/next/dist/next-devtools/shared/forward-logs-shared.js:44
[   67315ms] [WARNING] Error while trying to use the following icon from the Manifest: http://localhost:3000/icons/icon-192.png (Download error or resource isn't a valid image) @ http://localhost:3000/login:0
[   67332ms] [LOG] [Fast Refresh] rebuilding @ webpack-internal:///(app-pages-browser)/./node_modules/next/dist/next-devtools/shared/forward-logs-shared.js:44
[   67344ms] [LOG] [Fast Refresh] done in 12ms @ webpack-internal:///(app-pages-browser)/./node_modules/next/dist/next-devtools/shared/forward-logs-shared.js:44
[   67371ms] [WARNING] Error while trying to use the following icon from the Manifest: http://localhost:3000/icons/icon-192.png (Download error or resource isn't a valid image) @ http://localhost:3000/login:0
[   67388ms] [LOG] [Fast Refresh] rebuilding @ webpack-internal:///(app-pages-browser)/./node_modules/next/dist/next-devtools/shared/forward-logs-shared.js:44
[   67404ms] [LOG] [Fast Refresh] done in 15ms @ webpack-internal:///(app-pages-browser)/./node_modules/next/dist/next-devtools/shared/forward-logs-shared.js:44
[   67432ms] [WARNING] Error while trying to use the following icon from the Manifest: http://localhost:3000/icons/icon-192.png (Download error or resource isn't a valid image) @ http://localhost:3000/login:0
[   67449ms] [LOG] [Fast Refresh] rebuilding @ webpack-internal:///(app-pages-browser)/./node_modules/next/dist/next-devtools/shared/forward-logs-shared.js:44
[   67461ms] [LOG] [Fast Refresh] done in 12ms @ webpack-internal:///(app-pages-browser)/./node_modules/next/dist/next-devtools/shared/forward-logs-shared.js:44
[   67489ms] [WARNING] Error while trying to use the following icon from the Manifest: http://localhost:3000/icons/icon-192.png (Download error or resource isn't a valid image) @ http://localhost:3000/login:0
[   67507ms] [LOG] [Fast Refresh] rebuilding @ webpack-internal:///(app-pages-browser)/./node_modules/next/dist/next-devtools/shared/forward-logs-shared.js:44
[   67522ms] [LOG] [Fast Refresh] done in 16ms @ webpack-internal:///(app-pages-browser)/./node_modules/next/dist/next-devtools/shared/forward-logs-shared.js:44
[   67549ms] [WARNING] Error while trying to use the following icon from the Manifest: http://localhost:3000/icons/icon-192.png (Download error or resource isn't a valid image) @ http://localhost:3000/login:0
[   67569ms] [LOG] [Fast Refresh] rebuilding @ webpack-internal:///(app-pages-browser)/./node_modules/next/dist/next-devtools/shared/forward-logs-shared.js:44
[   67581ms] [LOG] [Fast Refresh] done in 11ms @ webpack-internal:///(app-pages-browser)/./node_modules/next/dist/next-devtools/shared/forward-logs-shared.js:44
[   67608ms] [WARNING] Error while trying to use the following icon from the Manifest: http://localhost:3000/icons/icon-192.png (Download error or resource isn't a valid image) @ http://localhost:3000/login:0
[   67626ms] [LOG] [Fast Refresh] rebuilding @ webpack-internal:///(app-pages-browser)/./node_modules/next/dist/next-devtools/shared/forward-logs-shared.js:44
[   67640ms] [LOG] [Fast Refresh] done in 15ms @ webpack-internal:///(app-pages-browser)/./node_modules/next/dist/next-devtools/shared/forward-logs-shared.js:44
[   67670ms] [WARNING] Error while trying to use the following icon from the Manifest: http://localhost:3000/icons/icon-192.png (Download error or resource isn't a valid image) @ http://localhost:3000/login:0
[   67689ms] [LOG] [Fast Refresh] rebuilding @ webpack-internal:///(app-pages-browser)/./node_modules/next/dist/next-devtools/shared/forward-logs-shared.js:44
[   67722ms] [LOG] [Fast Refresh] done in 34ms @ webpack-internal:///(app-pages-browser)/./node_modules/next/dist/next-devtools/shared/forward-logs-shared.js:44
[   67758ms] [LOG] [Fast Refresh] rebuilding @ webpack-internal:///(app-pages-browser)/./node_modules/next/dist/next-devtools/shared/forward-logs-shared.js:44
[   67773ms] [LOG] [Fast Refresh] done in 15ms @ webpack-internal:///(app-pages-browser)/./node_modules/next/dist/next-devtools/shared/forward-logs-shared.js:44
[   67817ms] [LOG] [Fast Refresh] rebuilding @ webpack-internal:///(app-pages-browser)/./node_modules/next/dist/next-devtools/shared/forward-logs-shared.js:44
[   67828ms] [LOG] [Fast Refresh] done in 11ms @ webpack-internal:///(app-pages-browser)/./node_modules/next/dist/next-devtools/shared/forward-logs-shared.js:44
[   67856ms] [WARNING] Error while trying to use the following icon from the Manifest: http://localhost:3000/icons/icon-192.png (Download error or resource isn't a valid image) @ http://localhost:3000/login:0
[   67875ms] [LOG] [Fast Refresh] rebuilding @ webpack-internal:///(app-pages-browser)/./node_modules/next/dist/next-devtools/shared/forward-logs-shared.js:44
[   67890ms] [LOG] [Fast Refresh] done in 15ms @ webpack-internal:///(app-pages-browser)/./node_modules/next/dist/next-devtools/shared/forward-logs-shared.js:44
[   67919ms] [WARNING] Error while trying to use the following icon from the Manifest: http://localhost:3000/icons/icon-192.png (Download error or resource isn't a valid image) @ http://localhost:3000/login:0
[   67936ms] [LOG] [Fast Refresh] rebuilding @ webpack-internal:///(app-pages-browser)/./node_modules/next/dist/next-devtools/shared/forward-logs-shared.js:44
[   67947ms] [LOG] [Fast Refresh] done in 12ms @ webpack-internal:///(app-pages-browser)/./node_modules/next/dist/next-devtools/shared/forward-logs-shared.js:44
[   67977ms] [WARNING] Error while trying to use the following icon from the Manifest: http://localhost:3000/icons/icon-192.png (Download error or resource isn't a valid image) @ http://localhost:3000/login:0
[   67994ms] [LOG] [Fast Refresh] rebuilding @ webpack-internal:///(app-pages-browser)/./node_modules/next/dist/next-devtools/shared/forward-logs-shared.js:44
[   68010ms] [LOG] [Fast Refresh] done in 15ms @ webpack-internal:///(app-pages-browser)/./node_modules/next/dist/next-devtools/shared/forward-logs-shared.js:44
[   68038ms] [WARNING] Error while trying to use the following icon from the Manifest: http://localhost:3000/icons/icon-192.png (Download error or resource isn't a valid image) @ http://localhost:3000/login:0
[   68055ms] [LOG] [Fast Refresh] rebuilding @ webpack-internal:///(app-pages-browser)/./node_modules/next/dist/next-devtools/shared/forward-logs-shared.js:44
[   68066ms] [LOG] [Fast Refresh] done in 11ms @ webpack-internal:///(app-pages-browser)/./node_modules/next/dist/next-devtools/shared/forward-logs-shared.js:44
[   68096ms] [WARNING] Error while trying to use the following icon from the Manifest: http://localhost:3000/icons/icon-192.png (Download error or resource isn't a valid image) @ http://localhost:3000/login:0
[   68113ms] [LOG] [Fast Refresh] rebuilding @ webpack-internal:///(app-pages-browser)/./node_modules/next/dist/next-devtools/shared/forward-logs-shared.js:44
[   68127ms] [LOG] [Fast Refresh] done in 15ms @ webpack-internal:///(app-pages-browser)/./node_modules/next/dist/next-devtools/shared/forward-logs-shared.js:44
[   68156ms] [WARNING] Error while trying to use the following icon from the Manifest: http://localhost:3000/icons/icon-192.png (Download error or resource isn't a valid image) @ http://localhost:3000/login:0
[   68173ms] [LOG] [Fast Refresh] rebuilding @ webpack-internal:///(app-pages-browser)/./node_modules/next/dist/next-devtools/shared/forward-logs-shared.js:44
[   68184ms] [LOG] [Fast Refresh] done in 12ms @ webpack-internal:///(app-pages-browser)/./node_modules/next/dist/next-devtools/shared/forward-logs-shared.js:44
[   68214ms] [WARNING] Error while trying to use the following icon from the Manifest: http://localhost:3000/icons/icon-192.png (Download error or resource isn't a valid image) @ http://localhost:3000/login:0
[   68232ms] [LOG] [Fast Refresh] rebuilding @ webpack-internal:///(app-pages-browser)/./node_modules/next/dist/next-devtools/shared/forward-logs-shared.js:44
[   68249ms] [LOG] [Fast Refresh] done in 16ms @ webpack-internal:///(app-pages-browser)/./node_modules/next/dist/next-devtools/shared/forward-logs-shared.js:44
[   68279ms] [WARNING] Error while trying to use the following icon from the Manifest: http://localhost:3000/icons/icon-192.png (Download error or resource isn't a valid image) @ http://localhost:3000/login:0
[   68295ms] [LOG] [Fast Refresh] rebuilding @ webpack-internal:///(app-pages-browser)/./node_modules/next/dist/next-devtools/shared/forward-logs-shared.js:44
[   68306ms] [LOG] [Fast Refresh] done in 11ms @ webpack-internal:///(app-pages-browser)/./node_modules/next/dist/next-devtools/shared/forward-logs-shared.js:44
[   68338ms] [WARNING] Error while trying to use the following icon from the Manifest: http://localhost:3000/icons/icon-192.png (Download error or resource isn't a valid image) @ http://localhost:3000/login:0
[   68355ms] [LOG] [Fast Refresh] rebuilding @ webpack-internal:///(app-pages-browser)/./node_modules/next/dist/next-devtools/shared/forward-logs-shared.js:44
[   68377ms] [LOG] [Fast Refresh] done in 22ms @ webpack-internal:///(app-pages-browser)/./node_modules/next/dist/next-devtools/shared/forward-logs-shared.js:44
[   68416ms] [WARNING] Error while trying to use the following icon from the Manifest: http://localhost:3000/icons/icon-192.png (Download error or resource isn't a valid image) @ http://localhost:3000/login:0
[   68437ms] [LOG] [Fast Refresh] rebuilding @ webpack-internal:///(app-pages-browser)/./node_modules/next/dist/next-devtools/shared/forward-logs-shared.js:44
[   68449ms] [LOG] [Fast Refresh] done in 11ms @ webpack-internal:///(app-pages-browser)/./node_modules/next/dist/next-devtools/shared/forward-logs-shared.js:44
[   68477ms] [WARNING] Error while trying to use the following icon from the Manifest: http://localhost:3000/icons/icon-192.png (Download error or resource isn't a valid image) @ http://localhost:3000/login:0
[   68495ms] [LOG] [Fast Refresh] rebuilding @ webpack-internal:///(app-pages-browser)/./node_modules/next/dist/next-devtools/shared/forward-logs-shared.js:44
[   68512ms] [LOG] [Fast Refresh] done in 17ms @ webpack-internal:///(app-pages-browser)/./node_modules/next/dist/next-devtools/shared/forward-logs-shared.js:44
[   68542ms] [WARNING] Error while trying to use the following icon from the Manifest: http://localhost:3000/icons/icon-192.png (Download error or resource isn't a valid image) @ http://localhost:3000/login:0
[   68559ms] [LOG] [Fast Refresh] rebuilding @ webpack-internal:///(app-pages-browser)/./node_modules/next/dist/next-devtools/shared/forward-logs-shared.js:44
[   68570ms] [LOG] [Fast Refresh] done in 11ms @ webpack-internal:///(app-pages-browser)/./node_modules/next/dist/next-devtools/shared/forward-logs-shared.js:44
[   68599ms] [WARNING] Error while trying to use the following icon from the Manifest: http://localhost:3000/icons/icon-192.png (Download error or resource isn't a valid image) @ http://localhost:3000/login:0
[   68616ms] [LOG] [Fast Refresh] rebuilding @ webpack-internal:///(app-pages-browser)/./node_modules/next/dist/next-devtools/shared/forward-logs-shared.js:44
[   68630ms] [LOG] [Fast Refresh] done in 15ms @ webpack-internal:///(app-pages-browser)/./node_modules/next/dist/next-devtools/shared/forward-logs-shared.js:44
[   68673ms] [LOG] [Fast Refresh] rebuilding @ webpack-internal:///(app-pages-browser)/./node_modules/next/dist/next-devtools/shared/forward-logs-shared.js:44
[   68684ms] [LOG] [Fast Refresh] done in 11ms @ webpack-internal:///(app-pages-browser)/./node_modules/next/dist/next-devtools/shared/forward-logs-shared.js:44
[   68713ms] [WARNING] Error while trying to use the following icon from the Manifest: http://localhost:3000/icons/icon-192.png (Download error or resource isn't a valid image) @ http://localhost:3000/login:0
[   68730ms] [LOG] [Fast Refresh] rebuilding @ webpack-internal:///(app-pages-browser)/./node_modules/next/dist/next-devtools/shared/forward-logs-shared.js:44
[   68747ms] [LOG] [Fast Refresh] done in 16ms @ webpack-internal:///(app-pages-browser)/./node_modules/next/dist/next-devtools/shared/forward-logs-shared.js:44
[   68776ms] [WARNING] Error while trying to use the following icon from the Manifest: http://localhost:3000/icons/icon-192.png (Download error or resource isn't a valid image) @ http://localhost:3000/login:0
[   68792ms] [LOG] [Fast Refresh] rebuilding @ webpack-internal:///(app-pages-browser)/./node_modules/next/dist/next-devtools/shared/forward-logs-shared.js:44
[   68803ms] [LOG] [Fast Refresh] done in 11ms @ webpack-internal:///(app-pages-browser)/./node_modules/next/dist/next-devtools/shared/forward-logs-shared.js:44
[   68848ms] [LOG] [Fast Refresh] rebuilding @ webpack-internal:///(app-pages-browser)/./node_modules/next/dist/next-devtools/shared/forward-logs-shared.js:44
[   68863ms] [LOG] [Fast Refresh] done in 16ms @ webpack-internal:///(app-pages-browser)/./node_modules/next/dist/next-devtools/shared/forward-logs-shared.js:44
[   68892ms] [WARNING] Error while trying to use the following icon from the Manifest: http://localhost:3000/icons/icon-192.png (Download error or resource isn't a valid image) @ http://localhost:3000/login:0
[   68909ms] [LOG] [Fast Refresh] rebuilding @ webpack-internal:///(app-pages-browser)/./node_modules/next/dist/next-devtools/shared/forward-logs-shared.js:44
[   68921ms] [LOG] [Fast Refresh] done in 12ms @ webpack-internal:///(app-pages-browser)/./node_modules/next/dist/next-devtools/shared/forward-logs-shared.js:44
[   68952ms] [WARNING] Error while trying to use the following icon from the Manifest: http://localhost:3000/icons/icon-192.png (Download error or resource isn't a valid image) @ http://localhost:3000/login:0
[   68968ms] [LOG] [Fast Refresh] rebuilding @ webpack-internal:///(app-pages-browser)/./node_modules/next/dist/next-devtools/shared/forward-logs-shared.js:44
[   68983ms] [LOG] [Fast Refresh] done in 15ms @ webpack-internal:///(app-pages-browser)/./node_modules/next/dist/next-devtools/shared/forward-logs-shared.js:44
[   69014ms] [WARNING] Error while trying to use the following icon from the Manifest: http://localhost:3000/icons/icon-192.png (Download error or resource isn't a valid image) @ http://localhost:3000/login:0
[   69030ms] [LOG] [Fast Refresh] rebuilding @ webpack-internal:///(app-pages-browser)/./node_modules/next/dist/next-devtools/shared/forward-logs-shared.js:44
[   69042ms] [LOG] [Fast Refresh] done in 11ms @ webpack-internal:///(app-pages-browser)/./node_modules/next/dist/next-devtools/shared/forward-logs-shared.js:44
[   69071ms] [WARNING] Error while trying to use the following icon from the Manifest: http://localhost:3000/icons/icon-192.png (Download error or resource isn't a valid image) @ http://localhost:3000/login:0
[   69087ms] [LOG] [Fast Refresh] rebuilding @ webpack-internal:///(app-pages-browser)/./node_modules/next/dist/next-devtools/shared/forward-logs-shared.js:44
[   69103ms] [LOG] [Fast Refresh] done in 15ms @ webpack-internal:///(app-pages-browser)/./node_modules/next/dist/next-devtools/shared/forward-logs-shared.js:44
[   69130ms] [WARNING] Error while trying to use the following icon from the Manifest: http://localhost:3000/icons/icon-192.png (Download error or resource isn't a valid image) @ http://localhost:3000/login:0
[   69147ms] [LOG] [Fast Refresh] rebuilding @ webpack-internal:///(app-pages-browser)/./node_modules/next/dist/next-devtools/shared/forward-logs-shared.js:44
[   69158ms] [LOG] [Fast Refresh] done in 11ms @ webpack-internal:///(app-pages-browser)/./node_modules/next/dist/next-devtools/shared/forward-logs-shared.js:44
[   69187ms] [WARNING] Error while trying to use the following icon from the Manifest: http://localhost:3000/icons/icon-192.png (Download error or resource isn't a valid image) @ http://localhost:3000/login:0
[   69204ms] [LOG] [Fast Refresh] rebuilding @ webpack-internal:///(app-pages-browser)/./node_modules/next/dist/next-devtools/shared/forward-logs-shared.js:44
[   69219ms] [LOG] [Fast Refresh] done in 16ms @ webpack-internal:///(app-pages-browser)/./node_modules/next/dist/next-devtools/shared/forward-logs-shared.js:44
[   69250ms] [WARNING] Error while trying to use the following icon from the Manifest: http://localhost:3000/icons/icon-192.png (Download error or resource isn't a valid image) @ http://localhost:3000/login:0
[   69267ms] [LOG] [Fast Refresh] rebuilding @ webpack-internal:///(app-pages-browser)/./node_modules/next/dist/next-devtools/shared/forward-logs-shared.js:44
[   69279ms] [LOG] [Fast Refresh] done in 12ms @ webpack-internal:///(app-pages-browser)/./node_modules/next/dist/next-devtools/shared/forward-logs-shared.js:44
[   69306ms] [WARNING] Error while trying to use the following icon from the Manifest: http://localhost:3000/icons/icon-192.png (Download error or resource isn't a valid image) @ http://localhost:3000/login:0
[   69324ms] [LOG] [Fast Refresh] rebuilding @ webpack-internal:///(app-pages-browser)/./node_modules/next/dist/next-devtools/shared/forward-logs-shared.js:44
[   69339ms] [LOG] [Fast Refresh] done in 15ms @ webpack-internal:///(app-pages-browser)/./node_modules/next/dist/next-devtools/shared/forward-logs-shared.js:44
[   69366ms] [WARNING] Error while trying to use the following icon from the Manifest: http://localhost:3000/icons/icon-192.png (Download error or resource isn't a valid image) @ http://localhost:3000/login:0
[   69382ms] [LOG] [Fast Refresh] rebuilding @ webpack-internal:///(app-pages-browser)/./node_modules/next/dist/next-devtools/shared/forward-logs-shared.js:44
[   69393ms] [LOG] [Fast Refresh] done in 11ms @ webpack-internal:///(app-pages-browser)/./node_modules/next/dist/next-devtools/shared/forward-logs-shared.js:44
[   69424ms] [WARNING] Error while trying to use the following icon from the Manifest: http://localhost:3000/icons/icon-192.png (Download error or resource isn't a valid image) @ http://localhost:3000/login:0
[   69441ms] [LOG] [Fast Refresh] rebuilding @ webpack-internal:///(app-pages-browser)/./node_modules/next/dist/next-devtools/shared/forward-logs-shared.js:44
[   69457ms] [LOG] [Fast Refresh] done in 17ms @ webpack-internal:///(app-pages-browser)/./node_modules/next/dist/next-devtools/shared/forward-logs-shared.js:44
[   69487ms] [WARNING] Error while trying to use the following icon from the Manifest: http://localhost:3000/icons/icon-192.png (Download error or resource isn't a valid image) @ http://localhost:3000/login:0
[   69504ms] [LOG] [Fast Refresh] rebuilding @ webpack-internal:///(app-pages-browser)/./node_modules/next/dist/next-devtools/shared/forward-logs-shared.js:44
[   69516ms] [LOG] [Fast Refresh] done in 11ms @ webpack-internal:///(app-pages-browser)/./node_modules/next/dist/next-devtools/shared/forward-logs-shared.js:44
[   69544ms] [WARNING] Error while trying to use the following icon from the Manifest: http://localhost:3000/icons/icon-192.png (Download error or resource isn't a valid image) @ http://localhost:3000/login:0
[   69563ms] [LOG] [Fast Refresh] rebuilding @ webpack-internal:///(app-pages-browser)/./node_modules/next/dist/next-devtools/shared/forward-logs-shared.js:44
[   69581ms] [LOG] [Fast Refresh] done in 17ms @ webpack-internal:///(app-pages-browser)/./node_modules/next/dist/next-devtools/shared/forward-logs-shared.js:44
[   69610ms] [WARNING] Error while trying to use the following icon from the Manifest: http://localhost:3000/icons/icon-192.png (Download error or resource isn't a valid image) @ http://localhost:3000/login:0
[   69627ms] [LOG] [Fast Refresh] rebuilding @ webpack-internal:///(app-pages-browser)/./node_modules/next/dist/next-devtools/shared/forward-logs-shared.js:44
[   69639ms] [LOG] [Fast Refresh] done in 12ms @ webpack-internal:///(app-pages-browser)/./node_modules/next/dist/next-devtools/shared/forward-logs-shared.js:44
[   69670ms] [WARNING] Error while trying to use the following icon from the Manifest: http://localhost:3000/icons/icon-192.png (Download error or resource isn't a valid image) @ http://localhost:3000/login:0
[   69685ms] [LOG] [Fast Refresh] rebuilding @ webpack-internal:///(app-pages-browser)/./node_modules/next/dist/next-devtools/shared/forward-logs-shared.js:44
[   69701ms] [LOG] [Fast Refresh] done in 16ms @ webpack-internal:///(app-pages-browser)/./node_modules/next/dist/next-devtools/shared/forward-logs-shared.js:44
[   69730ms] [WARNING] Error while trying to use the following icon from the Manifest: http://localhost:3000/icons/icon-192.png (Download error or resource isn't a valid image) @ http://localhost:3000/login:0
[   69746ms] [LOG] [Fast Refresh] rebuilding @ webpack-internal:///(app-pages-browser)/./node_modules/next/dist/next-devtools/shared/forward-logs-shared.js:44
[   69758ms] [LOG] [Fast Refresh] done in 11ms @ webpack-internal:///(app-pages-browser)/./node_modules/next/dist/next-devtools/shared/forward-logs-shared.js:44
[   69788ms] [WARNING] Error while trying to use the following icon from the Manifest: http://localhost:3000/icons/icon-192.png (Download error or resource isn't a valid image) @ http://localhost:3000/login:0
[   69805ms] [LOG] [Fast Refresh] rebuilding @ webpack-internal:///(app-pages-browser)/./node_modules/next/dist/next-devtools/shared/forward-logs-shared.js:44
[   69822ms] [LOG] [Fast Refresh] done in 16ms @ webpack-internal:///(app-pages-browser)/./node_modules/next/dist/next-devtools/shared/forward-logs-shared.js:44
[   69846ms] [WARNING] Error while trying to use the following icon from the Manifest: http://localhost:3000/icons/icon-192.png (Download error or resource isn't a valid image) @ http://localhost:3000/login:0
[   69867ms] [LOG] [Fast Refresh] rebuilding @ webpack-internal:///(app-pages-browser)/./node_modules/next/dist/next-devtools/shared/forward-logs-shared.js:44
[   69879ms] [LOG] [Fast Refresh] done in 12ms @ webpack-internal:///(app-pages-browser)/./node_modules/next/dist/next-devtools/shared/forward-logs-shared.js:44
[   69924ms] [LOG] [Fast Refresh] rebuilding @ webpack-internal:///(app-pages-browser)/./node_modules/next/dist/next-devtools/shared/forward-logs-shared.js:44
[   69940ms] [LOG] [Fast Refresh] done in 17ms @ webpack-internal:///(app-pages-browser)/./node_modules/next/dist/next-devtools/shared/forward-logs-shared.js:44
[   69970ms] [WARNING] Error while trying to use the following icon from the Manifest: http://localhost:3000/icons/icon-192.png (Download error or resource isn't a valid image) @ http://localhost:3000/login:0
[   69987ms] [LOG] [Fast Refresh] rebuilding @ webpack-internal:///(app-pages-browser)/./node_modules/next/dist/next-devtools/shared/forward-logs-shared.js:44
[   69999ms] [LOG] [Fast Refresh] done in 11ms @ webpack-internal:///(app-pages-browser)/./node_modules/next/dist/next-devtools/shared/forward-logs-shared.js:44
[   70030ms] [WARNING] Error while trying to use the following icon from the Manifest: http://localhost:3000/icons/icon-192.png (Download error or resource isn't a valid image) @ http://localhost:3000/login:0
[   70048ms] [LOG] [Fast Refresh] rebuilding @ webpack-internal:///(app-pages-browser)/./node_modules/next/dist/next-devtools/shared/forward-logs-shared.js:44
[   70064ms] [LOG] [Fast Refresh] done in 15ms @ webpack-internal:///(app-pages-browser)/./node_modules/next/dist/next-devtools/shared/forward-logs-shared.js:44
[   70092ms] [WARNING] Error while trying to use the following icon from the Manifest: http://localhost:3000/icons/icon-192.png (Download error or resource isn't a valid image) @ http://localhost:3000/login:0
[   70109ms] [LOG] [Fast Refresh] rebuilding @ webpack-internal:///(app-pages-browser)/./node_modules/next/dist/next-devtools/shared/forward-logs-shared.js:44
[   70120ms] [LOG] [Fast Refresh] done in 11ms @ webpack-internal:///(app-pages-browser)/./node_modules/next/dist/next-devtools/shared/forward-logs-shared.js:44
[   70148ms] [WARNING] Error while trying to use the following icon from the Manifest: http://localhost:3000/icons/icon-192.png (Download error or resource isn't a valid image) @ http://localhost:3000/login:0
[   70165ms] [LOG] [Fast Refresh] rebuilding @ webpack-internal:///(app-pages-browser)/./node_modules/next/dist/next-devtools/shared/forward-logs-shared.js:44
[   70180ms] [LOG] [Fast Refresh] done in 16ms @ webpack-internal:///(app-pages-browser)/./node_modules/next/dist/next-devtools/shared/forward-logs-shared.js:44
[   70211ms] [WARNING] Error while trying to use the following icon from the Manifest: http://localhost:3000/icons/icon-192.png (Download error or resource isn't a valid image) @ http://localhost:3000/login:0
[   70227ms] [LOG] [Fast Refresh] rebuilding @ webpack-internal:///(app-pages-browser)/./node_modules/next/dist/next-devtools/shared/forward-logs-shared.js:44
[   70239ms] [LOG] [Fast Refresh] done in 12ms @ webpack-internal:///(app-pages-browser)/./node_modules/next/dist/next-devtools/shared/forward-logs-shared.js:44
[   70272ms] [WARNING] Error while trying to use the following icon from the Manifest: http://localhost:3000/icons/icon-192.png (Download error or resource isn't a valid image) @ http://localhost:3000/login:0
[   70289ms] [LOG] [Fast Refresh] rebuilding @ webpack-internal:///(app-pages-browser)/./node_modules/next/dist/next-devtools/shared/forward-logs-shared.js:44
[   70305ms] [LOG] [Fast Refresh] done in 15ms @ webpack-internal:///(app-pages-browser)/./node_modules/next/dist/next-devtools/shared/forward-logs-shared.js:44
[   70335ms] [WARNING] Error while trying to use the following icon from the Manifest: http://localhost:3000/icons/icon-192.png (Download error or resource isn't a valid image) @ http://localhost:3000/login:0
[   70352ms] [LOG] [Fast Refresh] rebuilding @ webpack-internal:///(app-pages-browser)/./node_modules/next/dist/next-devtools/shared/forward-logs-shared.js:44
[   70364ms] [LOG] [Fast Refresh] done in 12ms @ webpack-internal:///(app-pages-browser)/./node_modules/next/dist/next-devtools/shared/forward-logs-shared.js:44
[   70391ms] [WARNING] Error while trying to use the following icon from the Manifest: http://localhost:3000/icons/icon-192.png (Download error or resource isn't a valid image) @ http://localhost:3000/login:0
[   70409ms] [LOG] [Fast Refresh] rebuilding @ webpack-internal:///(app-pages-browser)/./node_modules/next/dist/next-devtools/shared/forward-logs-shared.js:44
[   70425ms] [LOG] [Fast Refresh] done in 16ms @ webpack-internal:///(app-pages-browser)/./node_modules/next/dist/next-devtools/shared/forward-logs-shared.js:44
[   70454ms] [WARNING] Error while trying to use the following icon from the Manifest: http://localhost:3000/icons/icon-192.png (Download error or resource isn't a valid image) @ http://localhost:3000/login:0
[   70471ms] [LOG] [Fast Refresh] rebuilding @ webpack-internal:///(app-pages-browser)/./node_modules/next/dist/next-devtools/shared/forward-logs-shared.js:44
[   70483ms] [LOG] [Fast Refresh] done in 12ms @ webpack-internal:///(app-pages-browser)/./node_modules/next/dist/next-devtools/shared/forward-logs-shared.js:44
[   70513ms] [WARNING] Error while trying to use the following icon from the Manifest: http://localhost:3000/icons/icon-192.png (Download error or resource isn't a valid image) @ http://localhost:3000/login:0
[   70531ms] [LOG] [Fast Refresh] rebuilding @ webpack-internal:///(app-pages-browser)/./node_modules/next/dist/next-devtools/shared/forward-logs-shared.js:44
[   70547ms] [LOG] [Fast Refresh] done in 16ms @ webpack-internal:///(app-pages-browser)/./node_modules/next/dist/next-devtools/shared/forward-logs-shared.js:44
[   70594ms] [LOG] [Fast Refresh] rebuilding @ webpack-internal:///(app-pages-browser)/./node_modules/next/dist/next-devtools/shared/forward-logs-shared.js:44
[   70605ms] [LOG] [Fast Refresh] done in 12ms @ webpack-internal:///(app-pages-browser)/./node_modules/next/dist/next-devtools/shared/forward-logs-shared.js:44
[   70633ms] [WARNING] Error while trying to use the following icon from the Manifest: http://localhost:3000/icons/icon-192.png (Download error or resource isn't a valid image) @ http://localhost:3000/login:0
[   70651ms] [LOG] [Fast Refresh] rebuilding @ webpack-internal:///(app-pages-browser)/./node_modules/next/dist/next-devtools/shared/forward-logs-shared.js:44
[   70667ms] [LOG] [Fast Refresh] done in 15ms @ webpack-internal:///(app-pages-browser)/./node_modules/next/dist/next-devtools/shared/forward-logs-shared.js:44
[   70741ms] [LOG] [Fast Refresh] rebuilding @ webpack-internal:///(app-pages-browser)/./node_modules/next/dist/next-devtools/shared/forward-logs-shared.js:44
[   70752ms] [LOG] [Fast Refresh] done in 10ms @ webpack-internal:///(app-pages-browser)/./node_modules/next/dist/next-devtools/shared/forward-logs-shared.js:44
[   70766ms] [WARNING] Error while trying to use the following icon from the Manifest: http://localhost:3000/icons/icon-192.png (Download error or resource isn't a valid image) @ http://localhost:3000/login:0
[   70801ms] [LOG] [Fast Refresh] rebuilding @ webpack-internal:///(app-pages-browser)/./node_modules/next/dist/next-devtools/shared/forward-logs-shared.js:44
[   70818ms] [LOG] [Fast Refresh] done in 17ms @ webpack-internal:///(app-pages-browser)/./node_modules/next/dist/next-devtools/shared/forward-logs-shared.js:44
[   70862ms] [LOG] [Fast Refresh] rebuilding @ webpack-internal:///(app-pages-browser)/./node_modules/next/dist/next-devtools/shared/forward-logs-shared.js:44
[   70874ms] [LOG] [Fast Refresh] done in 13ms @ webpack-internal:///(app-pages-browser)/./node_modules/next/dist/next-devtools/shared/forward-logs-shared.js:44
[   70907ms] [WARNING] Error while trying to use the following icon from the Manifest: http://localhost:3000/icons/icon-192.png (Download error or resource isn't a valid image) @ http://localhost:3000/login:0
[   70929ms] [LOG] [Fast Refresh] rebuilding @ webpack-internal:///(app-pages-browser)/./node_modules/next/dist/next-devtools/shared/forward-logs-shared.js:44
[   70947ms] [LOG] [Fast Refresh] done in 18ms @ webpack-internal:///(app-pages-browser)/./node_modules/next/dist/next-devtools/shared/forward-logs-shared.js:44
[   70980ms] [WARNING] Error while trying to use the following icon from the Manifest: http://localhost:3000/icons/icon-192.png (Download error or resource isn't a valid image) @ http://localhost:3000/login:0
[   70997ms] [LOG] [Fast Refresh] rebuilding @ webpack-internal:///(app-pages-browser)/./node_modules/next/dist/next-devtools/shared/forward-logs-shared.js:44
[   71010ms] [LOG] [Fast Refresh] done in 14ms @ webpack-internal:///(app-pages-browser)/./node_modules/next/dist/next-devtools/shared/forward-logs-shared.js:44
[   71041ms] [WARNING] Error while trying to use the following icon from the Manifest: http://localhost:3000/icons/icon-192.png (Download error or resource isn't a valid image) @ http://localhost:3000/login:0
[   71060ms] [LOG] [Fast Refresh] rebuilding @ webpack-internal:///(app-pages-browser)/./node_modules/next/dist/next-devtools/shared/forward-logs-shared.js:44
[   71078ms] [LOG] [Fast Refresh] done in 19ms @ webpack-internal:///(app-pages-browser)/./node_modules/next/dist/next-devtools/shared/forward-logs-shared.js:44
[   71105ms] [WARNING] Error while trying to use the following icon from the Manifest: http://localhost:3000/icons/icon-192.png (Download error or resource isn't a valid image) @ http://localhost:3000/login:0
[   71123ms] [LOG] [Fast Refresh] rebuilding @ webpack-internal:///(app-pages-browser)/./node_modules/next/dist/next-devtools/shared/forward-logs-shared.js:44
[   71136ms] [LOG] [Fast Refresh] done in 14ms @ webpack-internal:///(app-pages-browser)/./node_modules/next/dist/next-devtools/shared/forward-logs-shared.js:44
[   71168ms] [WARNING] Error while trying to use the following icon from the Manifest: http://localhost:3000/icons/icon-192.png (Download error or resource isn't a valid image) @ http://localhost:3000/login:0
[   71187ms] [LOG] [Fast Refresh] rebuilding @ webpack-internal:///(app-pages-browser)/./node_modules/next/dist/next-devtools/shared/forward-logs-shared.js:44
[   71204ms] [LOG] [Fast Refresh] done in 16ms @ webpack-internal:///(app-pages-browser)/./node_modules/next/dist/next-devtools/shared/forward-logs-shared.js:44
[   71247ms] [LOG] [Fast Refresh] rebuilding @ webpack-internal:///(app-pages-browser)/./node_modules/next/dist/next-devtools/shared/forward-logs-shared.js:44
[   71260ms] [LOG] [Fast Refresh] done in 12ms @ webpack-internal:///(app-pages-browser)/./node_modules/next/dist/next-devtools/shared/forward-logs-shared.js:44
[   71289ms] [WARNING] Error while trying to use the following icon from the Manifest: http://localhost:3000/icons/icon-192.png (Download error or resource isn't a valid image) @ http://localhost:3000/login:0
[   71306ms] [LOG] [Fast Refresh] rebuilding @ webpack-internal:///(app-pages-browser)/./node_modules/next/dist/next-devtools/shared/forward-logs-shared.js:44
[   71323ms] [LOG] [Fast Refresh] done in 16ms @ webpack-internal:///(app-pages-browser)/./node_modules/next/dist/next-devtools/shared/forward-logs-shared.js:44
[   71348ms] [WARNING] Error while trying to use the following icon from the Manifest: http://localhost:3000/icons/icon-192.png (Download error or resource isn't a valid image) @ http://localhost:3000/login:0
[   71370ms] [LOG] [Fast Refresh] rebuilding @ webpack-internal:///(app-pages-browser)/./node_modules/next/dist/next-devtools/shared/forward-logs-shared.js:44
[   71381ms] [LOG] [Fast Refresh] done in 12ms @ webpack-internal:///(app-pages-browser)/./node_modules/next/dist/next-devtools/shared/forward-logs-shared.js:44
[   71412ms] [WARNING] Error while trying to use the following icon from the Manifest: http://localhost:3000/icons/icon-192.png (Download error or resource isn't a valid image) @ http://localhost:3000/login:0
[   71431ms] [LOG] [Fast Refresh] rebuilding @ webpack-internal:///(app-pages-browser)/./node_modules/next/dist/next-devtools/shared/forward-logs-shared.js:44
[   71447ms] [LOG] [Fast Refresh] done in 17ms @ webpack-internal:///(app-pages-browser)/./node_modules/next/dist/next-devtools/shared/forward-logs-shared.js:44
[   71477ms] [WARNING] Error while trying to use the following icon from the Manifest: http://localhost:3000/icons/icon-192.png (Download error or resource isn't a valid image) @ http://localhost:3000/login:0
[   71494ms] [LOG] [Fast Refresh] rebuilding @ webpack-internal:///(app-pages-browser)/./node_modules/next/dist/next-devtools/shared/forward-logs-shared.js:44
[   71506ms] [LOG] [Fast Refresh] done in 12ms @ webpack-internal:///(app-pages-browser)/./node_modules/next/dist/next-devtools/shared/forward-logs-shared.js:44
[   71533ms] [WARNING] Error while trying to use the following icon from the Manifest: http://localhost:3000/icons/icon-192.png (Download error or resource isn't a valid image) @ http://localhost:3000/login:0
[   71551ms] [LOG] [Fast Refresh] rebuilding @ webpack-internal:///(app-pages-browser)/./node_modules/next/dist/next-devtools/shared/forward-logs-shared.js:44
[   71561ms] [LOG] [Fast Refresh] done in 10ms @ webpack-internal:///(app-pages-browser)/./node_modules/next/dist/next-devtools/shared/forward-logs-shared.js:44
[   71597ms] [WARNING] Error while trying to use the following icon from the Manifest: http://localhost:3000/icons/icon-192.png (Download error or resource isn't a valid image) @ http://localhost:3000/login:0
[   71614ms] [LOG] [Fast Refresh] rebuilding @ webpack-internal:///(app-pages-browser)/./node_modules/next/dist/next-devtools/shared/forward-logs-shared.js:44
[   71626ms] [LOG] [Fast Refresh] done in 13ms @ webpack-internal:///(app-pages-browser)/./node_modules/next/dist/next-devtools/shared/forward-logs-shared.js:44
[   71653ms] [WARNING] Error while trying to use the following icon from the Manifest: http://localhost:3000/icons/icon-192.png (Download error or resource isn't a valid image) @ http://localhost:3000/login:0
[   71694ms] [LOG] [Fast Refresh] rebuilding @ webpack-internal:///(app-pages-browser)/./node_modules/next/dist/next-devtools/shared/forward-logs-shared.js:44
[   71711ms] [LOG] [Fast Refresh] done in 17ms @ webpack-internal:///(app-pages-browser)/./node_modules/next/dist/next-devtools/shared/forward-logs-shared.js:44
[   71740ms] [WARNING] Error while trying to use the following icon from the Manifest: http://localhost:3000/icons/icon-192.png (Download error or resource isn't a valid image) @ http://localhost:3000/login:0
[   71757ms] [LOG] [Fast Refresh] rebuilding @ webpack-internal:///(app-pages-browser)/./node_modules/next/dist/next-devtools/shared/forward-logs-shared.js:44
[   71769ms] [LOG] [Fast Refresh] done in 11ms @ webpack-internal:///(app-pages-browser)/./node_modules/next/dist/next-devtools/shared/forward-logs-shared.js:44
[   71797ms] [WARNING] Error while trying to use the following icon from the Manifest: http://localhost:3000/icons/icon-192.png (Download error or resource isn't a valid image) @ http://localhost:3000/login:0
[   71815ms] [LOG] [Fast Refresh] rebuilding @ webpack-internal:///(app-pages-browser)/./node_modules/next/dist/next-devtools/shared/forward-logs-shared.js:44
[   71831ms] [LOG] [Fast Refresh] done in 17ms @ webpack-internal:///(app-pages-browser)/./node_modules/next/dist/next-devtools/shared/forward-logs-shared.js:44
[   71873ms] [WARNING] Error while trying to use the following icon from the Manifest: http://localhost:3000/icons/icon-192.png (Download error or resource isn't a valid image) @ http://localhost:3000/login:0
[   71889ms] [LOG] [Fast Refresh] rebuilding @ webpack-internal:///(app-pages-browser)/./node_modules/next/dist/next-devtools/shared/forward-logs-shared.js:44
[   71901ms] [LOG] [Fast Refresh] done in 11ms @ webpack-internal:///(app-pages-browser)/./node_modules/next/dist/next-devtools/shared/forward-logs-shared.js:44
[   71929ms] [WARNING] Error while trying to use the following icon from the Manifest: http://localhost:3000/icons/icon-192.png (Download error or resource isn't a valid image) @ http://localhost:3000/login:0
[   71946ms] [LOG] [Fast Refresh] rebuilding @ webpack-internal:///(app-pages-browser)/./node_modules/next/dist/next-devtools/shared/forward-logs-shared.js:44
[   71962ms] [LOG] [Fast Refresh] done in 15ms @ webpack-internal:///(app-pages-browser)/./node_modules/next/dist/next-devtools/shared/forward-logs-shared.js:44
[   71984ms] [WARNING] Error while trying to use the following icon from the Manifest: http://localhost:3000/icons/icon-192.png (Download error or resource isn't a valid image) @ http://localhost:3000/login:0
[   72006ms] [LOG] [Fast Refresh] rebuilding @ webpack-internal:///(app-pages-browser)/./node_modules/next/dist/next-devtools/shared/forward-logs-shared.js:44
[   72018ms] [LOG] [Fast Refresh] done in 12ms @ webpack-internal:///(app-pages-browser)/./node_modules/next/dist/next-devtools/shared/forward-logs-shared.js:44
[   72047ms] [WARNING] Error while trying to use the following icon from the Manifest: http://localhost:3000/icons/icon-192.png (Download error or resource isn't a valid image) @ http://localhost:3000/login:0
[   72067ms] [LOG] [Fast Refresh] rebuilding @ webpack-internal:///(app-pages-browser)/./node_modules/next/dist/next-devtools/shared/forward-logs-shared.js:44
[   72083ms] [LOG] [Fast Refresh] done in 17ms @ webpack-internal:///(app-pages-browser)/./node_modules/next/dist/next-devtools/shared/forward-logs-shared.js:44
[   72112ms] [WARNING] Error while trying to use the following icon from the Manifest: http://localhost:3000/icons/icon-192.png (Download error or resource isn't a valid image) @ http://localhost:3000/login:0
[   72130ms] [LOG] [Fast Refresh] rebuilding @ webpack-internal:///(app-pages-browser)/./node_modules/next/dist/next-devtools/shared/forward-logs-shared.js:44
[   72141ms] [LOG] [Fast Refresh] done in 12ms @ webpack-internal:///(app-pages-browser)/./node_modules/next/dist/next-devtools/shared/forward-logs-shared.js:44
[   72170ms] [WARNING] Error while trying to use the following icon from the Manifest: http://localhost:3000/icons/icon-192.png (Download error or resource isn't a valid image) @ http://localhost:3000/login:0
[   72187ms] [LOG] [Fast Refresh] rebuilding @ webpack-internal:///(app-pages-browser)/./node_modules/next/dist/next-devtools/shared/forward-logs-shared.js:44
[   72203ms] [LOG] [Fast Refresh] done in 16ms @ webpack-internal:///(app-pages-browser)/./node_modules/next/dist/next-devtools/shared/forward-logs-shared.js:44
[   72233ms] [WARNING] Error while trying to use the following icon from the Manifest: http://localhost:3000/icons/icon-192.png (Download error or resource isn't a valid image) @ http://localhost:3000/login:0
[   72250ms] [LOG] [Fast Refresh] rebuilding @ webpack-internal:///(app-pages-browser)/./node_modules/next/dist/next-devtools/shared/forward-logs-shared.js:44
[   72262ms] [LOG] [Fast Refresh] done in 13ms @ webpack-internal:///(app-pages-browser)/./node_modules/next/dist/next-devtools/shared/forward-logs-shared.js:44
[   72292ms] [WARNING] Error while trying to use the following icon from the Manifest: http://localhost:3000/icons/icon-192.png (Download error or resource isn't a valid image) @ http://localhost:3000/login:0
[   72309ms] [LOG] [Fast Refresh] rebuilding @ webpack-internal:///(app-pages-browser)/./node_modules/next/dist/next-devtools/shared/forward-logs-shared.js:44
[   72324ms] [LOG] [Fast Refresh] done in 15ms @ webpack-internal:///(app-pages-browser)/./node_modules/next/dist/next-devtools/shared/forward-logs-shared.js:44
[   72369ms] [LOG] [Fast Refresh] rebuilding @ webpack-internal:///(app-pages-browser)/./node_modules/next/dist/next-devtools/shared/forward-logs-shared.js:44
[   72381ms] [LOG] [Fast Refresh] done in 11ms @ webpack-internal:///(app-pages-browser)/./node_modules/next/dist/next-devtools/shared/forward-logs-shared.js:44
[   72410ms] [WARNING] Error while trying to use the following icon from the Manifest: http://localhost:3000/icons/icon-192.png (Download error or resource isn't a valid image) @ http://localhost:3000/login:0
[   72427ms] [LOG] [Fast Refresh] rebuilding @ webpack-internal:///(app-pages-browser)/./node_modules/next/dist/next-devtools/shared/forward-logs-shared.js:44
[   72444ms] [LOG] [Fast Refresh] done in 17ms @ webpack-internal:///(app-pages-browser)/./node_modules/next/dist/next-devtools/shared/forward-logs-shared.js:44
[   72474ms] [WARNING] Error while trying to use the following icon from the Manifest: http://localhost:3000/icons/icon-192.png (Download error or resource isn't a valid image) @ http://localhost:3000/login:0
[   72490ms] [LOG] [Fast Refresh] rebuilding @ webpack-internal:///(app-pages-browser)/./node_modules/next/dist/next-devtools/shared/forward-logs-shared.js:44
[   72502ms] [LOG] [Fast Refresh] done in 12ms @ webpack-internal:///(app-pages-browser)/./node_modules/next/dist/next-devtools/shared/forward-logs-shared.js:44
[   72545ms] [LOG] [Fast Refresh] rebuilding @ webpack-internal:///(app-pages-browser)/./node_modules/next/dist/next-devtools/shared/forward-logs-shared.js:44
[   72561ms] [LOG] [Fast Refresh] done in 15ms @ webpack-internal:///(app-pages-browser)/./node_modules/next/dist/next-devtools/shared/forward-logs-shared.js:44
[   72589ms] [WARNING] Error while trying to use the following icon from the Manifest: http://localhost:3000/icons/icon-192.png (Download error or resource isn't a valid image) @ http://localhost:3000/login:0
[   72605ms] [LOG] [Fast Refresh] rebuilding @ webpack-internal:///(app-pages-browser)/./node_modules/next/dist/next-devtools/shared/forward-logs-shared.js:44
[   72617ms] [LOG] [Fast Refresh] done in 11ms @ webpack-internal:///(app-pages-browser)/./node_modules/next/dist/next-devtools/shared/forward-logs-shared.js:44
[   72647ms] [WARNING] Error while trying to use the following icon from the Manifest: http://localhost:3000/icons/icon-192.png (Download error or resource isn't a valid image) @ http://localhost:3000/login:0
[   72665ms] [LOG] [Fast Refresh] rebuilding @ webpack-internal:///(app-pages-browser)/./node_modules/next/dist/next-devtools/shared/forward-logs-shared.js:44
[   72680ms] [LOG] [Fast Refresh] done in 16ms @ webpack-internal:///(app-pages-browser)/./node_modules/next/dist/next-devtools/shared/forward-logs-shared.js:44
[   72712ms] [WARNING] Error while trying to use the following icon from the Manifest: http://localhost:3000/icons/icon-192.png (Download error or resource isn't a valid image) @ http://localhost:3000/login:0
[   72730ms] [LOG] [Fast Refresh] rebuilding @ webpack-internal:///(app-pages-browser)/./node_modules/next/dist/next-devtools/shared/forward-logs-shared.js:44
[   72741ms] [LOG] [Fast Refresh] done in 12ms @ webpack-internal:///(app-pages-browser)/./node_modules/next/dist/next-devtools/shared/forward-logs-shared.js:44
[   72786ms] [LOG] [Fast Refresh] rebuilding @ webpack-internal:///(app-pages-browser)/./node_modules/next/dist/next-devtools/shared/forward-logs-shared.js:44
[   72801ms] [LOG] [Fast Refresh] done in 16ms @ webpack-internal:///(app-pages-browser)/./node_modules/next/dist/next-devtools/shared/forward-logs-shared.js:44
[   72831ms] [WARNING] Error while trying to use the following icon from the Manifest: http://localhost:3000/icons/icon-192.png (Download error or resource isn't a valid image) @ http://localhost:3000/login:0
[   72847ms] [LOG] [Fast Refresh] rebuilding @ webpack-internal:///(app-pages-browser)/./node_modules/next/dist/next-devtools/shared/forward-logs-shared.js:44
[   72858ms] [LOG] [Fast Refresh] done in 12ms @ webpack-internal:///(app-pages-browser)/./node_modules/next/dist/next-devtools/shared/forward-logs-shared.js:44
[   72887ms] [WARNING] Error while trying to use the following icon from the Manifest: http://localhost:3000/icons/icon-192.png (Download error or resource isn't a valid image) @ http://localhost:3000/login:0
[   72905ms] [LOG] [Fast Refresh] rebuilding @ webpack-internal:///(app-pages-browser)/./node_modules/next/dist/next-devtools/shared/forward-logs-shared.js:44
[   72921ms] [LOG] [Fast Refresh] done in 16ms @ webpack-internal:///(app-pages-browser)/./node_modules/next/dist/next-devtools/shared/forward-logs-shared.js:44
[   72945ms] [WARNING] Error while trying to use the following icon from the Manifest: http://localhost:3000/icons/icon-192.png (Download error or resource isn't a valid image) @ http://localhost:3000/login:0
[   72967ms] [LOG] [Fast Refresh] rebuilding @ webpack-internal:///(app-pages-browser)/./node_modules/next/dist/next-devtools/shared/forward-logs-shared.js:44
[   72978ms] [LOG] [Fast Refresh] done in 12ms @ webpack-internal:///(app-pages-browser)/./node_modules/next/dist/next-devtools/shared/forward-logs-shared.js:44
[   73005ms] [WARNING] Error while trying to use the following icon from the Manifest: http://localhost:3000/icons/icon-192.png (Download error or resource isn't a valid image) @ http://localhost:3000/login:0
[   73022ms] [LOG] [Fast Refresh] rebuilding @ webpack-internal:///(app-pages-browser)/./node_modules/next/dist/next-devtools/shared/forward-logs-shared.js:44
[   73037ms] [LOG] [Fast Refresh] done in 15ms @ webpack-internal:///(app-pages-browser)/./node_modules/next/dist/next-devtools/shared/forward-logs-shared.js:44
[   73066ms] [WARNING] Error while trying to use the following icon from the Manifest: http://localhost:3000/icons/icon-192.png (Download error or resource isn't a valid image) @ http://localhost:3000/login:0
[   73082ms] [LOG] [Fast Refresh] rebuilding @ webpack-internal:///(app-pages-browser)/./node_modules/next/dist/next-devtools/shared/forward-logs-shared.js:44
[   73094ms] [LOG] [Fast Refresh] done in 11ms @ webpack-internal:///(app-pages-browser)/./node_modules/next/dist/next-devtools/shared/forward-logs-shared.js:44
[   73123ms] [WARNING] Error while trying to use the following icon from the Manifest: http://localhost:3000/icons/icon-192.png (Download error or resource isn't a valid image) @ http://localhost:3000/login:0
[   73141ms] [LOG] [Fast Refresh] rebuilding @ webpack-internal:///(app-pages-browser)/./node_modules/next/dist/next-devtools/shared/forward-logs-shared.js:44
[   73156ms] [LOG] [Fast Refresh] done in 15ms @ webpack-internal:///(app-pages-browser)/./node_modules/next/dist/next-devtools/shared/forward-logs-shared.js:44
[   73185ms] [WARNING] Error while trying to use the following icon from the Manifest: http://localhost:3000/icons/icon-192.png (Download error or resource isn't a valid image) @ http://localhost:3000/login:0
[   73202ms] [LOG] [Fast Refresh] rebuilding @ webpack-internal:///(app-pages-browser)/./node_modules/next/dist/next-devtools/shared/forward-logs-shared.js:44
[   73214ms] [LOG] [Fast Refresh] done in 12ms @ webpack-internal:///(app-pages-browser)/./node_modules/next/dist/next-devtools/shared/forward-logs-shared.js:44
[   73243ms] [WARNING] Error while trying to use the following icon from the Manifest: http://localhost:3000/icons/icon-192.png (Download error or resource isn't a valid image) @ http://localhost:3000/login:0
[   73262ms] [LOG] [Fast Refresh] rebuilding @ webpack-internal:///(app-pages-browser)/./node_modules/next/dist/next-devtools/shared/forward-logs-shared.js:44
[   73277ms] [LOG] [Fast Refresh] done in 16ms @ webpack-internal:///(app-pages-browser)/./node_modules/next/dist/next-devtools/shared/forward-logs-shared.js:44
[   73306ms] [WARNING] Error while trying to use the following icon from the Manifest: http://localhost:3000/icons/icon-192.png (Download error or resource isn't a valid image) @ http://localhost:3000/login:0
[   73322ms] [LOG] [Fast Refresh] rebuilding @ webpack-internal:///(app-pages-browser)/./node_modules/next/dist/next-devtools/shared/forward-logs-shared.js:44
[   73334ms] [LOG] [Fast Refresh] done in 11ms @ webpack-internal:///(app-pages-browser)/./node_modules/next/dist/next-devtools/shared/forward-logs-shared.js:44
[   73372ms] [WARNING] Error while trying to use the following icon from the Manifest: http://localhost:3000/icons/icon-192.png (Download error or resource isn't a valid image) @ http://localhost:3000/login:0
[   73392ms] [LOG] [Fast Refresh] rebuilding @ webpack-internal:///(app-pages-browser)/./node_modules/next/dist/next-devtools/shared/forward-logs-shared.js:44
[   73408ms] [LOG] [Fast Refresh] done in 15ms @ webpack-internal:///(app-pages-browser)/./node_modules/next/dist/next-devtools/shared/forward-logs-shared.js:44
[   73437ms] [WARNING] Error while trying to use the following icon from the Manifest: http://localhost:3000/icons/icon-192.png (Download error or resource isn't a valid image) @ http://localhost:3000/login:0
[   73453ms] [LOG] [Fast Refresh] rebuilding @ webpack-internal:///(app-pages-browser)/./node_modules/next/dist/next-devtools/shared/forward-logs-shared.js:44
[   73464ms] [LOG] [Fast Refresh] done in 11ms @ webpack-internal:///(app-pages-browser)/./node_modules/next/dist/next-devtools/shared/forward-logs-shared.js:44
[   73493ms] [WARNING] Error while trying to use the following icon from the Manifest: http://localhost:3000/icons/icon-192.png (Download error or resource isn't a valid image) @ http://localhost:3000/login:0
[   73512ms] [LOG] [Fast Refresh] rebuilding @ webpack-internal:///(app-pages-browser)/./node_modules/next/dist/next-devtools/shared/forward-logs-shared.js:44
[   73529ms] [LOG] [Fast Refresh] done in 17ms @ webpack-internal:///(app-pages-browser)/./node_modules/next/dist/next-devtools/shared/forward-logs-shared.js:44
[   73559ms] [WARNING] Error while trying to use the following icon from the Manifest: http://localhost:3000/icons/icon-192.png (Download error or resource isn't a valid image) @ http://localhost:3000/login:0
[   73576ms] [LOG] [Fast Refresh] rebuilding @ webpack-internal:///(app-pages-browser)/./node_modules/next/dist/next-devtools/shared/forward-logs-shared.js:44
[   73587ms] [LOG] [Fast Refresh] done in 12ms @ webpack-internal:///(app-pages-browser)/./node_modules/next/dist/next-devtools/shared/forward-logs-shared.js:44
[   73616ms] [WARNING] Error while trying to use the following icon from the Manifest: http://localhost:3000/icons/icon-192.png (Download error or resource isn't a valid image) @ http://localhost:3000/login:0
[   73633ms] [LOG] [Fast Refresh] rebuilding @ webpack-internal:///(app-pages-browser)/./node_modules/next/dist/next-devtools/shared/forward-logs-shared.js:44
[   73649ms] [LOG] [Fast Refresh] done in 16ms @ webpack-internal:///(app-pages-browser)/./node_modules/next/dist/next-devtools/shared/forward-logs-shared.js:44
[   73679ms] [WARNING] Error while trying to use the following icon from the Manifest: http://localhost:3000/icons/icon-192.png (Download error or resource isn't a valid image) @ http://localhost:3000/login:0
[   73696ms] [LOG] [Fast Refresh] rebuilding @ webpack-internal:///(app-pages-browser)/./node_modules/next/dist/next-devtools/shared/forward-logs-shared.js:44
[   73707ms] [LOG] [Fast Refresh] done in 12ms @ webpack-internal:///(app-pages-browser)/./node_modules/next/dist/next-devtools/shared/forward-logs-shared.js:44
[   73735ms] [WARNING] Error while trying to use the following icon from the Manifest: http://localhost:3000/icons/icon-192.png (Download error or resource isn't a valid image) @ http://localhost:3000/login:0
[   73752ms] [LOG] [Fast Refresh] rebuilding @ webpack-internal:///(app-pages-browser)/./node_modules/next/dist/next-devtools/shared/forward-logs-shared.js:44
[   73768ms] [LOG] [Fast Refresh] done in 16ms @ webpack-internal:///(app-pages-browser)/./node_modules/next/dist/next-devtools/shared/forward-logs-shared.js:44
[   73814ms] [LOG] [Fast Refresh] rebuilding @ webpack-internal:///(app-pages-browser)/./node_modules/next/dist/next-devtools/shared/forward-logs-shared.js:44
[   73826ms] [LOG] [Fast Refresh] done in 12ms @ webpack-internal:///(app-pages-browser)/./node_modules/next/dist/next-devtools/shared/forward-logs-shared.js:44
[   73854ms] [WARNING] Error while trying to use the following icon from the Manifest: http://localhost:3000/icons/icon-192.png (Download error or resource isn't a valid image) @ http://localhost:3000/login:0
[   73871ms] [LOG] [Fast Refresh] rebuilding @ webpack-internal:///(app-pages-browser)/./node_modules/next/dist/next-devtools/shared/forward-logs-shared.js:44
[   73886ms] [LOG] [Fast Refresh] done in 16ms @ webpack-internal:///(app-pages-browser)/./node_modules/next/dist/next-devtools/shared/forward-logs-shared.js:44
[   73917ms] [WARNING] Error while trying to use the following icon from the Manifest: http://localhost:3000/icons/icon-192.png (Download error or resource isn't a valid image) @ http://localhost:3000/login:0
[   73935ms] [LOG] [Fast Refresh] rebuilding @ webpack-internal:///(app-pages-browser)/./node_modules/next/dist/next-devtools/shared/forward-logs-shared.js:44
[   73946ms] [LOG] [Fast Refresh] done in 12ms @ webpack-internal:///(app-pages-browser)/./node_modules/next/dist/next-devtools/shared/forward-logs-shared.js:44
[   73991ms] [LOG] [Fast Refresh] rebuilding @ webpack-internal:///(app-pages-browser)/./node_modules/next/dist/next-devtools/shared/forward-logs-shared.js:44
[   74008ms] [LOG] [Fast Refresh] done in 18ms @ webpack-internal:///(app-pages-browser)/./node_modules/next/dist/next-devtools/shared/forward-logs-shared.js:44
[   74037ms] [WARNING] Error while trying to use the following icon from the Manifest: http://localhost:3000/icons/icon-192.png (Download error or resource isn't a valid image) @ http://localhost:3000/login:0
[   74055ms] [LOG] [Fast Refresh] rebuilding @ webpack-internal:///(app-pages-browser)/./node_modules/next/dist/next-devtools/shared/forward-logs-shared.js:44
[   74069ms] [LOG] [Fast Refresh] done in 13ms @ webpack-internal:///(app-pages-browser)/./node_modules/next/dist/next-devtools/shared/forward-logs-shared.js:44
[   74100ms] [WARNING] Error while trying to use the following icon from the Manifest: http://localhost:3000/icons/icon-192.png (Download error or resource isn't a valid image) @ http://localhost:3000/login:0
[   74117ms] [LOG] [Fast Refresh] rebuilding @ webpack-internal:///(app-pages-browser)/./node_modules/next/dist/next-devtools/shared/forward-logs-shared.js:44
[   74133ms] [LOG] [Fast Refresh] done in 16ms @ webpack-internal:///(app-pages-browser)/./node_modules/next/dist/next-devtools/shared/forward-logs-shared.js:44
[   74163ms] [WARNING] Error while trying to use the following icon from the Manifest: http://localhost:3000/icons/icon-192.png (Download error or resource isn't a valid image) @ http://localhost:3000/login:0
[   74180ms] [LOG] [Fast Refresh] rebuilding @ webpack-internal:///(app-pages-browser)/./node_modules/next/dist/next-devtools/shared/forward-logs-shared.js:44
[   74202ms] [LOG] [Fast Refresh] done in 22ms @ webpack-internal:///(app-pages-browser)/./node_modules/next/dist/next-devtools/shared/forward-logs-shared.js:44
[   74246ms] [LOG] [Fast Refresh] rebuilding @ webpack-internal:///(app-pages-browser)/./node_modules/next/dist/next-devtools/shared/forward-logs-shared.js:44
[   74248ms] [WARNING] Error while trying to use the following icon from the Manifest: http://localhost:3000/icons/icon-192.png (Download error or resource isn't a valid image) @ http://localhost:3000/login:0
[   74263ms] [LOG] [Fast Refresh] done in 17ms @ webpack-internal:///(app-pages-browser)/./node_modules/next/dist/next-devtools/shared/forward-logs-shared.js:44
[   74297ms] [WARNING] Error while trying to use the following icon from the Manifest: http://localhost:3000/icons/icon-192.png (Download error or resource isn't a valid image) @ http://localhost:3000/login:0
[   74316ms] [LOG] [Fast Refresh] rebuilding @ webpack-internal:///(app-pages-browser)/./node_modules/next/dist/next-devtools/shared/forward-logs-shared.js:44
[   74337ms] [LOG] [Fast Refresh] done in 21ms @ webpack-internal:///(app-pages-browser)/./node_modules/next/dist/next-devtools/shared/forward-logs-shared.js:44
[   74956ms] [WARNING] Error while trying to use the following icon from the Manifest: http://localhost:3000/icons/icon-192.png (Download error or resource isn't a valid image) @ http://localhost:3000/login:0
[   74991ms] [LOG] [Fast Refresh] rebuilding @ webpack-internal:///(app-pages-browser)/./node_modules/next/dist/next-devtools/shared/forward-logs-shared.js:44
[   75004ms] [LOG] [Fast Refresh] done in 14ms @ webpack-internal:///(app-pages-browser)/./node_modules/next/dist/next-devtools/shared/forward-logs-shared.js:44
[   75023ms] [WARNING] Error while trying to use the following icon from the Manifest: http://localhost:3000/icons/icon-192.png (Download error or resource isn't a valid image) @ http://localhost:3000/login:0
[   75066ms] [LOG] [Fast Refresh] rebuilding @ webpack-internal:///(app-pages-browser)/./node_modules/next/dist/next-devtools/shared/forward-logs-shared.js:44
[   75077ms] [LOG] [Fast Refresh] done in 12ms @ webpack-internal:///(app-pages-browser)/./node_modules/next/dist/next-devtools/shared/forward-logs-shared.js:44
[   75110ms] [WARNING] Error while trying to use the following icon from the Manifest: http://localhost:3000/icons/icon-192.png (Download error or resource isn't a valid image) @ http://localhost:3000/login:0
[   75130ms] [LOG] [Fast Refresh] rebuilding @ webpack-internal:///(app-pages-browser)/./node_modules/next/dist/next-devtools/shared/forward-logs-shared.js:44
[   75148ms] [LOG] [Fast Refresh] done in 17ms @ webpack-internal:///(app-pages-browser)/./node_modules/next/dist/next-devtools/shared/forward-logs-shared.js:44
[   75178ms] [WARNING] Error while trying to use the following icon from the Manifest: http://localhost:3000/icons/icon-192.png (Download error or resource isn't a valid image) @ http://localhost:3000/login:0
[   75197ms] [LOG] [Fast Refresh] rebuilding @ webpack-internal:///(app-pages-browser)/./node_modules/next/dist/next-devtools/shared/forward-logs-shared.js:44
[   75209ms] [LOG] [Fast Refresh] done in 12ms @ webpack-internal:///(app-pages-browser)/./node_modules/next/dist/next-devtools/shared/forward-logs-shared.js:44
[   75237ms] [WARNING] Error while trying to use the following icon from the Manifest: http://localhost:3000/icons/icon-192.png (Download error or resource isn't a valid image) @ http://localhost:3000/login:0
[   75257ms] [LOG] [Fast Refresh] rebuilding @ webpack-internal:///(app-pages-browser)/./node_modules/next/dist/next-devtools/shared/forward-logs-shared.js:44
[   75273ms] [LOG] [Fast Refresh] done in 17ms @ webpack-internal:///(app-pages-browser)/./node_modules/next/dist/next-devtools/shared/forward-logs-shared.js:44
[   75305ms] [WARNING] Error while trying to use the following icon from the Manifest: http://localhost:3000/icons/icon-192.png (Download error or resource isn't a valid image) @ http://localhost:3000/login:0
[   75325ms] [LOG] [Fast Refresh] rebuilding @ webpack-internal:///(app-pages-browser)/./node_modules/next/dist/next-devtools/shared/forward-logs-shared.js:44
[   75336ms] [LOG] [Fast Refresh] done in 12ms @ webpack-internal:///(app-pages-browser)/./node_modules/next/dist/next-devtools/shared/forward-logs-shared.js:44
[   75365ms] [WARNING] Error while trying to use the following icon from the Manifest: http://localhost:3000/icons/icon-192.png (Download error or resource isn't a valid image) @ http://localhost:3000/login:0
[   75383ms] [LOG] [Fast Refresh] rebuilding @ webpack-internal:///(app-pages-browser)/./node_modules/next/dist/next-devtools/shared/forward-logs-shared.js:44
[   75398ms] [LOG] [Fast Refresh] done in 16ms @ webpack-internal:///(app-pages-browser)/./node_modules/next/dist/next-devtools/shared/forward-logs-shared.js:44
[   75427ms] [WARNING] Error while trying to use the following icon from the Manifest: http://localhost:3000/icons/icon-192.png (Download error or resource isn't a valid image) @ http://localhost:3000/login:0
[   75445ms] [LOG] [Fast Refresh] rebuilding @ webpack-internal:///(app-pages-browser)/./node_modules/next/dist/next-devtools/shared/forward-logs-shared.js:44
[   75456ms] [LOG] [Fast Refresh] done in 11ms @ webpack-internal:///(app-pages-browser)/./node_modules/next/dist/next-devtools/shared/forward-logs-shared.js:44
[   75484ms] [WARNING] Error while trying to use the following icon from the Manifest: http://localhost:3000/icons/icon-192.png (Download error or resource isn't a valid image) @ http://localhost:3000/login:0
[   75503ms] [LOG] [Fast Refresh] rebuilding @ webpack-internal:///(app-pages-browser)/./node_modules/next/dist/next-devtools/shared/forward-logs-shared.js:44
[   75520ms] [LOG] [Fast Refresh] done in 17ms @ webpack-internal:///(app-pages-browser)/./node_modules/next/dist/next-devtools/shared/forward-logs-shared.js:44
[   75550ms] [WARNING] Error while trying to use the following icon from the Manifest: http://localhost:3000/icons/icon-192.png (Download error or resource isn't a valid image) @ http://localhost:3000/login:0
[   75569ms] [LOG] [Fast Refresh] rebuilding @ webpack-internal:///(app-pages-browser)/./node_modules/next/dist/next-devtools/shared/forward-logs-shared.js:44
[   75581ms] [LOG] [Fast Refresh] done in 13ms @ webpack-internal:///(app-pages-browser)/./node_modules/next/dist/next-devtools/shared/forward-logs-shared.js:44
[   75631ms] [LOG] [Fast Refresh] rebuilding @ webpack-internal:///(app-pages-browser)/./node_modules/next/dist/next-devtools/shared/forward-logs-shared.js:44
[   75647ms] [LOG] [Fast Refresh] done in 16ms @ webpack-internal:///(app-pages-browser)/./node_modules/next/dist/next-devtools/shared/forward-logs-shared.js:44
[   75694ms] [LOG] [Fast Refresh] rebuilding @ webpack-internal:///(app-pages-browser)/./node_modules/next/dist/next-devtools/shared/forward-logs-shared.js:44
[   75705ms] [LOG] [Fast Refresh] done in 12ms @ webpack-internal:///(app-pages-browser)/./node_modules/next/dist/next-devtools/shared/forward-logs-shared.js:44
[   75752ms] [LOG] [Fast Refresh] rebuilding @ webpack-internal:///(app-pages-browser)/./node_modules/next/dist/next-devtools/shared/forward-logs-shared.js:44
[   75769ms] [LOG] [Fast Refresh] done in 16ms @ webpack-internal:///(app-pages-browser)/./node_modules/next/dist/next-devtools/shared/forward-logs-shared.js:44
[   75796ms] [WARNING] Error while trying to use the following icon from the Manifest: http://localhost:3000/icons/icon-192.png (Download error or resource isn't a valid image) @ http://localhost:3000/login:0
[   75815ms] [LOG] [Fast Refresh] rebuilding @ webpack-internal:///(app-pages-browser)/./node_modules/next/dist/next-devtools/shared/forward-logs-shared.js:44
[   75827ms] [LOG] [Fast Refresh] done in 12ms @ webpack-internal:///(app-pages-browser)/./node_modules/next/dist/next-devtools/shared/forward-logs-shared.js:44
[   75855ms] [WARNING] Error while trying to use the following icon from the Manifest: http://localhost:3000/icons/icon-192.png (Download error or resource isn't a valid image) @ http://localhost:3000/login:0
[   75873ms] [LOG] [Fast Refresh] rebuilding @ webpack-internal:///(app-pages-browser)/./node_modules/next/dist/next-devtools/shared/forward-logs-shared.js:44
[   75889ms] [LOG] [Fast Refresh] done in 16ms @ webpack-internal:///(app-pages-browser)/./node_modules/next/dist/next-devtools/shared/forward-logs-shared.js:44
[   75920ms] [WARNING] Error while trying to use the following icon from the Manifest: http://localhost:3000/icons/icon-192.png (Download error or resource isn't a valid image) @ http://localhost:3000/login:0
[   75938ms] [LOG] [Fast Refresh] rebuilding @ webpack-internal:///(app-pages-browser)/./node_modules/next/dist/next-devtools/shared/forward-logs-shared.js:44
[   75950ms] [LOG] [Fast Refresh] done in 13ms @ webpack-internal:///(app-pages-browser)/./node_modules/next/dist/next-devtools/shared/forward-logs-shared.js:44
[   75981ms] [WARNING] Error while trying to use the following icon from the Manifest: http://localhost:3000/icons/icon-192.png (Download error or resource isn't a valid image) @ http://localhost:3000/login:0
[   75999ms] [LOG] [Fast Refresh] rebuilding @ webpack-internal:///(app-pages-browser)/./node_modules/next/dist/next-devtools/shared/forward-logs-shared.js:44
[   76014ms] [LOG] [Fast Refresh] done in 16ms @ webpack-internal:///(app-pages-browser)/./node_modules/next/dist/next-devtools/shared/forward-logs-shared.js:44
[   76043ms] [WARNING] Error while trying to use the following icon from the Manifest: http://localhost:3000/icons/icon-192.png (Download error or resource isn't a valid image) @ http://localhost:3000/login:0
[   76060ms] [LOG] [Fast Refresh] rebuilding @ webpack-internal:///(app-pages-browser)/./node_modules/next/dist/next-devtools/shared/forward-logs-shared.js:44
[   76071ms] [LOG] [Fast Refresh] done in 11ms @ webpack-internal:///(app-pages-browser)/./node_modules/next/dist/next-devtools/shared/forward-logs-shared.js:44
[   76102ms] [WARNING] Error while trying to use the following icon from the Manifest: http://localhost:3000/icons/icon-192.png (Download error or resource isn't a valid image) @ http://localhost:3000/login:0
[   76120ms] [LOG] [Fast Refresh] rebuilding @ webpack-internal:///(app-pages-browser)/./node_modules/next/dist/next-devtools/shared/forward-logs-shared.js:44
[   76135ms] [LOG] [Fast Refresh] done in 16ms @ webpack-internal:///(app-pages-browser)/./node_modules/next/dist/next-devtools/shared/forward-logs-shared.js:44
[   76165ms] [WARNING] Error while trying to use the following icon from the Manifest: http://localhost:3000/icons/icon-192.png (Download error or resource isn't a valid image) @ http://localhost:3000/login:0
[   76182ms] [LOG] [Fast Refresh] rebuilding @ webpack-internal:///(app-pages-browser)/./node_modules/next/dist/next-devtools/shared/forward-logs-shared.js:44
[   76194ms] [LOG] [Fast Refresh] done in 11ms @ webpack-internal:///(app-pages-browser)/./node_modules/next/dist/next-devtools/shared/forward-logs-shared.js:44
[   76223ms] [WARNING] Error while trying to use the following icon from the Manifest: http://localhost:3000/icons/icon-192.png (Download error or resource isn't a valid image) @ http://localhost:3000/login:0
[   76241ms] [LOG] [Fast Refresh] rebuilding @ webpack-internal:///(app-pages-browser)/./node_modules/next/dist/next-devtools/shared/forward-logs-shared.js:44
[   76256ms] [LOG] [Fast Refresh] done in 16ms @ webpack-internal:///(app-pages-browser)/./node_modules/next/dist/next-devtools/shared/forward-logs-shared.js:44
[   76285ms] [WARNING] Error while trying to use the following icon from the Manifest: http://localhost:3000/icons/icon-192.png (Download error or resource isn't a valid image) @ http://localhost:3000/login:0
[   76302ms] [LOG] [Fast Refresh] rebuilding @ webpack-internal:///(app-pages-browser)/./node_modules/next/dist/next-devtools/shared/forward-logs-shared.js:44
[   76312ms] [LOG] [Fast Refresh] done in 11ms @ webpack-internal:///(app-pages-browser)/./node_modules/next/dist/next-devtools/shared/forward-logs-shared.js:44
[   76320ms] [WARNING] Error while trying to use the following icon from the Manifest: http://localhost:3000/icons/icon-192.png (Download error or resource isn't a valid image) @ http://localhost:3000/login:0
[   76361ms] [LOG] [Fast Refresh] rebuilding @ webpack-internal:///(app-pages-browser)/./node_modules/next/dist/next-devtools/shared/forward-logs-shared.js:44
[   76377ms] [LOG] [Fast Refresh] done in 15ms @ webpack-internal:///(app-pages-browser)/./node_modules/next/dist/next-devtools/shared/forward-logs-shared.js:44
[   76406ms] [WARNING] Error while trying to use the following icon from the Manifest: http://localhost:3000/icons/icon-192.png (Download error or resource isn't a valid image) @ http://localhost:3000/login:0
[   76422ms] [LOG] [Fast Refresh] rebuilding @ webpack-internal:///(app-pages-browser)/./node_modules/next/dist/next-devtools/shared/forward-logs-shared.js:44
[   76434ms] [LOG] [Fast Refresh] done in 12ms @ webpack-internal:///(app-pages-browser)/./node_modules/next/dist/next-devtools/shared/forward-logs-shared.js:44
[   76464ms] [WARNING] Error while trying to use the following icon from the Manifest: http://localhost:3000/icons/icon-192.png (Download error or resource isn't a valid image) @ http://localhost:3000/login:0
[   76482ms] [LOG] [Fast Refresh] rebuilding @ webpack-internal:///(app-pages-browser)/./node_modules/next/dist/next-devtools/shared/forward-logs-shared.js:44
[   76497ms] [LOG] [Fast Refresh] done in 16ms @ webpack-internal:///(app-pages-browser)/./node_modules/next/dist/next-devtools/shared/forward-logs-shared.js:44
[   76526ms] [WARNING] Error while trying to use the following icon from the Manifest: http://localhost:3000/icons/icon-192.png (Download error or resource isn't a valid image) @ http://localhost:3000/login:0
[   76543ms] [LOG] [Fast Refresh] rebuilding @ webpack-internal:///(app-pages-browser)/./node_modules/next/dist/next-devtools/shared/forward-logs-shared.js:44
[   76554ms] [LOG] [Fast Refresh] done in 11ms @ webpack-internal:///(app-pages-browser)/./node_modules/next/dist/next-devtools/shared/forward-logs-shared.js:44
[   76583ms] [WARNING] Error while trying to use the following icon from the Manifest: http://localhost:3000/icons/icon-192.png (Download error or resource isn't a valid image) @ http://localhost:3000/login:0
[   76601ms] [LOG] [Fast Refresh] rebuilding @ webpack-internal:///(app-pages-browser)/./node_modules/next/dist/next-devtools/shared/forward-logs-shared.js:44
[   76616ms] [LOG] [Fast Refresh] done in 16ms @ webpack-internal:///(app-pages-browser)/./node_modules/next/dist/next-devtools/shared/forward-logs-shared.js:44
[   76658ms] [WARNING] Error while trying to use the following icon from the Manifest: http://localhost:3000/icons/icon-192.png (Download error or resource isn't a valid image) @ http://localhost:3000/login:0
[   76682ms] [LOG] [Fast Refresh] rebuilding @ webpack-internal:///(app-pages-browser)/./node_modules/next/dist/next-devtools/shared/forward-logs-shared.js:44
[   76698ms] [LOG] [Fast Refresh] done in 16ms @ webpack-internal:///(app-pages-browser)/./node_modules/next/dist/next-devtools/shared/forward-logs-shared.js:44
[   76766ms] [LOG] [Fast Refresh] rebuilding @ webpack-internal:///(app-pages-browser)/./node_modules/next/dist/next-devtools/shared/forward-logs-shared.js:44
[   76782ms] [LOG] [Fast Refresh] done in 16ms @ webpack-internal:///(app-pages-browser)/./node_modules/next/dist/next-devtools/shared/forward-logs-shared.js:44
[   76814ms] [WARNING] Error while trying to use the following icon from the Manifest: http://localhost:3000/icons/icon-192.png (Download error or resource isn't a valid image) @ http://localhost:3000/login:0
[   76850ms] [LOG] [Fast Refresh] rebuilding @ webpack-internal:///(app-pages-browser)/./node_modules/next/dist/next-devtools/shared/forward-logs-shared.js:44
[   76862ms] [LOG] [Fast Refresh] done in 12ms @ webpack-internal:///(app-pages-browser)/./node_modules/next/dist/next-devtools/shared/forward-logs-shared.js:44
[   76890ms] [WARNING] Error while trying to use the following icon from the Manifest: http://localhost:3000/icons/icon-192.png (Download error or resource isn't a valid image) @ http://localhost:3000/login:0
[   76907ms] [LOG] [Fast Refresh] rebuilding @ webpack-internal:///(app-pages-browser)/./node_modules/next/dist/next-devtools/shared/forward-logs-shared.js:44
[   76923ms] [LOG] [Fast Refresh] done in 15ms @ webpack-internal:///(app-pages-browser)/./node_modules/next/dist/next-devtools/shared/forward-logs-shared.js:44
[   76946ms] [WARNING] Error while trying to use the following icon from the Manifest: http://localhost:3000/icons/icon-192.png (Download error or resource isn't a valid image) @ http://localhost:3000/login:0
[   76969ms] [LOG] [Fast Refresh] rebuilding @ webpack-internal:///(app-pages-browser)/./node_modules/next/dist/next-devtools/shared/forward-logs-shared.js:44
[   76980ms] [LOG] [Fast Refresh] done in 12ms @ webpack-internal:///(app-pages-browser)/./node_modules/next/dist/next-devtools/shared/forward-logs-shared.js:44
[   77008ms] [WARNING] Error while trying to use the following icon from the Manifest: http://localhost:3000/icons/icon-192.png (Download error or resource isn't a valid image) @ http://localhost:3000/login:0
[   77026ms] [LOG] [Fast Refresh] rebuilding @ webpack-internal:///(app-pages-browser)/./node_modules/next/dist/next-devtools/shared/forward-logs-shared.js:44
[   77042ms] [LOG] [Fast Refresh] done in 17ms @ webpack-internal:///(app-pages-browser)/./node_modules/next/dist/next-devtools/shared/forward-logs-shared.js:44
[   77072ms] [WARNING] Error while trying to use the following icon from the Manifest: http://localhost:3000/icons/icon-192.png (Download error or resource isn't a valid image) @ http://localhost:3000/login:0
[   77089ms] [LOG] [Fast Refresh] rebuilding @ webpack-internal:///(app-pages-browser)/./node_modules/next/dist/next-devtools/shared/forward-logs-shared.js:44
[   77101ms] [LOG] [Fast Refresh] done in 12ms @ webpack-internal:///(app-pages-browser)/./node_modules/next/dist/next-devtools/shared/forward-logs-shared.js:44
[   77129ms] [WARNING] Error while trying to use the following icon from the Manifest: http://localhost:3000/icons/icon-192.png (Download error or resource isn't a valid image) @ http://localhost:3000/login:0
[   77147ms] [LOG] [Fast Refresh] rebuilding @ webpack-internal:///(app-pages-browser)/./node_modules/next/dist/next-devtools/shared/forward-logs-shared.js:44
[   77163ms] [LOG] [Fast Refresh] done in 16ms @ webpack-internal:///(app-pages-browser)/./node_modules/next/dist/next-devtools/shared/forward-logs-shared.js:44
[   77191ms] [WARNING] Error while trying to use the following icon from the Manifest: http://localhost:3000/icons/icon-192.png (Download error or resource isn't a valid image) @ http://localhost:3000/login:0
[   77211ms] [LOG] [Fast Refresh] rebuilding @ webpack-internal:///(app-pages-browser)/./node_modules/next/dist/next-devtools/shared/forward-logs-shared.js:44
[   77222ms] [LOG] [Fast Refresh] done in 12ms @ webpack-internal:///(app-pages-browser)/./node_modules/next/dist/next-devtools/shared/forward-logs-shared.js:44
[   77251ms] [WARNING] Error while trying to use the following icon from the Manifest: http://localhost:3000/icons/icon-192.png (Download error or resource isn't a valid image) @ http://localhost:3000/login:0
[   77269ms] [LOG] [Fast Refresh] rebuilding @ webpack-internal:///(app-pages-browser)/./node_modules/next/dist/next-devtools/shared/forward-logs-shared.js:44
[   77284ms] [LOG] [Fast Refresh] done in 15ms @ webpack-internal:///(app-pages-browser)/./node_modules/next/dist/next-devtools/shared/forward-logs-shared.js:44
[   77310ms] [WARNING] Error while trying to use the following icon from the Manifest: http://localhost:3000/icons/icon-192.png (Download error or resource isn't a valid image) @ http://localhost:3000/login:0
[   77332ms] [LOG] [Fast Refresh] rebuilding @ webpack-internal:///(app-pages-browser)/./node_modules/next/dist/next-devtools/shared/forward-logs-shared.js:44
[   77345ms] [LOG] [Fast Refresh] done in 12ms @ webpack-internal:///(app-pages-browser)/./node_modules/next/dist/next-devtools/shared/forward-logs-shared.js:44
[   77373ms] [WARNING] Error while trying to use the following icon from the Manifest: http://localhost:3000/icons/icon-192.png (Download error or resource isn't a valid image) @ http://localhost:3000/login:0
[   77391ms] [LOG] [Fast Refresh] rebuilding @ webpack-internal:///(app-pages-browser)/./node_modules/next/dist/next-devtools/shared/forward-logs-shared.js:44
[   77406ms] [LOG] [Fast Refresh] done in 16ms @ webpack-internal:///(app-pages-browser)/./node_modules/next/dist/next-devtools/shared/forward-logs-shared.js:44
[   77434ms] [WARNING] Error while trying to use the following icon from the Manifest: http://localhost:3000/icons/icon-192.png (Download error or resource isn't a valid image) @ http://localhost:3000/login:0
[   77450ms] [LOG] [Fast Refresh] rebuilding @ webpack-internal:///(app-pages-browser)/./node_modules/next/dist/next-devtools/shared/forward-logs-shared.js:44
[   77461ms] [LOG] [Fast Refresh] done in 11ms @ webpack-internal:///(app-pages-browser)/./node_modules/next/dist/next-devtools/shared/forward-logs-shared.js:44
[   77491ms] [WARNING] Error while trying to use the following icon from the Manifest: http://localhost:3000/icons/icon-192.png (Download error or resource isn't a valid image) @ http://localhost:3000/login:0
[   77509ms] [LOG] [Fast Refresh] rebuilding @ webpack-internal:///(app-pages-browser)/./node_modules/next/dist/next-devtools/shared/forward-logs-shared.js:44
[   77524ms] [LOG] [Fast Refresh] done in 16ms @ webpack-internal:///(app-pages-browser)/./node_modules/next/dist/next-devtools/shared/forward-logs-shared.js:44
[   77552ms] [WARNING] Error while trying to use the following icon from the Manifest: http://localhost:3000/icons/icon-192.png (Download error or resource isn't a valid image) @ http://localhost:3000/login:0
[   77570ms] [LOG] [Fast Refresh] rebuilding @ webpack-internal:///(app-pages-browser)/./node_modules/next/dist/next-devtools/shared/forward-logs-shared.js:44
[   77581ms] [LOG] [Fast Refresh] done in 11ms @ webpack-internal:///(app-pages-browser)/./node_modules/next/dist/next-devtools/shared/forward-logs-shared.js:44
[   77609ms] [WARNING] Error while trying to use the following icon from the Manifest: http://localhost:3000/icons/icon-192.png (Download error or resource isn't a valid image) @ http://localhost:3000/login:0
[   77630ms] [LOG] [Fast Refresh] rebuilding @ webpack-internal:///(app-pages-browser)/./node_modules/next/dist/next-devtools/shared/forward-logs-shared.js:44
[   77645ms] [LOG] [Fast Refresh] done in 15ms @ webpack-internal:///(app-pages-browser)/./node_modules/next/dist/next-devtools/shared/forward-logs-shared.js:44
[   77673ms] [WARNING] Error while trying to use the following icon from the Manifest: http://localhost:3000/icons/icon-192.png (Download error or resource isn't a valid image) @ http://localhost:3000/login:0
[   77691ms] [LOG] [Fast Refresh] rebuilding @ webpack-internal:///(app-pages-browser)/./node_modules/next/dist/next-devtools/shared/forward-logs-shared.js:44
[   77702ms] [LOG] [Fast Refresh] done in 11ms @ webpack-internal:///(app-pages-browser)/./node_modules/next/dist/next-devtools/shared/forward-logs-shared.js:44
[   77734ms] [WARNING] Error while trying to use the following icon from the Manifest: http://localhost:3000/icons/icon-192.png (Download error or resource isn't a valid image) @ http://localhost:3000/login:0
[   77752ms] [LOG] [Fast Refresh] rebuilding @ webpack-internal:///(app-pages-browser)/./node_modules/next/dist/next-devtools/shared/forward-logs-shared.js:44
[   77767ms] [LOG] [Fast Refresh] done in 16ms @ webpack-internal:///(app-pages-browser)/./node_modules/next/dist/next-devtools/shared/forward-logs-shared.js:44
[   77799ms] [WARNING] Error while trying to use the following icon from the Manifest: http://localhost:3000/icons/icon-192.png (Download error or resource isn't a valid image) @ http://localhost:3000/login:0
[   77818ms] [LOG] [Fast Refresh] rebuilding @ webpack-internal:///(app-pages-browser)/./node_modules/next/dist/next-devtools/shared/forward-logs-shared.js:44
[   77830ms] [LOG] [Fast Refresh] done in 13ms @ webpack-internal:///(app-pages-browser)/./node_modules/next/dist/next-devtools/shared/forward-logs-shared.js:44
[   77861ms] [WARNING] Error while trying to use the following icon from the Manifest: http://localhost:3000/icons/icon-192.png (Download error or resource isn't a valid image) @ http://localhost:3000/login:0
[   77882ms] [LOG] [Fast Refresh] rebuilding @ webpack-internal:///(app-pages-browser)/./node_modules/next/dist/next-devtools/shared/forward-logs-shared.js:44
[   77897ms] [LOG] [Fast Refresh] done in 16ms @ webpack-internal:///(app-pages-browser)/./node_modules/next/dist/next-devtools/shared/forward-logs-shared.js:44
[   77928ms] [WARNING] Error while trying to use the following icon from the Manifest: http://localhost:3000/icons/icon-192.png (Download error or resource isn't a valid image) @ http://localhost:3000/login:0
[   77945ms] [LOG] [Fast Refresh] rebuilding @ webpack-internal:///(app-pages-browser)/./node_modules/next/dist/next-devtools/shared/forward-logs-shared.js:44
[   77958ms] [LOG] [Fast Refresh] done in 12ms @ webpack-internal:///(app-pages-browser)/./node_modules/next/dist/next-devtools/shared/forward-logs-shared.js:44
[   77988ms] [WARNING] Error while trying to use the following icon from the Manifest: http://localhost:3000/icons/icon-192.png (Download error or resource isn't a valid image) @ http://localhost:3000/login:0
[   78007ms] [LOG] [Fast Refresh] rebuilding @ webpack-internal:///(app-pages-browser)/./node_modules/next/dist/next-devtools/shared/forward-logs-shared.js:44
[   78023ms] [LOG] [Fast Refresh] done in 15ms @ webpack-internal:///(app-pages-browser)/./node_modules/next/dist/next-devtools/shared/forward-logs-shared.js:44
[   78051ms] [WARNING] Error while trying to use the following icon from the Manifest: http://localhost:3000/icons/icon-192.png (Download error or resource isn't a valid image) @ http://localhost:3000/login:0
[   78069ms] [LOG] [Fast Refresh] rebuilding @ webpack-internal:///(app-pages-browser)/./node_modules/next/dist/next-devtools/shared/forward-logs-shared.js:44
[   78081ms] [LOG] [Fast Refresh] done in 11ms @ webpack-internal:///(app-pages-browser)/./node_modules/next/dist/next-devtools/shared/forward-logs-shared.js:44
[   78109ms] [WARNING] Error while trying to use the following icon from the Manifest: http://localhost:3000/icons/icon-192.png (Download error or resource isn't a valid image) @ http://localhost:3000/login:0
[   78127ms] [LOG] [Fast Refresh] rebuilding @ webpack-internal:///(app-pages-browser)/./node_modules/next/dist/next-devtools/shared/forward-logs-shared.js:44
[   78142ms] [LOG] [Fast Refresh] done in 16ms @ webpack-internal:///(app-pages-browser)/./node_modules/next/dist/next-devtools/shared/forward-logs-shared.js:44
[   78170ms] [WARNING] Error while trying to use the following icon from the Manifest: http://localhost:3000/icons/icon-192.png (Download error or resource isn't a valid image) @ http://localhost:3000/login:0
[   78188ms] [LOG] [Fast Refresh] rebuilding @ webpack-internal:///(app-pages-browser)/./node_modules/next/dist/next-devtools/shared/forward-logs-shared.js:44
[   78199ms] [LOG] [Fast Refresh] done in 11ms @ webpack-internal:///(app-pages-browser)/./node_modules/next/dist/next-devtools/shared/forward-logs-shared.js:44
[   78229ms] [WARNING] Error while trying to use the following icon from the Manifest: http://localhost:3000/icons/icon-192.png (Download error or resource isn't a valid image) @ http://localhost:3000/login:0
[   78247ms] [LOG] [Fast Refresh] rebuilding @ webpack-internal:///(app-pages-browser)/./node_modules/next/dist/next-devtools/shared/forward-logs-shared.js:44
[   78262ms] [LOG] [Fast Refresh] done in 15ms @ webpack-internal:///(app-pages-browser)/./node_modules/next/dist/next-devtools/shared/forward-logs-shared.js:44
[   78292ms] [WARNING] Error while trying to use the following icon from the Manifest: http://localhost:3000/icons/icon-192.png (Download error or resource isn't a valid image) @ http://localhost:3000/login:0
[   78310ms] [LOG] [Fast Refresh] rebuilding @ webpack-internal:///(app-pages-browser)/./node_modules/next/dist/next-devtools/shared/forward-logs-shared.js:44
[   78320ms] [LOG] [Fast Refresh] done in 11ms @ webpack-internal:///(app-pages-browser)/./node_modules/next/dist/next-devtools/shared/forward-logs-shared.js:44
[   78351ms] [WARNING] Error while trying to use the following icon from the Manifest: http://localhost:3000/icons/icon-192.png (Download error or resource isn't a valid image) @ http://localhost:3000/login:0
[   78371ms] [LOG] [Fast Refresh] rebuilding @ webpack-internal:///(app-pages-browser)/./node_modules/next/dist/next-devtools/shared/forward-logs-shared.js:44
[   78387ms] [LOG] [Fast Refresh] done in 16ms @ webpack-internal:///(app-pages-browser)/./node_modules/next/dist/next-devtools/shared/forward-logs-shared.js:44
[   78416ms] [WARNING] Error while trying to use the following icon from the Manifest: http://localhost:3000/icons/icon-192.png (Download error or resource isn't a valid image) @ http://localhost:3000/login:0
[   78433ms] [LOG] [Fast Refresh] rebuilding @ webpack-internal:///(app-pages-browser)/./node_modules/next/dist/next-devtools/shared/forward-logs-shared.js:44
[   78443ms] [LOG] [Fast Refresh] done in 11ms @ webpack-internal:///(app-pages-browser)/./node_modules/next/dist/next-devtools/shared/forward-logs-shared.js:44
[   78476ms] [WARNING] Error while trying to use the following icon from the Manifest: http://localhost:3000/icons/icon-192.png (Download error or resource isn't a valid image) @ http://localhost:3000/login:0
[   78495ms] [LOG] [Fast Refresh] rebuilding @ webpack-internal:///(app-pages-browser)/./node_modules/next/dist/next-devtools/shared/forward-logs-shared.js:44
[   78511ms] [LOG] [Fast Refresh] done in 16ms @ webpack-internal:///(app-pages-browser)/./node_modules/next/dist/next-devtools/shared/forward-logs-shared.js:44
[   78575ms] [WARNING] Error while trying to use the following icon from the Manifest: http://localhost:3000/icons/icon-192.png (Download error or resource isn't a valid image) @ http://localhost:3000/login:0
[   78592ms] [LOG] [Fast Refresh] rebuilding @ webpack-internal:///(app-pages-browser)/./node_modules/next/dist/next-devtools/shared/forward-logs-shared.js:44
[   78604ms] [LOG] [Fast Refresh] done in 11ms @ webpack-internal:///(app-pages-browser)/./node_modules/next/dist/next-devtools/shared/forward-logs-shared.js:44
[   78631ms] [WARNING] Error while trying to use the following icon from the Manifest: http://localhost:3000/icons/icon-192.png (Download error or resource isn't a valid image) @ http://localhost:3000/login:0
[   78648ms] [LOG] [Fast Refresh] rebuilding @ webpack-internal:///(app-pages-browser)/./node_modules/next/dist/next-devtools/shared/forward-logs-shared.js:44
[   78664ms] [LOG] [Fast Refresh] done in 15ms @ webpack-internal:///(app-pages-browser)/./node_modules/next/dist/next-devtools/shared/forward-logs-shared.js:44
[   78692ms] [WARNING] Error while trying to use the following icon from the Manifest: http://localhost:3000/icons/icon-192.png (Download error or resource isn't a valid image) @ http://localhost:3000/login:0
[   78709ms] [LOG] [Fast Refresh] rebuilding @ webpack-internal:///(app-pages-browser)/./node_modules/next/dist/next-devtools/shared/forward-logs-shared.js:44
[   78720ms] [LOG] [Fast Refresh] done in 11ms @ webpack-internal:///(app-pages-browser)/./node_modules/next/dist/next-devtools/shared/forward-logs-shared.js:44
[   78749ms] [WARNING] Error while trying to use the following icon from the Manifest: http://localhost:3000/icons/icon-192.png (Download error or resource isn't a valid image) @ http://localhost:3000/login:0
[   78768ms] [LOG] [Fast Refresh] rebuilding @ webpack-internal:///(app-pages-browser)/./node_modules/next/dist/next-devtools/shared/forward-logs-shared.js:44
[   78784ms] [LOG] [Fast Refresh] done in 16ms @ webpack-internal:///(app-pages-browser)/./node_modules/next/dist/next-devtools/shared/forward-logs-shared.js:44
[   78812ms] [WARNING] Error while trying to use the following icon from the Manifest: http://localhost:3000/icons/icon-192.png (Download error or resource isn't a valid image) @ http://localhost:3000/login:0
[   78830ms] [LOG] [Fast Refresh] rebuilding @ webpack-internal:///(app-pages-browser)/./node_modules/next/dist/next-devtools/shared/forward-logs-shared.js:44
[   78842ms] [LOG] [Fast Refresh] done in 12ms @ webpack-internal:///(app-pages-browser)/./node_modules/next/dist/next-devtools/shared/forward-logs-shared.js:44
[   78868ms] [WARNING] Error while trying to use the following icon from the Manifest: http://localhost:3000/icons/icon-192.png (Download error or resource isn't a valid image) @ http://localhost:3000/login:0
[   78886ms] [LOG] [Fast Refresh] rebuilding @ webpack-internal:///(app-pages-browser)/./node_modules/next/dist/next-devtools/shared/forward-logs-shared.js:44
[   78901ms] [LOG] [Fast Refresh] done in 16ms @ webpack-internal:///(app-pages-browser)/./node_modules/next/dist/next-devtools/shared/forward-logs-shared.js:44
[   78930ms] [WARNING] Error while trying to use the following icon from the Manifest: http://localhost:3000/icons/icon-192.png (Download error or resource isn't a valid image) @ http://localhost:3000/login:0
[   78948ms] [LOG] [Fast Refresh] rebuilding @ webpack-internal:///(app-pages-browser)/./node_modules/next/dist/next-devtools/shared/forward-logs-shared.js:44
[   78960ms] [LOG] [Fast Refresh] done in 12ms @ webpack-internal:///(app-pages-browser)/./node_modules/next/dist/next-devtools/shared/forward-logs-shared.js:44
[   78987ms] [WARNING] Error while trying to use the following icon from the Manifest: http://localhost:3000/icons/icon-192.png (Download error or resource isn't a valid image) @ http://localhost:3000/login:0
[   79006ms] [LOG] [Fast Refresh] rebuilding @ webpack-internal:///(app-pages-browser)/./node_modules/next/dist/next-devtools/shared/forward-logs-shared.js:44
[   79022ms] [LOG] [Fast Refresh] done in 16ms @ webpack-internal:///(app-pages-browser)/./node_modules/next/dist/next-devtools/shared/forward-logs-shared.js:44
[   79054ms] [WARNING] Error while trying to use the following icon from the Manifest: http://localhost:3000/icons/icon-192.png (Download error or resource isn't a valid image) @ http://localhost:3000/login:0
[   79071ms] [LOG] [Fast Refresh] rebuilding @ webpack-internal:///(app-pages-browser)/./node_modules/next/dist/next-devtools/shared/forward-logs-shared.js:44
[   79083ms] [LOG] [Fast Refresh] done in 11ms @ webpack-internal:///(app-pages-browser)/./node_modules/next/dist/next-devtools/shared/forward-logs-shared.js:44
[   79112ms] [WARNING] Error while trying to use the following icon from the Manifest: http://localhost:3000/icons/icon-192.png (Download error or resource isn't a valid image) @ http://localhost:3000/login:0
[   79129ms] [LOG] [Fast Refresh] rebuilding @ webpack-internal:///(app-pages-browser)/./node_modules/next/dist/next-devtools/shared/forward-logs-shared.js:44
[   79145ms] [LOG] [Fast Refresh] done in 16ms @ webpack-internal:///(app-pages-browser)/./node_modules/next/dist/next-devtools/shared/forward-logs-shared.js:44
[   79189ms] [LOG] [Fast Refresh] rebuilding @ webpack-internal:///(app-pages-browser)/./node_modules/next/dist/next-devtools/shared/forward-logs-shared.js:44
[   79199ms] [LOG] [Fast Refresh] done in 11ms @ webpack-internal:///(app-pages-browser)/./node_modules/next/dist/next-devtools/shared/forward-logs-shared.js:44
[   79207ms] [WARNING] Error while trying to use the following icon from the Manifest: http://localhost:3000/icons/icon-192.png (Download error or resource isn't a valid image) @ http://localhost:3000/login:0
[   79251ms] [LOG] [Fast Refresh] rebuilding @ webpack-internal:///(app-pages-browser)/./node_modules/next/dist/next-devtools/shared/forward-logs-shared.js:44
[   79267ms] [LOG] [Fast Refresh] done in 15ms @ webpack-internal:///(app-pages-browser)/./node_modules/next/dist/next-devtools/shared/forward-logs-shared.js:44
[   79297ms] [WARNING] Error while trying to use the following icon from the Manifest: http://localhost:3000/icons/icon-192.png (Download error or resource isn't a valid image) @ http://localhost:3000/login:0
[   79314ms] [LOG] [Fast Refresh] rebuilding @ webpack-internal:///(app-pages-browser)/./node_modules/next/dist/next-devtools/shared/forward-logs-shared.js:44
[   79324ms] [LOG] [Fast Refresh] done in 11ms @ webpack-internal:///(app-pages-browser)/./node_modules/next/dist/next-devtools/shared/forward-logs-shared.js:44
[   79353ms] [WARNING] Error while trying to use the following icon from the Manifest: http://localhost:3000/icons/icon-192.png (Download error or resource isn't a valid image) @ http://localhost:3000/login:0
[   79371ms] [LOG] [Fast Refresh] rebuilding @ webpack-internal:///(app-pages-browser)/./node_modules/next/dist/next-devtools/shared/forward-logs-shared.js:44
[   79386ms] [LOG] [Fast Refresh] done in 16ms @ webpack-internal:///(app-pages-browser)/./node_modules/next/dist/next-devtools/shared/forward-logs-shared.js:44
[   79416ms] [WARNING] Error while trying to use the following icon from the Manifest: http://localhost:3000/icons/icon-192.png (Download error or resource isn't a valid image) @ http://localhost:3000/login:0
[   79433ms] [LOG] [Fast Refresh] rebuilding @ webpack-internal:///(app-pages-browser)/./node_modules/next/dist/next-devtools/shared/forward-logs-shared.js:44
[   79445ms] [LOG] [Fast Refresh] done in 12ms @ webpack-internal:///(app-pages-browser)/./node_modules/next/dist/next-devtools/shared/forward-logs-shared.js:44
[   79490ms] [LOG] [Fast Refresh] rebuilding @ webpack-internal:///(app-pages-browser)/./node_modules/next/dist/next-devtools/shared/forward-logs-shared.js:44
[   79506ms] [LOG] [Fast Refresh] done in 17ms @ webpack-internal:///(app-pages-browser)/./node_modules/next/dist/next-devtools/shared/forward-logs-shared.js:44
[   79565ms] [LOG] [Fast Refresh] rebuilding @ webpack-internal:///(app-pages-browser)/./node_modules/next/dist/next-devtools/shared/forward-logs-shared.js:44
[   79577ms] [LOG] [Fast Refresh] done in 12ms @ webpack-internal:///(app-pages-browser)/./node_modules/next/dist/next-devtools/shared/forward-logs-shared.js:44
[   79607ms] [WARNING] Error while trying to use the following icon from the Manifest: http://localhost:3000/icons/icon-192.png (Download error or resource isn't a valid image) @ http://localhost:3000/login:0
[   79624ms] [LOG] [Fast Refresh] rebuilding @ webpack-internal:///(app-pages-browser)/./node_modules/next/dist/next-devtools/shared/forward-logs-shared.js:44
[   79640ms] [LOG] [Fast Refresh] done in 16ms @ webpack-internal:///(app-pages-browser)/./node_modules/next/dist/next-devtools/shared/forward-logs-shared.js:44
[   79672ms] [WARNING] Error while trying to use the following icon from the Manifest: http://localhost:3000/icons/icon-192.png (Download error or resource isn't a valid image) @ http://localhost:3000/login:0
[   79690ms] [LOG] [Fast Refresh] rebuilding @ webpack-internal:///(app-pages-browser)/./node_modules/next/dist/next-devtools/shared/forward-logs-shared.js:44
[   79702ms] [LOG] [Fast Refresh] done in 13ms @ webpack-internal:///(app-pages-browser)/./node_modules/next/dist/next-devtools/shared/forward-logs-shared.js:44
[   79731ms] [WARNING] Error while trying to use the following icon from the Manifest: http://localhost:3000/icons/icon-192.png (Download error or resource isn't a valid image) @ http://localhost:3000/login:0
[   79749ms] [LOG] [Fast Refresh] rebuilding @ webpack-internal:///(app-pages-browser)/./node_modules/next/dist/next-devtools/shared/forward-logs-shared.js:44
[   79764ms] [LOG] [Fast Refresh] done in 16ms @ webpack-internal:///(app-pages-browser)/./node_modules/next/dist/next-devtools/shared/forward-logs-shared.js:44
[   79792ms] [WARNING] Error while trying to use the following icon from the Manifest: http://localhost:3000/icons/icon-192.png (Download error or resource isn't a valid image) @ http://localhost:3000/login:0
[   79810ms] [LOG] [Fast Refresh] rebuilding @ webpack-internal:///(app-pages-browser)/./node_modules/next/dist/next-devtools/shared/forward-logs-shared.js:44
[   79821ms] [LOG] [Fast Refresh] done in 11ms @ webpack-internal:///(app-pages-browser)/./node_modules/next/dist/next-devtools/shared/forward-logs-shared.js:44
[   79849ms] [WARNING] Error while trying to use the following icon from the Manifest: http://localhost:3000/icons/icon-192.png (Download error or resource isn't a valid image) @ http://localhost:3000/login:0
[   79866ms] [LOG] [Fast Refresh] rebuilding @ webpack-internal:///(app-pages-browser)/./node_modules/next/dist/next-devtools/shared/forward-logs-shared.js:44
[   79882ms] [LOG] [Fast Refresh] done in 15ms @ webpack-internal:///(app-pages-browser)/./node_modules/next/dist/next-devtools/shared/forward-logs-shared.js:44
[   79909ms] [WARNING] Error while trying to use the following icon from the Manifest: http://localhost:3000/icons/icon-192.png (Download error or resource isn't a valid image) @ http://localhost:3000/login:0
[   79928ms] [LOG] [Fast Refresh] rebuilding @ webpack-internal:///(app-pages-browser)/./node_modules/next/dist/next-devtools/shared/forward-logs-shared.js:44
[   79939ms] [LOG] [Fast Refresh] done in 11ms @ webpack-internal:///(app-pages-browser)/./node_modules/next/dist/next-devtools/shared/forward-logs-shared.js:44
[   79969ms] [WARNING] Error while trying to use the following icon from the Manifest: http://localhost:3000/icons/icon-192.png (Download error or resource isn't a valid image) @ http://localhost:3000/login:0
[   79985ms] [LOG] [Fast Refresh] rebuilding @ webpack-internal:///(app-pages-browser)/./node_modules/next/dist/next-devtools/shared/forward-logs-shared.js:44
[   80001ms] [LOG] [Fast Refresh] done in 16ms @ webpack-internal:///(app-pages-browser)/./node_modules/next/dist/next-devtools/shared/forward-logs-shared.js:44
[   80047ms] [LOG] [Fast Refresh] rebuilding @ webpack-internal:///(app-pages-browser)/./node_modules/next/dist/next-devtools/shared/forward-logs-shared.js:44
[   80057ms] [LOG] [Fast Refresh] done in 10ms @ webpack-internal:///(app-pages-browser)/./node_modules/next/dist/next-devtools/shared/forward-logs-shared.js:44
[   80067ms] [WARNING] Error while trying to use the following icon from the Manifest: http://localhost:3000/icons/icon-192.png (Download error or resource isn't a valid image) @ http://localhost:3000/login:0
[   80106ms] [LOG] [Fast Refresh] rebuilding @ webpack-internal:///(app-pages-browser)/./node_modules/next/dist/next-devtools/shared/forward-logs-shared.js:44
[   80122ms] [LOG] [Fast Refresh] done in 16ms @ webpack-internal:///(app-pages-browser)/./node_modules/next/dist/next-devtools/shared/forward-logs-shared.js:44
[   80151ms] [WARNING] Error while trying to use the following icon from the Manifest: http://localhost:3000/icons/icon-192.png (Download error or resource isn't a valid image) @ http://localhost:3000/login:0
[   80168ms] [LOG] [Fast Refresh] rebuilding @ webpack-internal:///(app-pages-browser)/./node_modules/next/dist/next-devtools/shared/forward-logs-shared.js:44
[   80179ms] [LOG] [Fast Refresh] done in 11ms @ webpack-internal:///(app-pages-browser)/./node_modules/next/dist/next-devtools/shared/forward-logs-shared.js:44
[   80205ms] [WARNING] Error while trying to use the following icon from the Manifest: http://localhost:3000/icons/icon-192.png (Download error or resource isn't a valid image) @ http://localhost:3000/login:0
[   80224ms] [LOG] [Fast Refresh] rebuilding @ webpack-internal:///(app-pages-browser)/./node_modules/next/dist/next-devtools/shared/forward-logs-shared.js:44
[   80239ms] [LOG] [Fast Refresh] done in 16ms @ webpack-internal:///(app-pages-browser)/./node_modules/next/dist/next-devtools/shared/forward-logs-shared.js:44
[   80270ms] [WARNING] Error while trying to use the following icon from the Manifest: http://localhost:3000/icons/icon-192.png (Download error or resource isn't a valid image) @ http://localhost:3000/login:0
[   80287ms] [LOG] [Fast Refresh] rebuilding @ webpack-internal:///(app-pages-browser)/./node_modules/next/dist/next-devtools/shared/forward-logs-shared.js:44
[   80299ms] [LOG] [Fast Refresh] done in 13ms @ webpack-internal:///(app-pages-browser)/./node_modules/next/dist/next-devtools/shared/forward-logs-shared.js:44
[   80330ms] [WARNING] Error while trying to use the following icon from the Manifest: http://localhost:3000/icons/icon-192.png (Download error or resource isn't a valid image) @ http://localhost:3000/login:0
[   80347ms] [LOG] [Fast Refresh] rebuilding @ webpack-internal:///(app-pages-browser)/./node_modules/next/dist/next-devtools/shared/forward-logs-shared.js:44
[   80362ms] [LOG] [Fast Refresh] done in 16ms @ webpack-internal:///(app-pages-browser)/./node_modules/next/dist/next-devtools/shared/forward-logs-shared.js:44
[   80392ms] [WARNING] Error while trying to use the following icon from the Manifest: http://localhost:3000/icons/icon-192.png (Download error or resource isn't a valid image) @ http://localhost:3000/login:0
[   80409ms] [LOG] [Fast Refresh] rebuilding @ webpack-internal:///(app-pages-browser)/./node_modules/next/dist/next-devtools/shared/forward-logs-shared.js:44
[   80420ms] [LOG] [Fast Refresh] done in 12ms @ webpack-internal:///(app-pages-browser)/./node_modules/next/dist/next-devtools/shared/forward-logs-shared.js:44
[   80450ms] [WARNING] Error while trying to use the following icon from the Manifest: http://localhost:3000/icons/icon-192.png (Download error or resource isn't a valid image) @ http://localhost:3000/login:0
[   80468ms] [LOG] [Fast Refresh] rebuilding @ webpack-internal:///(app-pages-browser)/./node_modules/next/dist/next-devtools/shared/forward-logs-shared.js:44
[   80484ms] [LOG] [Fast Refresh] done in 16ms @ webpack-internal:///(app-pages-browser)/./node_modules/next/dist/next-devtools/shared/forward-logs-shared.js:44
[   80514ms] [WARNING] Error while trying to use the following icon from the Manifest: http://localhost:3000/icons/icon-192.png (Download error or resource isn't a valid image) @ http://localhost:3000/login:0
[   80532ms] [LOG] [Fast Refresh] rebuilding @ webpack-internal:///(app-pages-browser)/./node_modules/next/dist/next-devtools/shared/forward-logs-shared.js:44
[   80543ms] [LOG] [Fast Refresh] done in 12ms @ webpack-internal:///(app-pages-browser)/./node_modules/next/dist/next-devtools/shared/forward-logs-shared.js:44
[   80573ms] [WARNING] Error while trying to use the following icon from the Manifest: http://localhost:3000/icons/icon-192.png (Download error or resource isn't a valid image) @ http://localhost:3000/login:0
[   80591ms] [LOG] [Fast Refresh] rebuilding @ webpack-internal:///(app-pages-browser)/./node_modules/next/dist/next-devtools/shared/forward-logs-shared.js:44
[   80606ms] [LOG] [Fast Refresh] done in 15ms @ webpack-internal:///(app-pages-browser)/./node_modules/next/dist/next-devtools/shared/forward-logs-shared.js:44
[   80634ms] [WARNING] Error while trying to use the following icon from the Manifest: http://localhost:3000/icons/icon-192.png (Download error or resource isn't a valid image) @ http://localhost:3000/login:0
[   80651ms] [LOG] [Fast Refresh] rebuilding @ webpack-internal:///(app-pages-browser)/./node_modules/next/dist/next-devtools/shared/forward-logs-shared.js:44
[   80663ms] [LOG] [Fast Refresh] done in 12ms @ webpack-internal:///(app-pages-browser)/./node_modules/next/dist/next-devtools/shared/forward-logs-shared.js:44
[   80690ms] [WARNING] Error while trying to use the following icon from the Manifest: http://localhost:3000/icons/icon-192.png (Download error or resource isn't a valid image) @ http://localhost:3000/login:0
[   80708ms] [LOG] [Fast Refresh] rebuilding @ webpack-internal:///(app-pages-browser)/./node_modules/next/dist/next-devtools/shared/forward-logs-shared.js:44
[   80723ms] [LOG] [Fast Refresh] done in 16ms @ webpack-internal:///(app-pages-browser)/./node_modules/next/dist/next-devtools/shared/forward-logs-shared.js:44
[   80750ms] [WARNING] Error while trying to use the following icon from the Manifest: http://localhost:3000/icons/icon-192.png (Download error or resource isn't a valid image) @ http://localhost:3000/login:0
[   80767ms] [LOG] [Fast Refresh] rebuilding @ webpack-internal:///(app-pages-browser)/./node_modules/next/dist/next-devtools/shared/forward-logs-shared.js:44
[   80779ms] [LOG] [Fast Refresh] done in 11ms @ webpack-internal:///(app-pages-browser)/./node_modules/next/dist/next-devtools/shared/forward-logs-shared.js:44
[   80807ms] [WARNING] Error while trying to use the following icon from the Manifest: http://localhost:3000/icons/icon-192.png (Download error or resource isn't a valid image) @ http://localhost:3000/login:0
[   80826ms] [LOG] [Fast Refresh] rebuilding @ webpack-internal:///(app-pages-browser)/./node_modules/next/dist/next-devtools/shared/forward-logs-shared.js:44
[   80842ms] [LOG] [Fast Refresh] done in 16ms @ webpack-internal:///(app-pages-browser)/./node_modules/next/dist/next-devtools/shared/forward-logs-shared.js:44
[   80871ms] [WARNING] Error while trying to use the following icon from the Manifest: http://localhost:3000/icons/icon-192.png (Download error or resource isn't a valid image) @ http://localhost:3000/login:0
[   80889ms] [LOG] [Fast Refresh] rebuilding @ webpack-internal:///(app-pages-browser)/./node_modules/next/dist/next-devtools/shared/forward-logs-shared.js:44
[   80900ms] [LOG] [Fast Refresh] done in 12ms @ webpack-internal:///(app-pages-browser)/./node_modules/next/dist/next-devtools/shared/forward-logs-shared.js:44
[   80946ms] [LOG] [Fast Refresh] rebuilding @ webpack-internal:///(app-pages-browser)/./node_modules/next/dist/next-devtools/shared/forward-logs-shared.js:44
[   80962ms] [LOG] [Fast Refresh] done in 16ms @ webpack-internal:///(app-pages-browser)/./node_modules/next/dist/next-devtools/shared/forward-logs-shared.js:44
[   80991ms] [WARNING] Error while trying to use the following icon from the Manifest: http://localhost:3000/icons/icon-192.png (Download error or resource isn't a valid image) @ http://localhost:3000/login:0
[   81006ms] [LOG] [Fast Refresh] rebuilding @ webpack-internal:///(app-pages-browser)/./node_modules/next/dist/next-devtools/shared/forward-logs-shared.js:44
[   81018ms] [LOG] [Fast Refresh] done in 11ms @ webpack-internal:///(app-pages-browser)/./node_modules/next/dist/next-devtools/shared/forward-logs-shared.js:44
[   81047ms] [WARNING] Error while trying to use the following icon from the Manifest: http://localhost:3000/icons/icon-192.png (Download error or resource isn't a valid image) @ http://localhost:3000/login:0
[   81065ms] [LOG] [Fast Refresh] rebuilding @ webpack-internal:///(app-pages-browser)/./node_modules/next/dist/next-devtools/shared/forward-logs-shared.js:44
[   81081ms] [LOG] [Fast Refresh] done in 15ms @ webpack-internal:///(app-pages-browser)/./node_modules/next/dist/next-devtools/shared/forward-logs-shared.js:44
[   81109ms] [WARNING] Error while trying to use the following icon from the Manifest: http://localhost:3000/icons/icon-192.png (Download error or resource isn't a valid image) @ http://localhost:3000/login:0
[   81127ms] [LOG] [Fast Refresh] rebuilding @ webpack-internal:///(app-pages-browser)/./node_modules/next/dist/next-devtools/shared/forward-logs-shared.js:44
[   81140ms] [LOG] [Fast Refresh] done in 13ms @ webpack-internal:///(app-pages-browser)/./node_modules/next/dist/next-devtools/shared/forward-logs-shared.js:44
[   81194ms] [WARNING] Error while trying to use the following icon from the Manifest: http://localhost:3000/icons/icon-192.png (Download error or resource isn't a valid image) @ http://localhost:3000/login:0
[   81197ms] [LOG] [Fast Refresh] rebuilding @ webpack-internal:///(app-pages-browser)/./node_modules/next/dist/next-devtools/shared/forward-logs-shared.js:44
[   81213ms] [LOG] [Fast Refresh] done in 17ms @ webpack-internal:///(app-pages-browser)/./node_modules/next/dist/next-devtools/shared/forward-logs-shared.js:44
[   81243ms] [WARNING] Error while trying to use the following icon from the Manifest: http://localhost:3000/icons/icon-192.png (Download error or resource isn't a valid image) @ http://localhost:3000/login:0
[   81260ms] [LOG] [Fast Refresh] rebuilding @ webpack-internal:///(app-pages-browser)/./node_modules/next/dist/next-devtools/shared/forward-logs-shared.js:44
[   81271ms] [LOG] [Fast Refresh] done in 11ms @ webpack-internal:///(app-pages-browser)/./node_modules/next/dist/next-devtools/shared/forward-logs-shared.js:44
[   81299ms] [WARNING] Error while trying to use the following icon from the Manifest: http://localhost:3000/icons/icon-192.png (Download error or resource isn't a valid image) @ http://localhost:3000/login:0
[   81317ms] [LOG] [Fast Refresh] rebuilding @ webpack-internal:///(app-pages-browser)/./node_modules/next/dist/next-devtools/shared/forward-logs-shared.js:44
[   81333ms] [LOG] [Fast Refresh] done in 16ms @ webpack-internal:///(app-pages-browser)/./node_modules/next/dist/next-devtools/shared/forward-logs-shared.js:44
[   81361ms] [WARNING] Error while trying to use the following icon from the Manifest: http://localhost:3000/icons/icon-192.png (Download error or resource isn't a valid image) @ http://localhost:3000/login:0
[   81378ms] [LOG] [Fast Refresh] rebuilding @ webpack-internal:///(app-pages-browser)/./node_modules/next/dist/next-devtools/shared/forward-logs-shared.js:44
[   81389ms] [LOG] [Fast Refresh] done in 11ms @ webpack-internal:///(app-pages-browser)/./node_modules/next/dist/next-devtools/shared/forward-logs-shared.js:44
[   81418ms] [WARNING] Error while trying to use the following icon from the Manifest: http://localhost:3000/icons/icon-192.png (Download error or resource isn't a valid image) @ http://localhost:3000/login:0
[   81435ms] [LOG] [Fast Refresh] rebuilding @ webpack-internal:///(app-pages-browser)/./node_modules/next/dist/next-devtools/shared/forward-logs-shared.js:44
[   81451ms] [LOG] [Fast Refresh] done in 17ms @ webpack-internal:///(app-pages-browser)/./node_modules/next/dist/next-devtools/shared/forward-logs-shared.js:44
[   81480ms] [WARNING] Error while trying to use the following icon from the Manifest: http://localhost:3000/icons/icon-192.png (Download error or resource isn't a valid image) @ http://localhost:3000/login:0
[   81496ms] [LOG] [Fast Refresh] rebuilding @ webpack-internal:///(app-pages-browser)/./node_modules/next/dist/next-devtools/shared/forward-logs-shared.js:44
[   81508ms] [LOG] [Fast Refresh] done in 11ms @ webpack-internal:///(app-pages-browser)/./node_modules/next/dist/next-devtools/shared/forward-logs-shared.js:44
[   81538ms] [WARNING] Error while trying to use the following icon from the Manifest: http://localhost:3000/icons/icon-192.png (Download error or resource isn't a valid image) @ http://localhost:3000/login:0
[   81555ms] [LOG] [Fast Refresh] rebuilding @ webpack-internal:///(app-pages-browser)/./node_modules/next/dist/next-devtools/shared/forward-logs-shared.js:44
[   81571ms] [LOG] [Fast Refresh] done in 16ms @ webpack-internal:///(app-pages-browser)/./node_modules/next/dist/next-devtools/shared/forward-logs-shared.js:44
[   81617ms] [LOG] [Fast Refresh] rebuilding @ webpack-internal:///(app-pages-browser)/./node_modules/next/dist/next-devtools/shared/forward-logs-shared.js:44
[   81628ms] [LOG] [Fast Refresh] done in 12ms @ webpack-internal:///(app-pages-browser)/./node_modules/next/dist/next-devtools/shared/forward-logs-shared.js:44
[   81657ms] [WARNING] Error while trying to use the following icon from the Manifest: http://localhost:3000/icons/icon-192.png (Download error or resource isn't a valid image) @ http://localhost:3000/login:0
[   81674ms] [LOG] [Fast Refresh] rebuilding @ webpack-internal:///(app-pages-browser)/./node_modules/next/dist/next-devtools/shared/forward-logs-shared.js:44
[   81690ms] [LOG] [Fast Refresh] done in 15ms @ webpack-internal:///(app-pages-browser)/./node_modules/next/dist/next-devtools/shared/forward-logs-shared.js:44
[   81720ms] [WARNING] Error while trying to use the following icon from the Manifest: http://localhost:3000/icons/icon-192.png (Download error or resource isn't a valid image) @ http://localhost:3000/login:0
[   81737ms] [LOG] [Fast Refresh] rebuilding @ webpack-internal:///(app-pages-browser)/./node_modules/next/dist/next-devtools/shared/forward-logs-shared.js:44
[   81748ms] [LOG] [Fast Refresh] done in 11ms @ webpack-internal:///(app-pages-browser)/./node_modules/next/dist/next-devtools/shared/forward-logs-shared.js:44
[   81778ms] [WARNING] Error while trying to use the following icon from the Manifest: http://localhost:3000/icons/icon-192.png (Download error or resource isn't a valid image) @ http://localhost:3000/login:0
[   81796ms] [LOG] [Fast Refresh] rebuilding @ webpack-internal:///(app-pages-browser)/./node_modules/next/dist/next-devtools/shared/forward-logs-shared.js:44
[   81812ms] [LOG] [Fast Refresh] done in 16ms @ webpack-internal:///(app-pages-browser)/./node_modules/next/dist/next-devtools/shared/forward-logs-shared.js:44
[   81840ms] [WARNING] Error while trying to use the following icon from the Manifest: http://localhost:3000/icons/icon-192.png (Download error or resource isn't a valid image) @ http://localhost:3000/login:0
[   81857ms] [LOG] [Fast Refresh] rebuilding @ webpack-internal:///(app-pages-browser)/./node_modules/next/dist/next-devtools/shared/forward-logs-shared.js:44
[   81868ms] [LOG] [Fast Refresh] done in 12ms @ webpack-internal:///(app-pages-browser)/./node_modules/next/dist/next-devtools/shared/forward-logs-shared.js:44
[   81897ms] [WARNING] Error while trying to use the following icon from the Manifest: http://localhost:3000/icons/icon-192.png (Download error or resource isn't a valid image) @ http://localhost:3000/login:0
[   81915ms] [LOG] [Fast Refresh] rebuilding @ webpack-internal:///(app-pages-browser)/./node_modules/next/dist/next-devtools/shared/forward-logs-shared.js:44
[   81930ms] [LOG] [Fast Refresh] done in 16ms @ webpack-internal:///(app-pages-browser)/./node_modules/next/dist/next-devtools/shared/forward-logs-shared.js:44
[   81959ms] [WARNING] Error while trying to use the following icon from the Manifest: http://localhost:3000/icons/icon-192.png (Download error or resource isn't a valid image) @ http://localhost:3000/login:0
[   81976ms] [LOG] [Fast Refresh] rebuilding @ webpack-internal:///(app-pages-browser)/./node_modules/next/dist/next-devtools/shared/forward-logs-shared.js:44
[   81987ms] [LOG] [Fast Refresh] done in 11ms @ webpack-internal:///(app-pages-browser)/./node_modules/next/dist/next-devtools/shared/forward-logs-shared.js:44
[   82015ms] [WARNING] Error while trying to use the following icon from the Manifest: http://localhost:3000/icons/icon-192.png (Download error or resource isn't a valid image) @ http://localhost:3000/login:0
[   82033ms] [LOG] [Fast Refresh] rebuilding @ webpack-internal:///(app-pages-browser)/./node_modules/next/dist/next-devtools/shared/forward-logs-shared.js:44
[   82050ms] [LOG] [Fast Refresh] done in 18ms @ webpack-internal:///(app-pages-browser)/./node_modules/next/dist/next-devtools/shared/forward-logs-shared.js:44
[   82083ms] [WARNING] Error while trying to use the following icon from the Manifest: http://localhost:3000/icons/icon-192.png (Download error or resource isn't a valid image) @ http://localhost:3000/login:0
[   82100ms] [LOG] [Fast Refresh] rebuilding @ webpack-internal:///(app-pages-browser)/./node_modules/next/dist/next-devtools/shared/forward-logs-shared.js:44
[   82112ms] [LOG] [Fast Refresh] done in 11ms @ webpack-internal:///(app-pages-browser)/./node_modules/next/dist/next-devtools/shared/forward-logs-shared.js:44
[   82139ms] [WARNING] Error while trying to use the following icon from the Manifest: http://localhost:3000/icons/icon-192.png (Download error or resource isn't a valid image) @ http://localhost:3000/login:0
[   82156ms] [LOG] [Fast Refresh] rebuilding @ webpack-internal:///(app-pages-browser)/./node_modules/next/dist/next-devtools/shared/forward-logs-shared.js:44
[   82171ms] [LOG] [Fast Refresh] done in 16ms @ webpack-internal:///(app-pages-browser)/./node_modules/next/dist/next-devtools/shared/forward-logs-shared.js:44
[   82201ms] [WARNING] Error while trying to use the following icon from the Manifest: http://localhost:3000/icons/icon-192.png (Download error or resource isn't a valid image) @ http://localhost:3000/login:0
[   82218ms] [LOG] [Fast Refresh] rebuilding @ webpack-internal:///(app-pages-browser)/./node_modules/next/dist/next-devtools/shared/forward-logs-shared.js:44
[   82229ms] [LOG] [Fast Refresh] done in 11ms @ webpack-internal:///(app-pages-browser)/./node_modules/next/dist/next-devtools/shared/forward-logs-shared.js:44
[   82256ms] [WARNING] Error while trying to use the following icon from the Manifest: http://localhost:3000/icons/icon-192.png (Download error or resource isn't a valid image) @ http://localhost:3000/login:0
[   82273ms] [LOG] [Fast Refresh] rebuilding @ webpack-internal:///(app-pages-browser)/./node_modules/next/dist/next-devtools/shared/forward-logs-shared.js:44
[   82289ms] [LOG] [Fast Refresh] done in 16ms @ webpack-internal:///(app-pages-browser)/./node_modules/next/dist/next-devtools/shared/forward-logs-shared.js:44
[   82318ms] [WARNING] Error while trying to use the following icon from the Manifest: http://localhost:3000/icons/icon-192.png (Download error or resource isn't a valid image) @ http://localhost:3000/login:0
[   82335ms] [LOG] [Fast Refresh] rebuilding @ webpack-internal:///(app-pages-browser)/./node_modules/next/dist/next-devtools/shared/forward-logs-shared.js:44
[   82347ms] [LOG] [Fast Refresh] done in 11ms @ webpack-internal:///(app-pages-browser)/./node_modules/next/dist/next-devtools/shared/forward-logs-shared.js:44
[   82375ms] [WARNING] Error while trying to use the following icon from the Manifest: http://localhost:3000/icons/icon-192.png (Download error or resource isn't a valid image) @ http://localhost:3000/login:0
[   82392ms] [LOG] [Fast Refresh] rebuilding @ webpack-internal:///(app-pages-browser)/./node_modules/next/dist/next-devtools/shared/forward-logs-shared.js:44
[   82408ms] [LOG] [Fast Refresh] done in 15ms @ webpack-internal:///(app-pages-browser)/./node_modules/next/dist/next-devtools/shared/forward-logs-shared.js:44
[   82437ms] [WARNING] Error while trying to use the following icon from the Manifest: http://localhost:3000/icons/icon-192.png (Download error or resource isn't a valid image) @ http://localhost:3000/login:0
[   82454ms] [LOG] [Fast Refresh] rebuilding @ webpack-internal:///(app-pages-browser)/./node_modules/next/dist/next-devtools/shared/forward-logs-shared.js:44
[   82468ms] [LOG] [Fast Refresh] done in 13ms @ webpack-internal:///(app-pages-browser)/./node_modules/next/dist/next-devtools/shared/forward-logs-shared.js:44
[   82494ms] [WARNING] Error while trying to use the following icon from the Manifest: http://localhost:3000/icons/icon-192.png (Download error or resource isn't a valid image) @ http://localhost:3000/login:0
[   82513ms] [LOG] [Fast Refresh] rebuilding @ webpack-internal:///(app-pages-browser)/./node_modules/next/dist/next-devtools/shared/forward-logs-shared.js:44
[   82529ms] [LOG] [Fast Refresh] done in 16ms @ webpack-internal:///(app-pages-browser)/./node_modules/next/dist/next-devtools/shared/forward-logs-shared.js:44
[   82559ms] [WARNING] Error while trying to use the following icon from the Manifest: http://localhost:3000/icons/icon-192.png (Download error or resource isn't a valid image) @ http://localhost:3000/login:0
[   82576ms] [LOG] [Fast Refresh] rebuilding @ webpack-internal:///(app-pages-browser)/./node_modules/next/dist/next-devtools/shared/forward-logs-shared.js:44
[   82588ms] [LOG] [Fast Refresh] done in 11ms @ webpack-internal:///(app-pages-browser)/./node_modules/next/dist/next-devtools/shared/forward-logs-shared.js:44
[   82615ms] [WARNING] Error while trying to use the following icon from the Manifest: http://localhost:3000/icons/icon-192.png (Download error or resource isn't a valid image) @ http://localhost:3000/login:0
[   82633ms] [LOG] [Fast Refresh] rebuilding @ webpack-internal:///(app-pages-browser)/./node_modules/next/dist/next-devtools/shared/forward-logs-shared.js:44
[   82649ms] [LOG] [Fast Refresh] done in 16ms @ webpack-internal:///(app-pages-browser)/./node_modules/next/dist/next-devtools/shared/forward-logs-shared.js:44
[   82677ms] [WARNING] Error while trying to use the following icon from the Manifest: http://localhost:3000/icons/icon-192.png (Download error or resource isn't a valid image) @ http://localhost:3000/login:0
[   82694ms] [LOG] [Fast Refresh] rebuilding @ webpack-internal:///(app-pages-browser)/./node_modules/next/dist/next-devtools/shared/forward-logs-shared.js:44
[   82706ms] [LOG] [Fast Refresh] done in 12ms @ webpack-internal:///(app-pages-browser)/./node_modules/next/dist/next-devtools/shared/forward-logs-shared.js:44
[   82735ms] [WARNING] Error while trying to use the following icon from the Manifest: http://localhost:3000/icons/icon-192.png (Download error or resource isn't a valid image) @ http://localhost:3000/login:0
[   82753ms] [LOG] [Fast Refresh] rebuilding @ webpack-internal:///(app-pages-browser)/./node_modules/next/dist/next-devtools/shared/forward-logs-shared.js:44
[   82768ms] [LOG] [Fast Refresh] done in 16ms @ webpack-internal:///(app-pages-browser)/./node_modules/next/dist/next-devtools/shared/forward-logs-shared.js:44
[   82797ms] [WARNING] Error while trying to use the following icon from the Manifest: http://localhost:3000/icons/icon-192.png (Download error or resource isn't a valid image) @ http://localhost:3000/login:0
[   82814ms] [LOG] [Fast Refresh] rebuilding @ webpack-internal:///(app-pages-browser)/./node_modules/next/dist/next-devtools/shared/forward-logs-shared.js:44
[   82826ms] [LOG] [Fast Refresh] done in 11ms @ webpack-internal:///(app-pages-browser)/./node_modules/next/dist/next-devtools/shared/forward-logs-shared.js:44
[   82853ms] [WARNING] Error while trying to use the following icon from the Manifest: http://localhost:3000/icons/icon-192.png (Download error or resource isn't a valid image) @ http://localhost:3000/login:0
[   82871ms] [LOG] [Fast Refresh] rebuilding @ webpack-internal:///(app-pages-browser)/./node_modules/next/dist/next-devtools/shared/forward-logs-shared.js:44
[   82886ms] [LOG] [Fast Refresh] done in 16ms @ webpack-internal:///(app-pages-browser)/./node_modules/next/dist/next-devtools/shared/forward-logs-shared.js:44
[   82915ms] [WARNING] Error while trying to use the following icon from the Manifest: http://localhost:3000/icons/icon-192.png (Download error or resource isn't a valid image) @ http://localhost:3000/login:0
[   82932ms] [LOG] [Fast Refresh] rebuilding @ webpack-internal:///(app-pages-browser)/./node_modules/next/dist/next-devtools/shared/forward-logs-shared.js:44
[   82943ms] [LOG] [Fast Refresh] done in 12ms @ webpack-internal:///(app-pages-browser)/./node_modules/next/dist/next-devtools/shared/forward-logs-shared.js:44
[   82970ms] [WARNING] Error while trying to use the following icon from the Manifest: http://localhost:3000/icons/icon-192.png (Download error or resource isn't a valid image) @ http://localhost:3000/login:0
[   82987ms] [LOG] [Fast Refresh] rebuilding @ webpack-internal:///(app-pages-browser)/./node_modules/next/dist/next-devtools/shared/forward-logs-shared.js:44
[   83003ms] [LOG] [Fast Refresh] done in 15ms @ webpack-internal:///(app-pages-browser)/./node_modules/next/dist/next-devtools/shared/forward-logs-shared.js:44
[   83031ms] [WARNING] Error while trying to use the following icon from the Manifest: http://localhost:3000/icons/icon-192.png (Download error or resource isn't a valid image) @ http://localhost:3000/login:0
[   83048ms] [LOG] [Fast Refresh] rebuilding @ webpack-internal:///(app-pages-browser)/./node_modules/next/dist/next-devtools/shared/forward-logs-shared.js:44
[   83059ms] [LOG] [Fast Refresh] done in 12ms @ webpack-internal:///(app-pages-browser)/./node_modules/next/dist/next-devtools/shared/forward-logs-shared.js:44
[   83092ms] [WARNING] Error while trying to use the following icon from the Manifest: http://localhost:3000/icons/icon-192.png (Download error or resource isn't a valid image) @ http://localhost:3000/login:0
[   83109ms] [LOG] [Fast Refresh] rebuilding @ webpack-internal:///(app-pages-browser)/./node_modules/next/dist/next-devtools/shared/forward-logs-shared.js:44
[   83126ms] [LOG] [Fast Refresh] done in 17ms @ webpack-internal:///(app-pages-browser)/./node_modules/next/dist/next-devtools/shared/forward-logs-shared.js:44
[   83169ms] [LOG] [Fast Refresh] rebuilding @ webpack-internal:///(app-pages-browser)/./node_modules/next/dist/next-devtools/shared/forward-logs-shared.js:44
[   83181ms] [LOG] [Fast Refresh] done in 12ms @ webpack-internal:///(app-pages-browser)/./node_modules/next/dist/next-devtools/shared/forward-logs-shared.js:44
[   83209ms] [WARNING] Error while trying to use the following icon from the Manifest: http://localhost:3000/icons/icon-192.png (Download error or resource isn't a valid image) @ http://localhost:3000/login:0
[   83227ms] [LOG] [Fast Refresh] rebuilding @ webpack-internal:///(app-pages-browser)/./node_modules/next/dist/next-devtools/shared/forward-logs-shared.js:44
[   83254ms] [LOG] [Fast Refresh] done in 27ms @ webpack-internal:///(app-pages-browser)/./node_modules/next/dist/next-devtools/shared/forward-logs-shared.js:44
[   83826ms] [WARNING] Error while trying to use the following icon from the Manifest: http://localhost:3000/icons/icon-192.png (Download error or resource isn't a valid image) @ http://localhost:3000/login:0
[   83858ms] [LOG] [Fast Refresh] rebuilding @ webpack-internal:///(app-pages-browser)/./node_modules/next/dist/next-devtools/shared/forward-logs-shared.js:44
[   83873ms] [LOG] [Fast Refresh] done in 15ms @ webpack-internal:///(app-pages-browser)/./node_modules/next/dist/next-devtools/shared/forward-logs-shared.js:44
[   83902ms] [WARNING] Error while trying to use the following icon from the Manifest: http://localhost:3000/icons/icon-192.png (Download error or resource isn't a valid image) @ http://localhost:3000/login:0
[   83938ms] [LOG] [Fast Refresh] rebuilding @ webpack-internal:///(app-pages-browser)/./node_modules/next/dist/next-devtools/shared/forward-logs-shared.js:44
[   83952ms] [LOG] [Fast Refresh] done in 14ms @ webpack-internal:///(app-pages-browser)/./node_modules/next/dist/next-devtools/shared/forward-logs-shared.js:44
[   83981ms] [WARNING] Error while trying to use the following icon from the Manifest: http://localhost:3000/icons/icon-192.png (Download error or resource isn't a valid image) @ http://localhost:3000/login:0
[   84000ms] [LOG] [Fast Refresh] rebuilding @ webpack-internal:///(app-pages-browser)/./node_modules/next/dist/next-devtools/shared/forward-logs-shared.js:44
[   84016ms] [LOG] [Fast Refresh] done in 16ms @ webpack-internal:///(app-pages-browser)/./node_modules/next/dist/next-devtools/shared/forward-logs-shared.js:44
[   84045ms] [WARNING] Error while trying to use the following icon from the Manifest: http://localhost:3000/icons/icon-192.png (Download error or resource isn't a valid image) @ http://localhost:3000/login:0
[   84062ms] [LOG] [Fast Refresh] rebuilding @ webpack-internal:///(app-pages-browser)/./node_modules/next/dist/next-devtools/shared/forward-logs-shared.js:44
[   84073ms] [LOG] [Fast Refresh] done in 11ms @ webpack-internal:///(app-pages-browser)/./node_modules/next/dist/next-devtools/shared/forward-logs-shared.js:44
[   84102ms] [WARNING] Error while trying to use the following icon from the Manifest: http://localhost:3000/icons/icon-192.png (Download error or resource isn't a valid image) @ http://localhost:3000/login:0
[   84119ms] [LOG] [Fast Refresh] rebuilding @ webpack-internal:///(app-pages-browser)/./node_modules/next/dist/next-devtools/shared/forward-logs-shared.js:44
[   84134ms] [LOG] [Fast Refresh] done in 15ms @ webpack-internal:///(app-pages-browser)/./node_modules/next/dist/next-devtools/shared/forward-logs-shared.js:44
[   84163ms] [WARNING] Error while trying to use the following icon from the Manifest: http://localhost:3000/icons/icon-192.png (Download error or resource isn't a valid image) @ http://localhost:3000/login:0
[   84181ms] [LOG] [Fast Refresh] rebuilding @ webpack-internal:///(app-pages-browser)/./node_modules/next/dist/next-devtools/shared/forward-logs-shared.js:44
[   84191ms] [LOG] [Fast Refresh] done in 11ms @ webpack-internal:///(app-pages-browser)/./node_modules/next/dist/next-devtools/shared/forward-logs-shared.js:44
[   84221ms] [WARNING] Error while trying to use the following icon from the Manifest: http://localhost:3000/icons/icon-192.png (Download error or resource isn't a valid image) @ http://localhost:3000/login:0
[   84239ms] [LOG] [Fast Refresh] rebuilding @ webpack-internal:///(app-pages-browser)/./node_modules/next/dist/next-devtools/shared/forward-logs-shared.js:44
[   84255ms] [LOG] [Fast Refresh] done in 16ms @ webpack-internal:///(app-pages-browser)/./node_modules/next/dist/next-devtools/shared/forward-logs-shared.js:44
[   84283ms] [WARNING] Error while trying to use the following icon from the Manifest: http://localhost:3000/icons/icon-192.png (Download error or resource isn't a valid image) @ http://localhost:3000/login:0
[   84300ms] [LOG] [Fast Refresh] rebuilding @ webpack-internal:///(app-pages-browser)/./node_modules/next/dist/next-devtools/shared/forward-logs-shared.js:44
[   84311ms] [LOG] [Fast Refresh] done in 10ms @ webpack-internal:///(app-pages-browser)/./node_modules/next/dist/next-devtools/shared/forward-logs-shared.js:44
[   84338ms] [WARNING] Error while trying to use the following icon from the Manifest: http://localhost:3000/icons/icon-192.png (Download error or resource isn't a valid image) @ http://localhost:3000/login:0
[   84356ms] [LOG] [Fast Refresh] rebuilding @ webpack-internal:///(app-pages-browser)/./node_modules/next/dist/next-devtools/shared/forward-logs-shared.js:44
[   84371ms] [LOG] [Fast Refresh] done in 15ms @ webpack-internal:///(app-pages-browser)/./node_modules/next/dist/next-devtools/shared/forward-logs-shared.js:44
[   84413ms] [LOG] [Fast Refresh] rebuilding @ webpack-internal:///(app-pages-browser)/./node_modules/next/dist/next-devtools/shared/forward-logs-shared.js:44
[   84424ms] [LOG] [Fast Refresh] done in 11ms @ webpack-internal:///(app-pages-browser)/./node_modules/next/dist/next-devtools/shared/forward-logs-shared.js:44
[   84454ms] [WARNING] Error while trying to use the following icon from the Manifest: http://localhost:3000/icons/icon-192.png (Download error or resource isn't a valid image) @ http://localhost:3000/login:0
[   84471ms] [LOG] [Fast Refresh] rebuilding @ webpack-internal:///(app-pages-browser)/./node_modules/next/dist/next-devtools/shared/forward-logs-shared.js:44
[   84487ms] [LOG] [Fast Refresh] done in 15ms @ webpack-internal:///(app-pages-browser)/./node_modules/next/dist/next-devtools/shared/forward-logs-shared.js:44
[   84517ms] [WARNING] Error while trying to use the following icon from the Manifest: http://localhost:3000/icons/icon-192.png (Download error or resource isn't a valid image) @ http://localhost:3000/login:0
[   84535ms] [LOG] [Fast Refresh] rebuilding @ webpack-internal:///(app-pages-browser)/./node_modules/next/dist/next-devtools/shared/forward-logs-shared.js:44
[   84546ms] [LOG] [Fast Refresh] done in 12ms @ webpack-internal:///(app-pages-browser)/./node_modules/next/dist/next-devtools/shared/forward-logs-shared.js:44
[   84575ms] [WARNING] Error while trying to use the following icon from the Manifest: http://localhost:3000/icons/icon-192.png (Download error or resource isn't a valid image) @ http://localhost:3000/login:0
[   84593ms] [LOG] [Fast Refresh] rebuilding @ webpack-internal:///(app-pages-browser)/./node_modules/next/dist/next-devtools/shared/forward-logs-shared.js:44
[   84608ms] [LOG] [Fast Refresh] done in 16ms @ webpack-internal:///(app-pages-browser)/./node_modules/next/dist/next-devtools/shared/forward-logs-shared.js:44
[   84636ms] [WARNING] Error while trying to use the following icon from the Manifest: http://localhost:3000/icons/icon-192.png (Download error or resource isn't a valid image) @ http://localhost:3000/login:0
[   84654ms] [LOG] [Fast Refresh] rebuilding @ webpack-internal:///(app-pages-browser)/./node_modules/next/dist/next-devtools/shared/forward-logs-shared.js:44
[   84665ms] [LOG] [Fast Refresh] done in 11ms @ webpack-internal:///(app-pages-browser)/./node_modules/next/dist/next-devtools/shared/forward-logs-shared.js:44
[   84693ms] [WARNING] Error while trying to use the following icon from the Manifest: http://localhost:3000/icons/icon-192.png (Download error or resource isn't a valid image) @ http://localhost:3000/login:0
[   84713ms] [LOG] [Fast Refresh] rebuilding @ webpack-internal:///(app-pages-browser)/./node_modules/next/dist/next-devtools/shared/forward-logs-shared.js:44
[   84728ms] [LOG] [Fast Refresh] done in 16ms @ webpack-internal:///(app-pages-browser)/./node_modules/next/dist/next-devtools/shared/forward-logs-shared.js:44
[   84757ms] [WARNING] Error while trying to use the following icon from the Manifest: http://localhost:3000/icons/icon-192.png (Download error or resource isn't a valid image) @ http://localhost:3000/login:0
[   84773ms] [LOG] [Fast Refresh] rebuilding @ webpack-internal:///(app-pages-browser)/./node_modules/next/dist/next-devtools/shared/forward-logs-shared.js:44
[   84785ms] [LOG] [Fast Refresh] done in 11ms @ webpack-internal:///(app-pages-browser)/./node_modules/next/dist/next-devtools/shared/forward-logs-shared.js:44
[   84815ms] [WARNING] Error while trying to use the following icon from the Manifest: http://localhost:3000/icons/icon-192.png (Download error or resource isn't a valid image) @ http://localhost:3000/login:0
[   84832ms] [LOG] [Fast Refresh] rebuilding @ webpack-internal:///(app-pages-browser)/./node_modules/next/dist/next-devtools/shared/forward-logs-shared.js:44
[   84848ms] [LOG] [Fast Refresh] done in 16ms @ webpack-internal:///(app-pages-browser)/./node_modules/next/dist/next-devtools/shared/forward-logs-shared.js:44
[   84878ms] [WARNING] Error while trying to use the following icon from the Manifest: http://localhost:3000/icons/icon-192.png (Download error or resource isn't a valid image) @ http://localhost:3000/login:0
[   84895ms] [LOG] [Fast Refresh] rebuilding @ webpack-internal:///(app-pages-browser)/./node_modules/next/dist/next-devtools/shared/forward-logs-shared.js:44
[   84906ms] [LOG] [Fast Refresh] done in 12ms @ webpack-internal:///(app-pages-browser)/./node_modules/next/dist/next-devtools/shared/forward-logs-shared.js:44
[   84935ms] [WARNING] Error while trying to use the following icon from the Manifest: http://localhost:3000/icons/icon-192.png (Download error or resource isn't a valid image) @ http://localhost:3000/login:0
[   84953ms] [LOG] [Fast Refresh] rebuilding @ webpack-internal:///(app-pages-browser)/./node_modules/next/dist/next-devtools/shared/forward-logs-shared.js:44
[   84969ms] [LOG] [Fast Refresh] done in 15ms @ webpack-internal:///(app-pages-browser)/./node_modules/next/dist/next-devtools/shared/forward-logs-shared.js:44
[   84999ms] [WARNING] Error while trying to use the following icon from the Manifest: http://localhost:3000/icons/icon-192.png (Download error or resource isn't a valid image) @ http://localhost:3000/login:0
[   85016ms] [LOG] [Fast Refresh] rebuilding @ webpack-internal:///(app-pages-browser)/./node_modules/next/dist/next-devtools/shared/forward-logs-shared.js:44
[   85027ms] [LOG] [Fast Refresh] done in 12ms @ webpack-internal:///(app-pages-browser)/./node_modules/next/dist/next-devtools/shared/forward-logs-shared.js:44
[   85056ms] [WARNING] Error while trying to use the following icon from the Manifest: http://localhost:3000/icons/icon-192.png (Download error or resource isn't a valid image) @ http://localhost:3000/login:0
[   85073ms] [LOG] [Fast Refresh] rebuilding @ webpack-internal:///(app-pages-browser)/./node_modules/next/dist/next-devtools/shared/forward-logs-shared.js:44
[   85089ms] [LOG] [Fast Refresh] done in 15ms @ webpack-internal:///(app-pages-browser)/./node_modules/next/dist/next-devtools/shared/forward-logs-shared.js:44
[   85116ms] [WARNING] Error while trying to use the following icon from the Manifest: http://localhost:3000/icons/icon-192.png (Download error or resource isn't a valid image) @ http://localhost:3000/login:0
[   85133ms] [LOG] [Fast Refresh] rebuilding @ webpack-internal:///(app-pages-browser)/./node_modules/next/dist/next-devtools/shared/forward-logs-shared.js:44
[   85144ms] [LOG] [Fast Refresh] done in 11ms @ webpack-internal:///(app-pages-browser)/./node_modules/next/dist/next-devtools/shared/forward-logs-shared.js:44
[   85170ms] [WARNING] Error while trying to use the following icon from the Manifest: http://localhost:3000/icons/icon-192.png (Download error or resource isn't a valid image) @ http://localhost:3000/login:0
[   85189ms] [LOG] [Fast Refresh] rebuilding @ webpack-internal:///(app-pages-browser)/./node_modules/next/dist/next-devtools/shared/forward-logs-shared.js:44
[   85204ms] [LOG] [Fast Refresh] done in 15ms @ webpack-internal:///(app-pages-browser)/./node_modules/next/dist/next-devtools/shared/forward-logs-shared.js:44
[   85232ms] [WARNING] Error while trying to use the following icon from the Manifest: http://localhost:3000/icons/icon-192.png (Download error or resource isn't a valid image) @ http://localhost:3000/login:0
[   85249ms] [LOG] [Fast Refresh] rebuilding @ webpack-internal:///(app-pages-browser)/./node_modules/next/dist/next-devtools/shared/forward-logs-shared.js:44
[   85260ms] [LOG] [Fast Refresh] done in 11ms @ webpack-internal:///(app-pages-browser)/./node_modules/next/dist/next-devtools/shared/forward-logs-shared.js:44
[   85289ms] [WARNING] Error while trying to use the following icon from the Manifest: http://localhost:3000/icons/icon-192.png (Download error or resource isn't a valid image) @ http://localhost:3000/login:0
[   85307ms] [LOG] [Fast Refresh] rebuilding @ webpack-internal:///(app-pages-browser)/./node_modules/next/dist/next-devtools/shared/forward-logs-shared.js:44
[   85324ms] [LOG] [Fast Refresh] done in 17ms @ webpack-internal:///(app-pages-browser)/./node_modules/next/dist/next-devtools/shared/forward-logs-shared.js:44
[   85355ms] [WARNING] Error while trying to use the following icon from the Manifest: http://localhost:3000/icons/icon-192.png (Download error or resource isn't a valid image) @ http://localhost:3000/login:0
[   85371ms] [LOG] [Fast Refresh] rebuilding @ webpack-internal:///(app-pages-browser)/./node_modules/next/dist/next-devtools/shared/forward-logs-shared.js:44
[   85383ms] [LOG] [Fast Refresh] done in 11ms @ webpack-internal:///(app-pages-browser)/./node_modules/next/dist/next-devtools/shared/forward-logs-shared.js:44
[   85412ms] [WARNING] Error while trying to use the following icon from the Manifest: http://localhost:3000/icons/icon-192.png (Download error or resource isn't a valid image) @ http://localhost:3000/login:0
[   85435ms] [LOG] [Fast Refresh] rebuilding @ webpack-internal:///(app-pages-browser)/./node_modules/next/dist/next-devtools/shared/forward-logs-shared.js:44
[   85451ms] [LOG] [Fast Refresh] done in 17ms @ webpack-internal:///(app-pages-browser)/./node_modules/next/dist/next-devtools/shared/forward-logs-shared.js:44
[   85479ms] [WARNING] Error while trying to use the following icon from the Manifest: http://localhost:3000/icons/icon-192.png (Download error or resource isn't a valid image) @ http://localhost:3000/login:0
[   85497ms] [LOG] [Fast Refresh] rebuilding @ webpack-internal:///(app-pages-browser)/./node_modules/next/dist/next-devtools/shared/forward-logs-shared.js:44
[   85508ms] [LOG] [Fast Refresh] done in 12ms @ webpack-internal:///(app-pages-browser)/./node_modules/next/dist/next-devtools/shared/forward-logs-shared.js:44
[   85539ms] [WARNING] Error while trying to use the following icon from the Manifest: http://localhost:3000/icons/icon-192.png (Download error or resource isn't a valid image) @ http://localhost:3000/login:0
[   85557ms] [LOG] [Fast Refresh] rebuilding @ webpack-internal:///(app-pages-browser)/./node_modules/next/dist/next-devtools/shared/forward-logs-shared.js:44
[   85573ms] [LOG] [Fast Refresh] done in 15ms @ webpack-internal:///(app-pages-browser)/./node_modules/next/dist/next-devtools/shared/forward-logs-shared.js:44
[   85600ms] [WARNING] Error while trying to use the following icon from the Manifest: http://localhost:3000/icons/icon-192.png (Download error or resource isn't a valid image) @ http://localhost:3000/login:0
[   85617ms] [LOG] [Fast Refresh] rebuilding @ webpack-internal:///(app-pages-browser)/./node_modules/next/dist/next-devtools/shared/forward-logs-shared.js:44
[   85628ms] [LOG] [Fast Refresh] done in 11ms @ webpack-internal:///(app-pages-browser)/./node_modules/next/dist/next-devtools/shared/forward-logs-shared.js:44
[   85655ms] [WARNING] Error while trying to use the following icon from the Manifest: http://localhost:3000/icons/icon-192.png (Download error or resource isn't a valid image) @ http://localhost:3000/login:0
[   85676ms] [LOG] [Fast Refresh] rebuilding @ webpack-internal:///(app-pages-browser)/./node_modules/next/dist/next-devtools/shared/forward-logs-shared.js:44
[   85691ms] [LOG] [Fast Refresh] done in 15ms @ webpack-internal:///(app-pages-browser)/./node_modules/next/dist/next-devtools/shared/forward-logs-shared.js:44
[   85720ms] [WARNING] Error while trying to use the following icon from the Manifest: http://localhost:3000/icons/icon-192.png (Download error or resource isn't a valid image) @ http://localhost:3000/login:0
[   85736ms] [LOG] [Fast Refresh] rebuilding @ webpack-internal:///(app-pages-browser)/./node_modules/next/dist/next-devtools/shared/forward-logs-shared.js:44
[   85748ms] [LOG] [Fast Refresh] done in 11ms @ webpack-internal:///(app-pages-browser)/./node_modules/next/dist/next-devtools/shared/forward-logs-shared.js:44
[   85776ms] [WARNING] Error while trying to use the following icon from the Manifest: http://localhost:3000/icons/icon-192.png (Download error or resource isn't a valid image) @ http://localhost:3000/login:0
[   85796ms] [LOG] [Fast Refresh] rebuilding @ webpack-internal:///(app-pages-browser)/./node_modules/next/dist/next-devtools/shared/forward-logs-shared.js:44
[   85812ms] [LOG] [Fast Refresh] done in 15ms @ webpack-internal:///(app-pages-browser)/./node_modules/next/dist/next-devtools/shared/forward-logs-shared.js:44
[   85841ms] [WARNING] Error while trying to use the following icon from the Manifest: http://localhost:3000/icons/icon-192.png (Download error or resource isn't a valid image) @ http://localhost:3000/login:0
[   85858ms] [LOG] [Fast Refresh] rebuilding @ webpack-internal:///(app-pages-browser)/./node_modules/next/dist/next-devtools/shared/forward-logs-shared.js:44
[   85869ms] [LOG] [Fast Refresh] done in 12ms @ webpack-internal:///(app-pages-browser)/./node_modules/next/dist/next-devtools/shared/forward-logs-shared.js:44
