[      13ms] [WARNING] Error while trying to use the following icon from the Manifest: http://localhost:3000/icons/icon-192.png (Download error or resource isn't a valid image) @ http://localhost:3000/login:0
[     405ms] [INFO] %cDownload the React DevTools for a better development experience: https://react.dev/link/react-devtools font-weight:bold @ webpack-internal:///(app-pages-browser)/./node_modules/next/dist/next-devtools/shared/forward-logs-shared.js:44
[     422ms] [LOG] [HMR] connected @ webpack-internal:///(app-pages-browser)/./node_modules/next/dist/next-devtools/shared/forward-logs-shared.js:44
[     431ms] [LOG] [Fast Refresh] rebuilding @ webpack-internal:///(app-pages-browser)/./node_modules/next/dist/next-devtools/shared/forward-logs-shared.js:44
[     456ms] [WARNING] Error while trying to use the following icon from the Manifest: http://localhost:3000/icons/icon-192.png (Download error or resource isn't a valid image) @ http://localhost:3000/login:0
[     500ms] [LOG] [Fast Refresh] rebuilding @ webpack-internal:///(app-pages-browser)/./node_modules/next/dist/next-devtools/shared/forward-logs-shared.js:44
[     541ms] [LOG] [Fast Refresh] done in 41ms @ webpack-internal:///(app-pages-browser)/./node_modules/next/dist/next-devtools/shared/forward-logs-shared.js:44
[     562ms] [LOG] [Fast Refresh] rebuilding @ webpack-internal:///(app-pages-browser)/./node_modules/next/dist/next-devtools/shared/forward-logs-shared.js:44
[     563ms] [WARNING] Error while trying to use the following icon from the Manifest: http://localhost:3000/icons/icon-192.png (Download error or resource isn't a valid image) @ http://localhost:3000/login:0
[     583ms] [LOG] [Fast Refresh] done in 20ms @ webpack-internal:///(app-pages-browser)/./node_modules/next/dist/next-devtools/shared/forward-logs-shared.js:44
[     633ms] [LOG] [Fast Refresh] rebuilding @ webpack-internal:///(app-pages-browser)/./node_modules/next/dist/next-devtools/shared/forward-logs-shared.js:44
[     645ms] [LOG] [Fast Refresh] done in 12ms @ webpack-internal:///(app-pages-browser)/./node_modules/next/dist/next-devtools/shared/forward-logs-shared.js:44
[     675ms] [WARNING] Error while trying to use the following icon from the Manifest: http://localhost:3000/icons/icon-192.png (Download error or resource isn't a valid image) @ http://localhost:3000/login:0
[     693ms] [LOG] [Fast Refresh] rebuilding @ webpack-internal:///(app-pages-browser)/./node_modules/next/dist/next-devtools/shared/forward-logs-shared.js:44
[     709ms] [LOG] [Fast Refresh] done in 16ms @ webpack-internal:///(app-pages-browser)/./node_modules/next/dist/next-devtools/shared/forward-logs-shared.js:44
[     738ms] [WARNING] Error while trying to use the following icon from the Manifest: http://localhost:3000/icons/icon-192.png (Download error or resource isn't a valid image) @ http://localhost:3000/login:0
[     755ms] [LOG] [Fast Refresh] rebuilding @ webpack-internal:///(app-pages-browser)/./node_modules/next/dist/next-devtools/shared/forward-logs-shared.js:44
[     766ms] [LOG] [Fast Refresh] done in 12ms @ webpack-internal:///(app-pages-browser)/./node_modules/next/dist/next-devtools/shared/forward-logs-shared.js:44
[     795ms] [WARNING] Error while trying to use the following icon from the Manifest: http://localhost:3000/icons/icon-192.png (Download error or resource isn't a valid image) @ http://localhost:3000/login:0
[     813ms] [LOG] [Fast Refresh] rebuilding @ webpack-internal:///(app-pages-browser)/./node_modules/next/dist/next-devtools/shared/forward-logs-shared.js:44
[     829ms] [LOG] [Fast Refresh] done in 16ms @ webpack-internal:///(app-pages-browser)/./node_modules/next/dist/next-devtools/shared/forward-logs-shared.js:44
[     861ms] [WARNING] Error while trying to use the following icon from the Manifest: http://localhost:3000/icons/icon-192.png (Download error or resource isn't a valid image) @ http://localhost:3000/login:0
[     878ms] [LOG] [Fast Refresh] rebuilding @ webpack-internal:///(app-pages-browser)/./node_modules/next/dist/next-devtools/shared/forward-logs-shared.js:44
[     890ms] [LOG] [Fast Refresh] done in 11ms @ webpack-internal:///(app-pages-browser)/./node_modules/next/dist/next-devtools/shared/forward-logs-shared.js:44
[     921ms] [WARNING] Error while trying to use the following icon from the Manifest: http://localhost:3000/icons/icon-192.png (Download error or resource isn't a valid image) @ http://localhost:3000/login:0
[     938ms] [LOG] [Fast Refresh] rebuilding @ webpack-internal:///(app-pages-browser)/./node_modules/next/dist/next-devtools/shared/forward-logs-shared.js:44
[     953ms] [LOG] [Fast Refresh] done in 16ms @ webpack-internal:///(app-pages-browser)/./node_modules/next/dist/next-devtools/shared/forward-logs-shared.js:44
[     983ms] [WARNING] Error while trying to use the following icon from the Manifest: http://localhost:3000/icons/icon-192.png (Download error or resource isn't a valid image) @ http://localhost:3000/login:0
[    1000ms] [LOG] [Fast Refresh] rebuilding @ webpack-internal:///(app-pages-browser)/./node_modules/next/dist/next-devtools/shared/forward-logs-shared.js:44
[    1011ms] [LOG] [Fast Refresh] done in 11ms @ webpack-internal:///(app-pages-browser)/./node_modules/next/dist/next-devtools/shared/forward-logs-shared.js:44
[    1040ms] [WARNING] Error while trying to use the following icon from the Manifest: http://localhost:3000/icons/icon-192.png (Download error or resource isn't a valid image) @ http://localhost:3000/login:0
[    1057ms] [LOG] [Fast Refresh] rebuilding @ webpack-internal:///(app-pages-browser)/./node_modules/next/dist/next-devtools/shared/forward-logs-shared.js:44
[    1072ms] [LOG] [Fast Refresh] done in 16ms @ webpack-internal:///(app-pages-browser)/./node_modules/next/dist/next-devtools/shared/forward-logs-shared.js:44
[    1101ms] [WARNING] Error while trying to use the following icon from the Manifest: http://localhost:3000/icons/icon-192.png (Download error or resource isn't a valid image) @ http://localhost:3000/login:0
[    1118ms] [LOG] [Fast Refresh] rebuilding @ webpack-internal:///(app-pages-browser)/./node_modules/next/dist/next-devtools/shared/forward-logs-shared.js:44
[    1130ms] [LOG] [Fast Refresh] done in 12ms @ webpack-internal:///(app-pages-browser)/./node_modules/next/dist/next-devtools/shared/forward-logs-shared.js:44
[    1160ms] [WARNING] Error while trying to use the following icon from the Manifest: http://localhost:3000/icons/icon-192.png (Download error or resource isn't a valid image) @ http://localhost:3000/login:0
[    1178ms] [LOG] [Fast Refresh] rebuilding @ webpack-internal:///(app-pages-browser)/./node_modules/next/dist/next-devtools/shared/forward-logs-shared.js:44
[    1193ms] [LOG] [Fast Refresh] done in 15ms @ webpack-internal:///(app-pages-browser)/./node_modules/next/dist/next-devtools/shared/forward-logs-shared.js:44
[    1222ms] [WARNING] Error while trying to use the following icon from the Manifest: http://localhost:3000/icons/icon-192.png (Download error or resource isn't a valid image) @ http://localhost:3000/login:0
[    1239ms] [LOG] [Fast Refresh] rebuilding @ webpack-internal:///(app-pages-browser)/./node_modules/next/dist/next-devtools/shared/forward-logs-shared.js:44
[    1251ms] [LOG] [Fast Refresh] done in 13ms @ webpack-internal:///(app-pages-browser)/./node_modules/next/dist/next-devtools/shared/forward-logs-shared.js:44
[    1299ms] [WARNING] Error while trying to use the following icon from the Manifest: http://localhost:3000/icons/icon-192.png (Download error or resource isn't a valid image) @ http://localhost:3000/login:0
[    1326ms] [LOG] [Fast Refresh] rebuilding @ webpack-internal:///(app-pages-browser)/./node_modules/next/dist/next-devtools/shared/forward-logs-shared.js:44
[    1342ms] [LOG] [Fast Refresh] done in 16ms @ webpack-internal:///(app-pages-browser)/./node_modules/next/dist/next-devtools/shared/forward-logs-shared.js:44
[    1371ms] [WARNING] Error while trying to use the following icon from the Manifest: http://localhost:3000/icons/icon-192.png (Download error or resource isn't a valid image) @ http://localhost:3000/login:0
[    1389ms] [LOG] [Fast Refresh] rebuilding @ webpack-internal:///(app-pages-browser)/./node_modules/next/dist/next-devtools/shared/forward-logs-shared.js:44
[    1401ms] [LOG] [Fast Refresh] done in 12ms @ webpack-internal:///(app-pages-browser)/./node_modules/next/dist/next-devtools/shared/forward-logs-shared.js:44
[    1429ms] [WARNING] Error while trying to use the following icon from the Manifest: http://localhost:3000/icons/icon-192.png (Download error or resource isn't a valid image) @ http://localhost:3000/login:0
[    1447ms] [LOG] [Fast Refresh] rebuilding @ webpack-internal:///(app-pages-browser)/./node_modules/next/dist/next-devtools/shared/forward-logs-shared.js:44
[    1462ms] [LOG] [Fast Refresh] done in 15ms @ webpack-internal:///(app-pages-browser)/./node_modules/next/dist/next-devtools/shared/forward-logs-shared.js:44
[    1491ms] [WARNING] Error while trying to use the following icon from the Manifest: http://localhost:3000/icons/icon-192.png (Download error or resource isn't a valid image) @ http://localhost:3000/login:0
[    1508ms] [LOG] [Fast Refresh] rebuilding @ webpack-internal:///(app-pages-browser)/./node_modules/next/dist/next-devtools/shared/forward-logs-shared.js:44
[    1521ms] [LOG] [Fast Refresh] done in 13ms @ webpack-internal:///(app-pages-browser)/./node_modules/next/dist/next-devtools/shared/forward-logs-shared.js:44
[    1552ms] [WARNING] Error while trying to use the following icon from the Manifest: http://localhost:3000/icons/icon-192.png (Download error or resource isn't a valid image) @ http://localhost:3000/login:0
[    1573ms] [LOG] [Fast Refresh] rebuilding @ webpack-internal:///(app-pages-browser)/./node_modules/next/dist/next-devtools/shared/forward-logs-shared.js:44
[    1589ms] [LOG] [Fast Refresh] done in 15ms @ webpack-internal:///(app-pages-browser)/./node_modules/next/dist/next-devtools/shared/forward-logs-shared.js:44
[    1618ms] [WARNING] Error while trying to use the following icon from the Manifest: http://localhost:3000/icons/icon-192.png (Download error or resource isn't a valid image) @ http://localhost:3000/login:0
[    1635ms] [LOG] [Fast Refresh] rebuilding @ webpack-internal:///(app-pages-browser)/./node_modules/next/dist/next-devtools/shared/forward-logs-shared.js:44
[    1646ms] [LOG] [Fast Refresh] done in 11ms @ webpack-internal:///(app-pages-browser)/./node_modules/next/dist/next-devtools/shared/forward-logs-shared.js:44
[    1675ms] [WARNING] Error while trying to use the following icon from the Manifest: http://localhost:3000/icons/icon-192.png (Download error or resource isn't a valid image) @ http://localhost:3000/login:0
[    1693ms] [LOG] [Fast Refresh] rebuilding @ webpack-internal:///(app-pages-browser)/./node_modules/next/dist/next-devtools/shared/forward-logs-shared.js:44
[    1709ms] [LOG] [Fast Refresh] done in 15ms @ webpack-internal:///(app-pages-browser)/./node_modules/next/dist/next-devtools/shared/forward-logs-shared.js:44
[    1738ms] [WARNING] Error while trying to use the following icon from the Manifest: http://localhost:3000/icons/icon-192.png (Download error or resource isn't a valid image) @ http://localhost:3000/login:0
[    1757ms] [LOG] [Fast Refresh] rebuilding @ webpack-internal:///(app-pages-browser)/./node_modules/next/dist/next-devtools/shared/forward-logs-shared.js:44
[    1768ms] [LOG] [Fast Refresh] done in 12ms @ webpack-internal:///(app-pages-browser)/./node_modules/next/dist/next-devtools/shared/forward-logs-shared.js:44
[    1815ms] [LOG] [Fast Refresh] rebuilding @ webpack-internal:///(app-pages-browser)/./node_modules/next/dist/next-devtools/shared/forward-logs-shared.js:44
[    1830ms] [LOG] [Fast Refresh] done in 15ms @ webpack-internal:///(app-pages-browser)/./node_modules/next/dist/next-devtools/shared/forward-logs-shared.js:44
[    1856ms] [WARNING] Error while trying to use the following icon from the Manifest: http://localhost:3000/icons/icon-192.png (Download error or resource isn't a valid image) @ http://localhost:3000/login:0
[    1876ms] [LOG] [Fast Refresh] rebuilding @ webpack-internal:///(app-pages-browser)/./node_modules/next/dist/next-devtools/shared/forward-logs-shared.js:44
[    1889ms] [LOG] [Fast Refresh] done in 12ms @ webpack-internal:///(app-pages-browser)/./node_modules/next/dist/next-devtools/shared/forward-logs-shared.js:44
[    1923ms] [WARNING] Error while trying to use the following icon from the Manifest: http://localhost:3000/icons/icon-192.png (Download error or resource isn't a valid image) @ http://localhost:3000/login:0
[    1941ms] [LOG] [Fast Refresh] rebuilding @ webpack-internal:///(app-pages-browser)/./node_modules/next/dist/next-devtools/shared/forward-logs-shared.js:44
[    1956ms] [LOG] [Fast Refresh] done in 16ms @ webpack-internal:///(app-pages-browser)/./node_modules/next/dist/next-devtools/shared/forward-logs-shared.js:44
[    1987ms] [WARNING] Error while trying to use the following icon from the Manifest: http://localhost:3000/icons/icon-192.png (Download error or resource isn't a valid image) @ http://localhost:3000/login:0
[    2004ms] [LOG] [Fast Refresh] rebuilding @ webpack-internal:///(app-pages-browser)/./node_modules/next/dist/next-devtools/shared/forward-logs-shared.js:44
[    2015ms] [LOG] [Fast Refresh] done in 12ms @ webpack-internal:///(app-pages-browser)/./node_modules/next/dist/next-devtools/shared/forward-logs-shared.js:44
[    2062ms] [LOG] [Fast Refresh] rebuilding @ webpack-internal:///(app-pages-browser)/./node_modules/next/dist/next-devtools/shared/forward-logs-shared.js:44
[    2078ms] [LOG] [Fast Refresh] done in 16ms @ webpack-internal:///(app-pages-browser)/./node_modules/next/dist/next-devtools/shared/forward-logs-shared.js:44
[    2108ms] [WARNING] Error while trying to use the following icon from the Manifest: http://localhost:3000/icons/icon-192.png (Download error or resource isn't a valid image) @ http://localhost:3000/login:0
[    2124ms] [LOG] [Fast Refresh] rebuilding @ webpack-internal:///(app-pages-browser)/./node_modules/next/dist/next-devtools/shared/forward-logs-shared.js:44
[    2136ms] [LOG] [Fast Refresh] done in 12ms @ webpack-internal:///(app-pages-browser)/./node_modules/next/dist/next-devtools/shared/forward-logs-shared.js:44
[    2165ms] [WARNING] Error while trying to use the following icon from the Manifest: http://localhost:3000/icons/icon-192.png (Download error or resource isn't a valid image) @ http://localhost:3000/login:0
[    2183ms] [LOG] [Fast Refresh] rebuilding @ webpack-internal:///(app-pages-browser)/./node_modules/next/dist/next-devtools/shared/forward-logs-shared.js:44
[    2198ms] [LOG] [Fast Refresh] done in 15ms @ webpack-internal:///(app-pages-browser)/./node_modules/next/dist/next-devtools/shared/forward-logs-shared.js:44
[    2227ms] [WARNING] Error while trying to use the following icon from the Manifest: http://localhost:3000/icons/icon-192.png (Download error or resource isn't a valid image) @ http://localhost:3000/login:0
[    2244ms] [LOG] [Fast Refresh] rebuilding @ webpack-internal:///(app-pages-browser)/./node_modules/next/dist/next-devtools/shared/forward-logs-shared.js:44
[    2258ms] [LOG] [Fast Refresh] done in 13ms @ webpack-internal:///(app-pages-browser)/./node_modules/next/dist/next-devtools/shared/forward-logs-shared.js:44
[    2306ms] [LOG] [Fast Refresh] rebuilding @ webpack-internal:///(app-pages-browser)/./node_modules/next/dist/next-devtools/shared/forward-logs-shared.js:44
[    2322ms] [LOG] [Fast Refresh] done in 16ms @ webpack-internal:///(app-pages-browser)/./node_modules/next/dist/next-devtools/shared/forward-logs-shared.js:44
[    2365ms] [LOG] [Fast Refresh] rebuilding @ webpack-internal:///(app-pages-browser)/./node_modules/next/dist/next-devtools/shared/forward-logs-shared.js:44
[    2376ms] [LOG] [Fast Refresh] done in 11ms @ webpack-internal:///(app-pages-browser)/./node_modules/next/dist/next-devtools/shared/forward-logs-shared.js:44
[    2409ms] [WARNING] Error while trying to use the following icon from the Manifest: http://localhost:3000/icons/icon-192.png (Download error or resource isn't a valid image) @ http://localhost:3000/login:0
[    2426ms] [LOG] [Fast Refresh] rebuilding @ webpack-internal:///(app-pages-browser)/./node_modules/next/dist/next-devtools/shared/forward-logs-shared.js:44
[    2441ms] [LOG] [Fast Refresh] done in 16ms @ webpack-internal:///(app-pages-browser)/./node_modules/next/dist/next-devtools/shared/forward-logs-shared.js:44
[    2470ms] [WARNING] Error while trying to use the following icon from the Manifest: http://localhost:3000/icons/icon-192.png (Download error or resource isn't a valid image) @ http://localhost:3000/login:0
[    2488ms] [LOG] [Fast Refresh] rebuilding @ webpack-internal:///(app-pages-browser)/./node_modules/next/dist/next-devtools/shared/forward-logs-shared.js:44
[    2499ms] [LOG] [Fast Refresh] done in 11ms @ webpack-internal:///(app-pages-browser)/./node_modules/next/dist/next-devtools/shared/forward-logs-shared.js:44
[    2529ms] [WARNING] Error while trying to use the following icon from the Manifest: http://localhost:3000/icons/icon-192.png (Download error or resource isn't a valid image) @ http://localhost:3000/login:0
[    2547ms] [LOG] [Fast Refresh] rebuilding @ webpack-internal:///(app-pages-browser)/./node_modules/next/dist/next-devtools/shared/forward-logs-shared.js:44
[    2562ms] [LOG] [Fast Refresh] done in 15ms @ webpack-internal:///(app-pages-browser)/./node_modules/next/dist/next-devtools/shared/forward-logs-shared.js:44
[    2591ms] [WARNING] Error while trying to use the following icon from the Manifest: http://localhost:3000/icons/icon-192.png (Download error or resource isn't a valid image) @ http://localhost:3000/login:0
[    2608ms] [LOG] [Fast Refresh] rebuilding @ webpack-internal:///(app-pages-browser)/./node_modules/next/dist/next-devtools/shared/forward-logs-shared.js:44
[    2621ms] [LOG] [Fast Refresh] done in 14ms @ webpack-internal:///(app-pages-browser)/./node_modules/next/dist/next-devtools/shared/forward-logs-shared.js:44
[    2665ms] [LOG] [Fast Refresh] rebuilding @ webpack-internal:///(app-pages-browser)/./node_modules/next/dist/next-devtools/shared/forward-logs-shared.js:44
[    2680ms] [LOG] [Fast Refresh] done in 16ms @ webpack-internal:///(app-pages-browser)/./node_modules/next/dist/next-devtools/shared/forward-logs-shared.js:44
[    2706ms] [WARNING] Error while trying to use the following icon from the Manifest: http://localhost:3000/icons/icon-192.png (Download error or resource isn't a valid image) @ http://localhost:3000/login:0
[    2727ms] [LOG] [Fast Refresh] rebuilding @ webpack-internal:///(app-pages-browser)/./node_modules/next/dist/next-devtools/shared/forward-logs-shared.js:44
[    2738ms] [LOG] [Fast Refresh] done in 12ms @ webpack-internal:///(app-pages-browser)/./node_modules/next/dist/next-devtools/shared/forward-logs-shared.js:44
[    2767ms] [WARNING] Error while trying to use the following icon from the Manifest: http://localhost:3000/icons/icon-192.png (Download error or resource isn't a valid image) @ http://localhost:3000/login:0
[    2784ms] [LOG] [Fast Refresh] rebuilding @ webpack-internal:///(app-pages-browser)/./node_modules/next/dist/next-devtools/shared/forward-logs-shared.js:44
[    2801ms] [LOG] [Fast Refresh] done in 16ms @ webpack-internal:///(app-pages-browser)/./node_modules/next/dist/next-devtools/shared/forward-logs-shared.js:44
[    2829ms] [WARNING] Error while trying to use the following icon from the Manifest: http://localhost:3000/icons/icon-192.png (Download error or resource isn't a valid image) @ http://localhost:3000/login:0
[    2845ms] [LOG] [Fast Refresh] rebuilding @ webpack-internal:///(app-pages-browser)/./node_modules/next/dist/next-devtools/shared/forward-logs-shared.js:44
[    2857ms] [LOG] [Fast Refresh] done in 11ms @ webpack-internal:///(app-pages-browser)/./node_modules/next/dist/next-devtools/shared/forward-logs-shared.js:44
[    2886ms] [WARNING] Error while trying to use the following icon from the Manifest: http://localhost:3000/icons/icon-192.png (Download error or resource isn't a valid image) @ http://localhost:3000/login:0
[    2903ms] [LOG] [Fast Refresh] rebuilding @ webpack-internal:///(app-pages-browser)/./node_modules/next/dist/next-devtools/shared/forward-logs-shared.js:44
[    2921ms] [LOG] [Fast Refresh] done in 18ms @ webpack-internal:///(app-pages-browser)/./node_modules/next/dist/next-devtools/shared/forward-logs-shared.js:44
[    2952ms] [WARNING] Error while trying to use the following icon from the Manifest: http://localhost:3000/icons/icon-192.png (Download error or resource isn't a valid image) @ http://localhost:3000/login:0
[    2968ms] [LOG] [Fast Refresh] rebuilding @ webpack-internal:///(app-pages-browser)/./node_modules/next/dist/next-devtools/shared/forward-logs-shared.js:44
[    2980ms] [LOG] [Fast Refresh] done in 12ms @ webpack-internal:///(app-pages-browser)/./node_modules/next/dist/next-devtools/shared/forward-logs-shared.js:44
[    3010ms] [WARNING] Error while trying to use the following icon from the Manifest: http://localhost:3000/icons/icon-192.png (Download error or resource isn't a valid image) @ http://localhost:3000/login:0
[    3027ms] [LOG] [Fast Refresh] rebuilding @ webpack-internal:///(app-pages-browser)/./node_modules/next/dist/next-devtools/shared/forward-logs-shared.js:44
[    3043ms] [LOG] [Fast Refresh] done in 15ms @ webpack-internal:///(app-pages-browser)/./node_modules/next/dist/next-devtools/shared/forward-logs-shared.js:44
[    3072ms] [WARNING] Error while trying to use the following icon from the Manifest: http://localhost:3000/icons/icon-192.png (Download error or resource isn't a valid image) @ http://localhost:3000/login:0
[    3089ms] [LOG] [Fast Refresh] rebuilding @ webpack-internal:///(app-pages-browser)/./node_modules/next/dist/next-devtools/shared/forward-logs-shared.js:44
[    3100ms] [LOG] [Fast Refresh] done in 11ms @ webpack-internal:///(app-pages-browser)/./node_modules/next/dist/next-devtools/shared/forward-logs-shared.js:44
[    3108ms] [WARNING] Error while trying to use the following icon from the Manifest: http://localhost:3000/icons/icon-192.png (Download error or resource isn't a valid image) @ http://localhost:3000/login:0
[    3150ms] [LOG] [Fast Refresh] rebuilding @ webpack-internal:///(app-pages-browser)/./node_modules/next/dist/next-devtools/shared/forward-logs-shared.js:44
[    3166ms] [LOG] [Fast Refresh] done in 15ms @ webpack-internal:///(app-pages-browser)/./node_modules/next/dist/next-devtools/shared/forward-logs-shared.js:44
[    3197ms] [WARNING] Error while trying to use the following icon from the Manifest: http://localhost:3000/icons/icon-192.png (Download error or resource isn't a valid image) @ http://localhost:3000/login:0
[    3216ms] [LOG] [Fast Refresh] rebuilding @ webpack-internal:///(app-pages-browser)/./node_modules/next/dist/next-devtools/shared/forward-logs-shared.js:44
[    3230ms] [LOG] [Fast Refresh] done in 13ms @ webpack-internal:///(app-pages-browser)/./node_modules/next/dist/next-devtools/shared/forward-logs-shared.js:44
[    3262ms] [WARNING] Error while trying to use the following icon from the Manifest: http://localhost:3000/icons/icon-192.png (Download error or resource isn't a valid image) @ http://localhost:3000/login:0
[    3279ms] [LOG] [Fast Refresh] rebuilding @ webpack-internal:///(app-pages-browser)/./node_modules/next/dist/next-devtools/shared/forward-logs-shared.js:44
[    3296ms] [LOG] [Fast Refresh] done in 16ms @ webpack-internal:///(app-pages-browser)/./node_modules/next/dist/next-devtools/shared/forward-logs-shared.js:44
[    3373ms] [LOG] [Fast Refresh] rebuilding @ webpack-internal:///(app-pages-browser)/./node_modules/next/dist/next-devtools/shared/forward-logs-shared.js:44
[    3387ms] [LOG] [Fast Refresh] done in 14ms @ webpack-internal:///(app-pages-browser)/./node_modules/next/dist/next-devtools/shared/forward-logs-shared.js:44
[    3417ms] [WARNING] Error while trying to use the following icon from the Manifest: http://localhost:3000/icons/icon-192.png (Download error or resource isn't a valid image) @ http://localhost:3000/login:0
[    3435ms] [LOG] [Fast Refresh] rebuilding @ webpack-internal:///(app-pages-browser)/./node_modules/next/dist/next-devtools/shared/forward-logs-shared.js:44
[    3451ms] [LOG] [Fast Refresh] done in 16ms @ webpack-internal:///(app-pages-browser)/./node_modules/next/dist/next-devtools/shared/forward-logs-shared.js:44
[    3480ms] [WARNING] Error while trying to use the following icon from the Manifest: http://localhost:3000/icons/icon-192.png (Download error or resource isn't a valid image) @ http://localhost:3000/login:0
[    3496ms] [LOG] [Fast Refresh] rebuilding @ webpack-internal:///(app-pages-browser)/./node_modules/next/dist/next-devtools/shared/forward-logs-shared.js:44
[    3509ms] [LOG] [Fast Refresh] done in 13ms @ webpack-internal:///(app-pages-browser)/./node_modules/next/dist/next-devtools/shared/forward-logs-shared.js:44
[    3539ms] [WARNING] Error while trying to use the following icon from the Manifest: http://localhost:3000/icons/icon-192.png (Download error or resource isn't a valid image) @ http://localhost:3000/login:0
[    3558ms] [LOG] [Fast Refresh] rebuilding @ webpack-internal:///(app-pages-browser)/./node_modules/next/dist/next-devtools/shared/forward-logs-shared.js:44
[    3573ms] [LOG] [Fast Refresh] done in 16ms @ webpack-internal:///(app-pages-browser)/./node_modules/next/dist/next-devtools/shared/forward-logs-shared.js:44
[    3602ms] [WARNING] Error while trying to use the following icon from the Manifest: http://localhost:3000/icons/icon-192.png (Download error or resource isn't a valid image) @ http://localhost:3000/login:0
[    3620ms] [LOG] [Fast Refresh] rebuilding @ webpack-internal:///(app-pages-browser)/./node_modules/next/dist/next-devtools/shared/forward-logs-shared.js:44
[    3632ms] [LOG] [Fast Refresh] done in 12ms @ webpack-internal:///(app-pages-browser)/./node_modules/next/dist/next-devtools/shared/forward-logs-shared.js:44
[    3662ms] [WARNING] Error while trying to use the following icon from the Manifest: http://localhost:3000/icons/icon-192.png (Download error or resource isn't a valid image) @ http://localhost:3000/login:0
[    3682ms] [LOG] [Fast Refresh] rebuilding @ webpack-internal:///(app-pages-browser)/./node_modules/next/dist/next-devtools/shared/forward-logs-shared.js:44
[    3699ms] [LOG] [Fast Refresh] done in 18ms @ webpack-internal:///(app-pages-browser)/./node_modules/next/dist/next-devtools/shared/forward-logs-shared.js:44
[    3729ms] [WARNING] Error while trying to use the following icon from the Manifest: http://localhost:3000/icons/icon-192.png (Download error or resource isn't a valid image) @ http://localhost:3000/login:0
[    3748ms] [LOG] [Fast Refresh] rebuilding @ webpack-internal:///(app-pages-browser)/./node_modules/next/dist/next-devtools/shared/forward-logs-shared.js:44
[    3761ms] [LOG] [Fast Refresh] done in 12ms @ webpack-internal:///(app-pages-browser)/./node_modules/next/dist/next-devtools/shared/forward-logs-shared.js:44
[    3807ms] [LOG] [Fast Refresh] rebuilding @ webpack-internal:///(app-pages-browser)/./node_modules/next/dist/next-devtools/shared/forward-logs-shared.js:44
[    3824ms] [LOG] [Fast Refresh] done in 17ms @ webpack-internal:///(app-pages-browser)/./node_modules/next/dist/next-devtools/shared/forward-logs-shared.js:44
[    3855ms] [WARNING] Error while trying to use the following icon from the Manifest: http://localhost:3000/icons/icon-192.png (Download error or resource isn't a valid image) @ http://localhost:3000/login:0
[    3872ms] [LOG] [Fast Refresh] rebuilding @ webpack-internal:///(app-pages-browser)/./node_modules/next/dist/next-devtools/shared/forward-logs-shared.js:44
[    3885ms] [LOG] [Fast Refresh] done in 12ms @ webpack-internal:///(app-pages-browser)/./node_modules/next/dist/next-devtools/shared/forward-logs-shared.js:44
[    3913ms] [WARNING] Error while trying to use the following icon from the Manifest: http://localhost:3000/icons/icon-192.png (Download error or resource isn't a valid image) @ http://localhost:3000/login:0
[    3930ms] [LOG] [Fast Refresh] rebuilding @ webpack-internal:///(app-pages-browser)/./node_modules/next/dist/next-devtools/shared/forward-logs-shared.js:44
[    3946ms] [LOG] [Fast Refresh] done in 16ms @ webpack-internal:///(app-pages-browser)/./node_modules/next/dist/next-devtools/shared/forward-logs-shared.js:44
[    3978ms] [WARNING] Error while trying to use the following icon from the Manifest: http://localhost:3000/icons/icon-192.png (Download error or resource isn't a valid image) @ http://localhost:3000/login:0
[    3996ms] [LOG] [Fast Refresh] rebuilding @ webpack-internal:///(app-pages-browser)/./node_modules/next/dist/next-devtools/shared/forward-logs-shared.js:44
[    4008ms] [LOG] [Fast Refresh] done in 13ms @ webpack-internal:///(app-pages-browser)/./node_modules/next/dist/next-devtools/shared/forward-logs-shared.js:44
[    4038ms] [WARNING] Error while trying to use the following icon from the Manifest: http://localhost:3000/icons/icon-192.png (Download error or resource isn't a valid image) @ http://localhost:3000/login:0
[    4056ms] [LOG] [Fast Refresh] rebuilding @ webpack-internal:///(app-pages-browser)/./node_modules/next/dist/next-devtools/shared/forward-logs-shared.js:44
[    4072ms] [LOG] [Fast Refresh] done in 17ms @ webpack-internal:///(app-pages-browser)/./node_modules/next/dist/next-devtools/shared/forward-logs-shared.js:44
[    4100ms] [WARNING] Error while trying to use the following icon from the Manifest: http://localhost:3000/icons/icon-192.png (Download error or resource isn't a valid image) @ http://localhost:3000/login:0
[    4117ms] [LOG] [Fast Refresh] rebuilding @ webpack-internal:///(app-pages-browser)/./node_modules/next/dist/next-devtools/shared/forward-logs-shared.js:44
[    4129ms] [LOG] [Fast Refresh] done in 12ms @ webpack-internal:///(app-pages-browser)/./node_modules/next/dist/next-devtools/shared/forward-logs-shared.js:44
[    4159ms] [WARNING] Error while trying to use the following icon from the Manifest: http://localhost:3000/icons/icon-192.png (Download error or resource isn't a valid image) @ http://localhost:3000/login:0
[    4176ms] [LOG] [Fast Refresh] rebuilding @ webpack-internal:///(app-pages-browser)/./node_modules/next/dist/next-devtools/shared/forward-logs-shared.js:44
[    4195ms] [LOG] [Fast Refresh] done in 18ms @ webpack-internal:///(app-pages-browser)/./node_modules/next/dist/next-devtools/shared/forward-logs-shared.js:44
[    4226ms] [WARNING] Error while trying to use the following icon from the Manifest: http://localhost:3000/icons/icon-192.png (Download error or resource isn't a valid image) @ http://localhost:3000/login:0
[    4242ms] [LOG] [Fast Refresh] rebuilding @ webpack-internal:///(app-pages-browser)/./node_modules/next/dist/next-devtools/shared/forward-logs-shared.js:44
[    4253ms] [LOG] [Fast Refresh] done in 12ms @ webpack-internal:///(app-pages-browser)/./node_modules/next/dist/next-devtools/shared/forward-logs-shared.js:44
[    4282ms] [WARNING] Error while trying to use the following icon from the Manifest: http://localhost:3000/icons/icon-192.png (Download error or resource isn't a valid image) @ http://localhost:3000/login:0
[    4299ms] [LOG] [Fast Refresh] rebuilding @ webpack-internal:///(app-pages-browser)/./node_modules/next/dist/next-devtools/shared/forward-logs-shared.js:44
[    4315ms] [LOG] [Fast Refresh] done in 16ms @ webpack-internal:///(app-pages-browser)/./node_modules/next/dist/next-devtools/shared/forward-logs-shared.js:44
[    4346ms] [WARNING] Error while trying to use the following icon from the Manifest: http://localhost:3000/icons/icon-192.png (Download error or resource isn't a valid image) @ http://localhost:3000/login:0
[    4363ms] [LOG] [Fast Refresh] rebuilding @ webpack-internal:///(app-pages-browser)/./node_modules/next/dist/next-devtools/shared/forward-logs-shared.js:44
[    4375ms] [LOG] [Fast Refresh] done in 11ms @ webpack-internal:///(app-pages-browser)/./node_modules/next/dist/next-devtools/shared/forward-logs-shared.js:44
[    4404ms] [WARNING] Error while trying to use the following icon from the Manifest: http://localhost:3000/icons/icon-192.png (Download error or resource isn't a valid image) @ http://localhost:3000/login:0
[    4422ms] [LOG] [Fast Refresh] rebuilding @ webpack-internal:///(app-pages-browser)/./node_modules/next/dist/next-devtools/shared/forward-logs-shared.js:44
[    4442ms] [LOG] [Fast Refresh] done in 19ms @ webpack-internal:///(app-pages-browser)/./node_modules/next/dist/next-devtools/shared/forward-logs-shared.js:44
[    4493ms] [WARNING] Error while trying to use the following icon from the Manifest: http://localhost:3000/icons/icon-192.png (Download error or resource isn't a valid image) @ http://localhost:3000/login:0
[    4519ms] [LOG] [Fast Refresh] rebuilding @ webpack-internal:///(app-pages-browser)/./node_modules/next/dist/next-devtools/shared/forward-logs-shared.js:44
[    4535ms] [LOG] [Fast Refresh] done in 16ms @ webpack-internal:///(app-pages-browser)/./node_modules/next/dist/next-devtools/shared/forward-logs-shared.js:44
[    4566ms] [WARNING] Error while trying to use the following icon from the Manifest: http://localhost:3000/icons/icon-192.png (Download error or resource isn't a valid image) @ http://localhost:3000/login:0
[    4584ms] [LOG] [Fast Refresh] rebuilding @ webpack-internal:///(app-pages-browser)/./node_modules/next/dist/next-devtools/shared/forward-logs-shared.js:44
[    4600ms] [LOG] [Fast Refresh] done in 17ms @ webpack-internal:///(app-pages-browser)/./node_modules/next/dist/next-devtools/shared/forward-logs-shared.js:44
[    4631ms] [WARNING] Error while trying to use the following icon from the Manifest: http://localhost:3000/icons/icon-192.png (Download error or resource isn't a valid image) @ http://localhost:3000/login:0
[    4648ms] [LOG] [Fast Refresh] rebuilding @ webpack-internal:///(app-pages-browser)/./node_modules/next/dist/next-devtools/shared/forward-logs-shared.js:44
[    4660ms] [LOG] [Fast Refresh] done in 12ms @ webpack-internal:///(app-pages-browser)/./node_modules/next/dist/next-devtools/shared/forward-logs-shared.js:44
[    4687ms] [WARNING] Error while trying to use the following icon from the Manifest: http://localhost:3000/icons/icon-192.png (Download error or resource isn't a valid image) @ http://localhost:3000/login:0
[    4706ms] [LOG] [Fast Refresh] rebuilding @ webpack-internal:///(app-pages-browser)/./node_modules/next/dist/next-devtools/shared/forward-logs-shared.js:44
[    4724ms] [LOG] [Fast Refresh] done in 18ms @ webpack-internal:///(app-pages-browser)/./node_modules/next/dist/next-devtools/shared/forward-logs-shared.js:44
[    4755ms] [WARNING] Error while trying to use the following icon from the Manifest: http://localhost:3000/icons/icon-192.png (Download error or resource isn't a valid image) @ http://localhost:3000/login:0
[    4771ms] [LOG] [Fast Refresh] rebuilding @ webpack-internal:///(app-pages-browser)/./node_modules/next/dist/next-devtools/shared/forward-logs-shared.js:44
[    4784ms] [LOG] [Fast Refresh] done in 12ms @ webpack-internal:///(app-pages-browser)/./node_modules/next/dist/next-devtools/shared/forward-logs-shared.js:44
[    4811ms] [WARNING] Error while trying to use the following icon from the Manifest: http://localhost:3000/icons/icon-192.png (Download error or resource isn't a valid image) @ http://localhost:3000/login:0
[    4853ms] [LOG] [Fast Refresh] rebuilding @ webpack-internal:///(app-pages-browser)/./node_modules/next/dist/next-devtools/shared/forward-logs-shared.js:44
[    4870ms] [LOG] [Fast Refresh] done in 16ms @ webpack-internal:///(app-pages-browser)/./node_modules/next/dist/next-devtools/shared/forward-logs-shared.js:44
[    4899ms] [WARNING] Error while trying to use the following icon from the Manifest: http://localhost:3000/icons/icon-192.png (Download error or resource isn't a valid image) @ http://localhost:3000/login:0
[    4917ms] [LOG] [Fast Refresh] rebuilding @ webpack-internal:///(app-pages-browser)/./node_modules/next/dist/next-devtools/shared/forward-logs-shared.js:44
[    4929ms] [LOG] [Fast Refresh] done in 11ms @ webpack-internal:///(app-pages-browser)/./node_modules/next/dist/next-devtools/shared/forward-logs-shared.js:44
[    4960ms] [WARNING] Error while trying to use the following icon from the Manifest: http://localhost:3000/icons/icon-192.png (Download error or resource isn't a valid image) @ http://localhost:3000/login:0
[    4978ms] [LOG] [Fast Refresh] rebuilding @ webpack-internal:///(app-pages-browser)/./node_modules/next/dist/next-devtools/shared/forward-logs-shared.js:44
[    4994ms] [LOG] [Fast Refresh] done in 16ms @ webpack-internal:///(app-pages-browser)/./node_modules/next/dist/next-devtools/shared/forward-logs-shared.js:44
[    5019ms] [WARNING] Error while trying to use the following icon from the Manifest: http://localhost:3000/icons/icon-192.png (Download error or resource isn't a valid image) @ http://localhost:3000/login:0
[    5040ms] [LOG] [Fast Refresh] rebuilding @ webpack-internal:///(app-pages-browser)/./node_modules/next/dist/next-devtools/shared/forward-logs-shared.js:44
[    5052ms] [LOG] [Fast Refresh] done in 12ms @ webpack-internal:///(app-pages-browser)/./node_modules/next/dist/next-devtools/shared/forward-logs-shared.js:44
[    5081ms] [WARNING] Error while trying to use the following icon from the Manifest: http://localhost:3000/icons/icon-192.png (Download error or resource isn't a valid image) @ http://localhost:3000/login:0
[    5101ms] [LOG] [Fast Refresh] rebuilding @ webpack-internal:///(app-pages-browser)/./node_modules/next/dist/next-devtools/shared/forward-logs-shared.js:44
[    5118ms] [LOG] [Fast Refresh] done in 17ms @ webpack-internal:///(app-pages-browser)/./node_modules/next/dist/next-devtools/shared/forward-logs-shared.js:44
[    5150ms] [WARNING] Error while trying to use the following icon from the Manifest: http://localhost:3000/icons/icon-192.png (Download error or resource isn't a valid image) @ http://localhost:3000/login:0
[    5169ms] [LOG] [Fast Refresh] rebuilding @ webpack-internal:///(app-pages-browser)/./node_modules/next/dist/next-devtools/shared/forward-logs-shared.js:44
[    5181ms] [LOG] [Fast Refresh] done in 12ms @ webpack-internal:///(app-pages-browser)/./node_modules/next/dist/next-devtools/shared/forward-logs-shared.js:44
[    5213ms] [WARNING] Error while trying to use the following icon from the Manifest: http://localhost:3000/icons/icon-192.png (Download error or resource isn't a valid image) @ http://localhost:3000/login:0
[    5230ms] [LOG] [Fast Refresh] rebuilding @ webpack-internal:///(app-pages-browser)/./node_modules/next/dist/next-devtools/shared/forward-logs-shared.js:44
[    5246ms] [LOG] [Fast Refresh] done in 16ms @ webpack-internal:///(app-pages-browser)/./node_modules/next/dist/next-devtools/shared/forward-logs-shared.js:44
[    5276ms] [WARNING] Error while trying to use the following icon from the Manifest: http://localhost:3000/icons/icon-192.png (Download error or resource isn't a valid image) @ http://localhost:3000/login:0
[    5293ms] [LOG] [Fast Refresh] rebuilding @ webpack-internal:///(app-pages-browser)/./node_modules/next/dist/next-devtools/shared/forward-logs-shared.js:44
[    5305ms] [LOG] [Fast Refresh] done in 12ms @ webpack-internal:///(app-pages-browser)/./node_modules/next/dist/next-devtools/shared/forward-logs-shared.js:44
[    5334ms] [WARNING] Error while trying to use the following icon from the Manifest: http://localhost:3000/icons/icon-192.png (Download error or resource isn't a valid image) @ http://localhost:3000/login:0
[    5353ms] [LOG] [Fast Refresh] rebuilding @ webpack-internal:///(app-pages-browser)/./node_modules/next/dist/next-devtools/shared/forward-logs-shared.js:44
[    5369ms] [LOG] [Fast Refresh] done in 17ms @ webpack-internal:///(app-pages-browser)/./node_modules/next/dist/next-devtools/shared/forward-logs-shared.js:44
[    5397ms] [WARNING] Error while trying to use the following icon from the Manifest: http://localhost:3000/icons/icon-192.png (Download error or resource isn't a valid image) @ http://localhost:3000/login:0
[    5417ms] [LOG] [Fast Refresh] rebuilding @ webpack-internal:///(app-pages-browser)/./node_modules/next/dist/next-devtools/shared/forward-logs-shared.js:44
[    5431ms] [LOG] [Fast Refresh] done in 14ms @ webpack-internal:///(app-pages-browser)/./node_modules/next/dist/next-devtools/shared/forward-logs-shared.js:44
[    5460ms] [WARNING] Error while trying to use the following icon from the Manifest: http://localhost:3000/icons/icon-192.png (Download error or resource isn't a valid image) @ http://localhost:3000/login:0
[    5480ms] [LOG] [Fast Refresh] rebuilding @ webpack-internal:///(app-pages-browser)/./node_modules/next/dist/next-devtools/shared/forward-logs-shared.js:44
[    5497ms] [LOG] [Fast Refresh] done in 17ms @ webpack-internal:///(app-pages-browser)/./node_modules/next/dist/next-devtools/shared/forward-logs-shared.js:44
[    5527ms] [WARNING] Error while trying to use the following icon from the Manifest: http://localhost:3000/icons/icon-192.png (Download error or resource isn't a valid image) @ http://localhost:3000/login:0
[    5550ms] [LOG] [Fast Refresh] rebuilding @ webpack-internal:///(app-pages-browser)/./node_modules/next/dist/next-devtools/shared/forward-logs-shared.js:44
[    5561ms] [LOG] [Fast Refresh] done in 12ms @ webpack-internal:///(app-pages-browser)/./node_modules/next/dist/next-devtools/shared/forward-logs-shared.js:44
[    5605ms] [LOG] [Fast Refresh] rebuilding @ webpack-internal:///(app-pages-browser)/./node_modules/next/dist/next-devtools/shared/forward-logs-shared.js:44
[    5623ms] [LOG] [Fast Refresh] done in 19ms @ webpack-internal:///(app-pages-browser)/./node_modules/next/dist/next-devtools/shared/forward-logs-shared.js:44
[    5648ms] [WARNING] Error while trying to use the following icon from the Manifest: http://localhost:3000/icons/icon-192.png (Download error or resource isn't a valid image) @ http://localhost:3000/login:0
[    5670ms] [LOG] [Fast Refresh] rebuilding @ webpack-internal:///(app-pages-browser)/./node_modules/next/dist/next-devtools/shared/forward-logs-shared.js:44
[    5681ms] [LOG] [Fast Refresh] done in 12ms @ webpack-internal:///(app-pages-browser)/./node_modules/next/dist/next-devtools/shared/forward-logs-shared.js:44
[    5712ms] [WARNING] Error while trying to use the following icon from the Manifest: http://localhost:3000/icons/icon-192.png (Download error or resource isn't a valid image) @ http://localhost:3000/login:0
[    5730ms] [LOG] [Fast Refresh] rebuilding @ webpack-internal:///(app-pages-browser)/./node_modules/next/dist/next-devtools/shared/forward-logs-shared.js:44
[    5746ms] [LOG] [Fast Refresh] done in 16ms @ webpack-internal:///(app-pages-browser)/./node_modules/next/dist/next-devtools/shared/forward-logs-shared.js:44
[    5770ms] [WARNING] Error while trying to use the following icon from the Manifest: http://localhost:3000/icons/icon-192.png (Download error or resource isn't a valid image) @ http://localhost:3000/login:0
[    5794ms] [LOG] [Fast Refresh] rebuilding @ webpack-internal:///(app-pages-browser)/./node_modules/next/dist/next-devtools/shared/forward-logs-shared.js:44
[    5806ms] [LOG] [Fast Refresh] done in 12ms @ webpack-internal:///(app-pages-browser)/./node_modules/next/dist/next-devtools/shared/forward-logs-shared.js:44
[    5835ms] [WARNING] Error while trying to use the following icon from the Manifest: http://localhost:3000/icons/icon-192.png (Download error or resource isn't a valid image) @ http://localhost:3000/login:0
[    5853ms] [LOG] [Fast Refresh] rebuilding @ webpack-internal:///(app-pages-browser)/./node_modules/next/dist/next-devtools/shared/forward-logs-shared.js:44
[    5870ms] [LOG] [Fast Refresh] done in 16ms @ webpack-internal:///(app-pages-browser)/./node_modules/next/dist/next-devtools/shared/forward-logs-shared.js:44
[    5901ms] [WARNING] Error while trying to use the following icon from the Manifest: http://localhost:3000/icons/icon-192.png (Download error or resource isn't a valid image) @ http://localhost:3000/login:0
[    5918ms] [LOG] [Fast Refresh] rebuilding @ webpack-internal:///(app-pages-browser)/./node_modules/next/dist/next-devtools/shared/forward-logs-shared.js:44
[    5932ms] [LOG] [Fast Refresh] done in 13ms @ webpack-internal:///(app-pages-browser)/./node_modules/next/dist/next-devtools/shared/forward-logs-shared.js:44
[    5962ms] [WARNING] Error while trying to use the following icon from the Manifest: http://localhost:3000/icons/icon-192.png (Download error or resource isn't a valid image) @ http://localhost:3000/login:0
[    5980ms] [LOG] [Fast Refresh] rebuilding @ webpack-internal:///(app-pages-browser)/./node_modules/next/dist/next-devtools/shared/forward-logs-shared.js:44
[    5996ms] [LOG] [Fast Refresh] done in 17ms @ webpack-internal:///(app-pages-browser)/./node_modules/next/dist/next-devtools/shared/forward-logs-shared.js:44
[    6042ms] [LOG] [Fast Refresh] rebuilding @ webpack-internal:///(app-pages-browser)/./node_modules/next/dist/next-devtools/shared/forward-logs-shared.js:44
[    6053ms] [LOG] [Fast Refresh] done in 12ms @ webpack-internal:///(app-pages-browser)/./node_modules/next/dist/next-devtools/shared/forward-logs-shared.js:44
[    6080ms] [WARNING] Error while trying to use the following icon from the Manifest: http://localhost:3000/icons/icon-192.png (Download error or resource isn't a valid image) @ http://localhost:3000/login:0
[    6098ms] [LOG] [Fast Refresh] rebuilding @ webpack-internal:///(app-pages-browser)/./node_modules/next/dist/next-devtools/shared/forward-logs-shared.js:44
[    6113ms] [LOG] [Fast Refresh] done in 15ms @ webpack-internal:///(app-pages-browser)/./node_modules/next/dist/next-devtools/shared/forward-logs-shared.js:44
[    6164ms] [WARNING] Error while trying to use the following icon from the Manifest: http://localhost:3000/icons/icon-192.png (Download error or resource isn't a valid image) @ http://localhost:3000/login:0
[    6181ms] [LOG] [Fast Refresh] rebuilding @ webpack-internal:///(app-pages-browser)/./node_modules/next/dist/next-devtools/shared/forward-logs-shared.js:44
[    6194ms] [LOG] [Fast Refresh] done in 12ms @ webpack-internal:///(app-pages-browser)/./node_modules/next/dist/next-devtools/shared/forward-logs-shared.js:44
[    6238ms] [LOG] [Fast Refresh] rebuilding @ webpack-internal:///(app-pages-browser)/./node_modules/next/dist/next-devtools/shared/forward-logs-shared.js:44
[    6254ms] [LOG] [Fast Refresh] done in 16ms @ webpack-internal:///(app-pages-browser)/./node_modules/next/dist/next-devtools/shared/forward-logs-shared.js:44
[    6282ms] [WARNING] Error while trying to use the following icon from the Manifest: http://localhost:3000/icons/icon-192.png (Download error or resource isn't a valid image) @ http://localhost:3000/login:0
[    6301ms] [LOG] [Fast Refresh] rebuilding @ webpack-internal:///(app-pages-browser)/./node_modules/next/dist/next-devtools/shared/forward-logs-shared.js:44
[    6313ms] [LOG] [Fast Refresh] done in 12ms @ webpack-internal:///(app-pages-browser)/./node_modules/next/dist/next-devtools/shared/forward-logs-shared.js:44
[    6341ms] [WARNING] Error while trying to use the following icon from the Manifest: http://localhost:3000/icons/icon-192.png (Download error or resource isn't a valid image) @ http://localhost:3000/login:0
[    6357ms] [LOG] [Fast Refresh] rebuilding @ webpack-internal:///(app-pages-browser)/./node_modules/next/dist/next-devtools/shared/forward-logs-shared.js:44
[    6379ms] [LOG] [Fast Refresh] done in 21ms @ webpack-internal:///(app-pages-browser)/./node_modules/next/dist/next-devtools/shared/forward-logs-shared.js:44
[    6408ms] [WARNING] Error while trying to use the following icon from the Manifest: http://localhost:3000/icons/icon-192.png (Download error or resource isn't a valid image) @ http://localhost:3000/login:0
[    6424ms] [LOG] [Fast Refresh] rebuilding @ webpack-internal:///(app-pages-browser)/./node_modules/next/dist/next-devtools/shared/forward-logs-shared.js:44
[    6437ms] [LOG] [Fast Refresh] done in 14ms @ webpack-internal:///(app-pages-browser)/./node_modules/next/dist/next-devtools/shared/forward-logs-shared.js:44
[    6463ms] [WARNING] Error while trying to use the following icon from the Manifest: http://localhost:3000/icons/icon-192.png (Download error or resource isn't a valid image) @ http://localhost:3000/login:0
[    6483ms] [LOG] [Fast Refresh] rebuilding @ webpack-internal:///(app-pages-browser)/./node_modules/next/dist/next-devtools/shared/forward-logs-shared.js:44
[    6499ms] [LOG] [Fast Refresh] done in 17ms @ webpack-internal:///(app-pages-browser)/./node_modules/next/dist/next-devtools/shared/forward-logs-shared.js:44
[    6530ms] [WARNING] Error while trying to use the following icon from the Manifest: http://localhost:3000/icons/icon-192.png (Download error or resource isn't a valid image) @ http://localhost:3000/login:0
[    6547ms] [LOG] [Fast Refresh] rebuilding @ webpack-internal:///(app-pages-browser)/./node_modules/next/dist/next-devtools/shared/forward-logs-shared.js:44
[    6560ms] [LOG] [Fast Refresh] done in 12ms @ webpack-internal:///(app-pages-browser)/./node_modules/next/dist/next-devtools/shared/forward-logs-shared.js:44
[    6588ms] [WARNING] Error while trying to use the following icon from the Manifest: http://localhost:3000/icons/icon-192.png (Download error or resource isn't a valid image) @ http://localhost:3000/login:0
[    6605ms] [LOG] [Fast Refresh] rebuilding @ webpack-internal:///(app-pages-browser)/./node_modules/next/dist/next-devtools/shared/forward-logs-shared.js:44
[    6622ms] [LOG] [Fast Refresh] done in 16ms @ webpack-internal:///(app-pages-browser)/./node_modules/next/dist/next-devtools/shared/forward-logs-shared.js:44
[    6652ms] [WARNING] Error while trying to use the following icon from the Manifest: http://localhost:3000/icons/icon-192.png (Download error or resource isn't a valid image) @ http://localhost:3000/login:0
[    6668ms] [LOG] [Fast Refresh] rebuilding @ webpack-internal:///(app-pages-browser)/./node_modules/next/dist/next-devtools/shared/forward-logs-shared.js:44
[    6697ms] [LOG] [Fast Refresh] done in 28ms @ webpack-internal:///(app-pages-browser)/./node_modules/next/dist/next-devtools/shared/forward-logs-shared.js:44
[    7284ms] [WARNING] Error while trying to use the following icon from the Manifest: http://localhost:3000/icons/icon-192.png (Download error or resource isn't a valid image) @ http://localhost:3000/login:0
[    7318ms] [LOG] [Fast Refresh] rebuilding @ webpack-internal:///(app-pages-browser)/./node_modules/next/dist/next-devtools/shared/forward-logs-shared.js:44
[    7353ms] [LOG] [Fast Refresh] done in 35ms @ webpack-internal:///(app-pages-browser)/./node_modules/next/dist/next-devtools/shared/forward-logs-shared.js:44
[    7398ms] [LOG] [Fast Refresh] rebuilding @ webpack-internal:///(app-pages-browser)/./node_modules/next/dist/next-devtools/shared/forward-logs-shared.js:44
[    7404ms] [WARNING] Error while trying to use the following icon from the Manifest: http://localhost:3000/icons/icon-192.png (Download error or resource isn't a valid image) @ http://localhost:3000/login:0
[    7413ms] [LOG] [Fast Refresh] done in 16ms @ webpack-internal:///(app-pages-browser)/./node_modules/next/dist/next-devtools/shared/forward-logs-shared.js:44
[    7440ms] [WARNING] Error while trying to use the following icon from the Manifest: http://localhost:3000/icons/icon-192.png (Download error or resource isn't a valid image) @ http://localhost:3000/login:0
[    7458ms] [LOG] [Fast Refresh] rebuilding @ webpack-internal:///(app-pages-browser)/./node_modules/next/dist/next-devtools/shared/forward-logs-shared.js:44
[    7473ms] [LOG] [Fast Refresh] done in 15ms @ webpack-internal:///(app-pages-browser)/./node_modules/next/dist/next-devtools/shared/forward-logs-shared.js:44
[    7501ms] [WARNING] Error while trying to use the following icon from the Manifest: http://localhost:3000/icons/icon-192.png (Download error or resource isn't a valid image) @ http://localhost:3000/login:0
[    7518ms] [LOG] [Fast Refresh] rebuilding @ webpack-internal:///(app-pages-browser)/./node_modules/next/dist/next-devtools/shared/forward-logs-shared.js:44
[    7529ms] [LOG] [Fast Refresh] done in 11ms @ webpack-internal:///(app-pages-browser)/./node_modules/next/dist/next-devtools/shared/forward-logs-shared.js:44
[    7576ms] [LOG] [Fast Refresh] rebuilding @ webpack-internal:///(app-pages-browser)/./node_modules/next/dist/next-devtools/shared/forward-logs-shared.js:44
[    7593ms] [LOG] [Fast Refresh] done in 16ms @ webpack-internal:///(app-pages-browser)/./node_modules/next/dist/next-devtools/shared/forward-logs-shared.js:44
[    7623ms] [WARNING] Error while trying to use the following icon from the Manifest: http://localhost:3000/icons/icon-192.png (Download error or resource isn't a valid image) @ http://localhost:3000/login:0
[    7640ms] [LOG] [Fast Refresh] rebuilding @ webpack-internal:///(app-pages-browser)/./node_modules/next/dist/next-devtools/shared/forward-logs-shared.js:44
[    7651ms] [LOG] [Fast Refresh] done in 11ms @ webpack-internal:///(app-pages-browser)/./node_modules/next/dist/next-devtools/shared/forward-logs-shared.js:44
[    7678ms] [WARNING] Error while trying to use the following icon from the Manifest: http://localhost:3000/icons/icon-192.png (Download error or resource isn't a valid image) @ http://localhost:3000/login:0
[    7696ms] [LOG] [Fast Refresh] rebuilding @ webpack-internal:///(app-pages-browser)/./node_modules/next/dist/next-devtools/shared/forward-logs-shared.js:44
[    7711ms] [LOG] [Fast Refresh] done in 16ms @ webpack-internal:///(app-pages-browser)/./node_modules/next/dist/next-devtools/shared/forward-logs-shared.js:44
[    7741ms] [WARNING] Error while trying to use the following icon from the Manifest: http://localhost:3000/icons/icon-192.png (Download error or resource isn't a valid image) @ http://localhost:3000/login:0
[    7758ms] [LOG] [Fast Refresh] rebuilding @ webpack-internal:///(app-pages-browser)/./node_modules/next/dist/next-devtools/shared/forward-logs-shared.js:44
[    7769ms] [LOG] [Fast Refresh] done in 11ms @ webpack-internal:///(app-pages-browser)/./node_modules/next/dist/next-devtools/shared/forward-logs-shared.js:44
[    7796ms] [WARNING] Error while trying to use the following icon from the Manifest: http://localhost:3000/icons/icon-192.png (Download error or resource isn't a valid image) @ http://localhost:3000/login:0
[    7814ms] [LOG] [Fast Refresh] rebuilding @ webpack-internal:///(app-pages-browser)/./node_modules/next/dist/next-devtools/shared/forward-logs-shared.js:44
[    7829ms] [LOG] [Fast Refresh] done in 15ms @ webpack-internal:///(app-pages-browser)/./node_modules/next/dist/next-devtools/shared/forward-logs-shared.js:44
[    7859ms] [WARNING] Error while trying to use the following icon from the Manifest: http://localhost:3000/icons/icon-192.png (Download error or resource isn't a valid image) @ http://localhost:3000/login:0
[    7875ms] [LOG] [Fast Refresh] rebuilding @ webpack-internal:///(app-pages-browser)/./node_modules/next/dist/next-devtools/shared/forward-logs-shared.js:44
[    7887ms] [LOG] [Fast Refresh] done in 11ms @ webpack-internal:///(app-pages-browser)/./node_modules/next/dist/next-devtools/shared/forward-logs-shared.js:44
[    7916ms] [WARNING] Error while trying to use the following icon from the Manifest: http://localhost:3000/icons/icon-192.png (Download error or resource isn't a valid image) @ http://localhost:3000/login:0
[    7933ms] [LOG] [Fast Refresh] rebuilding @ webpack-internal:///(app-pages-browser)/./node_modules/next/dist/next-devtools/shared/forward-logs-shared.js:44
[    7949ms] [LOG] [Fast Refresh] done in 17ms @ webpack-internal:///(app-pages-browser)/./node_modules/next/dist/next-devtools/shared/forward-logs-shared.js:44
[    7978ms] [WARNING] Error while trying to use the following icon from the Manifest: http://localhost:3000/icons/icon-192.png (Download error or resource isn't a valid image) @ http://localhost:3000/login:0
[    7995ms] [LOG] [Fast Refresh] rebuilding @ webpack-internal:///(app-pages-browser)/./node_modules/next/dist/next-devtools/shared/forward-logs-shared.js:44
[    8007ms] [LOG] [Fast Refresh] done in 11ms @ webpack-internal:///(app-pages-browser)/./node_modules/next/dist/next-devtools/shared/forward-logs-shared.js:44
[    8036ms] [WARNING] Error while trying to use the following icon from the Manifest: http://localhost:3000/icons/icon-192.png (Download error or resource isn't a valid image) @ http://localhost:3000/login:0
[    8054ms] [LOG] [Fast Refresh] rebuilding @ webpack-internal:///(app-pages-browser)/./node_modules/next/dist/next-devtools/shared/forward-logs-shared.js:44
[    8070ms] [LOG] [Fast Refresh] done in 16ms @ webpack-internal:///(app-pages-browser)/./node_modules/next/dist/next-devtools/shared/forward-logs-shared.js:44
[    8101ms] [WARNING] Error while trying to use the following icon from the Manifest: http://localhost:3000/icons/icon-192.png (Download error or resource isn't a valid image) @ http://localhost:3000/login:0
[    8117ms] [LOG] [Fast Refresh] rebuilding @ webpack-internal:///(app-pages-browser)/./node_modules/next/dist/next-devtools/shared/forward-logs-shared.js:44
[    8127ms] [LOG] [Fast Refresh] done in 11ms @ webpack-internal:///(app-pages-browser)/./node_modules/next/dist/next-devtools/shared/forward-logs-shared.js:44
[    8172ms] [LOG] [Fast Refresh] rebuilding @ webpack-internal:///(app-pages-browser)/./node_modules/next/dist/next-devtools/shared/forward-logs-shared.js:44
[    8188ms] [LOG] [Fast Refresh] done in 15ms @ webpack-internal:///(app-pages-browser)/./node_modules/next/dist/next-devtools/shared/forward-logs-shared.js:44
[    8216ms] [WARNING] Error while trying to use the following icon from the Manifest: http://localhost:3000/icons/icon-192.png (Download error or resource isn't a valid image) @ http://localhost:3000/login:0
[    8233ms] [LOG] [Fast Refresh] rebuilding @ webpack-internal:///(app-pages-browser)/./node_modules/next/dist/next-devtools/shared/forward-logs-shared.js:44
[    8244ms] [LOG] [Fast Refresh] done in 12ms @ webpack-internal:///(app-pages-browser)/./node_modules/next/dist/next-devtools/shared/forward-logs-shared.js:44
[    8276ms] [WARNING] Error while trying to use the following icon from the Manifest: http://localhost:3000/icons/icon-192.png (Download error or resource isn't a valid image) @ http://localhost:3000/login:0
[    8295ms] [LOG] [Fast Refresh] rebuilding @ webpack-internal:///(app-pages-browser)/./node_modules/next/dist/next-devtools/shared/forward-logs-shared.js:44
[    8312ms] [LOG] [Fast Refresh] done in 16ms @ webpack-internal:///(app-pages-browser)/./node_modules/next/dist/next-devtools/shared/forward-logs-shared.js:44
[    8341ms] [WARNING] Error while trying to use the following icon from the Manifest: http://localhost:3000/icons/icon-192.png (Download error or resource isn't a valid image) @ http://localhost:3000/login:0
[    8358ms] [LOG] [Fast Refresh] rebuilding @ webpack-internal:///(app-pages-browser)/./node_modules/next/dist/next-devtools/shared/forward-logs-shared.js:44
[    8370ms] [LOG] [Fast Refresh] done in 11ms @ webpack-internal:///(app-pages-browser)/./node_modules/next/dist/next-devtools/shared/forward-logs-shared.js:44
[    8398ms] [WARNING] Error while trying to use the following icon from the Manifest: http://localhost:3000/icons/icon-192.png (Download error or resource isn't a valid image) @ http://localhost:3000/login:0
[    8419ms] [LOG] [Fast Refresh] rebuilding @ webpack-internal:///(app-pages-browser)/./node_modules/next/dist/next-devtools/shared/forward-logs-shared.js:44
[    8437ms] [LOG] [Fast Refresh] done in 18ms @ webpack-internal:///(app-pages-browser)/./node_modules/next/dist/next-devtools/shared/forward-logs-shared.js:44
[    8467ms] [WARNING] Error while trying to use the following icon from the Manifest: http://localhost:3000/icons/icon-192.png (Download error or resource isn't a valid image) @ http://localhost:3000/login:0
[    8483ms] [LOG] [Fast Refresh] rebuilding @ webpack-internal:///(app-pages-browser)/./node_modules/next/dist/next-devtools/shared/forward-logs-shared.js:44
[    8494ms] [LOG] [Fast Refresh] done in 12ms @ webpack-internal:///(app-pages-browser)/./node_modules/next/dist/next-devtools/shared/forward-logs-shared.js:44
[    8523ms] [WARNING] Error while trying to use the following icon from the Manifest: http://localhost:3000/icons/icon-192.png (Download error or resource isn't a valid image) @ http://localhost:3000/login:0
[    8541ms] [LOG] [Fast Refresh] rebuilding @ webpack-internal:///(app-pages-browser)/./node_modules/next/dist/next-devtools/shared/forward-logs-shared.js:44
[    8557ms] [LOG] [Fast Refresh] done in 16ms @ webpack-internal:///(app-pages-browser)/./node_modules/next/dist/next-devtools/shared/forward-logs-shared.js:44
[    8586ms] [WARNING] Error while trying to use the following icon from the Manifest: http://localhost:3000/icons/icon-192.png (Download error or resource isn't a valid image) @ http://localhost:3000/login:0
[    8603ms] [LOG] [Fast Refresh] rebuilding @ webpack-internal:///(app-pages-browser)/./node_modules/next/dist/next-devtools/shared/forward-logs-shared.js:44
[    8614ms] [LOG] [Fast Refresh] done in 11ms @ webpack-internal:///(app-pages-browser)/./node_modules/next/dist/next-devtools/shared/forward-logs-shared.js:44
[    8642ms] [WARNING] Error while trying to use the following icon from the Manifest: http://localhost:3000/icons/icon-192.png (Download error or resource isn't a valid image) @ http://localhost:3000/login:0
[    8660ms] [LOG] [Fast Refresh] rebuilding @ webpack-internal:///(app-pages-browser)/./node_modules/next/dist/next-devtools/shared/forward-logs-shared.js:44
[    8675ms] [LOG] [Fast Refresh] done in 15ms @ webpack-internal:///(app-pages-browser)/./node_modules/next/dist/next-devtools/shared/forward-logs-shared.js:44
[    8705ms] [WARNING] Error while trying to use the following icon from the Manifest: http://localhost:3000/icons/icon-192.png (Download error or resource isn't a valid image) @ http://localhost:3000/login:0
[    8721ms] [LOG] [Fast Refresh] rebuilding @ webpack-internal:///(app-pages-browser)/./node_modules/next/dist/next-devtools/shared/forward-logs-shared.js:44
[    8732ms] [LOG] [Fast Refresh] done in 10ms @ webpack-internal:///(app-pages-browser)/./node_modules/next/dist/next-devtools/shared/forward-logs-shared.js:44
[    8778ms] [LOG] [Fast Refresh] rebuilding @ webpack-internal:///(app-pages-browser)/./node_modules/next/dist/next-devtools/shared/forward-logs-shared.js:44
[    8794ms] [LOG] [Fast Refresh] done in 16ms @ webpack-internal:///(app-pages-browser)/./node_modules/next/dist/next-devtools/shared/forward-logs-shared.js:44
[    8826ms] [WARNING] Error while trying to use the following icon from the Manifest: http://localhost:3000/icons/icon-192.png (Download error or resource isn't a valid image) @ http://localhost:3000/login:0
[    8843ms] [LOG] [Fast Refresh] rebuilding @ webpack-internal:///(app-pages-browser)/./node_modules/next/dist/next-devtools/shared/forward-logs-shared.js:44
[    8854ms] [LOG] [Fast Refresh] done in 12ms @ webpack-internal:///(app-pages-browser)/./node_modules/next/dist/next-devtools/shared/forward-logs-shared.js:44
[    8881ms] [WARNING] Error while trying to use the following icon from the Manifest: http://localhost:3000/icons/icon-192.png (Download error or resource isn't a valid image) @ http://localhost:3000/login:0
[    8898ms] [LOG] [Fast Refresh] rebuilding @ webpack-internal:///(app-pages-browser)/./node_modules/next/dist/next-devtools/shared/forward-logs-shared.js:44
[    8914ms] [LOG] [Fast Refresh] done in 15ms @ webpack-internal:///(app-pages-browser)/./node_modules/next/dist/next-devtools/shared/forward-logs-shared.js:44
[    8944ms] [WARNING] Error while trying to use the following icon from the Manifest: http://localhost:3000/icons/icon-192.png (Download error or resource isn't a valid image) @ http://localhost:3000/login:0
[    8960ms] [LOG] [Fast Refresh] rebuilding @ webpack-internal:///(app-pages-browser)/./node_modules/next/dist/next-devtools/shared/forward-logs-shared.js:44
[    8972ms] [LOG] [Fast Refresh] done in 11ms @ webpack-internal:///(app-pages-browser)/./node_modules/next/dist/next-devtools/shared/forward-logs-shared.js:44
[    9000ms] [WARNING] Error while trying to use the following icon from the Manifest: http://localhost:3000/icons/icon-192.png (Download error or resource isn't a valid image) @ http://localhost:3000/login:0
[    9018ms] [LOG] [Fast Refresh] rebuilding @ webpack-internal:///(app-pages-browser)/./node_modules/next/dist/next-devtools/shared/forward-logs-shared.js:44
[    9034ms] [LOG] [Fast Refresh] done in 16ms @ webpack-internal:///(app-pages-browser)/./node_modules/next/dist/next-devtools/shared/forward-logs-shared.js:44
[    9062ms] [WARNING] Error while trying to use the following icon from the Manifest: http://localhost:3000/icons/icon-192.png (Download error or resource isn't a valid image) @ http://localhost:3000/login:0
[    9081ms] [LOG] [Fast Refresh] rebuilding @ webpack-internal:///(app-pages-browser)/./node_modules/next/dist/next-devtools/shared/forward-logs-shared.js:44
[    9092ms] [LOG] [Fast Refresh] done in 12ms @ webpack-internal:///(app-pages-browser)/./node_modules/next/dist/next-devtools/shared/forward-logs-shared.js:44
[    9122ms] [WARNING] Error while trying to use the following icon from the Manifest: http://localhost:3000/icons/icon-192.png (Download error or resource isn't a valid image) @ http://localhost:3000/login:0
[    9142ms] [LOG] [Fast Refresh] rebuilding @ webpack-internal:///(app-pages-browser)/./node_modules/next/dist/next-devtools/shared/forward-logs-shared.js:44
[    9158ms] [LOG] [Fast Refresh] done in 15ms @ webpack-internal:///(app-pages-browser)/./node_modules/next/dist/next-devtools/shared/forward-logs-shared.js:44
[    9187ms] [WARNING] Error while trying to use the following icon from the Manifest: http://localhost:3000/icons/icon-192.png (Download error or resource isn't a valid image) @ http://localhost:3000/login:0
[    9205ms] [LOG] [Fast Refresh] rebuilding @ webpack-internal:///(app-pages-browser)/./node_modules/next/dist/next-devtools/shared/forward-logs-shared.js:44
[    9216ms] [LOG] [Fast Refresh] done in 11ms @ webpack-internal:///(app-pages-browser)/./node_modules/next/dist/next-devtools/shared/forward-logs-shared.js:44
[    9243ms] [WARNING] Error while trying to use the following icon from the Manifest: http://localhost:3000/icons/icon-192.png (Download error or resource isn't a valid image) @ http://localhost:3000/login:0
[    9261ms] [LOG] [Fast Refresh] rebuilding @ webpack-internal:///(app-pages-browser)/./node_modules/next/dist/next-devtools/shared/forward-logs-shared.js:44
[    9276ms] [LOG] [Fast Refresh] done in 16ms @ webpack-internal:///(app-pages-browser)/./node_modules/next/dist/next-devtools/shared/forward-logs-shared.js:44
[    9307ms] [WARNING] Error while trying to use the following icon from the Manifest: http://localhost:3000/icons/icon-192.png (Download error or resource isn't a valid image) @ http://localhost:3000/login:0
[    9324ms] [LOG] [Fast Refresh] rebuilding @ webpack-internal:///(app-pages-browser)/./node_modules/next/dist/next-devtools/shared/forward-logs-shared.js:44
[    9336ms] [LOG] [Fast Refresh] done in 11ms @ webpack-internal:///(app-pages-browser)/./node_modules/next/dist/next-devtools/shared/forward-logs-shared.js:44
[    9364ms] [WARNING] Error while trying to use the following icon from the Manifest: http://localhost:3000/icons/icon-192.png (Download error or resource isn't a valid image) @ http://localhost:3000/login:0
[    9381ms] [LOG] [Fast Refresh] rebuilding @ webpack-internal:///(app-pages-browser)/./node_modules/next/dist/next-devtools/shared/forward-logs-shared.js:44
[    9397ms] [LOG] [Fast Refresh] done in 17ms @ webpack-internal:///(app-pages-browser)/./node_modules/next/dist/next-devtools/shared/forward-logs-shared.js:44
[    9427ms] [WARNING] Error while trying to use the following icon from the Manifest: http://localhost:3000/icons/icon-192.png (Download error or resource isn't a valid image) @ http://localhost:3000/login:0
[    9445ms] [LOG] [Fast Refresh] rebuilding @ webpack-internal:///(app-pages-browser)/./node_modules/next/dist/next-devtools/shared/forward-logs-shared.js:44
[    9457ms] [LOG] [Fast Refresh] done in 12ms @ webpack-internal:///(app-pages-browser)/./node_modules/next/dist/next-devtools/shared/forward-logs-shared.js:44
[    9485ms] [WARNING] Error while trying to use the following icon from the Manifest: http://localhost:3000/icons/icon-192.png (Download error or resource isn't a valid image) @ http://localhost:3000/login:0
[    9503ms] [LOG] [Fast Refresh] rebuilding @ webpack-internal:///(app-pages-browser)/./node_modules/next/dist/next-devtools/shared/forward-logs-shared.js:44
[    9519ms] [LOG] [Fast Refresh] done in 16ms @ webpack-internal:///(app-pages-browser)/./node_modules/next/dist/next-devtools/shared/forward-logs-shared.js:44
[    9550ms] [WARNING] Error while trying to use the following icon from the Manifest: http://localhost:3000/icons/icon-192.png (Download error or resource isn't a valid image) @ http://localhost:3000/login:0
[    9568ms] [LOG] [Fast Refresh] rebuilding @ webpack-internal:///(app-pages-browser)/./node_modules/next/dist/next-devtools/shared/forward-logs-shared.js:44
[    9579ms] [LOG] [Fast Refresh] done in 11ms @ webpack-internal:///(app-pages-browser)/./node_modules/next/dist/next-devtools/shared/forward-logs-shared.js:44
[    9608ms] [WARNING] Error while trying to use the following icon from the Manifest: http://localhost:3000/icons/icon-192.png (Download error or resource isn't a valid image) @ http://localhost:3000/login:0
[    9625ms] [LOG] [Fast Refresh] rebuilding @ webpack-internal:///(app-pages-browser)/./node_modules/next/dist/next-devtools/shared/forward-logs-shared.js:44
[    9640ms] [LOG] [Fast Refresh] done in 15ms @ webpack-internal:///(app-pages-browser)/./node_modules/next/dist/next-devtools/shared/forward-logs-shared.js:44
[    9669ms] [WARNING] Error while trying to use the following icon from the Manifest: http://localhost:3000/icons/icon-192.png (Download error or resource isn't a valid image) @ http://localhost:3000/login:0
[    9687ms] [LOG] [Fast Refresh] rebuilding @ webpack-internal:///(app-pages-browser)/./node_modules/next/dist/next-devtools/shared/forward-logs-shared.js:44
[    9711ms] [LOG] [Fast Refresh] done in 24ms @ webpack-internal:///(app-pages-browser)/./node_modules/next/dist/next-devtools/shared/forward-logs-shared.js:44
[    9727ms] [WARNING] Error while trying to use the following icon from the Manifest: http://localhost:3000/icons/icon-192.png (Download error or resource isn't a valid image) @ http://localhost:3000/login:0
[    9744ms] [LOG] [Fast Refresh] rebuilding @ webpack-internal:///(app-pages-browser)/./node_modules/next/dist/next-devtools/shared/forward-logs-shared.js:44
[    9760ms] [LOG] [Fast Refresh] done in 16ms @ webpack-internal:///(app-pages-browser)/./node_modules/next/dist/next-devtools/shared/forward-logs-shared.js:44
[    9790ms] [WARNING] Error while trying to use the following icon from the Manifest: http://localhost:3000/icons/icon-192.png (Download error or resource isn't a valid image) @ http://localhost:3000/login:0
[    9807ms] [LOG] [Fast Refresh] rebuilding @ webpack-internal:///(app-pages-browser)/./node_modules/next/dist/next-devtools/shared/forward-logs-shared.js:44
[    9818ms] [LOG] [Fast Refresh] done in 12ms @ webpack-internal:///(app-pages-browser)/./node_modules/next/dist/next-devtools/shared/forward-logs-shared.js:44
[    9848ms] [WARNING] Error while trying to use the following icon from the Manifest: http://localhost:3000/icons/icon-192.png (Download error or resource isn't a valid image) @ http://localhost:3000/login:0
[    9865ms] [LOG] [Fast Refresh] rebuilding @ webpack-internal:///(app-pages-browser)/./node_modules/next/dist/next-devtools/shared/forward-logs-shared.js:44
[    9880ms] [LOG] [Fast Refresh] done in 16ms @ webpack-internal:///(app-pages-browser)/./node_modules/next/dist/next-devtools/shared/forward-logs-shared.js:44
[    9911ms] [WARNING] Error while trying to use the following icon from the Manifest: http://localhost:3000/icons/icon-192.png (Download error or resource isn't a valid image) @ http://localhost:3000/login:0
[    9928ms] [LOG] [Fast Refresh] rebuilding @ webpack-internal:///(app-pages-browser)/./node_modules/next/dist/next-devtools/shared/forward-logs-shared.js:44
[    9940ms] [LOG] [Fast Refresh] done in 12ms @ webpack-internal:///(app-pages-browser)/./node_modules/next/dist/next-devtools/shared/forward-logs-shared.js:44
[    9969ms] [WARNING] Error while trying to use the following icon from the Manifest: http://localhost:3000/icons/icon-192.png (Download error or resource isn't a valid image) @ http://localhost:3000/login:0
[    9987ms] [LOG] [Fast Refresh] rebuilding @ webpack-internal:///(app-pages-browser)/./node_modules/next/dist/next-devtools/shared/forward-logs-shared.js:44
[   10002ms] [LOG] [Fast Refresh] done in 16ms @ webpack-internal:///(app-pages-browser)/./node_modules/next/dist/next-devtools/shared/forward-logs-shared.js:44
[   10031ms] [WARNING] Error while trying to use the following icon from the Manifest: http://localhost:3000/icons/icon-192.png (Download error or resource isn't a valid image) @ http://localhost:3000/login:0
[   10048ms] [LOG] [Fast Refresh] rebuilding @ webpack-internal:///(app-pages-browser)/./node_modules/next/dist/next-devtools/shared/forward-logs-shared.js:44
[   10059ms] [LOG] [Fast Refresh] done in 11ms @ webpack-internal:///(app-pages-browser)/./node_modules/next/dist/next-devtools/shared/forward-logs-shared.js:44
[   10086ms] [WARNING] Error while trying to use the following icon from the Manifest: http://localhost:3000/icons/icon-192.png (Download error or resource isn't a valid image) @ http://localhost:3000/login:0
[   10105ms] [LOG] [Fast Refresh] rebuilding @ webpack-internal:///(app-pages-browser)/./node_modules/next/dist/next-devtools/shared/forward-logs-shared.js:44
[   10120ms] [LOG] [Fast Refresh] done in 15ms @ webpack-internal:///(app-pages-browser)/./node_modules/next/dist/next-devtools/shared/forward-logs-shared.js:44
[   10148ms] [WARNING] Error while trying to use the following icon from the Manifest: http://localhost:3000/icons/icon-192.png (Download error or resource isn't a valid image) @ http://localhost:3000/login:0
[   10164ms] [LOG] [Fast Refresh] rebuilding @ webpack-internal:///(app-pages-browser)/./node_modules/next/dist/next-devtools/shared/forward-logs-shared.js:44
[   10175ms] [LOG] [Fast Refresh] done in 12ms @ webpack-internal:///(app-pages-browser)/./node_modules/next/dist/next-devtools/shared/forward-logs-shared.js:44
[   10205ms] [WARNING] Error while trying to use the following icon from the Manifest: http://localhost:3000/icons/icon-192.png (Download error or resource isn't a valid image) @ http://localhost:3000/login:0
[   10223ms] [LOG] [Fast Refresh] rebuilding @ webpack-internal:///(app-pages-browser)/./node_modules/next/dist/next-devtools/shared/forward-logs-shared.js:44
[   10238ms] [LOG] [Fast Refresh] done in 15ms @ webpack-internal:///(app-pages-browser)/./node_modules/next/dist/next-devtools/shared/forward-logs-shared.js:44
[   10266ms] [WARNING] Error while trying to use the following icon from the Manifest: http://localhost:3000/icons/icon-192.png (Download error or resource isn't a valid image) @ http://localhost:3000/login:0
[   10284ms] [LOG] [Fast Refresh] rebuilding @ webpack-internal:///(app-pages-browser)/./node_modules/next/dist/next-devtools/shared/forward-logs-shared.js:44
[   10295ms] [LOG] [Fast Refresh] done in 12ms @ webpack-internal:///(app-pages-browser)/./node_modules/next/dist/next-devtools/shared/forward-logs-shared.js:44
[   10325ms] [WARNING] Error while trying to use the following icon from the Manifest: http://localhost:3000/icons/icon-192.png (Download error or resource isn't a valid image) @ http://localhost:3000/login:0
[   10343ms] [LOG] [Fast Refresh] rebuilding @ webpack-internal:///(app-pages-browser)/./node_modules/next/dist/next-devtools/shared/forward-logs-shared.js:44
[   10358ms] [LOG] [Fast Refresh] done in 16ms @ webpack-internal:///(app-pages-browser)/./node_modules/next/dist/next-devtools/shared/forward-logs-shared.js:44
[   10386ms] [WARNING] Error while trying to use the following icon from the Manifest: http://localhost:3000/icons/icon-192.png (Download error or resource isn't a valid image) @ http://localhost:3000/login:0
[   10403ms] [LOG] [Fast Refresh] rebuilding @ webpack-internal:///(app-pages-browser)/./node_modules/next/dist/next-devtools/shared/forward-logs-shared.js:44
[   10414ms] [LOG] [Fast Refresh] done in 11ms @ webpack-internal:///(app-pages-browser)/./node_modules/next/dist/next-devtools/shared/forward-logs-shared.js:44
[   10443ms] [WARNING] Error while trying to use the following icon from the Manifest: http://localhost:3000/icons/icon-192.png (Download error or resource isn't a valid image) @ http://localhost:3000/login:0
[   10460ms] [LOG] [Fast Refresh] rebuilding @ webpack-internal:///(app-pages-browser)/./node_modules/next/dist/next-devtools/shared/forward-logs-shared.js:44
[   10476ms] [LOG] [Fast Refresh] done in 15ms @ webpack-internal:///(app-pages-browser)/./node_modules/next/dist/next-devtools/shared/forward-logs-shared.js:44
[   10511ms] [WARNING] Error while trying to use the following icon from the Manifest: http://localhost:3000/icons/icon-192.png (Download error or resource isn't a valid image) @ http://localhost:3000/login:0
[   10528ms] [LOG] [Fast Refresh] rebuilding @ webpack-internal:///(app-pages-browser)/./node_modules/next/dist/next-devtools/shared/forward-logs-shared.js:44
[   10540ms] [LOG] [Fast Refresh] done in 12ms @ webpack-internal:///(app-pages-browser)/./node_modules/next/dist/next-devtools/shared/forward-logs-shared.js:44
[   10569ms] [WARNING] Error while trying to use the following icon from the Manifest: http://localhost:3000/icons/icon-192.png (Download error or resource isn't a valid image) @ http://localhost:3000/login:0
[   10586ms] [LOG] [Fast Refresh] rebuilding @ webpack-internal:///(app-pages-browser)/./node_modules/next/dist/next-devtools/shared/forward-logs-shared.js:44
[   10601ms] [LOG] [Fast Refresh] done in 15ms @ webpack-internal:///(app-pages-browser)/./node_modules/next/dist/next-devtools/shared/forward-logs-shared.js:44
[   10629ms] [WARNING] Error while trying to use the following icon from the Manifest: http://localhost:3000/icons/icon-192.png (Download error or resource isn't a valid image) @ http://localhost:3000/login:0
[   10647ms] [LOG] [Fast Refresh] rebuilding @ webpack-internal:///(app-pages-browser)/./node_modules/next/dist/next-devtools/shared/forward-logs-shared.js:44
[   10658ms] [LOG] [Fast Refresh] done in 11ms @ webpack-internal:///(app-pages-browser)/./node_modules/next/dist/next-devtools/shared/forward-logs-shared.js:44
[   10687ms] [WARNING] Error while trying to use the following icon from the Manifest: http://localhost:3000/icons/icon-192.png (Download error or resource isn't a valid image) @ http://localhost:3000/login:0
[   10705ms] [LOG] [Fast Refresh] rebuilding @ webpack-internal:///(app-pages-browser)/./node_modules/next/dist/next-devtools/shared/forward-logs-shared.js:44
[   10720ms] [LOG] [Fast Refresh] done in 16ms @ webpack-internal:///(app-pages-browser)/./node_modules/next/dist/next-devtools/shared/forward-logs-shared.js:44
[   10749ms] [WARNING] Error while trying to use the following icon from the Manifest: http://localhost:3000/icons/icon-192.png (Download error or resource isn't a valid image) @ http://localhost:3000/login:0
[   10766ms] [LOG] [Fast Refresh] rebuilding @ webpack-internal:///(app-pages-browser)/./node_modules/next/dist/next-devtools/shared/forward-logs-shared.js:44
[   10778ms] [LOG] [Fast Refresh] done in 13ms @ webpack-internal:///(app-pages-browser)/./node_modules/next/dist/next-devtools/shared/forward-logs-shared.js:44
[   10806ms] [WARNING] Error while trying to use the following icon from the Manifest: http://localhost:3000/icons/icon-192.png (Download error or resource isn't a valid image) @ http://localhost:3000/login:0
[   10824ms] [LOG] [Fast Refresh] rebuilding @ webpack-internal:///(app-pages-browser)/./node_modules/next/dist/next-devtools/shared/forward-logs-shared.js:44
[   10840ms] [LOG] [Fast Refresh] done in 15ms @ webpack-internal:///(app-pages-browser)/./node_modules/next/dist/next-devtools/shared/forward-logs-shared.js:44
[   10869ms] [WARNING] Error while trying to use the following icon from the Manifest: http://localhost:3000/icons/icon-192.png (Download error or resource isn't a valid image) @ http://localhost:3000/login:0
[   10885ms] [LOG] [Fast Refresh] rebuilding @ webpack-internal:///(app-pages-browser)/./node_modules/next/dist/next-devtools/shared/forward-logs-shared.js:44
[   10897ms] [LOG] [Fast Refresh] done in 11ms @ webpack-internal:///(app-pages-browser)/./node_modules/next/dist/next-devtools/shared/forward-logs-shared.js:44
[   10924ms] [WARNING] Error while trying to use the following icon from the Manifest: http://localhost:3000/icons/icon-192.png (Download error or resource isn't a valid image) @ http://localhost:3000/login:0
[   10942ms] [LOG] [Fast Refresh] rebuilding @ webpack-internal:///(app-pages-browser)/./node_modules/next/dist/next-devtools/shared/forward-logs-shared.js:44
[   10957ms] [LOG] [Fast Refresh] done in 16ms @ webpack-internal:///(app-pages-browser)/./node_modules/next/dist/next-devtools/shared/forward-logs-shared.js:44
[   10987ms] [WARNING] Error while trying to use the following icon from the Manifest: http://localhost:3000/icons/icon-192.png (Download error or resource isn't a valid image) @ http://localhost:3000/login:0
[   11004ms] [LOG] [Fast Refresh] rebuilding @ webpack-internal:///(app-pages-browser)/./node_modules/next/dist/next-devtools/shared/forward-logs-shared.js:44
[   11015ms] [LOG] [Fast Refresh] done in 11ms @ webpack-internal:///(app-pages-browser)/./node_modules/next/dist/next-devtools/shared/forward-logs-shared.js:44
[   11043ms] [WARNING] Error while trying to use the following icon from the Manifest: http://localhost:3000/icons/icon-192.png (Download error or resource isn't a valid image) @ http://localhost:3000/login:0
[   11062ms] [LOG] [Fast Refresh] rebuilding @ webpack-internal:///(app-pages-browser)/./node_modules/next/dist/next-devtools/shared/forward-logs-shared.js:44
[   11078ms] [LOG] [Fast Refresh] done in 17ms @ webpack-internal:///(app-pages-browser)/./node_modules/next/dist/next-devtools/shared/forward-logs-shared.js:44
[   11110ms] [WARNING] Error while trying to use the following icon from the Manifest: http://localhost:3000/icons/icon-192.png (Download error or resource isn't a valid image) @ http://localhost:3000/login:0
[   11126ms] [LOG] [Fast Refresh] rebuilding @ webpack-internal:///(app-pages-browser)/./node_modules/next/dist/next-devtools/shared/forward-logs-shared.js:44
[   11139ms] [LOG] [Fast Refresh] done in 13ms @ webpack-internal:///(app-pages-browser)/./node_modules/next/dist/next-devtools/shared/forward-logs-shared.js:44
[   11174ms] [WARNING] Error while trying to use the following icon from the Manifest: http://localhost:3000/icons/icon-192.png (Download error or resource isn't a valid image) @ http://localhost:3000/login:0
[   11221ms] [LOG] [Fast Refresh] rebuilding @ webpack-internal:///(app-pages-browser)/./node_modules/next/dist/next-devtools/shared/forward-logs-shared.js:44
[   11252ms] [LOG] [Fast Refresh] done in 32ms @ webpack-internal:///(app-pages-browser)/./node_modules/next/dist/next-devtools/shared/forward-logs-shared.js:44
[   11288ms] [WARNING] Error while trying to use the following icon from the Manifest: http://localhost:3000/icons/icon-192.png (Download error or resource isn't a valid image) @ http://localhost:3000/login:0
[   11306ms] [LOG] [Fast Refresh] rebuilding @ webpack-internal:///(app-pages-browser)/./node_modules/next/dist/next-devtools/shared/forward-logs-shared.js:44
[   11318ms] [LOG] [Fast Refresh] done in 12ms @ webpack-internal:///(app-pages-browser)/./node_modules/next/dist/next-devtools/shared/forward-logs-shared.js:44
[   11348ms] [WARNING] Error while trying to use the following icon from the Manifest: http://localhost:3000/icons/icon-192.png (Download error or resource isn't a valid image) @ http://localhost:3000/login:0
[   11366ms] [LOG] [Fast Refresh] rebuilding @ webpack-internal:///(app-pages-browser)/./node_modules/next/dist/next-devtools/shared/forward-logs-shared.js:44
[   11383ms] [LOG] [Fast Refresh] done in 17ms @ webpack-internal:///(app-pages-browser)/./node_modules/next/dist/next-devtools/shared/forward-logs-shared.js:44
[   11430ms] [LOG] [Fast Refresh] rebuilding @ webpack-internal:///(app-pages-browser)/./node_modules/next/dist/next-devtools/shared/forward-logs-shared.js:44
[   11441ms] [LOG] [Fast Refresh] done in 12ms @ webpack-internal:///(app-pages-browser)/./node_modules/next/dist/next-devtools/shared/forward-logs-shared.js:44
[   11490ms] [LOG] [Fast Refresh] rebuilding @ webpack-internal:///(app-pages-browser)/./node_modules/next/dist/next-devtools/shared/forward-logs-shared.js:44
[   11506ms] [LOG] [Fast Refresh] done in 16ms @ webpack-internal:///(app-pages-browser)/./node_modules/next/dist/next-devtools/shared/forward-logs-shared.js:44
[   11537ms] [WARNING] Error while trying to use the following icon from the Manifest: http://localhost:3000/icons/icon-192.png (Download error or resource isn't a valid image) @ http://localhost:3000/login:0
[   11554ms] [LOG] [Fast Refresh] rebuilding @ webpack-internal:///(app-pages-browser)/./node_modules/next/dist/next-devtools/shared/forward-logs-shared.js:44
[   11566ms] [LOG] [Fast Refresh] done in 12ms @ webpack-internal:///(app-pages-browser)/./node_modules/next/dist/next-devtools/shared/forward-logs-shared.js:44
[   11595ms] [WARNING] Error while trying to use the following icon from the Manifest: http://localhost:3000/icons/icon-192.png (Download error or resource isn't a valid image) @ http://localhost:3000/login:0
[   11614ms] [LOG] [Fast Refresh] rebuilding @ webpack-internal:///(app-pages-browser)/./node_modules/next/dist/next-devtools/shared/forward-logs-shared.js:44
[   11630ms] [LOG] [Fast Refresh] done in 17ms @ webpack-internal:///(app-pages-browser)/./node_modules/next/dist/next-devtools/shared/forward-logs-shared.js:44
[   11642ms] [WARNING] Error while trying to use the following icon from the Manifest: http://localhost:3000/icons/icon-192.png (Download error or resource isn't a valid image) @ http://localhost:3000/login:0
[   11678ms] [LOG] [Fast Refresh] rebuilding @ webpack-internal:///(app-pages-browser)/./node_modules/next/dist/next-devtools/shared/forward-logs-shared.js:44
[   11691ms] [LOG] [Fast Refresh] done in 14ms @ webpack-internal:///(app-pages-browser)/./node_modules/next/dist/next-devtools/shared/forward-logs-shared.js:44
[   11752ms] [WARNING] Error while trying to use the following icon from the Manifest: http://localhost:3000/icons/icon-192.png (Download error or resource isn't a valid image) @ http://localhost:3000/login:0
[   11771ms] [LOG] [Fast Refresh] rebuilding @ webpack-internal:///(app-pages-browser)/./node_modules/next/dist/next-devtools/shared/forward-logs-shared.js:44
[   11787ms] [LOG] [Fast Refresh] done in 17ms @ webpack-internal:///(app-pages-browser)/./node_modules/next/dist/next-devtools/shared/forward-logs-shared.js:44
[   11834ms] [LOG] [Fast Refresh] rebuilding @ webpack-internal:///(app-pages-browser)/./node_modules/next/dist/next-devtools/shared/forward-logs-shared.js:44
[   11848ms] [LOG] [Fast Refresh] done in 14ms @ webpack-internal:///(app-pages-browser)/./node_modules/next/dist/next-devtools/shared/forward-logs-shared.js:44
[   11895ms] [LOG] [Fast Refresh] rebuilding @ webpack-internal:///(app-pages-browser)/./node_modules/next/dist/next-devtools/shared/forward-logs-shared.js:44
[   11914ms] [LOG] [Fast Refresh] done in 18ms @ webpack-internal:///(app-pages-browser)/./node_modules/next/dist/next-devtools/shared/forward-logs-shared.js:44
[   11945ms] [WARNING] Error while trying to use the following icon from the Manifest: http://localhost:3000/icons/icon-192.png (Download error or resource isn't a valid image) @ http://localhost:3000/login:0
[   11963ms] [LOG] [Fast Refresh] rebuilding @ webpack-internal:///(app-pages-browser)/./node_modules/next/dist/next-devtools/shared/forward-logs-shared.js:44
[   11975ms] [LOG] [Fast Refresh] done in 12ms @ webpack-internal:///(app-pages-browser)/./node_modules/next/dist/next-devtools/shared/forward-logs-shared.js:44
[   12005ms] [WARNING] Error while trying to use the following icon from the Manifest: http://localhost:3000/icons/icon-192.png (Download error or resource isn't a valid image) @ http://localhost:3000/login:0
[   12025ms] [LOG] [Fast Refresh] rebuilding @ webpack-internal:///(app-pages-browser)/./node_modules/next/dist/next-devtools/shared/forward-logs-shared.js:44
[   12052ms] [LOG] [Fast Refresh] done in 27ms @ webpack-internal:///(app-pages-browser)/./node_modules/next/dist/next-devtools/shared/forward-logs-shared.js:44
[   12092ms] [LOG] [Fast Refresh] rebuilding @ webpack-internal:///(app-pages-browser)/./node_modules/next/dist/next-devtools/shared/forward-logs-shared.js:44
[   12104ms] [LOG] [Fast Refresh] done in 12ms @ webpack-internal:///(app-pages-browser)/./node_modules/next/dist/next-devtools/shared/forward-logs-shared.js:44
[   12135ms] [WARNING] Error while trying to use the following icon from the Manifest: http://localhost:3000/icons/icon-192.png (Download error or resource isn't a valid image) @ http://localhost:3000/login:0
[   12153ms] [LOG] [Fast Refresh] rebuilding @ webpack-internal:///(app-pages-browser)/./node_modules/next/dist/next-devtools/shared/forward-logs-shared.js:44
[   12169ms] [LOG] [Fast Refresh] done in 16ms @ webpack-internal:///(app-pages-browser)/./node_modules/next/dist/next-devtools/shared/forward-logs-shared.js:44
[   12217ms] [LOG] [Fast Refresh] rebuilding @ webpack-internal:///(app-pages-browser)/./node_modules/next/dist/next-devtools/shared/forward-logs-shared.js:44
[   12231ms] [LOG] [Fast Refresh] done in 14ms @ webpack-internal:///(app-pages-browser)/./node_modules/next/dist/next-devtools/shared/forward-logs-shared.js:44
[   12261ms] [WARNING] Error while trying to use the following icon from the Manifest: http://localhost:3000/icons/icon-192.png (Download error or resource isn't a valid image) @ http://localhost:3000/login:0
[   12278ms] [LOG] [Fast Refresh] rebuilding @ webpack-internal:///(app-pages-browser)/./node_modules/next/dist/next-devtools/shared/forward-logs-shared.js:44
[   12294ms] [LOG] [Fast Refresh] done in 16ms @ webpack-internal:///(app-pages-browser)/./node_modules/next/dist/next-devtools/shared/forward-logs-shared.js:44
[   12325ms] [WARNING] Error while trying to use the following icon from the Manifest: http://localhost:3000/icons/icon-192.png (Download error or resource isn't a valid image) @ http://localhost:3000/login:0
[   12341ms] [LOG] [Fast Refresh] rebuilding @ webpack-internal:///(app-pages-browser)/./node_modules/next/dist/next-devtools/shared/forward-logs-shared.js:44
[   12353ms] [LOG] [Fast Refresh] done in 12ms @ webpack-internal:///(app-pages-browser)/./node_modules/next/dist/next-devtools/shared/forward-logs-shared.js:44
[   12398ms] [LOG] [Fast Refresh] rebuilding @ webpack-internal:///(app-pages-browser)/./node_modules/next/dist/next-devtools/shared/forward-logs-shared.js:44
[   12414ms] [LOG] [Fast Refresh] done in 15ms @ webpack-internal:///(app-pages-browser)/./node_modules/next/dist/next-devtools/shared/forward-logs-shared.js:44
[   12460ms] [LOG] [Fast Refresh] rebuilding @ webpack-internal:///(app-pages-browser)/./node_modules/next/dist/next-devtools/shared/forward-logs-shared.js:44
[   12472ms] [LOG] [Fast Refresh] done in 12ms @ webpack-internal:///(app-pages-browser)/./node_modules/next/dist/next-devtools/shared/forward-logs-shared.js:44
[   12501ms] [WARNING] Error while trying to use the following icon from the Manifest: http://localhost:3000/icons/icon-192.png (Download error or resource isn't a valid image) @ http://localhost:3000/login:0
[   12519ms] [LOG] [Fast Refresh] rebuilding @ webpack-internal:///(app-pages-browser)/./node_modules/next/dist/next-devtools/shared/forward-logs-shared.js:44
[   12535ms] [LOG] [Fast Refresh] done in 15ms @ webpack-internal:///(app-pages-browser)/./node_modules/next/dist/next-devtools/shared/forward-logs-shared.js:44
[   12563ms] [WARNING] Error while trying to use the following icon from the Manifest: http://localhost:3000/icons/icon-192.png (Download error or resource isn't a valid image) @ http://localhost:3000/login:0
[   12580ms] [LOG] [Fast Refresh] rebuilding @ webpack-internal:///(app-pages-browser)/./node_modules/next/dist/next-devtools/shared/forward-logs-shared.js:44
[   12592ms] [LOG] [Fast Refresh] done in 12ms @ webpack-internal:///(app-pages-browser)/./node_modules/next/dist/next-devtools/shared/forward-logs-shared.js:44
[   12622ms] [WARNING] Error while trying to use the following icon from the Manifest: http://localhost:3000/icons/icon-192.png (Download error or resource isn't a valid image) @ http://localhost:3000/login:0
[   12640ms] [LOG] [Fast Refresh] rebuilding @ webpack-internal:///(app-pages-browser)/./node_modules/next/dist/next-devtools/shared/forward-logs-shared.js:44
[   12657ms] [LOG] [Fast Refresh] done in 17ms @ webpack-internal:///(app-pages-browser)/./node_modules/next/dist/next-devtools/shared/forward-logs-shared.js:44
[   12686ms] [WARNING] Error while trying to use the following icon from the Manifest: http://localhost:3000/icons/icon-192.png (Download error or resource isn't a valid image) @ http://localhost:3000/login:0
[   12703ms] [LOG] [Fast Refresh] rebuilding @ webpack-internal:///(app-pages-browser)/./node_modules/next/dist/next-devtools/shared/forward-logs-shared.js:44
[   12715ms] [LOG] [Fast Refresh] done in 11ms @ webpack-internal:///(app-pages-browser)/./node_modules/next/dist/next-devtools/shared/forward-logs-shared.js:44
[   12746ms] [WARNING] Error while trying to use the following icon from the Manifest: http://localhost:3000/icons/icon-192.png (Download error or resource isn't a valid image) @ http://localhost:3000/login:0
[   12765ms] [LOG] [Fast Refresh] rebuilding @ webpack-internal:///(app-pages-browser)/./node_modules/next/dist/next-devtools/shared/forward-logs-shared.js:44
[   12781ms] [LOG] [Fast Refresh] done in 16ms @ webpack-internal:///(app-pages-browser)/./node_modules/next/dist/next-devtools/shared/forward-logs-shared.js:44
[   12811ms] [WARNING] Error while trying to use the following icon from the Manifest: http://localhost:3000/icons/icon-192.png (Download error or resource isn't a valid image) @ http://localhost:3000/login:0
[   12828ms] [LOG] [Fast Refresh] rebuilding @ webpack-internal:///(app-pages-browser)/./node_modules/next/dist/next-devtools/shared/forward-logs-shared.js:44
[   12839ms] [LOG] [Fast Refresh] done in 12ms @ webpack-internal:///(app-pages-browser)/./node_modules/next/dist/next-devtools/shared/forward-logs-shared.js:44
[   12869ms] [WARNING] Error while trying to use the following icon from the Manifest: http://localhost:3000/icons/icon-192.png (Download error or resource isn't a valid image) @ http://localhost:3000/login:0
[   12887ms] [LOG] [Fast Refresh] rebuilding @ webpack-internal:///(app-pages-browser)/./node_modules/next/dist/next-devtools/shared/forward-logs-shared.js:44
[   12903ms] [LOG] [Fast Refresh] done in 15ms @ webpack-internal:///(app-pages-browser)/./node_modules/next/dist/next-devtools/shared/forward-logs-shared.js:44
[   12933ms] [WARNING] Error while trying to use the following icon from the Manifest: http://localhost:3000/icons/icon-192.png (Download error or resource isn't a valid image) @ http://localhost:3000/login:0
[   12949ms] [LOG] [Fast Refresh] rebuilding @ webpack-internal:///(app-pages-browser)/./node_modules/next/dist/next-devtools/shared/forward-logs-shared.js:44
[   12961ms] [LOG] [Fast Refresh] done in 11ms @ webpack-internal:///(app-pages-browser)/./node_modules/next/dist/next-devtools/shared/forward-logs-shared.js:44
[   12991ms] [WARNING] Error while trying to use the following icon from the Manifest: http://localhost:3000/icons/icon-192.png (Download error or resource isn't a valid image) @ http://localhost:3000/login:0
[   13008ms] [LOG] [Fast Refresh] rebuilding @ webpack-internal:///(app-pages-browser)/./node_modules/next/dist/next-devtools/shared/forward-logs-shared.js:44
[   13024ms] [LOG] [Fast Refresh] done in 16ms @ webpack-internal:///(app-pages-browser)/./node_modules/next/dist/next-devtools/shared/forward-logs-shared.js:44
[   13056ms] [WARNING] Error while trying to use the following icon from the Manifest: http://localhost:3000/icons/icon-192.png (Download error or resource isn't a valid image) @ http://localhost:3000/login:0
[   13073ms] [LOG] [Fast Refresh] rebuilding @ webpack-internal:///(app-pages-browser)/./node_modules/next/dist/next-devtools/shared/forward-logs-shared.js:44
[   13085ms] [LOG] [Fast Refresh] done in 12ms @ webpack-internal:///(app-pages-browser)/./node_modules/next/dist/next-devtools/shared/forward-logs-shared.js:44
[   13116ms] [WARNING] Error while trying to use the following icon from the Manifest: http://localhost:3000/icons/icon-192.png (Download error or resource isn't a valid image) @ http://localhost:3000/login:0
[   13134ms] [LOG] [Fast Refresh] rebuilding @ webpack-internal:///(app-pages-browser)/./node_modules/next/dist/next-devtools/shared/forward-logs-shared.js:44
[   13151ms] [LOG] [Fast Refresh] done in 16ms @ webpack-internal:///(app-pages-browser)/./node_modules/next/dist/next-devtools/shared/forward-logs-shared.js:44
[   13181ms] [WARNING] Error while trying to use the following icon from the Manifest: http://localhost:3000/icons/icon-192.png (Download error or resource isn't a valid image) @ http://localhost:3000/login:0
[   13199ms] [LOG] [Fast Refresh] rebuilding @ webpack-internal:///(app-pages-browser)/./node_modules/next/dist/next-devtools/shared/forward-logs-shared.js:44
[   13211ms] [LOG] [Fast Refresh] done in 12ms @ webpack-internal:///(app-pages-browser)/./node_modules/next/dist/next-devtools/shared/forward-logs-shared.js:44
[   13260ms] [LOG] [Fast Refresh] rebuilding @ webpack-internal:///(app-pages-browser)/./node_modules/next/dist/next-devtools/shared/forward-logs-shared.js:44
[   13277ms] [LOG] [Fast Refresh] done in 17ms @ webpack-internal:///(app-pages-browser)/./node_modules/next/dist/next-devtools/shared/forward-logs-shared.js:44
[   13310ms] [WARNING] Error while trying to use the following icon from the Manifest: http://localhost:3000/icons/icon-192.png (Download error or resource isn't a valid image) @ http://localhost:3000/login:0
[   13329ms] [LOG] [Fast Refresh] rebuilding @ webpack-internal:///(app-pages-browser)/./node_modules/next/dist/next-devtools/shared/forward-logs-shared.js:44
[   13341ms] [LOG] [Fast Refresh] done in 12ms @ webpack-internal:///(app-pages-browser)/./node_modules/next/dist/next-devtools/shared/forward-logs-shared.js:44
[   13371ms] [WARNING] Error while trying to use the following icon from the Manifest: http://localhost:3000/icons/icon-192.png (Download error or resource isn't a valid image) @ http://localhost:3000/login:0
[   13390ms] [LOG] [Fast Refresh] rebuilding @ webpack-internal:///(app-pages-browser)/./node_modules/next/dist/next-devtools/shared/forward-logs-shared.js:44
[   13407ms] [LOG] [Fast Refresh] done in 16ms @ webpack-internal:///(app-pages-browser)/./node_modules/next/dist/next-devtools/shared/forward-logs-shared.js:44
[   13436ms] [WARNING] Error while trying to use the following icon from the Manifest: http://localhost:3000/icons/icon-192.png (Download error or resource isn't a valid image) @ http://localhost:3000/login:0
[   13456ms] [LOG] [Fast Refresh] rebuilding @ webpack-internal:///(app-pages-browser)/./node_modules/next/dist/next-devtools/shared/forward-logs-shared.js:44
[   13469ms] [LOG] [Fast Refresh] done in 12ms @ webpack-internal:///(app-pages-browser)/./node_modules/next/dist/next-devtools/shared/forward-logs-shared.js:44
[   13499ms] [WARNING] Error while trying to use the following icon from the Manifest: http://localhost:3000/icons/icon-192.png (Download error or resource isn't a valid image) @ http://localhost:3000/login:0
[   13519ms] [LOG] [Fast Refresh] rebuilding @ webpack-internal:///(app-pages-browser)/./node_modules/next/dist/next-devtools/shared/forward-logs-shared.js:44
[   13537ms] [LOG] [Fast Refresh] done in 17ms @ webpack-internal:///(app-pages-browser)/./node_modules/next/dist/next-devtools/shared/forward-logs-shared.js:44
[   13560ms] [WARNING] Error while trying to use the following icon from the Manifest: http://localhost:3000/icons/icon-192.png (Download error or resource isn't a valid image) @ http://localhost:3000/login:0
[   13584ms] [LOG] [Fast Refresh] rebuilding @ webpack-internal:///(app-pages-browser)/./node_modules/next/dist/next-devtools/shared/forward-logs-shared.js:44
[   13595ms] [LOG] [Fast Refresh] done in 11ms @ webpack-internal:///(app-pages-browser)/./node_modules/next/dist/next-devtools/shared/forward-logs-shared.js:44
[   13604ms] [WARNING] Error while trying to use the following icon from the Manifest: http://localhost:3000/icons/icon-192.png (Download error or resource isn't a valid image) @ http://localhost:3000/login:0
[   13645ms] [LOG] [Fast Refresh] rebuilding @ webpack-internal:///(app-pages-browser)/./node_modules/next/dist/next-devtools/shared/forward-logs-shared.js:44
[   13662ms] [LOG] [Fast Refresh] done in 16ms @ webpack-internal:///(app-pages-browser)/./node_modules/next/dist/next-devtools/shared/forward-logs-shared.js:44
[   13693ms] [WARNING] Error while trying to use the following icon from the Manifest: http://localhost:3000/icons/icon-192.png (Download error or resource isn't a valid image) @ http://localhost:3000/login:0
[   13710ms] [LOG] [Fast Refresh] rebuilding @ webpack-internal:///(app-pages-browser)/./node_modules/next/dist/next-devtools/shared/forward-logs-shared.js:44
[   13724ms] [LOG] [Fast Refresh] done in 14ms @ webpack-internal:///(app-pages-browser)/./node_modules/next/dist/next-devtools/shared/forward-logs-shared.js:44
[   13756ms] [WARNING] Error while trying to use the following icon from the Manifest: http://localhost:3000/icons/icon-192.png (Download error or resource isn't a valid image) @ http://localhost:3000/login:0
[   13777ms] [LOG] [Fast Refresh] rebuilding @ webpack-internal:///(app-pages-browser)/./node_modules/next/dist/next-devtools/shared/forward-logs-shared.js:44
[   13796ms] [LOG] [Fast Refresh] done in 20ms @ webpack-internal:///(app-pages-browser)/./node_modules/next/dist/next-devtools/shared/forward-logs-shared.js:44
[   13828ms] [WARNING] Error while trying to use the following icon from the Manifest: http://localhost:3000/icons/icon-192.png (Download error or resource isn't a valid image) @ http://localhost:3000/login:0
[   13847ms] [LOG] [Fast Refresh] rebuilding @ webpack-internal:///(app-pages-browser)/./node_modules/next/dist/next-devtools/shared/forward-logs-shared.js:44
[   13861ms] [LOG] [Fast Refresh] done in 14ms @ webpack-internal:///(app-pages-browser)/./node_modules/next/dist/next-devtools/shared/forward-logs-shared.js:44
[   13892ms] [WARNING] Error while trying to use the following icon from the Manifest: http://localhost:3000/icons/icon-192.png (Download error or resource isn't a valid image) @ http://localhost:3000/login:0
[   13910ms] [LOG] [Fast Refresh] rebuilding @ webpack-internal:///(app-pages-browser)/./node_modules/next/dist/next-devtools/shared/forward-logs-shared.js:44
[   13927ms] [LOG] [Fast Refresh] done in 18ms @ webpack-internal:///(app-pages-browser)/./node_modules/next/dist/next-devtools/shared/forward-logs-shared.js:44
[   13958ms] [WARNING] Error while trying to use the following icon from the Manifest: http://localhost:3000/icons/icon-192.png (Download error or resource isn't a valid image) @ http://localhost:3000/login:0
[   13975ms] [LOG] [Fast Refresh] rebuilding @ webpack-internal:///(app-pages-browser)/./node_modules/next/dist/next-devtools/shared/forward-logs-shared.js:44
[   13988ms] [LOG] [Fast Refresh] done in 13ms @ webpack-internal:///(app-pages-browser)/./node_modules/next/dist/next-devtools/shared/forward-logs-shared.js:44
[   14015ms] [WARNING] Error while trying to use the following icon from the Manifest: http://localhost:3000/icons/icon-192.png (Download error or resource isn't a valid image) @ http://localhost:3000/login:0
[   14034ms] [LOG] [Fast Refresh] rebuilding @ webpack-internal:///(app-pages-browser)/./node_modules/next/dist/next-devtools/shared/forward-logs-shared.js:44
[   14051ms] [LOG] [Fast Refresh] done in 17ms @ webpack-internal:///(app-pages-browser)/./node_modules/next/dist/next-devtools/shared/forward-logs-shared.js:44
[   14078ms] [WARNING] Error while trying to use the following icon from the Manifest: http://localhost:3000/icons/icon-192.png (Download error or resource isn't a valid image) @ http://localhost:3000/login:0
[   14095ms] [LOG] [Fast Refresh] rebuilding @ webpack-internal:///(app-pages-browser)/./node_modules/next/dist/next-devtools/shared/forward-logs-shared.js:44
[   14115ms] [LOG] [Fast Refresh] done in 19ms @ webpack-internal:///(app-pages-browser)/./node_modules/next/dist/next-devtools/shared/forward-logs-shared.js:44
[   14145ms] [WARNING] Error while trying to use the following icon from the Manifest: http://localhost:3000/icons/icon-192.png (Download error or resource isn't a valid image) @ http://localhost:3000/login:0
[   14162ms] [LOG] [Fast Refresh] rebuilding @ webpack-internal:///(app-pages-browser)/./node_modules/next/dist/next-devtools/shared/forward-logs-shared.js:44
[   14178ms] [LOG] [Fast Refresh] done in 16ms @ webpack-internal:///(app-pages-browser)/./node_modules/next/dist/next-devtools/shared/forward-logs-shared.js:44
[   14211ms] [WARNING] Error while trying to use the following icon from the Manifest: http://localhost:3000/icons/icon-192.png (Download error or resource isn't a valid image) @ http://localhost:3000/login:0
[   14228ms] [LOG] [Fast Refresh] rebuilding @ webpack-internal:///(app-pages-browser)/./node_modules/next/dist/next-devtools/shared/forward-logs-shared.js:44
[   14240ms] [LOG] [Fast Refresh] done in 12ms @ webpack-internal:///(app-pages-browser)/./node_modules/next/dist/next-devtools/shared/forward-logs-shared.js:44
[   14268ms] [WARNING] Error while trying to use the following icon from the Manifest: http://localhost:3000/icons/icon-192.png (Download error or resource isn't a valid image) @ http://localhost:3000/login:0
[   14286ms] [LOG] [Fast Refresh] rebuilding @ webpack-internal:///(app-pages-browser)/./node_modules/next/dist/next-devtools/shared/forward-logs-shared.js:44
[   14303ms] [LOG] [Fast Refresh] done in 18ms @ webpack-internal:///(app-pages-browser)/./node_modules/next/dist/next-devtools/shared/forward-logs-shared.js:44
[   14332ms] [WARNING] Error while trying to use the following icon from the Manifest: http://localhost:3000/icons/icon-192.png (Download error or resource isn't a valid image) @ http://localhost:3000/login:0
[   14348ms] [LOG] [Fast Refresh] rebuilding @ webpack-internal:///(app-pages-browser)/./node_modules/next/dist/next-devtools/shared/forward-logs-shared.js:44
[   14360ms] [LOG] [Fast Refresh] done in 11ms @ webpack-internal:///(app-pages-browser)/./node_modules/next/dist/next-devtools/shared/forward-logs-shared.js:44
[   14389ms] [WARNING] Error while trying to use the following icon from the Manifest: http://localhost:3000/icons/icon-192.png (Download error or resource isn't a valid image) @ http://localhost:3000/login:0
[   14407ms] [LOG] [Fast Refresh] rebuilding @ webpack-internal:///(app-pages-browser)/./node_modules/next/dist/next-devtools/shared/forward-logs-shared.js:44
[   14422ms] [LOG] [Fast Refresh] done in 15ms @ webpack-internal:///(app-pages-browser)/./node_modules/next/dist/next-devtools/shared/forward-logs-shared.js:44
[   14453ms] [WARNING] Error while trying to use the following icon from the Manifest: http://localhost:3000/icons/icon-192.png (Download error or resource isn't a valid image) @ http://localhost:3000/login:0
[   14469ms] [LOG] [Fast Refresh] rebuilding @ webpack-internal:///(app-pages-browser)/./node_modules/next/dist/next-devtools/shared/forward-logs-shared.js:44
[   14481ms] [LOG] [Fast Refresh] done in 12ms @ webpack-internal:///(app-pages-browser)/./node_modules/next/dist/next-devtools/shared/forward-logs-shared.js:44
[   14510ms] [WARNING] Error while trying to use the following icon from the Manifest: http://localhost:3000/icons/icon-192.png (Download error or resource isn't a valid image) @ http://localhost:3000/login:0
[   14527ms] [LOG] [Fast Refresh] rebuilding @ webpack-internal:///(app-pages-browser)/./node_modules/next/dist/next-devtools/shared/forward-logs-shared.js:44
[   14545ms] [LOG] [Fast Refresh] done in 17ms @ webpack-internal:///(app-pages-browser)/./node_modules/next/dist/next-devtools/shared/forward-logs-shared.js:44
[   14577ms] [WARNING] Error while trying to use the following icon from the Manifest: http://localhost:3000/icons/icon-192.png (Download error or resource isn't a valid image) @ http://localhost:3000/login:0
[   14597ms] [LOG] [Fast Refresh] rebuilding @ webpack-internal:///(app-pages-browser)/./node_modules/next/dist/next-devtools/shared/forward-logs-shared.js:44
[   14609ms] [LOG] [Fast Refresh] done in 12ms @ webpack-internal:///(app-pages-browser)/./node_modules/next/dist/next-devtools/shared/forward-logs-shared.js:44
[   14638ms] [WARNING] Error while trying to use the following icon from the Manifest: http://localhost:3000/icons/icon-192.png (Download error or resource isn't a valid image) @ http://localhost:3000/login:0
[   14656ms] [LOG] [Fast Refresh] rebuilding @ webpack-internal:///(app-pages-browser)/./node_modules/next/dist/next-devtools/shared/forward-logs-shared.js:44
[   14671ms] [LOG] [Fast Refresh] done in 16ms @ webpack-internal:///(app-pages-browser)/./node_modules/next/dist/next-devtools/shared/forward-logs-shared.js:44
[   14700ms] [WARNING] Error while trying to use the following icon from the Manifest: http://localhost:3000/icons/icon-192.png (Download error or resource isn't a valid image) @ http://localhost:3000/login:0
[   14717ms] [LOG] [Fast Refresh] rebuilding @ webpack-internal:///(app-pages-browser)/./node_modules/next/dist/next-devtools/shared/forward-logs-shared.js:44
[   14729ms] [LOG] [Fast Refresh] done in 12ms @ webpack-internal:///(app-pages-browser)/./node_modules/next/dist/next-devtools/shared/forward-logs-shared.js:44
[   14759ms] [WARNING] Error while trying to use the following icon from the Manifest: http://localhost:3000/icons/icon-192.png (Download error or resource isn't a valid image) @ http://localhost:3000/login:0
[   14780ms] [LOG] [Fast Refresh] rebuilding @ webpack-internal:///(app-pages-browser)/./node_modules/next/dist/next-devtools/shared/forward-logs-shared.js:44
[   14796ms] [LOG] [Fast Refresh] done in 17ms @ webpack-internal:///(app-pages-browser)/./node_modules/next/dist/next-devtools/shared/forward-logs-shared.js:44
[   14825ms] [WARNING] Error while trying to use the following icon from the Manifest: http://localhost:3000/icons/icon-192.png (Download error or resource isn't a valid image) @ http://localhost:3000/login:0
[   14842ms] [LOG] [Fast Refresh] rebuilding @ webpack-internal:///(app-pages-browser)/./node_modules/next/dist/next-devtools/shared/forward-logs-shared.js:44
[   14854ms] [LOG] [Fast Refresh] done in 12ms @ webpack-internal:///(app-pages-browser)/./node_modules/next/dist/next-devtools/shared/forward-logs-shared.js:44
[   14882ms] [WARNING] Error while trying to use the following icon from the Manifest: http://localhost:3000/icons/icon-192.png (Download error or resource isn't a valid image) @ http://localhost:3000/login:0
[   14900ms] [LOG] [Fast Refresh] rebuilding @ webpack-internal:///(app-pages-browser)/./node_modules/next/dist/next-devtools/shared/forward-logs-shared.js:44
[   14916ms] [LOG] [Fast Refresh] done in 15ms @ webpack-internal:///(app-pages-browser)/./node_modules/next/dist/next-devtools/shared/forward-logs-shared.js:44
[   14945ms] [WARNING] Error while trying to use the following icon from the Manifest: http://localhost:3000/icons/icon-192.png (Download error or resource isn't a valid image) @ http://localhost:3000/login:0
[   14962ms] [LOG] [Fast Refresh] rebuilding @ webpack-internal:///(app-pages-browser)/./node_modules/next/dist/next-devtools/shared/forward-logs-shared.js:44
[   14974ms] [LOG] [Fast Refresh] done in 12ms @ webpack-internal:///(app-pages-browser)/./node_modules/next/dist/next-devtools/shared/forward-logs-shared.js:44
[   15003ms] [WARNING] Error while trying to use the following icon from the Manifest: http://localhost:3000/icons/icon-192.png (Download error or resource isn't a valid image) @ http://localhost:3000/login:0
[   15021ms] [LOG] [Fast Refresh] rebuilding @ webpack-internal:///(app-pages-browser)/./node_modules/next/dist/next-devtools/shared/forward-logs-shared.js:44
[   15037ms] [LOG] [Fast Refresh] done in 16ms @ webpack-internal:///(app-pages-browser)/./node_modules/next/dist/next-devtools/shared/forward-logs-shared.js:44
[   15066ms] [WARNING] Error while trying to use the following icon from the Manifest: http://localhost:3000/icons/icon-192.png (Download error or resource isn't a valid image) @ http://localhost:3000/login:0
[   15082ms] [LOG] [Fast Refresh] rebuilding @ webpack-internal:///(app-pages-browser)/./node_modules/next/dist/next-devtools/shared/forward-logs-shared.js:44
[   15094ms] [LOG] [Fast Refresh] done in 11ms @ webpack-internal:///(app-pages-browser)/./node_modules/next/dist/next-devtools/shared/forward-logs-shared.js:44
[   15123ms] [WARNING] Error while trying to use the following icon from the Manifest: http://localhost:3000/icons/icon-192.png (Download error or resource isn't a valid image) @ http://localhost:3000/login:0
[   15140ms] [LOG] [Fast Refresh] rebuilding @ webpack-internal:///(app-pages-browser)/./node_modules/next/dist/next-devtools/shared/forward-logs-shared.js:44
[   15156ms] [LOG] [Fast Refresh] done in 16ms @ webpack-internal:///(app-pages-browser)/./node_modules/next/dist/next-devtools/shared/forward-logs-shared.js:44
[   15184ms] [WARNING] Error while trying to use the following icon from the Manifest: http://localhost:3000/icons/icon-192.png (Download error or resource isn't a valid image) @ http://localhost:3000/login:0
[   15201ms] [LOG] [Fast Refresh] rebuilding @ webpack-internal:///(app-pages-browser)/./node_modules/next/dist/next-devtools/shared/forward-logs-shared.js:44
[   15213ms] [LOG] [Fast Refresh] done in 11ms @ webpack-internal:///(app-pages-browser)/./node_modules/next/dist/next-devtools/shared/forward-logs-shared.js:44
[   15241ms] [WARNING] Error while trying to use the following icon from the Manifest: http://localhost:3000/icons/icon-192.png (Download error or resource isn't a valid image) @ http://localhost:3000/login:0
[   15259ms] [LOG] [Fast Refresh] rebuilding @ webpack-internal:///(app-pages-browser)/./node_modules/next/dist/next-devtools/shared/forward-logs-shared.js:44
[   15275ms] [LOG] [Fast Refresh] done in 16ms @ webpack-internal:///(app-pages-browser)/./node_modules/next/dist/next-devtools/shared/forward-logs-shared.js:44
[   15305ms] [WARNING] Error while trying to use the following icon from the Manifest: http://localhost:3000/icons/icon-192.png (Download error or resource isn't a valid image) @ http://localhost:3000/login:0
[   15327ms] [LOG] [Fast Refresh] rebuilding @ webpack-internal:///(app-pages-browser)/./node_modules/next/dist/next-devtools/shared/forward-logs-shared.js:44
[   15339ms] [LOG] [Fast Refresh] done in 13ms @ webpack-internal:///(app-pages-browser)/./node_modules/next/dist/next-devtools/shared/forward-logs-shared.js:44
[   15370ms] [WARNING] Error while trying to use the following icon from the Manifest: http://localhost:3000/icons/icon-192.png (Download error or resource isn't a valid image) @ http://localhost:3000/login:0
[   15388ms] [LOG] [Fast Refresh] rebuilding @ webpack-internal:///(app-pages-browser)/./node_modules/next/dist/next-devtools/shared/forward-logs-shared.js:44
[   15404ms] [LOG] [Fast Refresh] done in 15ms @ webpack-internal:///(app-pages-browser)/./node_modules/next/dist/next-devtools/shared/forward-logs-shared.js:44
[   15437ms] [WARNING] Error while trying to use the following icon from the Manifest: http://localhost:3000/icons/icon-192.png (Download error or resource isn't a valid image) @ http://localhost:3000/login:0
[   15453ms] [LOG] [Fast Refresh] rebuilding @ webpack-internal:///(app-pages-browser)/./node_modules/next/dist/next-devtools/shared/forward-logs-shared.js:44
[   15464ms] [LOG] [Fast Refresh] done in 11ms @ webpack-internal:///(app-pages-browser)/./node_modules/next/dist/next-devtools/shared/forward-logs-shared.js:44
[   15473ms] [WARNING] Error while trying to use the following icon from the Manifest: http://localhost:3000/icons/icon-192.png (Download error or resource isn't a valid image) @ http://localhost:3000/login:0
[   15516ms] [LOG] [Fast Refresh] rebuilding @ webpack-internal:///(app-pages-browser)/./node_modules/next/dist/next-devtools/shared/forward-logs-shared.js:44
[   15535ms] [LOG] [Fast Refresh] done in 20ms @ webpack-internal:///(app-pages-browser)/./node_modules/next/dist/next-devtools/shared/forward-logs-shared.js:44
[   15563ms] [WARNING] Error while trying to use the following icon from the Manifest: http://localhost:3000/icons/icon-192.png (Download error or resource isn't a valid image) @ http://localhost:3000/login:0
[   15579ms] [LOG] [Fast Refresh] rebuilding @ webpack-internal:///(app-pages-browser)/./node_modules/next/dist/next-devtools/shared/forward-logs-shared.js:44
[   15591ms] [LOG] [Fast Refresh] done in 13ms @ webpack-internal:///(app-pages-browser)/./node_modules/next/dist/next-devtools/shared/forward-logs-shared.js:44
[   15621ms] [WARNING] Error while trying to use the following icon from the Manifest: http://localhost:3000/icons/icon-192.png (Download error or resource isn't a valid image) @ http://localhost:3000/login:0
[   15639ms] [LOG] [Fast Refresh] rebuilding @ webpack-internal:///(app-pages-browser)/./node_modules/next/dist/next-devtools/shared/forward-logs-shared.js:44
[   15669ms] [LOG] [Fast Refresh] done in 29ms @ webpack-internal:///(app-pages-browser)/./node_modules/next/dist/next-devtools/shared/forward-logs-shared.js:44
[   16183ms] [WARNING] Error while trying to use the following icon from the Manifest: http://localhost:3000/icons/icon-192.png (Download error or resource isn't a valid image) @ http://localhost:3000/login:0
[   16213ms] [LOG] [Fast Refresh] rebuilding @ webpack-internal:///(app-pages-browser)/./node_modules/next/dist/next-devtools/shared/forward-logs-shared.js:44
[   16228ms] [LOG] [Fast Refresh] done in 15ms @ webpack-internal:///(app-pages-browser)/./node_modules/next/dist/next-devtools/shared/forward-logs-shared.js:44
[   16258ms] [WARNING] Error while trying to use the following icon from the Manifest: http://localhost:3000/icons/icon-192.png (Download error or resource isn't a valid image) @ http://localhost:3000/login:0
[   16280ms] [LOG] [Fast Refresh] rebuilding @ webpack-internal:///(app-pages-browser)/./node_modules/next/dist/next-devtools/shared/forward-logs-shared.js:44
[   16292ms] [LOG] [Fast Refresh] done in 11ms @ webpack-internal:///(app-pages-browser)/./node_modules/next/dist/next-devtools/shared/forward-logs-shared.js:44
[   16320ms] [WARNING] Error while trying to use the following icon from the Manifest: http://localhost:3000/icons/icon-192.png (Download error or resource isn't a valid image) @ http://localhost:3000/login:0
[   16339ms] [LOG] [Fast Refresh] rebuilding @ webpack-internal:///(app-pages-browser)/./node_modules/next/dist/next-devtools/shared/forward-logs-shared.js:44
[   16354ms] [LOG] [Fast Refresh] done in 15ms @ webpack-internal:///(app-pages-browser)/./node_modules/next/dist/next-devtools/shared/forward-logs-shared.js:44
[   16381ms] [WARNING] Error while trying to use the following icon from the Manifest: http://localhost:3000/icons/icon-192.png (Download error or resource isn't a valid image) @ http://localhost:3000/login:0
[   16398ms] [LOG] [Fast Refresh] rebuilding @ webpack-internal:///(app-pages-browser)/./node_modules/next/dist/next-devtools/shared/forward-logs-shared.js:44
[   16409ms] [LOG] [Fast Refresh] done in 12ms @ webpack-internal:///(app-pages-browser)/./node_modules/next/dist/next-devtools/shared/forward-logs-shared.js:44
[   16438ms] [WARNING] Error while trying to use the following icon from the Manifest: http://localhost:3000/icons/icon-192.png (Download error or resource isn't a valid image) @ http://localhost:3000/login:0
[   16456ms] [LOG] [Fast Refresh] rebuilding @ webpack-internal:///(app-pages-browser)/./node_modules/next/dist/next-devtools/shared/forward-logs-shared.js:44
[   16472ms] [LOG] [Fast Refresh] done in 17ms @ webpack-internal:///(app-pages-browser)/./node_modules/next/dist/next-devtools/shared/forward-logs-shared.js:44
[   16519ms] [LOG] [Fast Refresh] rebuilding @ webpack-internal:///(app-pages-browser)/./node_modules/next/dist/next-devtools/shared/forward-logs-shared.js:44
[   16530ms] [LOG] [Fast Refresh] done in 11ms @ webpack-internal:///(app-pages-browser)/./node_modules/next/dist/next-devtools/shared/forward-logs-shared.js:44
[   16557ms] [WARNING] Error while trying to use the following icon from the Manifest: http://localhost:3000/icons/icon-192.png (Download error or resource isn't a valid image) @ http://localhost:3000/login:0
[   16574ms] [LOG] [Fast Refresh] rebuilding @ webpack-internal:///(app-pages-browser)/./node_modules/next/dist/next-devtools/shared/forward-logs-shared.js:44
[   16589ms] [LOG] [Fast Refresh] done in 15ms @ webpack-internal:///(app-pages-browser)/./node_modules/next/dist/next-devtools/shared/forward-logs-shared.js:44
[   16618ms] [WARNING] Error while trying to use the following icon from the Manifest: http://localhost:3000/icons/icon-192.png (Download error or resource isn't a valid image) @ http://localhost:3000/login:0
[   16634ms] [LOG] [Fast Refresh] rebuilding @ webpack-internal:///(app-pages-browser)/./node_modules/next/dist/next-devtools/shared/forward-logs-shared.js:44
[   16646ms] [LOG] [Fast Refresh] done in 12ms @ webpack-internal:///(app-pages-browser)/./node_modules/next/dist/next-devtools/shared/forward-logs-shared.js:44
[   16702ms] [LOG] [Fast Refresh] rebuilding @ webpack-internal:///(app-pages-browser)/./node_modules/next/dist/next-devtools/shared/forward-logs-shared.js:44
[   16719ms] [LOG] [Fast Refresh] done in 18ms @ webpack-internal:///(app-pages-browser)/./node_modules/next/dist/next-devtools/shared/forward-logs-shared.js:44
[   16743ms] [WARNING] Error while trying to use the following icon from the Manifest: http://localhost:3000/icons/icon-192.png (Download error or resource isn't a valid image) @ http://localhost:3000/login:0
[   16772ms] [LOG] [Fast Refresh] rebuilding @ webpack-internal:///(app-pages-browser)/./node_modules/next/dist/next-devtools/shared/forward-logs-shared.js:44
[   16775ms] [LOG] [Fast Refresh] done in 3ms @ webpack-internal:///(app-pages-browser)/./node_modules/next/dist/next-devtools/shared/forward-logs-shared.js:44
[   16782ms] [WARNING] Error while trying to use the following icon from the Manifest: http://localhost:3000/icons/icon-192.png (Download error or resource isn't a valid image) @ http://localhost:3000/login:0
[   16822ms] [LOG] [Fast Refresh] rebuilding @ webpack-internal:///(app-pages-browser)/./node_modules/next/dist/next-devtools/shared/forward-logs-shared.js:44
[   16838ms] [LOG] [Fast Refresh] done in 16ms @ webpack-internal:///(app-pages-browser)/./node_modules/next/dist/next-devtools/shared/forward-logs-shared.js:44
[   16860ms] [WARNING] Error while trying to use the following icon from the Manifest: http://localhost:3000/icons/icon-192.png (Download error or resource isn't a valid image) @ http://localhost:3000/login:0
[   16881ms] [LOG] [Fast Refresh] rebuilding @ webpack-internal:///(app-pages-browser)/./node_modules/next/dist/next-devtools/shared/forward-logs-shared.js:44
[   16893ms] [LOG] [Fast Refresh] done in 12ms @ webpack-internal:///(app-pages-browser)/./node_modules/next/dist/next-devtools/shared/forward-logs-shared.js:44
[   16925ms] [WARNING] Error while trying to use the following icon from the Manifest: http://localhost:3000/icons/icon-192.png (Download error or resource isn't a valid image) @ http://localhost:3000/login:0
[   16944ms] [LOG] [Fast Refresh] rebuilding @ webpack-internal:///(app-pages-browser)/./node_modules/next/dist/next-devtools/shared/forward-logs-shared.js:44
[   16961ms] [LOG] [Fast Refresh] done in 17ms @ webpack-internal:///(app-pages-browser)/./node_modules/next/dist/next-devtools/shared/forward-logs-shared.js:44
[   16993ms] [WARNING] Error while trying to use the following icon from the Manifest: http://localhost:3000/icons/icon-192.png (Download error or resource isn't a valid image) @ http://localhost:3000/login:0
[   17009ms] [LOG] [Fast Refresh] rebuilding @ webpack-internal:///(app-pages-browser)/./node_modules/next/dist/next-devtools/shared/forward-logs-shared.js:44
[   17021ms] [LOG] [Fast Refresh] done in 11ms @ webpack-internal:///(app-pages-browser)/./node_modules/next/dist/next-devtools/shared/forward-logs-shared.js:44
[   17065ms] [WARNING] Error while trying to use the following icon from the Manifest: http://localhost:3000/icons/icon-192.png (Download error or resource isn't a valid image) @ http://localhost:3000/login:0
[   17084ms] [LOG] [Fast Refresh] rebuilding @ webpack-internal:///(app-pages-browser)/./node_modules/next/dist/next-devtools/shared/forward-logs-shared.js:44
[   17099ms] [LOG] [Fast Refresh] done in 15ms @ webpack-internal:///(app-pages-browser)/./node_modules/next/dist/next-devtools/shared/forward-logs-shared.js:44
[   17129ms] [WARNING] Error while trying to use the following icon from the Manifest: http://localhost:3000/icons/icon-192.png (Download error or resource isn't a valid image) @ http://localhost:3000/login:0
[   17145ms] [LOG] [Fast Refresh] rebuilding @ webpack-internal:///(app-pages-browser)/./node_modules/next/dist/next-devtools/shared/forward-logs-shared.js:44
[   17156ms] [LOG] [Fast Refresh] done in 12ms @ webpack-internal:///(app-pages-browser)/./node_modules/next/dist/next-devtools/shared/forward-logs-shared.js:44
[   17188ms] [WARNING] Error while trying to use the following icon from the Manifest: http://localhost:3000/icons/icon-192.png (Download error or resource isn't a valid image) @ http://localhost:3000/login:0
[   17208ms] [LOG] [Fast Refresh] rebuilding @ webpack-internal:///(app-pages-browser)/./node_modules/next/dist/next-devtools/shared/forward-logs-shared.js:44
[   17224ms] [LOG] [Fast Refresh] done in 16ms @ webpack-internal:///(app-pages-browser)/./node_modules/next/dist/next-devtools/shared/forward-logs-shared.js:44
[   17251ms] [WARNING] Error while trying to use the following icon from the Manifest: http://localhost:3000/icons/icon-192.png (Download error or resource isn't a valid image) @ http://localhost:3000/login:0
[   17268ms] [LOG] [Fast Refresh] rebuilding @ webpack-internal:///(app-pages-browser)/./node_modules/next/dist/next-devtools/shared/forward-logs-shared.js:44
[   17279ms] [LOG] [Fast Refresh] done in 10ms @ webpack-internal:///(app-pages-browser)/./node_modules/next/dist/next-devtools/shared/forward-logs-shared.js:44
[   17308ms] [WARNING] Error while trying to use the following icon from the Manifest: http://localhost:3000/icons/icon-192.png (Download error or resource isn't a valid image) @ http://localhost:3000/login:0
[   17325ms] [LOG] [Fast Refresh] rebuilding @ webpack-internal:///(app-pages-browser)/./node_modules/next/dist/next-devtools/shared/forward-logs-shared.js:44
[   17341ms] [LOG] [Fast Refresh] done in 15ms @ webpack-internal:///(app-pages-browser)/./node_modules/next/dist/next-devtools/shared/forward-logs-shared.js:44
[   17370ms] [WARNING] Error while trying to use the following icon from the Manifest: http://localhost:3000/icons/icon-192.png (Download error or resource isn't a valid image) @ http://localhost:3000/login:0
[   17387ms] [LOG] [Fast Refresh] rebuilding @ webpack-internal:///(app-pages-browser)/./node_modules/next/dist/next-devtools/shared/forward-logs-shared.js:44
[   17398ms] [LOG] [Fast Refresh] done in 11ms @ webpack-internal:///(app-pages-browser)/./node_modules/next/dist/next-devtools/shared/forward-logs-shared.js:44
[   17451ms] [WARNING] Error while trying to use the following icon from the Manifest: http://localhost:3000/icons/icon-192.png (Download error or resource isn't a valid image) @ http://localhost:3000/login:0
[   17471ms] [LOG] [Fast Refresh] rebuilding @ webpack-internal:///(app-pages-browser)/./node_modules/next/dist/next-devtools/shared/forward-logs-shared.js:44
[   17497ms] [LOG] [Fast Refresh] done in 26ms @ webpack-internal:///(app-pages-browser)/./node_modules/next/dist/next-devtools/shared/forward-logs-shared.js:44
[   17563ms] [LOG] [Fast Refresh] rebuilding @ webpack-internal:///(app-pages-browser)/./node_modules/next/dist/next-devtools/shared/forward-logs-shared.js:44
[   17575ms] [LOG] [Fast Refresh] done in 12ms @ webpack-internal:///(app-pages-browser)/./node_modules/next/dist/next-devtools/shared/forward-logs-shared.js:44
[   17605ms] [WARNING] Error while trying to use the following icon from the Manifest: http://localhost:3000/icons/icon-192.png (Download error or resource isn't a valid image) @ http://localhost:3000/login:0
[   17623ms] [LOG] [Fast Refresh] rebuilding @ webpack-internal:///(app-pages-browser)/./node_modules/next/dist/next-devtools/shared/forward-logs-shared.js:44
[   17639ms] [LOG] [Fast Refresh] done in 17ms @ webpack-internal:///(app-pages-browser)/./node_modules/next/dist/next-devtools/shared/forward-logs-shared.js:44
[   17691ms] [WARNING] Error while trying to use the following icon from the Manifest: http://localhost:3000/icons/icon-192.png (Download error or resource isn't a valid image) @ http://localhost:3000/login:0
[   17694ms] [LOG] [Fast Refresh] rebuilding @ webpack-internal:///(app-pages-browser)/./node_modules/next/dist/next-devtools/shared/forward-logs-shared.js:44
[   17706ms] [LOG] [Fast Refresh] done in 12ms @ webpack-internal:///(app-pages-browser)/./node_modules/next/dist/next-devtools/shared/forward-logs-shared.js:44
[   17736ms] [WARNING] Error while trying to use the following icon from the Manifest: http://localhost:3000/icons/icon-192.png (Download error or resource isn't a valid image) @ http://localhost:3000/login:0
[   17757ms] [LOG] [Fast Refresh] rebuilding @ webpack-internal:///(app-pages-browser)/./node_modules/next/dist/next-devtools/shared/forward-logs-shared.js:44
[   17776ms] [LOG] [Fast Refresh] done in 19ms @ webpack-internal:///(app-pages-browser)/./node_modules/next/dist/next-devtools/shared/forward-logs-shared.js:44
[   17807ms] [WARNING] Error while trying to use the following icon from the Manifest: http://localhost:3000/icons/icon-192.png (Download error or resource isn't a valid image) @ http://localhost:3000/login:0
[   17824ms] [LOG] [Fast Refresh] rebuilding @ webpack-internal:///(app-pages-browser)/./node_modules/next/dist/next-devtools/shared/forward-logs-shared.js:44
[   17836ms] [LOG] [Fast Refresh] done in 12ms @ webpack-internal:///(app-pages-browser)/./node_modules/next/dist/next-devtools/shared/forward-logs-shared.js:44
[   17869ms] [WARNING] Error while trying to use the following icon from the Manifest: http://localhost:3000/icons/icon-192.png (Download error or resource isn't a valid image) @ http://localhost:3000/login:0
[   17893ms] [LOG] [Fast Refresh] rebuilding @ webpack-internal:///(app-pages-browser)/./node_modules/next/dist/next-devtools/shared/forward-logs-shared.js:44
[   17910ms] [LOG] [Fast Refresh] done in 16ms @ webpack-internal:///(app-pages-browser)/./node_modules/next/dist/next-devtools/shared/forward-logs-shared.js:44
[   17940ms] [WARNING] Error while trying to use the following icon from the Manifest: http://localhost:3000/icons/icon-192.png (Download error or resource isn't a valid image) @ http://localhost:3000/login:0
[   17957ms] [LOG] [Fast Refresh] rebuilding @ webpack-internal:///(app-pages-browser)/./node_modules/next/dist/next-devtools/shared/forward-logs-shared.js:44
[   17969ms] [LOG] [Fast Refresh] done in 11ms @ webpack-internal:///(app-pages-browser)/./node_modules/next/dist/next-devtools/shared/forward-logs-shared.js:44
[   17997ms] [WARNING] Error while trying to use the following icon from the Manifest: http://localhost:3000/icons/icon-192.png (Download error or resource isn't a valid image) @ http://localhost:3000/login:0
[   18014ms] [LOG] [Fast Refresh] rebuilding @ webpack-internal:///(app-pages-browser)/./node_modules/next/dist/next-devtools/shared/forward-logs-shared.js:44
[   18029ms] [LOG] [Fast Refresh] done in 15ms @ webpack-internal:///(app-pages-browser)/./node_modules/next/dist/next-devtools/shared/forward-logs-shared.js:44
[   18073ms] [LOG] [Fast Refresh] rebuilding @ webpack-internal:///(app-pages-browser)/./node_modules/next/dist/next-devtools/shared/forward-logs-shared.js:44
[   18085ms] [LOG] [Fast Refresh] done in 11ms @ webpack-internal:///(app-pages-browser)/./node_modules/next/dist/next-devtools/shared/forward-logs-shared.js:44
[   18113ms] [WARNING] Error while trying to use the following icon from the Manifest: http://localhost:3000/icons/icon-192.png (Download error or resource isn't a valid image) @ http://localhost:3000/login:0
[   18130ms] [LOG] [Fast Refresh] rebuilding @ webpack-internal:///(app-pages-browser)/./node_modules/next/dist/next-devtools/shared/forward-logs-shared.js:44
[   18146ms] [LOG] [Fast Refresh] done in 16ms @ webpack-internal:///(app-pages-browser)/./node_modules/next/dist/next-devtools/shared/forward-logs-shared.js:44
[   18177ms] [WARNING] Error while trying to use the following icon from the Manifest: http://localhost:3000/icons/icon-192.png (Download error or resource isn't a valid image) @ http://localhost:3000/login:0
[   18194ms] [LOG] [Fast Refresh] rebuilding @ webpack-internal:///(app-pages-browser)/./node_modules/next/dist/next-devtools/shared/forward-logs-shared.js:44
[   18231ms] [LOG] [Fast Refresh] done in 37ms @ webpack-internal:///(app-pages-browser)/./node_modules/next/dist/next-devtools/shared/forward-logs-shared.js:44
[   18257ms] [LOG] [Fast Refresh] rebuilding @ webpack-internal:///(app-pages-browser)/./node_modules/next/dist/next-devtools/shared/forward-logs-shared.js:44
[   18258ms] [WARNING] Error while trying to use the following icon from the Manifest: http://localhost:3000/icons/icon-192.png (Download error or resource isn't a valid image) @ http://localhost:3000/login:0
[   18274ms] [LOG] [Fast Refresh] done in 18ms @ webpack-internal:///(app-pages-browser)/./node_modules/next/dist/next-devtools/shared/forward-logs-shared.js:44
[   18304ms] [WARNING] Error while trying to use the following icon from the Manifest: http://localhost:3000/icons/icon-192.png (Download error or resource isn't a valid image) @ http://localhost:3000/login:0
[   18321ms] [LOG] [Fast Refresh] rebuilding @ webpack-internal:///(app-pages-browser)/./node_modules/next/dist/next-devtools/shared/forward-logs-shared.js:44
[   18334ms] [LOG] [Fast Refresh] done in 12ms @ webpack-internal:///(app-pages-browser)/./node_modules/next/dist/next-devtools/shared/forward-logs-shared.js:44
[   18362ms] [WARNING] Error while trying to use the following icon from the Manifest: http://localhost:3000/icons/icon-192.png (Download error or resource isn't a valid image) @ http://localhost:3000/login:0
[   18379ms] [LOG] [Fast Refresh] rebuilding @ webpack-internal:///(app-pages-browser)/./node_modules/next/dist/next-devtools/shared/forward-logs-shared.js:44
[   18395ms] [LOG] [Fast Refresh] done in 16ms @ webpack-internal:///(app-pages-browser)/./node_modules/next/dist/next-devtools/shared/forward-logs-shared.js:44
[   18423ms] [WARNING] Error while trying to use the following icon from the Manifest: http://localhost:3000/icons/icon-192.png (Download error or resource isn't a valid image) @ http://localhost:3000/login:0
[   18442ms] [LOG] [Fast Refresh] rebuilding @ webpack-internal:///(app-pages-browser)/./node_modules/next/dist/next-devtools/shared/forward-logs-shared.js:44
[   18454ms] [LOG] [Fast Refresh] done in 11ms @ webpack-internal:///(app-pages-browser)/./node_modules/next/dist/next-devtools/shared/forward-logs-shared.js:44
[   18483ms] [WARNING] Error while trying to use the following icon from the Manifest: http://localhost:3000/icons/icon-192.png (Download error or resource isn't a valid image) @ http://localhost:3000/login:0
[   18499ms] [LOG] [Fast Refresh] rebuilding @ webpack-internal:///(app-pages-browser)/./node_modules/next/dist/next-devtools/shared/forward-logs-shared.js:44
[   18515ms] [LOG] [Fast Refresh] done in 16ms @ webpack-internal:///(app-pages-browser)/./node_modules/next/dist/next-devtools/shared/forward-logs-shared.js:44
[   18545ms] [WARNING] Error while trying to use the following icon from the Manifest: http://localhost:3000/icons/icon-192.png (Download error or resource isn't a valid image) @ http://localhost:3000/login:0
[   18564ms] [LOG] [Fast Refresh] rebuilding @ webpack-internal:///(app-pages-browser)/./node_modules/next/dist/next-devtools/shared/forward-logs-shared.js:44
[   18576ms] [LOG] [Fast Refresh] done in 12ms @ webpack-internal:///(app-pages-browser)/./node_modules/next/dist/next-devtools/shared/forward-logs-shared.js:44
[   18606ms] [WARNING] Error while trying to use the following icon from the Manifest: http://localhost:3000/icons/icon-192.png (Download error or resource isn't a valid image) @ http://localhost:3000/login:0
[   18623ms] [LOG] [Fast Refresh] rebuilding @ webpack-internal:///(app-pages-browser)/./node_modules/next/dist/next-devtools/shared/forward-logs-shared.js:44
[   18639ms] [LOG] [Fast Refresh] done in 16ms @ webpack-internal:///(app-pages-browser)/./node_modules/next/dist/next-devtools/shared/forward-logs-shared.js:44
[   18684ms] [LOG] [Fast Refresh] rebuilding @ webpack-internal:///(app-pages-browser)/./node_modules/next/dist/next-devtools/shared/forward-logs-shared.js:44
[   18695ms] [LOG] [Fast Refresh] done in 11ms @ webpack-internal:///(app-pages-browser)/./node_modules/next/dist/next-devtools/shared/forward-logs-shared.js:44
[   18723ms] [WARNING] Error while trying to use the following icon from the Manifest: http://localhost:3000/icons/icon-192.png (Download error or resource isn't a valid image) @ http://localhost:3000/login:0
[   18740ms] [LOG] [Fast Refresh] rebuilding @ webpack-internal:///(app-pages-browser)/./node_modules/next/dist/next-devtools/shared/forward-logs-shared.js:44
[   18756ms] [LOG] [Fast Refresh] done in 15ms @ webpack-internal:///(app-pages-browser)/./node_modules/next/dist/next-devtools/shared/forward-logs-shared.js:44
[   18783ms] [WARNING] Error while trying to use the following icon from the Manifest: http://localhost:3000/icons/icon-192.png (Download error or resource isn't a valid image) @ http://localhost:3000/login:0
[   18799ms] [LOG] [Fast Refresh] rebuilding @ webpack-internal:///(app-pages-browser)/./node_modules/next/dist/next-devtools/shared/forward-logs-shared.js:44
[   18811ms] [LOG] [Fast Refresh] done in 11ms @ webpack-internal:///(app-pages-browser)/./node_modules/next/dist/next-devtools/shared/forward-logs-shared.js:44
[   18840ms] [WARNING] Error while trying to use the following icon from the Manifest: http://localhost:3000/icons/icon-192.png (Download error or resource isn't a valid image) @ http://localhost:3000/login:0
[   18858ms] [LOG] [Fast Refresh] rebuilding @ webpack-internal:///(app-pages-browser)/./node_modules/next/dist/next-devtools/shared/forward-logs-shared.js:44
[   18874ms] [LOG] [Fast Refresh] done in 15ms @ webpack-internal:///(app-pages-browser)/./node_modules/next/dist/next-devtools/shared/forward-logs-shared.js:44
[   18903ms] [WARNING] Error while trying to use the following icon from the Manifest: http://localhost:3000/icons/icon-192.png (Download error or resource isn't a valid image) @ http://localhost:3000/login:0
[   18919ms] [LOG] [Fast Refresh] rebuilding @ webpack-internal:///(app-pages-browser)/./node_modules/next/dist/next-devtools/shared/forward-logs-shared.js:44
[   18930ms] [LOG] [Fast Refresh] done in 11ms @ webpack-internal:///(app-pages-browser)/./node_modules/next/dist/next-devtools/shared/forward-logs-shared.js:44
[   18960ms] [WARNING] Error while trying to use the following icon from the Manifest: http://localhost:3000/icons/icon-192.png (Download error or resource isn't a valid image) @ http://localhost:3000/login:0
[   18978ms] [LOG] [Fast Refresh] rebuilding @ webpack-internal:///(app-pages-browser)/./node_modules/next/dist/next-devtools/shared/forward-logs-shared.js:44
[   18993ms] [LOG] [Fast Refresh] done in 16ms @ webpack-internal:///(app-pages-browser)/./node_modules/next/dist/next-devtools/shared/forward-logs-shared.js:44
[   19021ms] [WARNING] Error while trying to use the following icon from the Manifest: http://localhost:3000/icons/icon-192.png (Download error or resource isn't a valid image) @ http://localhost:3000/login:0
[   19043ms] [LOG] [Fast Refresh] rebuilding @ webpack-internal:///(app-pages-browser)/./node_modules/next/dist/next-devtools/shared/forward-logs-shared.js:44
[   19055ms] [LOG] [Fast Refresh] done in 12ms @ webpack-internal:///(app-pages-browser)/./node_modules/next/dist/next-devtools/shared/forward-logs-shared.js:44
[   19082ms] [WARNING] Error while trying to use the following icon from the Manifest: http://localhost:3000/icons/icon-192.png (Download error or resource isn't a valid image) @ http://localhost:3000/login:0
[   19099ms] [LOG] [Fast Refresh] rebuilding @ webpack-internal:///(app-pages-browser)/./node_modules/next/dist/next-devtools/shared/forward-logs-shared.js:44
[   19115ms] [LOG] [Fast Refresh] done in 15ms @ webpack-internal:///(app-pages-browser)/./node_modules/next/dist/next-devtools/shared/forward-logs-shared.js:44
[   19143ms] [WARNING] Error while trying to use the following icon from the Manifest: http://localhost:3000/icons/icon-192.png (Download error or resource isn't a valid image) @ http://localhost:3000/login:0
[   19160ms] [LOG] [Fast Refresh] rebuilding @ webpack-internal:///(app-pages-browser)/./node_modules/next/dist/next-devtools/shared/forward-logs-shared.js:44
[   19172ms] [LOG] [Fast Refresh] done in 12ms @ webpack-internal:///(app-pages-browser)/./node_modules/next/dist/next-devtools/shared/forward-logs-shared.js:44
[   19199ms] [WARNING] Error while trying to use the following icon from the Manifest: http://localhost:3000/icons/icon-192.png (Download error or resource isn't a valid image) @ http://localhost:3000/login:0
[   19217ms] [LOG] [Fast Refresh] rebuilding @ webpack-internal:///(app-pages-browser)/./node_modules/next/dist/next-devtools/shared/forward-logs-shared.js:44
[   19232ms] [LOG] [Fast Refresh] done in 15ms @ webpack-internal:///(app-pages-browser)/./node_modules/next/dist/next-devtools/shared/forward-logs-shared.js:44
[   19261ms] [WARNING] Error while trying to use the following icon from the Manifest: http://localhost:3000/icons/icon-192.png (Download error or resource isn't a valid image) @ http://localhost:3000/login:0
[   19278ms] [LOG] [Fast Refresh] rebuilding @ webpack-internal:///(app-pages-browser)/./node_modules/next/dist/next-devtools/shared/forward-logs-shared.js:44
[   19290ms] [LOG] [Fast Refresh] done in 11ms @ webpack-internal:///(app-pages-browser)/./node_modules/next/dist/next-devtools/shared/forward-logs-shared.js:44
[   19318ms] [WARNING] Error while trying to use the following icon from the Manifest: http://localhost:3000/icons/icon-192.png (Download error or resource isn't a valid image) @ http://localhost:3000/login:0
[   19335ms] [LOG] [Fast Refresh] rebuilding @ webpack-internal:///(app-pages-browser)/./node_modules/next/dist/next-devtools/shared/forward-logs-shared.js:44
[   19352ms] [LOG] [Fast Refresh] done in 16ms @ webpack-internal:///(app-pages-browser)/./node_modules/next/dist/next-devtools/shared/forward-logs-shared.js:44
[   19379ms] [WARNING] Error while trying to use the following icon from the Manifest: http://localhost:3000/icons/icon-192.png (Download error or resource isn't a valid image) @ http://localhost:3000/login:0
[   19395ms] [LOG] [Fast Refresh] rebuilding @ webpack-internal:///(app-pages-browser)/./node_modules/next/dist/next-devtools/shared/forward-logs-shared.js:44
[   19406ms] [LOG] [Fast Refresh] done in 11ms @ webpack-internal:///(app-pages-browser)/./node_modules/next/dist/next-devtools/shared/forward-logs-shared.js:44
[   19435ms] [WARNING] Error while trying to use the following icon from the Manifest: http://localhost:3000/icons/icon-192.png (Download error or resource isn't a valid image) @ http://localhost:3000/login:0
[   19452ms] [LOG] [Fast Refresh] rebuilding @ webpack-internal:///(app-pages-browser)/./node_modules/next/dist/next-devtools/shared/forward-logs-shared.js:44
[   19468ms] [LOG] [Fast Refresh] done in 15ms @ webpack-internal:///(app-pages-browser)/./node_modules/next/dist/next-devtools/shared/forward-logs-shared.js:44
[   19496ms] [WARNING] Error while trying to use the following icon from the Manifest: http://localhost:3000/icons/icon-192.png (Download error or resource isn't a valid image) @ http://localhost:3000/login:0
[   19512ms] [LOG] [Fast Refresh] rebuilding @ webpack-internal:///(app-pages-browser)/./node_modules/next/dist/next-devtools/shared/forward-logs-shared.js:44
[   19523ms] [LOG] [Fast Refresh] done in 11ms @ webpack-internal:///(app-pages-browser)/./node_modules/next/dist/next-devtools/shared/forward-logs-shared.js:44
[   19553ms] [WARNING] Error while trying to use the following icon from the Manifest: http://localhost:3000/icons/icon-192.png (Download error or resource isn't a valid image) @ http://localhost:3000/login:0
[   19572ms] [LOG] [Fast Refresh] rebuilding @ webpack-internal:///(app-pages-browser)/./node_modules/next/dist/next-devtools/shared/forward-logs-shared.js:44
[   19587ms] [LOG] [Fast Refresh] done in 16ms @ webpack-internal:///(app-pages-browser)/./node_modules/next/dist/next-devtools/shared/forward-logs-shared.js:44
[   19630ms] [LOG] [Fast Refresh] rebuilding @ webpack-internal:///(app-pages-browser)/./node_modules/next/dist/next-devtools/shared/forward-logs-shared.js:44
[   19642ms] [LOG] [Fast Refresh] done in 12ms @ webpack-internal:///(app-pages-browser)/./node_modules/next/dist/next-devtools/shared/forward-logs-shared.js:44
[   19672ms] [WARNING] Error while trying to use the following icon from the Manifest: http://localhost:3000/icons/icon-192.png (Download error or resource isn't a valid image) @ http://localhost:3000/login:0
[   19690ms] [LOG] [Fast Refresh] rebuilding @ webpack-internal:///(app-pages-browser)/./node_modules/next/dist/next-devtools/shared/forward-logs-shared.js:44
[   19706ms] [LOG] [Fast Refresh] done in 16ms @ webpack-internal:///(app-pages-browser)/./node_modules/next/dist/next-devtools/shared/forward-logs-shared.js:44
[   19732ms] [WARNING] Error while trying to use the following icon from the Manifest: http://localhost:3000/icons/icon-192.png (Download error or resource isn't a valid image) @ http://localhost:3000/login:0
[   19753ms] [LOG] [Fast Refresh] rebuilding @ webpack-internal:///(app-pages-browser)/./node_modules/next/dist/next-devtools/shared/forward-logs-shared.js:44
[   19765ms] [LOG] [Fast Refresh] done in 11ms @ webpack-internal:///(app-pages-browser)/./node_modules/next/dist/next-devtools/shared/forward-logs-shared.js:44
[   19794ms] [WARNING] Error while trying to use the following icon from the Manifest: http://localhost:3000/icons/icon-192.png (Download error or resource isn't a valid image) @ http://localhost:3000/login:0
[   19811ms] [LOG] [Fast Refresh] rebuilding @ webpack-internal:///(app-pages-browser)/./node_modules/next/dist/next-devtools/shared/forward-logs-shared.js:44
[   19827ms] [LOG] [Fast Refresh] done in 16ms @ webpack-internal:///(app-pages-browser)/./node_modules/next/dist/next-devtools/shared/forward-logs-shared.js:44
[   19857ms] [WARNING] Error while trying to use the following icon from the Manifest: http://localhost:3000/icons/icon-192.png (Download error or resource isn't a valid image) @ http://localhost:3000/login:0
[   19873ms] [LOG] [Fast Refresh] rebuilding @ webpack-internal:///(app-pages-browser)/./node_modules/next/dist/next-devtools/shared/forward-logs-shared.js:44
[   19884ms] [LOG] [Fast Refresh] done in 11ms @ webpack-internal:///(app-pages-browser)/./node_modules/next/dist/next-devtools/shared/forward-logs-shared.js:44
[   19911ms] [WARNING] Error while trying to use the following icon from the Manifest: http://localhost:3000/icons/icon-192.png (Download error or resource isn't a valid image) @ http://localhost:3000/login:0
[   19929ms] [LOG] [Fast Refresh] rebuilding @ webpack-internal:///(app-pages-browser)/./node_modules/next/dist/next-devtools/shared/forward-logs-shared.js:44
[   19945ms] [LOG] [Fast Refresh] done in 16ms @ webpack-internal:///(app-pages-browser)/./node_modules/next/dist/next-devtools/shared/forward-logs-shared.js:44
[   19974ms] [WARNING] Error while trying to use the following icon from the Manifest: http://localhost:3000/icons/icon-192.png (Download error or resource isn't a valid image) @ http://localhost:3000/login:0
[   19990ms] [LOG] [Fast Refresh] rebuilding @ webpack-internal:///(app-pages-browser)/./node_modules/next/dist/next-devtools/shared/forward-logs-shared.js:44
[   20001ms] [LOG] [Fast Refresh] done in 12ms @ webpack-internal:///(app-pages-browser)/./node_modules/next/dist/next-devtools/shared/forward-logs-shared.js:44
[   20031ms] [WARNING] Error while trying to use the following icon from the Manifest: http://localhost:3000/icons/icon-192.png (Download error or resource isn't a valid image) @ http://localhost:3000/login:0
[   20047ms] [LOG] [Fast Refresh] rebuilding @ webpack-internal:///(app-pages-browser)/./node_modules/next/dist/next-devtools/shared/forward-logs-shared.js:44
[   20063ms] [LOG] [Fast Refresh] done in 16ms @ webpack-internal:///(app-pages-browser)/./node_modules/next/dist/next-devtools/shared/forward-logs-shared.js:44
[   20093ms] [WARNING] Error while trying to use the following icon from the Manifest: http://localhost:3000/icons/icon-192.png (Download error or resource isn't a valid image) @ http://localhost:3000/login:0
[   20109ms] [LOG] [Fast Refresh] rebuilding @ webpack-internal:///(app-pages-browser)/./node_modules/next/dist/next-devtools/shared/forward-logs-shared.js:44
[   20121ms] [LOG] [Fast Refresh] done in 11ms @ webpack-internal:///(app-pages-browser)/./node_modules/next/dist/next-devtools/shared/forward-logs-shared.js:44
[   20150ms] [WARNING] Error while trying to use the following icon from the Manifest: http://localhost:3000/icons/icon-192.png (Download error or resource isn't a valid image) @ http://localhost:3000/login:0
[   20168ms] [LOG] [Fast Refresh] rebuilding @ webpack-internal:///(app-pages-browser)/./node_modules/next/dist/next-devtools/shared/forward-logs-shared.js:44
[   20185ms] [LOG] [Fast Refresh] done in 17ms @ webpack-internal:///(app-pages-browser)/./node_modules/next/dist/next-devtools/shared/forward-logs-shared.js:44
[   20228ms] [LOG] [Fast Refresh] rebuilding @ webpack-internal:///(app-pages-browser)/./node_modules/next/dist/next-devtools/shared/forward-logs-shared.js:44
[   20239ms] [LOG] [Fast Refresh] done in 12ms @ webpack-internal:///(app-pages-browser)/./node_modules/next/dist/next-devtools/shared/forward-logs-shared.js:44
[   20285ms] [LOG] [Fast Refresh] rebuilding @ webpack-internal:///(app-pages-browser)/./node_modules/next/dist/next-devtools/shared/forward-logs-shared.js:44
[   20301ms] [LOG] [Fast Refresh] done in 16ms @ webpack-internal:///(app-pages-browser)/./node_modules/next/dist/next-devtools/shared/forward-logs-shared.js:44
[   20345ms] [LOG] [Fast Refresh] rebuilding @ webpack-internal:///(app-pages-browser)/./node_modules/next/dist/next-devtools/shared/forward-logs-shared.js:44
[   20356ms] [LOG] [Fast Refresh] done in 11ms @ webpack-internal:///(app-pages-browser)/./node_modules/next/dist/next-devtools/shared/forward-logs-shared.js:44
[   20383ms] [WARNING] Error while trying to use the following icon from the Manifest: http://localhost:3000/icons/icon-192.png (Download error or resource isn't a valid image) @ http://localhost:3000/login:0
[   20403ms] [LOG] [Fast Refresh] rebuilding @ webpack-internal:///(app-pages-browser)/./node_modules/next/dist/next-devtools/shared/forward-logs-shared.js:44
[   20419ms] [LOG] [Fast Refresh] done in 15ms @ webpack-internal:///(app-pages-browser)/./node_modules/next/dist/next-devtools/shared/forward-logs-shared.js:44
[   20447ms] [WARNING] Error while trying to use the following icon from the Manifest: http://localhost:3000/icons/icon-192.png (Download error or resource isn't a valid image) @ http://localhost:3000/login:0
[   20463ms] [LOG] [Fast Refresh] rebuilding @ webpack-internal:///(app-pages-browser)/./node_modules/next/dist/next-devtools/shared/forward-logs-shared.js:44
[   20474ms] [LOG] [Fast Refresh] done in 11ms @ webpack-internal:///(app-pages-browser)/./node_modules/next/dist/next-devtools/shared/forward-logs-shared.js:44
[   20503ms] [WARNING] Error while trying to use the following icon from the Manifest: http://localhost:3000/icons/icon-192.png (Download error or resource isn't a valid image) @ http://localhost:3000/login:0
[   20520ms] [LOG] [Fast Refresh] rebuilding @ webpack-internal:///(app-pages-browser)/./node_modules/next/dist/next-devtools/shared/forward-logs-shared.js:44
[   20536ms] [LOG] [Fast Refresh] done in 15ms @ webpack-internal:///(app-pages-browser)/./node_modules/next/dist/next-devtools/shared/forward-logs-shared.js:44
[   20564ms] [WARNING] Error while trying to use the following icon from the Manifest: http://localhost:3000/icons/icon-192.png (Download error or resource isn't a valid image) @ http://localhost:3000/login:0
[   20582ms] [LOG] [Fast Refresh] rebuilding @ webpack-internal:///(app-pages-browser)/./node_modules/next/dist/next-devtools/shared/forward-logs-shared.js:44
[   20595ms] [LOG] [Fast Refresh] done in 13ms @ webpack-internal:///(app-pages-browser)/./node_modules/next/dist/next-devtools/shared/forward-logs-shared.js:44
[   20625ms] [WARNING] Error while trying to use the following icon from the Manifest: http://localhost:3000/icons/icon-192.png (Download error or resource isn't a valid image) @ http://localhost:3000/login:0
[   20643ms] [LOG] [Fast Refresh] rebuilding @ webpack-internal:///(app-pages-browser)/./node_modules/next/dist/next-devtools/shared/forward-logs-shared.js:44
[   20659ms] [LOG] [Fast Refresh] done in 16ms @ webpack-internal:///(app-pages-browser)/./node_modules/next/dist/next-devtools/shared/forward-logs-shared.js:44
[   20690ms] [WARNING] Error while trying to use the following icon from the Manifest: http://localhost:3000/icons/icon-192.png (Download error or resource isn't a valid image) @ http://localhost:3000/login:0
[   20706ms] [LOG] [Fast Refresh] rebuilding @ webpack-internal:///(app-pages-browser)/./node_modules/next/dist/next-devtools/shared/forward-logs-shared.js:44
[   20717ms] [LOG] [Fast Refresh] done in 12ms @ webpack-internal:///(app-pages-browser)/./node_modules/next/dist/next-devtools/shared/forward-logs-shared.js:44
[   20746ms] [WARNING] Error while trying to use the following icon from the Manifest: http://localhost:3000/icons/icon-192.png (Download error or resource isn't a valid image) @ http://localhost:3000/login:0
[   20763ms] [LOG] [Fast Refresh] rebuilding @ webpack-internal:///(app-pages-browser)/./node_modules/next/dist/next-devtools/shared/forward-logs-shared.js:44
[   20779ms] [LOG] [Fast Refresh] done in 15ms @ webpack-internal:///(app-pages-browser)/./node_modules/next/dist/next-devtools/shared/forward-logs-shared.js:44
[   20807ms] [WARNING] Error while trying to use the following icon from the Manifest: http://localhost:3000/icons/icon-192.png (Download error or resource isn't a valid image) @ http://localhost:3000/login:0
[   20824ms] [LOG] [Fast Refresh] rebuilding @ webpack-internal:///(app-pages-browser)/./node_modules/next/dist/next-devtools/shared/forward-logs-shared.js:44
[   20835ms] [LOG] [Fast Refresh] done in 12ms @ webpack-internal:///(app-pages-browser)/./node_modules/next/dist/next-devtools/shared/forward-logs-shared.js:44
[   20864ms] [WARNING] Error while trying to use the following icon from the Manifest: http://localhost:3000/icons/icon-192.png (Download error or resource isn't a valid image) @ http://localhost:3000/login:0
[   20884ms] [LOG] [Fast Refresh] rebuilding @ webpack-internal:///(app-pages-browser)/./node_modules/next/dist/next-devtools/shared/forward-logs-shared.js:44
[   20902ms] [LOG] [Fast Refresh] done in 19ms @ webpack-internal:///(app-pages-browser)/./node_modules/next/dist/next-devtools/shared/forward-logs-shared.js:44
[   20933ms] [WARNING] Error while trying to use the following icon from the Manifest: http://localhost:3000/icons/icon-192.png (Download error or resource isn't a valid image) @ http://localhost:3000/login:0
[   20949ms] [LOG] [Fast Refresh] rebuilding @ webpack-internal:///(app-pages-browser)/./node_modules/next/dist/next-devtools/shared/forward-logs-shared.js:44
[   20961ms] [LOG] [Fast Refresh] done in 11ms @ webpack-internal:///(app-pages-browser)/./node_modules/next/dist/next-devtools/shared/forward-logs-shared.js:44
[   20990ms] [WARNING] Error while trying to use the following icon from the Manifest: http://localhost:3000/icons/icon-192.png (Download error or resource isn't a valid image) @ http://localhost:3000/login:0
[   21009ms] [LOG] [Fast Refresh] rebuilding @ webpack-internal:///(app-pages-browser)/./node_modules/next/dist/next-devtools/shared/forward-logs-shared.js:44
[   21024ms] [LOG] [Fast Refresh] done in 16ms @ webpack-internal:///(app-pages-browser)/./node_modules/next/dist/next-devtools/shared/forward-logs-shared.js:44
[   21052ms] [WARNING] Error while trying to use the following icon from the Manifest: http://localhost:3000/icons/icon-192.png (Download error or resource isn't a valid image) @ http://localhost:3000/login:0
[   21069ms] [LOG] [Fast Refresh] rebuilding @ webpack-internal:///(app-pages-browser)/./node_modules/next/dist/next-devtools/shared/forward-logs-shared.js:44
[   21082ms] [LOG] [Fast Refresh] done in 12ms @ webpack-internal:///(app-pages-browser)/./node_modules/next/dist/next-devtools/shared/forward-logs-shared.js:44
[   21128ms] [LOG] [Fast Refresh] rebuilding @ webpack-internal:///(app-pages-browser)/./node_modules/next/dist/next-devtools/shared/forward-logs-shared.js:44
[   21145ms] [LOG] [Fast Refresh] done in 16ms @ webpack-internal:///(app-pages-browser)/./node_modules/next/dist/next-devtools/shared/forward-logs-shared.js:44
[   21172ms] [WARNING] Error while trying to use the following icon from the Manifest: http://localhost:3000/icons/icon-192.png (Download error or resource isn't a valid image) @ http://localhost:3000/login:0
[   21193ms] [LOG] [Fast Refresh] rebuilding @ webpack-internal:///(app-pages-browser)/./node_modules/next/dist/next-devtools/shared/forward-logs-shared.js:44
[   21204ms] [LOG] [Fast Refresh] done in 12ms @ webpack-internal:///(app-pages-browser)/./node_modules/next/dist/next-devtools/shared/forward-logs-shared.js:44
[   21233ms] [WARNING] Error while trying to use the following icon from the Manifest: http://localhost:3000/icons/icon-192.png (Download error or resource isn't a valid image) @ http://localhost:3000/login:0
[   21251ms] [LOG] [Fast Refresh] rebuilding @ webpack-internal:///(app-pages-browser)/./node_modules/next/dist/next-devtools/shared/forward-logs-shared.js:44
[   21266ms] [LOG] [Fast Refresh] done in 15ms @ webpack-internal:///(app-pages-browser)/./node_modules/next/dist/next-devtools/shared/forward-logs-shared.js:44
[   21294ms] [WARNING] Error while trying to use the following icon from the Manifest: http://localhost:3000/icons/icon-192.png (Download error or resource isn't a valid image) @ http://localhost:3000/login:0
[   21310ms] [LOG] [Fast Refresh] rebuilding @ webpack-internal:///(app-pages-browser)/./node_modules/next/dist/next-devtools/shared/forward-logs-shared.js:44
[   21322ms] [LOG] [Fast Refresh] done in 12ms @ webpack-internal:///(app-pages-browser)/./node_modules/next/dist/next-devtools/shared/forward-logs-shared.js:44
[   21350ms] [WARNING] Error while trying to use the following icon from the Manifest: http://localhost:3000/icons/icon-192.png (Download error or resource isn't a valid image) @ http://localhost:3000/login:0
[   21368ms] [LOG] [Fast Refresh] rebuilding @ webpack-internal:///(app-pages-browser)/./node_modules/next/dist/next-devtools/shared/forward-logs-shared.js:44
[   21384ms] [LOG] [Fast Refresh] done in 16ms @ webpack-internal:///(app-pages-browser)/./node_modules/next/dist/next-devtools/shared/forward-logs-shared.js:44
[   21413ms] [WARNING] Error while trying to use the following icon from the Manifest: http://localhost:3000/icons/icon-192.png (Download error or resource isn't a valid image) @ http://localhost:3000/login:0
[   21429ms] [LOG] [Fast Refresh] rebuilding @ webpack-internal:///(app-pages-browser)/./node_modules/next/dist/next-devtools/shared/forward-logs-shared.js:44
[   21441ms] [LOG] [Fast Refresh] done in 11ms @ webpack-internal:///(app-pages-browser)/./node_modules/next/dist/next-devtools/shared/forward-logs-shared.js:44
[   21480ms] [WARNING] Error while trying to use the following icon from the Manifest: http://localhost:3000/icons/icon-192.png (Download error or resource isn't a valid image) @ http://localhost:3000/login:0
[   21494ms] [LOG] [Fast Refresh] rebuilding @ webpack-internal:///(app-pages-browser)/./node_modules/next/dist/next-devtools/shared/forward-logs-shared.js:44
[   21521ms] [LOG] [Fast Refresh] done in 27ms @ webpack-internal:///(app-pages-browser)/./node_modules/next/dist/next-devtools/shared/forward-logs-shared.js:44
[   21570ms] [LOG] [Fast Refresh] rebuilding @ webpack-internal:///(app-pages-browser)/./node_modules/next/dist/next-devtools/shared/forward-logs-shared.js:44
[   21581ms] [LOG] [Fast Refresh] done in 11ms @ webpack-internal:///(app-pages-browser)/./node_modules/next/dist/next-devtools/shared/forward-logs-shared.js:44
[   21612ms] [WARNING] Error while trying to use the following icon from the Manifest: http://localhost:3000/icons/icon-192.png (Download error or resource isn't a valid image) @ http://localhost:3000/login:0
[   21631ms] [LOG] [Fast Refresh] rebuilding @ webpack-internal:///(app-pages-browser)/./node_modules/next/dist/next-devtools/shared/forward-logs-shared.js:44
[   21647ms] [LOG] [Fast Refresh] done in 16ms @ webpack-internal:///(app-pages-browser)/./node_modules/next/dist/next-devtools/shared/forward-logs-shared.js:44
[   21677ms] [WARNING] Error while trying to use the following icon from the Manifest: http://localhost:3000/icons/icon-192.png (Download error or resource isn't a valid image) @ http://localhost:3000/login:0
[   21694ms] [LOG] [Fast Refresh] rebuilding @ webpack-internal:///(app-pages-browser)/./node_modules/next/dist/next-devtools/shared/forward-logs-shared.js:44
[   21705ms] [LOG] [Fast Refresh] done in 12ms @ webpack-internal:///(app-pages-browser)/./node_modules/next/dist/next-devtools/shared/forward-logs-shared.js:44
[   21734ms] [WARNING] Error while trying to use the following icon from the Manifest: http://localhost:3000/icons/icon-192.png (Download error or resource isn't a valid image) @ http://localhost:3000/login:0
[   21753ms] [LOG] [Fast Refresh] rebuilding @ webpack-internal:///(app-pages-browser)/./node_modules/next/dist/next-devtools/shared/forward-logs-shared.js:44
[   21768ms] [LOG] [Fast Refresh] done in 16ms @ webpack-internal:///(app-pages-browser)/./node_modules/next/dist/next-devtools/shared/forward-logs-shared.js:44
[   21796ms] [WARNING] Error while trying to use the following icon from the Manifest: http://localhost:3000/icons/icon-192.png (Download error or resource isn't a valid image) @ http://localhost:3000/login:0
[   21813ms] [LOG] [Fast Refresh] rebuilding @ webpack-internal:///(app-pages-browser)/./node_modules/next/dist/next-devtools/shared/forward-logs-shared.js:44
[   21824ms] [LOG] [Fast Refresh] done in 12ms @ webpack-internal:///(app-pages-browser)/./node_modules/next/dist/next-devtools/shared/forward-logs-shared.js:44
[   21855ms] [WARNING] Error while trying to use the following icon from the Manifest: http://localhost:3000/icons/icon-192.png (Download error or resource isn't a valid image) @ http://localhost:3000/login:0
[   21872ms] [LOG] [Fast Refresh] rebuilding @ webpack-internal:///(app-pages-browser)/./node_modules/next/dist/next-devtools/shared/forward-logs-shared.js:44
[   21888ms] [LOG] [Fast Refresh] done in 15ms @ webpack-internal:///(app-pages-browser)/./node_modules/next/dist/next-devtools/shared/forward-logs-shared.js:44
[   21915ms] [WARNING] Error while trying to use the following icon from the Manifest: http://localhost:3000/icons/icon-192.png (Download error or resource isn't a valid image) @ http://localhost:3000/login:0
[   21932ms] [LOG] [Fast Refresh] rebuilding @ webpack-internal:///(app-pages-browser)/./node_modules/next/dist/next-devtools/shared/forward-logs-shared.js:44
[   21943ms] [LOG] [Fast Refresh] done in 11ms @ webpack-internal:///(app-pages-browser)/./node_modules/next/dist/next-devtools/shared/forward-logs-shared.js:44
[   21971ms] [WARNING] Error while trying to use the following icon from the Manifest: http://localhost:3000/icons/icon-192.png (Download error or resource isn't a valid image) @ http://localhost:3000/login:0
[   21988ms] [LOG] [Fast Refresh] rebuilding @ webpack-internal:///(app-pages-browser)/./node_modules/next/dist/next-devtools/shared/forward-logs-shared.js:44
[   22004ms] [LOG] [Fast Refresh] done in 15ms @ webpack-internal:///(app-pages-browser)/./node_modules/next/dist/next-devtools/shared/forward-logs-shared.js:44
[   22033ms] [WARNING] Error while trying to use the following icon from the Manifest: http://localhost:3000/icons/icon-192.png (Download error or resource isn't a valid image) @ http://localhost:3000/login:0
[   22049ms] [LOG] [Fast Refresh] rebuilding @ webpack-internal:///(app-pages-browser)/./node_modules/next/dist/next-devtools/shared/forward-logs-shared.js:44
[   22061ms] [LOG] [Fast Refresh] done in 11ms @ webpack-internal:///(app-pages-browser)/./node_modules/next/dist/next-devtools/shared/forward-logs-shared.js:44
[   22090ms] [WARNING] Error while trying to use the following icon from the Manifest: http://localhost:3000/icons/icon-192.png (Download error or resource isn't a valid image) @ http://localhost:3000/login:0
[   22108ms] [LOG] [Fast Refresh] rebuilding @ webpack-internal:///(app-pages-browser)/./node_modules/next/dist/next-devtools/shared/forward-logs-shared.js:44
[   22124ms] [LOG] [Fast Refresh] done in 15ms @ webpack-internal:///(app-pages-browser)/./node_modules/next/dist/next-devtools/shared/forward-logs-shared.js:44
[   22153ms] [WARNING] Error while trying to use the following icon from the Manifest: http://localhost:3000/icons/icon-192.png (Download error or resource isn't a valid image) @ http://localhost:3000/login:0
[   22169ms] [LOG] [Fast Refresh] rebuilding @ webpack-internal:///(app-pages-browser)/./node_modules/next/dist/next-devtools/shared/forward-logs-shared.js:44
[   22179ms] [LOG] [Fast Refresh] done in 10ms @ webpack-internal:///(app-pages-browser)/./node_modules/next/dist/next-devtools/shared/forward-logs-shared.js:44
[   22188ms] [WARNING] Error while trying to use the following icon from the Manifest: http://localhost:3000/icons/icon-192.png (Download error or resource isn't a valid image) @ http://localhost:3000/login:0
[   22229ms] [LOG] [Fast Refresh] rebuilding @ webpack-internal:///(app-pages-browser)/./node_modules/next/dist/next-devtools/shared/forward-logs-shared.js:44
[   22245ms] [LOG] [Fast Refresh] done in 16ms @ webpack-internal:///(app-pages-browser)/./node_modules/next/dist/next-devtools/shared/forward-logs-shared.js:44
[   22274ms] [WARNING] Error while trying to use the following icon from the Manifest: http://localhost:3000/icons/icon-192.png (Download error or resource isn't a valid image) @ http://localhost:3000/login:0
[   22290ms] [LOG] [Fast Refresh] rebuilding @ webpack-internal:///(app-pages-browser)/./node_modules/next/dist/next-devtools/shared/forward-logs-shared.js:44
[   22302ms] [LOG] [Fast Refresh] done in 11ms @ webpack-internal:///(app-pages-browser)/./node_modules/next/dist/next-devtools/shared/forward-logs-shared.js:44
[   22328ms] [WARNING] Error while trying to use the following icon from the Manifest: http://localhost:3000/icons/icon-192.png (Download error or resource isn't a valid image) @ http://localhost:3000/login:0
[   22347ms] [LOG] [Fast Refresh] rebuilding @ webpack-internal:///(app-pages-browser)/./node_modules/next/dist/next-devtools/shared/forward-logs-shared.js:44
[   22362ms] [LOG] [Fast Refresh] done in 16ms @ webpack-internal:///(app-pages-browser)/./node_modules/next/dist/next-devtools/shared/forward-logs-shared.js:44
[   22406ms] [LOG] [Fast Refresh] rebuilding @ webpack-internal:///(app-pages-browser)/./node_modules/next/dist/next-devtools/shared/forward-logs-shared.js:44
[   22418ms] [LOG] [Fast Refresh] done in 11ms @ webpack-internal:///(app-pages-browser)/./node_modules/next/dist/next-devtools/shared/forward-logs-shared.js:44
[   22447ms] [WARNING] Error while trying to use the following icon from the Manifest: http://localhost:3000/icons/icon-192.png (Download error or resource isn't a valid image) @ http://localhost:3000/login:0
[   22464ms] [LOG] [Fast Refresh] rebuilding @ webpack-internal:///(app-pages-browser)/./node_modules/next/dist/next-devtools/shared/forward-logs-shared.js:44
[   22479ms] [LOG] [Fast Refresh] done in 15ms @ webpack-internal:///(app-pages-browser)/./node_modules/next/dist/next-devtools/shared/forward-logs-shared.js:44
[   22508ms] [WARNING] Error while trying to use the following icon from the Manifest: http://localhost:3000/icons/icon-192.png (Download error or resource isn't a valid image) @ http://localhost:3000/login:0
[   22524ms] [LOG] [Fast Refresh] rebuilding @ webpack-internal:///(app-pages-browser)/./node_modules/next/dist/next-devtools/shared/forward-logs-shared.js:44
[   22536ms] [LOG] [Fast Refresh] done in 11ms @ webpack-internal:///(app-pages-browser)/./node_modules/next/dist/next-devtools/shared/forward-logs-shared.js:44
[   22565ms] [WARNING] Error while trying to use the following icon from the Manifest: http://localhost:3000/icons/icon-192.png (Download error or resource isn't a valid image) @ http://localhost:3000/login:0
[   22582ms] [LOG] [Fast Refresh] rebuilding @ webpack-internal:///(app-pages-browser)/./node_modules/next/dist/next-devtools/shared/forward-logs-shared.js:44
[   22598ms] [LOG] [Fast Refresh] done in 15ms @ webpack-internal:///(app-pages-browser)/./node_modules/next/dist/next-devtools/shared/forward-logs-shared.js:44
[   22627ms] [WARNING] Error while trying to use the following icon from the Manifest: http://localhost:3000/icons/icon-192.png (Download error or resource isn't a valid image) @ http://localhost:3000/login:0
[   22645ms] [LOG] [Fast Refresh] rebuilding @ webpack-internal:///(app-pages-browser)/./node_modules/next/dist/next-devtools/shared/forward-logs-shared.js:44
[   22657ms] [LOG] [Fast Refresh] done in 12ms @ webpack-internal:///(app-pages-browser)/./node_modules/next/dist/next-devtools/shared/forward-logs-shared.js:44
[   22688ms] [WARNING] Error while trying to use the following icon from the Manifest: http://localhost:3000/icons/icon-192.png (Download error or resource isn't a valid image) @ http://localhost:3000/login:0
[   22706ms] [LOG] [Fast Refresh] rebuilding @ webpack-internal:///(app-pages-browser)/./node_modules/next/dist/next-devtools/shared/forward-logs-shared.js:44
[   22722ms] [LOG] [Fast Refresh] done in 17ms @ webpack-internal:///(app-pages-browser)/./node_modules/next/dist/next-devtools/shared/forward-logs-shared.js:44
[   22751ms] [WARNING] Error while trying to use the following icon from the Manifest: http://localhost:3000/icons/icon-192.png (Download error or resource isn't a valid image) @ http://localhost:3000/login:0
[   22768ms] [LOG] [Fast Refresh] rebuilding @ webpack-internal:///(app-pages-browser)/./node_modules/next/dist/next-devtools/shared/forward-logs-shared.js:44
[   22779ms] [LOG] [Fast Refresh] done in 12ms @ webpack-internal:///(app-pages-browser)/./node_modules/next/dist/next-devtools/shared/forward-logs-shared.js:44
[   22807ms] [WARNING] Error while trying to use the following icon from the Manifest: http://localhost:3000/icons/icon-192.png (Download error or resource isn't a valid image) @ http://localhost:3000/login:0
[   22826ms] [LOG] [Fast Refresh] rebuilding @ webpack-internal:///(app-pages-browser)/./node_modules/next/dist/next-devtools/shared/forward-logs-shared.js:44
[   22841ms] [LOG] [Fast Refresh] done in 15ms @ webpack-internal:///(app-pages-browser)/./node_modules/next/dist/next-devtools/shared/forward-logs-shared.js:44
[   22873ms] [WARNING] Error while trying to use the following icon from the Manifest: http://localhost:3000/icons/icon-192.png (Download error or resource isn't a valid image) @ http://localhost:3000/login:0
[   22889ms] [LOG] [Fast Refresh] rebuilding @ webpack-internal:///(app-pages-browser)/./node_modules/next/dist/next-devtools/shared/forward-logs-shared.js:44
[   22901ms] [LOG] [Fast Refresh] done in 11ms @ webpack-internal:///(app-pages-browser)/./node_modules/next/dist/next-devtools/shared/forward-logs-shared.js:44
[   22928ms] [WARNING] Error while trying to use the following icon from the Manifest: http://localhost:3000/icons/icon-192.png (Download error or resource isn't a valid image) @ http://localhost:3000/login:0
[   22946ms] [LOG] [Fast Refresh] rebuilding @ webpack-internal:///(app-pages-browser)/./node_modules/next/dist/next-devtools/shared/forward-logs-shared.js:44
[   22963ms] [LOG] [Fast Refresh] done in 17ms @ webpack-internal:///(app-pages-browser)/./node_modules/next/dist/next-devtools/shared/forward-logs-shared.js:44
[   22995ms] [WARNING] Error while trying to use the following icon from the Manifest: http://localhost:3000/icons/icon-192.png (Download error or resource isn't a valid image) @ http://localhost:3000/login:0
[   23011ms] [LOG] [Fast Refresh] rebuilding @ webpack-internal:///(app-pages-browser)/./node_modules/next/dist/next-devtools/shared/forward-logs-shared.js:44
[   23023ms] [LOG] [Fast Refresh] done in 11ms @ webpack-internal:///(app-pages-browser)/./node_modules/next/dist/next-devtools/shared/forward-logs-shared.js:44
[   23052ms] [WARNING] Error while trying to use the following icon from the Manifest: http://localhost:3000/icons/icon-192.png (Download error or resource isn't a valid image) @ http://localhost:3000/login:0
[   23069ms] [LOG] [Fast Refresh] rebuilding @ webpack-internal:///(app-pages-browser)/./node_modules/next/dist/next-devtools/shared/forward-logs-shared.js:44
[   23087ms] [LOG] [Fast Refresh] done in 18ms @ webpack-internal:///(app-pages-browser)/./node_modules/next/dist/next-devtools/shared/forward-logs-shared.js:44
[   23112ms] [WARNING] Error while trying to use the following icon from the Manifest: http://localhost:3000/icons/icon-192.png (Download error or resource isn't a valid image) @ http://localhost:3000/login:0
[   23134ms] [LOG] [Fast Refresh] rebuilding @ webpack-internal:///(app-pages-browser)/./node_modules/next/dist/next-devtools/shared/forward-logs-shared.js:44
[   23145ms] [LOG] [Fast Refresh] done in 11ms @ webpack-internal:///(app-pages-browser)/./node_modules/next/dist/next-devtools/shared/forward-logs-shared.js:44
[   23174ms] [WARNING] Error while trying to use the following icon from the Manifest: http://localhost:3000/icons/icon-192.png (Download error or resource isn't a valid image) @ http://localhost:3000/login:0
[   23193ms] [LOG] [Fast Refresh] rebuilding @ webpack-internal:///(app-pages-browser)/./node_modules/next/dist/next-devtools/shared/forward-logs-shared.js:44
[   23209ms] [LOG] [Fast Refresh] done in 16ms @ webpack-internal:///(app-pages-browser)/./node_modules/next/dist/next-devtools/shared/forward-logs-shared.js:44
[   23240ms] [WARNING] Error while trying to use the following icon from the Manifest: http://localhost:3000/icons/icon-192.png (Download error or resource isn't a valid image) @ http://localhost:3000/login:0
[   23257ms] [LOG] [Fast Refresh] rebuilding @ webpack-internal:///(app-pages-browser)/./node_modules/next/dist/next-devtools/shared/forward-logs-shared.js:44
[   23270ms] [LOG] [Fast Refresh] done in 13ms @ webpack-internal:///(app-pages-browser)/./node_modules/next/dist/next-devtools/shared/forward-logs-shared.js:44
[   23299ms] [WARNING] Error while trying to use the following icon from the Manifest: http://localhost:3000/icons/icon-192.png (Download error or resource isn't a valid image) @ http://localhost:3000/login:0
[   23318ms] [LOG] [Fast Refresh] rebuilding @ webpack-internal:///(app-pages-browser)/./node_modules/next/dist/next-devtools/shared/forward-logs-shared.js:44
[   23333ms] [LOG] [Fast Refresh] done in 15ms @ webpack-internal:///(app-pages-browser)/./node_modules/next/dist/next-devtools/shared/forward-logs-shared.js:44
[   23363ms] [WARNING] Error while trying to use the following icon from the Manifest: http://localhost:3000/icons/icon-192.png (Download error or resource isn't a valid image) @ http://localhost:3000/login:0
[   23379ms] [LOG] [Fast Refresh] rebuilding @ webpack-internal:///(app-pages-browser)/./node_modules/next/dist/next-devtools/shared/forward-logs-shared.js:44
[   23391ms] [LOG] [Fast Refresh] done in 12ms @ webpack-internal:///(app-pages-browser)/./node_modules/next/dist/next-devtools/shared/forward-logs-shared.js:44
[   23422ms] [WARNING] Error while trying to use the following icon from the Manifest: http://localhost:3000/icons/icon-192.png (Download error or resource isn't a valid image) @ http://localhost:3000/login:0
[   23440ms] [LOG] [Fast Refresh] rebuilding @ webpack-internal:///(app-pages-browser)/./node_modules/next/dist/next-devtools/shared/forward-logs-shared.js:44
[   23456ms] [LOG] [Fast Refresh] done in 16ms @ webpack-internal:///(app-pages-browser)/./node_modules/next/dist/next-devtools/shared/forward-logs-shared.js:44
[   23486ms] [WARNING] Error while trying to use the following icon from the Manifest: http://localhost:3000/icons/icon-192.png (Download error or resource isn't a valid image) @ http://localhost:3000/login:0
[   23503ms] [LOG] [Fast Refresh] rebuilding @ webpack-internal:///(app-pages-browser)/./node_modules/next/dist/next-devtools/shared/forward-logs-shared.js:44
[   23529ms] [LOG] [Fast Refresh] done in 26ms @ webpack-internal:///(app-pages-browser)/./node_modules/next/dist/next-devtools/shared/forward-logs-shared.js:44
[   23545ms] [WARNING] Error while trying to use the following icon from the Manifest: http://localhost:3000/icons/icon-192.png (Download error or resource isn't a valid image) @ http://localhost:3000/login:0
[   23562ms] [LOG] [Fast Refresh] rebuilding @ webpack-internal:///(app-pages-browser)/./node_modules/next/dist/next-devtools/shared/forward-logs-shared.js:44
[   23578ms] [LOG] [Fast Refresh] done in 15ms @ webpack-internal:///(app-pages-browser)/./node_modules/next/dist/next-devtools/shared/forward-logs-shared.js:44
[   23623ms] [LOG] [Fast Refresh] rebuilding @ webpack-internal:///(app-pages-browser)/./node_modules/next/dist/next-devtools/shared/forward-logs-shared.js:44
[   23635ms] [LOG] [Fast Refresh] done in 12ms @ webpack-internal:///(app-pages-browser)/./node_modules/next/dist/next-devtools/shared/forward-logs-shared.js:44
[   23669ms] [WARNING] Error while trying to use the following icon from the Manifest: http://localhost:3000/icons/icon-192.png (Download error or resource isn't a valid image) @ http://localhost:3000/login:0
[   23687ms] [LOG] [Fast Refresh] rebuilding @ webpack-internal:///(app-pages-browser)/./node_modules/next/dist/next-devtools/shared/forward-logs-shared.js:44
[   23703ms] [LOG] [Fast Refresh] done in 16ms @ webpack-internal:///(app-pages-browser)/./node_modules/next/dist/next-devtools/shared/forward-logs-shared.js:44
[   23746ms] [LOG] [Fast Refresh] rebuilding @ webpack-internal:///(app-pages-browser)/./node_modules/next/dist/next-devtools/shared/forward-logs-shared.js:44
[   23758ms] [LOG] [Fast Refresh] done in 13ms @ webpack-internal:///(app-pages-browser)/./node_modules/next/dist/next-devtools/shared/forward-logs-shared.js:44
[   23790ms] [WARNING] Error while trying to use the following icon from the Manifest: http://localhost:3000/icons/icon-192.png (Download error or resource isn't a valid image) @ http://localhost:3000/login:0
[   23813ms] [LOG] [Fast Refresh] rebuilding @ webpack-internal:///(app-pages-browser)/./node_modules/next/dist/next-devtools/shared/forward-logs-shared.js:44
[   23830ms] [LOG] [Fast Refresh] done in 17ms @ webpack-internal:///(app-pages-browser)/./node_modules/next/dist/next-devtools/shared/forward-logs-shared.js:44
[   23860ms] [WARNING] Error while trying to use the following icon from the Manifest: http://localhost:3000/icons/icon-192.png (Download error or resource isn't a valid image) @ http://localhost:3000/login:0
[   23876ms] [LOG] [Fast Refresh] rebuilding @ webpack-internal:///(app-pages-browser)/./node_modules/next/dist/next-devtools/shared/forward-logs-shared.js:44
[   23889ms] [LOG] [Fast Refresh] done in 12ms @ webpack-internal:///(app-pages-browser)/./node_modules/next/dist/next-devtools/shared/forward-logs-shared.js:44
[   23922ms] [WARNING] Error while trying to use the following icon from the Manifest: http://localhost:3000/icons/icon-192.png (Download error or resource isn't a valid image) @ http://localhost:3000/login:0
[   23940ms] [LOG] [Fast Refresh] rebuilding @ webpack-internal:///(app-pages-browser)/./node_modules/next/dist/next-devtools/shared/forward-logs-shared.js:44
[   23950ms] [LOG] [Fast Refresh] done in 10ms @ webpack-internal:///(app-pages-browser)/./node_modules/next/dist/next-devtools/shared/forward-logs-shared.js:44
[   23965ms] [WARNING] Error while trying to use the following icon from the Manifest: http://localhost:3000/icons/icon-192.png (Download error or resource isn't a valid image) @ http://localhost:3000/login:0
[   23999ms] [LOG] [Fast Refresh] rebuilding @ webpack-internal:///(app-pages-browser)/./node_modules/next/dist/next-devtools/shared/forward-logs-shared.js:44
[   24010ms] [LOG] [Fast Refresh] done in 12ms @ webpack-internal:///(app-pages-browser)/./node_modules/next/dist/next-devtools/shared/forward-logs-shared.js:44
[   24040ms] [WARNING] Error while trying to use the following icon from the Manifest: http://localhost:3000/icons/icon-192.png (Download error or resource isn't a valid image) @ http://localhost:3000/login:0
[   24057ms] [LOG] [Fast Refresh] rebuilding @ webpack-internal:///(app-pages-browser)/./node_modules/next/dist/next-devtools/shared/forward-logs-shared.js:44
[   24072ms] [LOG] [Fast Refresh] done in 16ms @ webpack-internal:///(app-pages-browser)/./node_modules/next/dist/next-devtools/shared/forward-logs-shared.js:44
[   24101ms] [WARNING] Error while trying to use the following icon from the Manifest: http://localhost:3000/icons/icon-192.png (Download error or resource isn't a valid image) @ http://localhost:3000/login:0
[   24119ms] [LOG] [Fast Refresh] rebuilding @ webpack-internal:///(app-pages-browser)/./node_modules/next/dist/next-devtools/shared/forward-logs-shared.js:44
[   24130ms] [LOG] [Fast Refresh] done in 12ms @ webpack-internal:///(app-pages-browser)/./node_modules/next/dist/next-devtools/shared/forward-logs-shared.js:44
[   24163ms] [WARNING] Error while trying to use the following icon from the Manifest: http://localhost:3000/icons/icon-192.png (Download error or resource isn't a valid image) @ http://localhost:3000/login:0
[   24181ms] [LOG] [Fast Refresh] rebuilding @ webpack-internal:///(app-pages-browser)/./node_modules/next/dist/next-devtools/shared/forward-logs-shared.js:44
[   24203ms] [LOG] [Fast Refresh] done in 21ms @ webpack-internal:///(app-pages-browser)/./node_modules/next/dist/next-devtools/shared/forward-logs-shared.js:44
[   24233ms] [WARNING] Error while trying to use the following icon from the Manifest: http://localhost:3000/icons/icon-192.png (Download error or resource isn't a valid image) @ http://localhost:3000/login:0
[   24251ms] [LOG] [Fast Refresh] rebuilding @ webpack-internal:///(app-pages-browser)/./node_modules/next/dist/next-devtools/shared/forward-logs-shared.js:44
[   24263ms] [LOG] [Fast Refresh] done in 12ms @ webpack-internal:///(app-pages-browser)/./node_modules/next/dist/next-devtools/shared/forward-logs-shared.js:44
[   24293ms] [WARNING] Error while trying to use the following icon from the Manifest: http://localhost:3000/icons/icon-192.png (Download error or resource isn't a valid image) @ http://localhost:3000/login:0
[   24311ms] [LOG] [Fast Refresh] rebuilding @ webpack-internal:///(app-pages-browser)/./node_modules/next/dist/next-devtools/shared/forward-logs-shared.js:44
[   24327ms] [LOG] [Fast Refresh] done in 16ms @ webpack-internal:///(app-pages-browser)/./node_modules/next/dist/next-devtools/shared/forward-logs-shared.js:44
[   24356ms] [WARNING] Error while trying to use the following icon from the Manifest: http://localhost:3000/icons/icon-192.png (Download error or resource isn't a valid image) @ http://localhost:3000/login:0
[   24372ms] [LOG] [Fast Refresh] rebuilding @ webpack-internal:///(app-pages-browser)/./node_modules/next/dist/next-devtools/shared/forward-logs-shared.js:44
[   24384ms] [LOG] [Fast Refresh] done in 12ms @ webpack-internal:///(app-pages-browser)/./node_modules/next/dist/next-devtools/shared/forward-logs-shared.js:44
[   24414ms] [WARNING] Error while trying to use the following icon from the Manifest: http://localhost:3000/icons/icon-192.png (Download error or resource isn't a valid image) @ http://localhost:3000/login:0
[   24432ms] [LOG] [Fast Refresh] rebuilding @ webpack-internal:///(app-pages-browser)/./node_modules/next/dist/next-devtools/shared/forward-logs-shared.js:44
[   24453ms] [LOG] [Fast Refresh] done in 22ms @ webpack-internal:///(app-pages-browser)/./node_modules/next/dist/next-devtools/shared/forward-logs-shared.js:44
[   24991ms] [WARNING] Error while trying to use the following icon from the Manifest: http://localhost:3000/icons/icon-192.png (Download error or resource isn't a valid image) @ http://localhost:3000/login:0
[   25020ms] [LOG] [Fast Refresh] rebuilding @ webpack-internal:///(app-pages-browser)/./node_modules/next/dist/next-devtools/shared/forward-logs-shared.js:44
[   25034ms] [LOG] [Fast Refresh] done in 14ms @ webpack-internal:///(app-pages-browser)/./node_modules/next/dist/next-devtools/shared/forward-logs-shared.js:44
[   25070ms] [WARNING] Error while trying to use the following icon from the Manifest: http://localhost:3000/icons/icon-192.png (Download error or resource isn't a valid image) @ http://localhost:3000/login:0
[   25088ms] [LOG] [Fast Refresh] rebuilding @ webpack-internal:///(app-pages-browser)/./node_modules/next/dist/next-devtools/shared/forward-logs-shared.js:44
[   25101ms] [LOG] [Fast Refresh] done in 12ms @ webpack-internal:///(app-pages-browser)/./node_modules/next/dist/next-devtools/shared/forward-logs-shared.js:44
[   25128ms] [WARNING] Error while trying to use the following icon from the Manifest: http://localhost:3000/icons/icon-192.png (Download error or resource isn't a valid image) @ http://localhost:3000/login:0
[   25145ms] [LOG] [Fast Refresh] rebuilding @ webpack-internal:///(app-pages-browser)/./node_modules/next/dist/next-devtools/shared/forward-logs-shared.js:44
[   25160ms] [LOG] [Fast Refresh] done in 14ms @ webpack-internal:///(app-pages-browser)/./node_modules/next/dist/next-devtools/shared/forward-logs-shared.js:44
[   25204ms] [LOG] [Fast Refresh] rebuilding @ webpack-internal:///(app-pages-browser)/./node_modules/next/dist/next-devtools/shared/forward-logs-shared.js:44
[   25215ms] [LOG] [Fast Refresh] done in 11ms @ webpack-internal:///(app-pages-browser)/./node_modules/next/dist/next-devtools/shared/forward-logs-shared.js:44
[   25244ms] [WARNING] Error while trying to use the following icon from the Manifest: http://localhost:3000/icons/icon-192.png (Download error or resource isn't a valid image) @ http://localhost:3000/login:0
[   25263ms] [LOG] [Fast Refresh] rebuilding @ webpack-internal:///(app-pages-browser)/./node_modules/next/dist/next-devtools/shared/forward-logs-shared.js:44
[   25279ms] [LOG] [Fast Refresh] done in 17ms @ webpack-internal:///(app-pages-browser)/./node_modules/next/dist/next-devtools/shared/forward-logs-shared.js:44
[   25308ms] [WARNING] Error while trying to use the following icon from the Manifest: http://localhost:3000/icons/icon-192.png (Download error or resource isn't a valid image) @ http://localhost:3000/login:0
[   25325ms] [LOG] [Fast Refresh] rebuilding @ webpack-internal:///(app-pages-browser)/./node_modules/next/dist/next-devtools/shared/forward-logs-shared.js:44
[   25337ms] [LOG] [Fast Refresh] done in 11ms @ webpack-internal:///(app-pages-browser)/./node_modules/next/dist/next-devtools/shared/forward-logs-shared.js:44
[   25366ms] [WARNING] Error while trying to use the following icon from the Manifest: http://localhost:3000/icons/icon-192.png (Download error or resource isn't a valid image) @ http://localhost:3000/login:0
[   25384ms] [LOG] [Fast Refresh] rebuilding @ webpack-internal:///(app-pages-browser)/./node_modules/next/dist/next-devtools/shared/forward-logs-shared.js:44
[   25399ms] [LOG] [Fast Refresh] done in 16ms @ webpack-internal:///(app-pages-browser)/./node_modules/next/dist/next-devtools/shared/forward-logs-shared.js:44
[   25429ms] [WARNING] Error while trying to use the following icon from the Manifest: http://localhost:3000/icons/icon-192.png (Download error or resource isn't a valid image) @ http://localhost:3000/login:0
[   25446ms] [LOG] [Fast Refresh] rebuilding @ webpack-internal:///(app-pages-browser)/./node_modules/next/dist/next-devtools/shared/forward-logs-shared.js:44
[   25458ms] [LOG] [Fast Refresh] done in 13ms @ webpack-internal:///(app-pages-browser)/./node_modules/next/dist/next-devtools/shared/forward-logs-shared.js:44
[   25486ms] [WARNING] Error while trying to use the following icon from the Manifest: http://localhost:3000/icons/icon-192.png (Download error or resource isn't a valid image) @ http://localhost:3000/login:0
[   25505ms] [LOG] [Fast Refresh] rebuilding @ webpack-internal:///(app-pages-browser)/./node_modules/next/dist/next-devtools/shared/forward-logs-shared.js:44
[   25520ms] [LOG] [Fast Refresh] done in 15ms @ webpack-internal:///(app-pages-browser)/./node_modules/next/dist/next-devtools/shared/forward-logs-shared.js:44
[   25565ms] [LOG] [Fast Refresh] rebuilding @ webpack-internal:///(app-pages-browser)/./node_modules/next/dist/next-devtools/shared/forward-logs-shared.js:44
[   25576ms] [LOG] [Fast Refresh] done in 11ms @ webpack-internal:///(app-pages-browser)/./node_modules/next/dist/next-devtools/shared/forward-logs-shared.js:44
[   25605ms] [WARNING] Error while trying to use the following icon from the Manifest: http://localhost:3000/icons/icon-192.png (Download error or resource isn't a valid image) @ http://localhost:3000/login:0
[   25622ms] [LOG] [Fast Refresh] rebuilding @ webpack-internal:///(app-pages-browser)/./node_modules/next/dist/next-devtools/shared/forward-logs-shared.js:44
[   25638ms] [LOG] [Fast Refresh] done in 15ms @ webpack-internal:///(app-pages-browser)/./node_modules/next/dist/next-devtools/shared/forward-logs-shared.js:44
[   25680ms] [WARNING] Error while trying to use the following icon from the Manifest: http://localhost:3000/icons/icon-192.png (Download error or resource isn't a valid image) @ http://localhost:3000/login:0
[   25683ms] [LOG] [Fast Refresh] rebuilding @ webpack-internal:///(app-pages-browser)/./node_modules/next/dist/next-devtools/shared/forward-logs-shared.js:44
[   25695ms] [LOG] [Fast Refresh] done in 11ms @ webpack-internal:///(app-pages-browser)/./node_modules/next/dist/next-devtools/shared/forward-logs-shared.js:44
[   25726ms] [WARNING] Error while trying to use the following icon from the Manifest: http://localhost:3000/icons/icon-192.png (Download error or resource isn't a valid image) @ http://localhost:3000/login:0
[   25743ms] [LOG] [Fast Refresh] rebuilding @ webpack-internal:///(app-pages-browser)/./node_modules/next/dist/next-devtools/shared/forward-logs-shared.js:44
[   25758ms] [LOG] [Fast Refresh] done in 15ms @ webpack-internal:///(app-pages-browser)/./node_modules/next/dist/next-devtools/shared/forward-logs-shared.js:44
[   25787ms] [WARNING] Error while trying to use the following icon from the Manifest: http://localhost:3000/icons/icon-192.png (Download error or resource isn't a valid image) @ http://localhost:3000/login:0
[   25803ms] [LOG] [Fast Refresh] rebuilding @ webpack-internal:///(app-pages-browser)/./node_modules/next/dist/next-devtools/shared/forward-logs-shared.js:44
[   25815ms] [LOG] [Fast Refresh] done in 11ms @ webpack-internal:///(app-pages-browser)/./node_modules/next/dist/next-devtools/shared/forward-logs-shared.js:44
[   25842ms] [WARNING] Error while trying to use the following icon from the Manifest: http://localhost:3000/icons/icon-192.png (Download error or resource isn't a valid image) @ http://localhost:3000/login:0
[   25860ms] [LOG] [Fast Refresh] rebuilding @ webpack-internal:///(app-pages-browser)/./node_modules/next/dist/next-devtools/shared/forward-logs-shared.js:44
[   25876ms] [LOG] [Fast Refresh] done in 15ms @ webpack-internal:///(app-pages-browser)/./node_modules/next/dist/next-devtools/shared/forward-logs-shared.js:44
[   25906ms] [WARNING] Error while trying to use the following icon from the Manifest: http://localhost:3000/icons/icon-192.png (Download error or resource isn't a valid image) @ http://localhost:3000/login:0
[   25922ms] [LOG] [Fast Refresh] rebuilding @ webpack-internal:///(app-pages-browser)/./node_modules/next/dist/next-devtools/shared/forward-logs-shared.js:44
[   25934ms] [LOG] [Fast Refresh] done in 12ms @ webpack-internal:///(app-pages-browser)/./node_modules/next/dist/next-devtools/shared/forward-logs-shared.js:44
[   25961ms] [WARNING] Error while trying to use the following icon from the Manifest: http://localhost:3000/icons/icon-192.png (Download error or resource isn't a valid image) @ http://localhost:3000/login:0
[   25980ms] [LOG] [Fast Refresh] rebuilding @ webpack-internal:///(app-pages-browser)/./node_modules/next/dist/next-devtools/shared/forward-logs-shared.js:44
[   25995ms] [LOG] [Fast Refresh] done in 16ms @ webpack-internal:///(app-pages-browser)/./node_modules/next/dist/next-devtools/shared/forward-logs-shared.js:44
[   26023ms] [WARNING] Error while trying to use the following icon from the Manifest: http://localhost:3000/icons/icon-192.png (Download error or resource isn't a valid image) @ http://localhost:3000/login:0
[   26039ms] [LOG] [Fast Refresh] rebuilding @ webpack-internal:///(app-pages-browser)/./node_modules/next/dist/next-devtools/shared/forward-logs-shared.js:44
[   26051ms] [LOG] [Fast Refresh] done in 11ms @ webpack-internal:///(app-pages-browser)/./node_modules/next/dist/next-devtools/shared/forward-logs-shared.js:44
[   26078ms] [WARNING] Error while trying to use the following icon from the Manifest: http://localhost:3000/icons/icon-192.png (Download error or resource isn't a valid image) @ http://localhost:3000/login:0
[   26097ms] [LOG] [Fast Refresh] rebuilding @ webpack-internal:///(app-pages-browser)/./node_modules/next/dist/next-devtools/shared/forward-logs-shared.js:44
[   26112ms] [LOG] [Fast Refresh] done in 16ms @ webpack-internal:///(app-pages-browser)/./node_modules/next/dist/next-devtools/shared/forward-logs-shared.js:44
[   26142ms] [WARNING] Error while trying to use the following icon from the Manifest: http://localhost:3000/icons/icon-192.png (Download error or resource isn't a valid image) @ http://localhost:3000/login:0
[   26159ms] [LOG] [Fast Refresh] rebuilding @ webpack-internal:///(app-pages-browser)/./node_modules/next/dist/next-devtools/shared/forward-logs-shared.js:44
[   26173ms] [LOG] [Fast Refresh] done in 13ms @ webpack-internal:///(app-pages-browser)/./node_modules/next/dist/next-devtools/shared/forward-logs-shared.js:44
[   26209ms] [WARNING] Error while trying to use the following icon from the Manifest: http://localhost:3000/icons/icon-192.png (Download error or resource isn't a valid image) @ http://localhost:3000/login:0
[   26227ms] [LOG] [Fast Refresh] rebuilding @ webpack-internal:///(app-pages-browser)/./node_modules/next/dist/next-devtools/shared/forward-logs-shared.js:44
[   26242ms] [LOG] [Fast Refresh] done in 15ms @ webpack-internal:///(app-pages-browser)/./node_modules/next/dist/next-devtools/shared/forward-logs-shared.js:44
[   26270ms] [WARNING] Error while trying to use the following icon from the Manifest: http://localhost:3000/icons/icon-192.png (Download error or resource isn't a valid image) @ http://localhost:3000/login:0
[   26287ms] [LOG] [Fast Refresh] rebuilding @ webpack-internal:///(app-pages-browser)/./node_modules/next/dist/next-devtools/shared/forward-logs-shared.js:44
[   26298ms] [LOG] [Fast Refresh] done in 11ms @ webpack-internal:///(app-pages-browser)/./node_modules/next/dist/next-devtools/shared/forward-logs-shared.js:44
[   26327ms] [WARNING] Error while trying to use the following icon from the Manifest: http://localhost:3000/icons/icon-192.png (Download error or resource isn't a valid image) @ http://localhost:3000/login:0
[   26344ms] [LOG] [Fast Refresh] rebuilding @ webpack-internal:///(app-pages-browser)/./node_modules/next/dist/next-devtools/shared/forward-logs-shared.js:44
[   26358ms] [LOG] [Fast Refresh] done in 14ms @ webpack-internal:///(app-pages-browser)/./node_modules/next/dist/next-devtools/shared/forward-logs-shared.js:44
[   26386ms] [WARNING] Error while trying to use the following icon from the Manifest: http://localhost:3000/icons/icon-192.png (Download error or resource isn't a valid image) @ http://localhost:3000/login:0
[   26409ms] [LOG] [Fast Refresh] rebuilding @ webpack-internal:///(app-pages-browser)/./node_modules/next/dist/next-devtools/shared/forward-logs-shared.js:44
[   26421ms] [LOG] [Fast Refresh] done in 12ms @ webpack-internal:///(app-pages-browser)/./node_modules/next/dist/next-devtools/shared/forward-logs-shared.js:44
[   26448ms] [WARNING] Error while trying to use the following icon from the Manifest: http://localhost:3000/icons/icon-192.png (Download error or resource isn't a valid image) @ http://localhost:3000/login:0
[   26465ms] [LOG] [Fast Refresh] rebuilding @ webpack-internal:///(app-pages-browser)/./node_modules/next/dist/next-devtools/shared/forward-logs-shared.js:44
[   26481ms] [LOG] [Fast Refresh] done in 16ms @ webpack-internal:///(app-pages-browser)/./node_modules/next/dist/next-devtools/shared/forward-logs-shared.js:44
[   26511ms] [WARNING] Error while trying to use the following icon from the Manifest: http://localhost:3000/icons/icon-192.png (Download error or resource isn't a valid image) @ http://localhost:3000/login:0
[   26528ms] [LOG] [Fast Refresh] rebuilding @ webpack-internal:///(app-pages-browser)/./node_modules/next/dist/next-devtools/shared/forward-logs-shared.js:44
[   26539ms] [LOG] [Fast Refresh] done in 12ms @ webpack-internal:///(app-pages-browser)/./node_modules/next/dist/next-devtools/shared/forward-logs-shared.js:44
[   26568ms] [WARNING] Error while trying to use the following icon from the Manifest: http://localhost:3000/icons/icon-192.png (Download error or resource isn't a valid image) @ http://localhost:3000/login:0
[   26586ms] [LOG] [Fast Refresh] rebuilding @ webpack-internal:///(app-pages-browser)/./node_modules/next/dist/next-devtools/shared/forward-logs-shared.js:44
[   26602ms] [LOG] [Fast Refresh] done in 17ms @ webpack-internal:///(app-pages-browser)/./node_modules/next/dist/next-devtools/shared/forward-logs-shared.js:44
[   26633ms] [WARNING] Error while trying to use the following icon from the Manifest: http://localhost:3000/icons/icon-192.png (Download error or resource isn't a valid image) @ http://localhost:3000/login:0
[   26650ms] [LOG] [Fast Refresh] rebuilding @ webpack-internal:///(app-pages-browser)/./node_modules/next/dist/next-devtools/shared/forward-logs-shared.js:44
[   26661ms] [LOG] [Fast Refresh] done in 11ms @ webpack-internal:///(app-pages-browser)/./node_modules/next/dist/next-devtools/shared/forward-logs-shared.js:44
[   26691ms] [WARNING] Error while trying to use the following icon from the Manifest: http://localhost:3000/icons/icon-192.png (Download error or resource isn't a valid image) @ http://localhost:3000/login:0
[   26708ms] [LOG] [Fast Refresh] rebuilding @ webpack-internal:///(app-pages-browser)/./node_modules/next/dist/next-devtools/shared/forward-logs-shared.js:44
[   26723ms] [LOG] [Fast Refresh] done in 16ms @ webpack-internal:///(app-pages-browser)/./node_modules/next/dist/next-devtools/shared/forward-logs-shared.js:44
[   26753ms] [WARNING] Error while trying to use the following icon from the Manifest: http://localhost:3000/icons/icon-192.png (Download error or resource isn't a valid image) @ http://localhost:3000/login:0
[   26770ms] [LOG] [Fast Refresh] rebuilding @ webpack-internal:///(app-pages-browser)/./node_modules/next/dist/next-devtools/shared/forward-logs-shared.js:44
[   26781ms] [LOG] [Fast Refresh] done in 11ms @ webpack-internal:///(app-pages-browser)/./node_modules/next/dist/next-devtools/shared/forward-logs-shared.js:44
[   26808ms] [WARNING] Error while trying to use the following icon from the Manifest: http://localhost:3000/icons/icon-192.png (Download error or resource isn't a valid image) @ http://localhost:3000/login:0
[   26825ms] [LOG] [Fast Refresh] rebuilding @ webpack-internal:///(app-pages-browser)/./node_modules/next/dist/next-devtools/shared/forward-logs-shared.js:44
[   26840ms] [LOG] [Fast Refresh] done in 15ms @ webpack-internal:///(app-pages-browser)/./node_modules/next/dist/next-devtools/shared/forward-logs-shared.js:44
[   26886ms] [WARNING] Error while trying to use the following icon from the Manifest: http://localhost:3000/icons/icon-192.png (Download error or resource isn't a valid image) @ http://localhost:3000/login:0
[   26903ms] [LOG] [Fast Refresh] rebuilding @ webpack-internal:///(app-pages-browser)/./node_modules/next/dist/next-devtools/shared/forward-logs-shared.js:44
[   26914ms] [LOG] [Fast Refresh] done in 11ms @ webpack-internal:///(app-pages-browser)/./node_modules/next/dist/next-devtools/shared/forward-logs-shared.js:44
[   26942ms] [WARNING] Error while trying to use the following icon from the Manifest: http://localhost:3000/icons/icon-192.png (Download error or resource isn't a valid image) @ http://localhost:3000/login:0
[   26959ms] [LOG] [Fast Refresh] rebuilding @ webpack-internal:///(app-pages-browser)/./node_modules/next/dist/next-devtools/shared/forward-logs-shared.js:44
[   26976ms] [LOG] [Fast Refresh] done in 17ms @ webpack-internal:///(app-pages-browser)/./node_modules/next/dist/next-devtools/shared/forward-logs-shared.js:44
[   27008ms] [WARNING] Error while trying to use the following icon from the Manifest: http://localhost:3000/icons/icon-192.png (Download error or resource isn't a valid image) @ http://localhost:3000/login:0
[   27025ms] [LOG] [Fast Refresh] rebuilding @ webpack-internal:///(app-pages-browser)/./node_modules/next/dist/next-devtools/shared/forward-logs-shared.js:44
[   27037ms] [LOG] [Fast Refresh] done in 11ms @ webpack-internal:///(app-pages-browser)/./node_modules/next/dist/next-devtools/shared/forward-logs-shared.js:44
[   27064ms] [WARNING] Error while trying to use the following icon from the Manifest: http://localhost:3000/icons/icon-192.png (Download error or resource isn't a valid image) @ http://localhost:3000/login:0
[   27081ms] [LOG] [Fast Refresh] rebuilding @ webpack-internal:///(app-pages-browser)/./node_modules/next/dist/next-devtools/shared/forward-logs-shared.js:44
[   27097ms] [LOG] [Fast Refresh] done in 15ms @ webpack-internal:///(app-pages-browser)/./node_modules/next/dist/next-devtools/shared/forward-logs-shared.js:44
[   27125ms] [WARNING] Error while trying to use the following icon from the Manifest: http://localhost:3000/icons/icon-192.png (Download error or resource isn't a valid image) @ http://localhost:3000/login:0
[   27141ms] [LOG] [Fast Refresh] rebuilding @ webpack-internal:///(app-pages-browser)/./node_modules/next/dist/next-devtools/shared/forward-logs-shared.js:44
[   27153ms] [LOG] [Fast Refresh] done in 11ms @ webpack-internal:///(app-pages-browser)/./node_modules/next/dist/next-devtools/shared/forward-logs-shared.js:44
[   27180ms] [WARNING] Error while trying to use the following icon from the Manifest: http://localhost:3000/icons/icon-192.png (Download error or resource isn't a valid image) @ http://localhost:3000/login:0
[   27198ms] [LOG] [Fast Refresh] rebuilding @ webpack-internal:///(app-pages-browser)/./node_modules/next/dist/next-devtools/shared/forward-logs-shared.js:44
[   27213ms] [LOG] [Fast Refresh] done in 16ms @ webpack-internal:///(app-pages-browser)/./node_modules/next/dist/next-devtools/shared/forward-logs-shared.js:44
[   27242ms] [WARNING] Error while trying to use the following icon from the Manifest: http://localhost:3000/icons/icon-192.png (Download error or resource isn't a valid image) @ http://localhost:3000/login:0
[   27261ms] [LOG] [Fast Refresh] rebuilding @ webpack-internal:///(app-pages-browser)/./node_modules/next/dist/next-devtools/shared/forward-logs-shared.js:44
[   27272ms] [LOG] [Fast Refresh] done in 12ms @ webpack-internal:///(app-pages-browser)/./node_modules/next/dist/next-devtools/shared/forward-logs-shared.js:44
[   27299ms] [WARNING] Error while trying to use the following icon from the Manifest: http://localhost:3000/icons/icon-192.png (Download error or resource isn't a valid image) @ http://localhost:3000/login:0
[   27317ms] [LOG] [Fast Refresh] rebuilding @ webpack-internal:///(app-pages-browser)/./node_modules/next/dist/next-devtools/shared/forward-logs-shared.js:44
[   27332ms] [LOG] [Fast Refresh] done in 16ms @ webpack-internal:///(app-pages-browser)/./node_modules/next/dist/next-devtools/shared/forward-logs-shared.js:44
[   27361ms] [WARNING] Error while trying to use the following icon from the Manifest: http://localhost:3000/icons/icon-192.png (Download error or resource isn't a valid image) @ http://localhost:3000/login:0
[   27379ms] [LOG] [Fast Refresh] rebuilding @ webpack-internal:///(app-pages-browser)/./node_modules/next/dist/next-devtools/shared/forward-logs-shared.js:44
[   27390ms] [LOG] [Fast Refresh] done in 12ms @ webpack-internal:///(app-pages-browser)/./node_modules/next/dist/next-devtools/shared/forward-logs-shared.js:44
[   27420ms] [WARNING] Error while trying to use the following icon from the Manifest: http://localhost:3000/icons/icon-192.png (Download error or resource isn't a valid image) @ http://localhost:3000/login:0
[   27437ms] [LOG] [Fast Refresh] rebuilding @ webpack-internal:///(app-pages-browser)/./node_modules/next/dist/next-devtools/shared/forward-logs-shared.js:44
[   27452ms] [LOG] [Fast Refresh] done in 15ms @ webpack-internal:///(app-pages-browser)/./node_modules/next/dist/next-devtools/shared/forward-logs-shared.js:44
[   27480ms] [WARNING] Error while trying to use the following icon from the Manifest: http://localhost:3000/icons/icon-192.png (Download error or resource isn't a valid image) @ http://localhost:3000/login:0
[   27499ms] [LOG] [Fast Refresh] rebuilding @ webpack-internal:///(app-pages-browser)/./node_modules/next/dist/next-devtools/shared/forward-logs-shared.js:44
[   27511ms] [LOG] [Fast Refresh] done in 13ms @ webpack-internal:///(app-pages-browser)/./node_modules/next/dist/next-devtools/shared/forward-logs-shared.js:44
[   27539ms] [WARNING] Error while trying to use the following icon from the Manifest: http://localhost:3000/icons/icon-192.png (Download error or resource isn't a valid image) @ http://localhost:3000/login:0
[   27556ms] [LOG] [Fast Refresh] rebuilding @ webpack-internal:///(app-pages-browser)/./node_modules/next/dist/next-devtools/shared/forward-logs-shared.js:44
[   27571ms] [LOG] [Fast Refresh] done in 15ms @ webpack-internal:///(app-pages-browser)/./node_modules/next/dist/next-devtools/shared/forward-logs-shared.js:44
[   27601ms] [WARNING] Error while trying to use the following icon from the Manifest: http://localhost:3000/icons/icon-192.png (Download error or resource isn't a valid image) @ http://localhost:3000/login:0
[   27618ms] [LOG] [Fast Refresh] rebuilding @ webpack-internal:///(app-pages-browser)/./node_modules/next/dist/next-devtools/shared/forward-logs-shared.js:44
[   27631ms] [LOG] [Fast Refresh] done in 12ms @ webpack-internal:///(app-pages-browser)/./node_modules/next/dist/next-devtools/shared/forward-logs-shared.js:44
[   27659ms] [WARNING] Error while trying to use the following icon from the Manifest: http://localhost:3000/icons/icon-192.png (Download error or resource isn't a valid image) @ http://localhost:3000/login:0
[   27676ms] [LOG] [Fast Refresh] rebuilding @ webpack-internal:///(app-pages-browser)/./node_modules/next/dist/next-devtools/shared/forward-logs-shared.js:44
[   27691ms] [LOG] [Fast Refresh] done in 15ms @ webpack-internal:///(app-pages-browser)/./node_modules/next/dist/next-devtools/shared/forward-logs-shared.js:44
[   27721ms] [WARNING] Error while trying to use the following icon from the Manifest: http://localhost:3000/icons/icon-192.png (Download error or resource isn't a valid image) @ http://localhost:3000/login:0
[   27738ms] [LOG] [Fast Refresh] rebuilding @ webpack-internal:///(app-pages-browser)/./node_modules/next/dist/next-devtools/shared/forward-logs-shared.js:44
[   27749ms] [LOG] [Fast Refresh] done in 11ms @ webpack-internal:///(app-pages-browser)/./node_modules/next/dist/next-devtools/shared/forward-logs-shared.js:44
[   27776ms] [WARNING] Error while trying to use the following icon from the Manifest: http://localhost:3000/icons/icon-192.png (Download error or resource isn't a valid image) @ http://localhost:3000/login:0
[   27793ms] [LOG] [Fast Refresh] rebuilding @ webpack-internal:///(app-pages-browser)/./node_modules/next/dist/next-devtools/shared/forward-logs-shared.js:44
[   27807ms] [LOG] [Fast Refresh] done in 15ms @ webpack-internal:///(app-pages-browser)/./node_modules/next/dist/next-devtools/shared/forward-logs-shared.js:44
[   27836ms] [WARNING] Error while trying to use the following icon from the Manifest: http://localhost:3000/icons/icon-192.png (Download error or resource isn't a valid image) @ http://localhost:3000/login:0
[   27853ms] [LOG] [Fast Refresh] rebuilding @ webpack-internal:///(app-pages-browser)/./node_modules/next/dist/next-devtools/shared/forward-logs-shared.js:44
[   27865ms] [LOG] [Fast Refresh] done in 11ms @ webpack-internal:///(app-pages-browser)/./node_modules/next/dist/next-devtools/shared/forward-logs-shared.js:44
[   27909ms] [LOG] [Fast Refresh] rebuilding @ webpack-internal:///(app-pages-browser)/./node_modules/next/dist/next-devtools/shared/forward-logs-shared.js:44
[   27924ms] [LOG] [Fast Refresh] done in 15ms @ webpack-internal:///(app-pages-browser)/./node_modules/next/dist/next-devtools/shared/forward-logs-shared.js:44
[   27952ms] [WARNING] Error while trying to use the following icon from the Manifest: http://localhost:3000/icons/icon-192.png (Download error or resource isn't a valid image) @ http://localhost:3000/login:0
[   27969ms] [LOG] [Fast Refresh] rebuilding @ webpack-internal:///(app-pages-browser)/./node_modules/next/dist/next-devtools/shared/forward-logs-shared.js:44
[   27981ms] [LOG] [Fast Refresh] done in 11ms @ webpack-internal:///(app-pages-browser)/./node_modules/next/dist/next-devtools/shared/forward-logs-shared.js:44
[   28010ms] [WARNING] Error while trying to use the following icon from the Manifest: http://localhost:3000/icons/icon-192.png (Download error or resource isn't a valid image) @ http://localhost:3000/login:0
[   28027ms] [LOG] [Fast Refresh] rebuilding @ webpack-internal:///(app-pages-browser)/./node_modules/next/dist/next-devtools/shared/forward-logs-shared.js:44
[   28042ms] [LOG] [Fast Refresh] done in 15ms @ webpack-internal:///(app-pages-browser)/./node_modules/next/dist/next-devtools/shared/forward-logs-shared.js:44
[   28071ms] [WARNING] Error while trying to use the following icon from the Manifest: http://localhost:3000/icons/icon-192.png (Download error or resource isn't a valid image) @ http://localhost:3000/login:0
[   28088ms] [LOG] [Fast Refresh] rebuilding @ webpack-internal:///(app-pages-browser)/./node_modules/next/dist/next-devtools/shared/forward-logs-shared.js:44
[   28099ms] [LOG] [Fast Refresh] done in 11ms @ webpack-internal:///(app-pages-browser)/./node_modules/next/dist/next-devtools/shared/forward-logs-shared.js:44
[   28126ms] [WARNING] Error while trying to use the following icon from the Manifest: http://localhost:3000/icons/icon-192.png (Download error or resource isn't a valid image) @ http://localhost:3000/login:0
[   28143ms] [LOG] [Fast Refresh] rebuilding @ webpack-internal:///(app-pages-browser)/./node_modules/next/dist/next-devtools/shared/forward-logs-shared.js:44
[   28158ms] [LOG] [Fast Refresh] done in 15ms @ webpack-internal:///(app-pages-browser)/./node_modules/next/dist/next-devtools/shared/forward-logs-shared.js:44
[   28188ms] [WARNING] Error while trying to use the following icon from the Manifest: http://localhost:3000/icons/icon-192.png (Download error or resource isn't a valid image) @ http://localhost:3000/login:0
[   28205ms] [LOG] [Fast Refresh] rebuilding @ webpack-internal:///(app-pages-browser)/./node_modules/next/dist/next-devtools/shared/forward-logs-shared.js:44
[   28218ms] [LOG] [Fast Refresh] done in 13ms @ webpack-internal:///(app-pages-browser)/./node_modules/next/dist/next-devtools/shared/forward-logs-shared.js:44
[   28264ms] [LOG] [Fast Refresh] rebuilding @ webpack-internal:///(app-pages-browser)/./node_modules/next/dist/next-devtools/shared/forward-logs-shared.js:44
[   28280ms] [LOG] [Fast Refresh] done in 16ms @ webpack-internal:///(app-pages-browser)/./node_modules/next/dist/next-devtools/shared/forward-logs-shared.js:44
[   28310ms] [WARNING] Error while trying to use the following icon from the Manifest: http://localhost:3000/icons/icon-192.png (Download error or resource isn't a valid image) @ http://localhost:3000/login:0
[   28327ms] [LOG] [Fast Refresh] rebuilding @ webpack-internal:///(app-pages-browser)/./node_modules/next/dist/next-devtools/shared/forward-logs-shared.js:44
[   28339ms] [LOG] [Fast Refresh] done in 12ms @ webpack-internal:///(app-pages-browser)/./node_modules/next/dist/next-devtools/shared/forward-logs-shared.js:44
[   28366ms] [WARNING] Error while trying to use the following icon from the Manifest: http://localhost:3000/icons/icon-192.png (Download error or resource isn't a valid image) @ http://localhost:3000/login:0
[   28386ms] [LOG] [Fast Refresh] rebuilding @ webpack-internal:///(app-pages-browser)/./node_modules/next/dist/next-devtools/shared/forward-logs-shared.js:44
[   28401ms] [LOG] [Fast Refresh] done in 15ms @ webpack-internal:///(app-pages-browser)/./node_modules/next/dist/next-devtools/shared/forward-logs-shared.js:44
[   28431ms] [WARNING] Error while trying to use the following icon from the Manifest: http://localhost:3000/icons/icon-192.png (Download error or resource isn't a valid image) @ http://localhost:3000/login:0
[   28448ms] [LOG] [Fast Refresh] rebuilding @ webpack-internal:///(app-pages-browser)/./node_modules/next/dist/next-devtools/shared/forward-logs-shared.js:44
[   28459ms] [LOG] [Fast Refresh] done in 11ms @ webpack-internal:///(app-pages-browser)/./node_modules/next/dist/next-devtools/shared/forward-logs-shared.js:44
[   28489ms] [WARNING] Error while trying to use the following icon from the Manifest: http://localhost:3000/icons/icon-192.png (Download error or resource isn't a valid image) @ http://localhost:3000/login:0
[   28506ms] [LOG] [Fast Refresh] rebuilding @ webpack-internal:///(app-pages-browser)/./node_modules/next/dist/next-devtools/shared/forward-logs-shared.js:44
[   28521ms] [LOG] [Fast Refresh] done in 16ms @ webpack-internal:///(app-pages-browser)/./node_modules/next/dist/next-devtools/shared/forward-logs-shared.js:44
[   28565ms] [LOG] [Fast Refresh] rebuilding @ webpack-internal:///(app-pages-browser)/./node_modules/next/dist/next-devtools/shared/forward-logs-shared.js:44
[   28578ms] [LOG] [Fast Refresh] done in 12ms @ webpack-internal:///(app-pages-browser)/./node_modules/next/dist/next-devtools/shared/forward-logs-shared.js:44
[   28606ms] [WARNING] Error while trying to use the following icon from the Manifest: http://localhost:3000/icons/icon-192.png (Download error or resource isn't a valid image) @ http://localhost:3000/login:0
[   28623ms] [LOG] [Fast Refresh] rebuilding @ webpack-internal:///(app-pages-browser)/./node_modules/next/dist/next-devtools/shared/forward-logs-shared.js:44
[   28639ms] [LOG] [Fast Refresh] done in 16ms @ webpack-internal:///(app-pages-browser)/./node_modules/next/dist/next-devtools/shared/forward-logs-shared.js:44
[   28670ms] [WARNING] Error while trying to use the following icon from the Manifest: http://localhost:3000/icons/icon-192.png (Download error or resource isn't a valid image) @ http://localhost:3000/login:0
[   28687ms] [LOG] [Fast Refresh] rebuilding @ webpack-internal:///(app-pages-browser)/./node_modules/next/dist/next-devtools/shared/forward-logs-shared.js:44
[   28698ms] [LOG] [Fast Refresh] done in 11ms @ webpack-internal:///(app-pages-browser)/./node_modules/next/dist/next-devtools/shared/forward-logs-shared.js:44
[   28727ms] [WARNING] Error while trying to use the following icon from the Manifest: http://localhost:3000/icons/icon-192.png (Download error or resource isn't a valid image) @ http://localhost:3000/login:0
[   28744ms] [LOG] [Fast Refresh] rebuilding @ webpack-internal:///(app-pages-browser)/./node_modules/next/dist/next-devtools/shared/forward-logs-shared.js:44
[   28760ms] [LOG] [Fast Refresh] done in 15ms @ webpack-internal:///(app-pages-browser)/./node_modules/next/dist/next-devtools/shared/forward-logs-shared.js:44
[   28790ms] [WARNING] Error while trying to use the following icon from the Manifest: http://localhost:3000/icons/icon-192.png (Download error or resource isn't a valid image) @ http://localhost:3000/login:0
[   28805ms] [LOG] [Fast Refresh] rebuilding @ webpack-internal:///(app-pages-browser)/./node_modules/next/dist/next-devtools/shared/forward-logs-shared.js:44
[   28817ms] [LOG] [Fast Refresh] done in 12ms @ webpack-internal:///(app-pages-browser)/./node_modules/next/dist/next-devtools/shared/forward-logs-shared.js:44
[   28846ms] [WARNING] Error while trying to use the following icon from the Manifest: http://localhost:3000/icons/icon-192.png (Download error or resource isn't a valid image) @ http://localhost:3000/login:0
[   28864ms] [LOG] [Fast Refresh] rebuilding @ webpack-internal:///(app-pages-browser)/./node_modules/next/dist/next-devtools/shared/forward-logs-shared.js:44
[   28879ms] [LOG] [Fast Refresh] done in 16ms @ webpack-internal:///(app-pages-browser)/./node_modules/next/dist/next-devtools/shared/forward-logs-shared.js:44
[   28908ms] [WARNING] Error while trying to use the following icon from the Manifest: http://localhost:3000/icons/icon-192.png (Download error or resource isn't a valid image) @ http://localhost:3000/login:0
[   28925ms] [LOG] [Fast Refresh] rebuilding @ webpack-internal:///(app-pages-browser)/./node_modules/next/dist/next-devtools/shared/forward-logs-shared.js:44
[   28937ms] [LOG] [Fast Refresh] done in 11ms @ webpack-internal:///(app-pages-browser)/./node_modules/next/dist/next-devtools/shared/forward-logs-shared.js:44
[   28964ms] [WARNING] Error while trying to use the following icon from the Manifest: http://localhost:3000/icons/icon-192.png (Download error or resource isn't a valid image) @ http://localhost:3000/login:0
[   28981ms] [LOG] [Fast Refresh] rebuilding @ webpack-internal:///(app-pages-browser)/./node_modules/next/dist/next-devtools/shared/forward-logs-shared.js:44
[   28997ms] [LOG] [Fast Refresh] done in 15ms @ webpack-internal:///(app-pages-browser)/./node_modules/next/dist/next-devtools/shared/forward-logs-shared.js:44
[   29025ms] [WARNING] Error while trying to use the following icon from the Manifest: http://localhost:3000/icons/icon-192.png (Download error or resource isn't a valid image) @ http://localhost:3000/login:0
[   29041ms] [LOG] [Fast Refresh] rebuilding @ webpack-internal:///(app-pages-browser)/./node_modules/next/dist/next-devtools/shared/forward-logs-shared.js:44
[   29053ms] [LOG] [Fast Refresh] done in 11ms @ webpack-internal:///(app-pages-browser)/./node_modules/next/dist/next-devtools/shared/forward-logs-shared.js:44
[   29082ms] [WARNING] Error while trying to use the following icon from the Manifest: http://localhost:3000/icons/icon-192.png (Download error or resource isn't a valid image) @ http://localhost:3000/login:0
[   29099ms] [LOG] [Fast Refresh] rebuilding @ webpack-internal:///(app-pages-browser)/./node_modules/next/dist/next-devtools/shared/forward-logs-shared.js:44
[   29114ms] [LOG] [Fast Refresh] done in 16ms @ webpack-internal:///(app-pages-browser)/./node_modules/next/dist/next-devtools/shared/forward-logs-shared.js:44
[   29143ms] [WARNING] Error while trying to use the following icon from the Manifest: http://localhost:3000/icons/icon-192.png (Download error or resource isn't a valid image) @ http://localhost:3000/login:0
[   29159ms] [LOG] [Fast Refresh] rebuilding @ webpack-internal:///(app-pages-browser)/./node_modules/next/dist/next-devtools/shared/forward-logs-shared.js:44
[   29171ms] [LOG] [Fast Refresh] done in 11ms @ webpack-internal:///(app-pages-browser)/./node_modules/next/dist/next-devtools/shared/forward-logs-shared.js:44
[   29201ms] [WARNING] Error while trying to use the following icon from the Manifest: http://localhost:3000/icons/icon-192.png (Download error or resource isn't a valid image) @ http://localhost:3000/login:0
[   29219ms] [LOG] [Fast Refresh] rebuilding @ webpack-internal:///(app-pages-browser)/./node_modules/next/dist/next-devtools/shared/forward-logs-shared.js:44
[   29234ms] [LOG] [Fast Refresh] done in 16ms @ webpack-internal:///(app-pages-browser)/./node_modules/next/dist/next-devtools/shared/forward-logs-shared.js:44
[   29262ms] [WARNING] Error while trying to use the following icon from the Manifest: http://localhost:3000/icons/icon-192.png (Download error or resource isn't a valid image) @ http://localhost:3000/login:0
[   29279ms] [LOG] [Fast Refresh] rebuilding @ webpack-internal:///(app-pages-browser)/./node_modules/next/dist/next-devtools/shared/forward-logs-shared.js:44
[   29291ms] [LOG] [Fast Refresh] done in 11ms @ webpack-internal:///(app-pages-browser)/./node_modules/next/dist/next-devtools/shared/forward-logs-shared.js:44
[   29320ms] [WARNING] Error while trying to use the following icon from the Manifest: http://localhost:3000/icons/icon-192.png (Download error or resource isn't a valid image) @ http://localhost:3000/login:0
[   29337ms] [LOG] [Fast Refresh] rebuilding @ webpack-internal:///(app-pages-browser)/./node_modules/next/dist/next-devtools/shared/forward-logs-shared.js:44
[   29355ms] [LOG] [Fast Refresh] done in 17ms @ webpack-internal:///(app-pages-browser)/./node_modules/next/dist/next-devtools/shared/forward-logs-shared.js:44
[   29381ms] [WARNING] Error while trying to use the following icon from the Manifest: http://localhost:3000/icons/icon-192.png (Download error or resource isn't a valid image) @ http://localhost:3000/login:0
[   29405ms] [LOG] [Fast Refresh] rebuilding @ webpack-internal:///(app-pages-browser)/./node_modules/next/dist/next-devtools/shared/forward-logs-shared.js:44
[   29417ms] [LOG] [Fast Refresh] done in 13ms @ webpack-internal:///(app-pages-browser)/./node_modules/next/dist/next-devtools/shared/forward-logs-shared.js:44
[   29444ms] [WARNING] Error while trying to use the following icon from the Manifest: http://localhost:3000/icons/icon-192.png (Download error or resource isn't a valid image) @ http://localhost:3000/login:0
[   29462ms] [LOG] [Fast Refresh] rebuilding @ webpack-internal:///(app-pages-browser)/./node_modules/next/dist/next-devtools/shared/forward-logs-shared.js:44
[   29477ms] [LOG] [Fast Refresh] done in 15ms @ webpack-internal:///(app-pages-browser)/./node_modules/next/dist/next-devtools/shared/forward-logs-shared.js:44
[   29507ms] [WARNING] Error while trying to use the following icon from the Manifest: http://localhost:3000/icons/icon-192.png (Download error or resource isn't a valid image) @ http://localhost:3000/login:0
[   29523ms] [LOG] [Fast Refresh] rebuilding @ webpack-internal:///(app-pages-browser)/./node_modules/next/dist/next-devtools/shared/forward-logs-shared.js:44
[   29535ms] [LOG] [Fast Refresh] done in 12ms @ webpack-internal:///(app-pages-browser)/./node_modules/next/dist/next-devtools/shared/forward-logs-shared.js:44
[   29563ms] [WARNING] Error while trying to use the following icon from the Manifest: http://localhost:3000/icons/icon-192.png (Download error or resource isn't a valid image) @ http://localhost:3000/login:0
[   29582ms] [LOG] [Fast Refresh] rebuilding @ webpack-internal:///(app-pages-browser)/./node_modules/next/dist/next-devtools/shared/forward-logs-shared.js:44
[   29600ms] [LOG] [Fast Refresh] done in 19ms @ webpack-internal:///(app-pages-browser)/./node_modules/next/dist/next-devtools/shared/forward-logs-shared.js:44
[   29629ms] [WARNING] Error while trying to use the following icon from the Manifest: http://localhost:3000/icons/icon-192.png (Download error or resource isn't a valid image) @ http://localhost:3000/login:0
[   29647ms] [LOG] [Fast Refresh] rebuilding @ webpack-internal:///(app-pages-browser)/./node_modules/next/dist/next-devtools/shared/forward-logs-shared.js:44
[   29659ms] [LOG] [Fast Refresh] done in 12ms @ webpack-internal:///(app-pages-browser)/./node_modules/next/dist/next-devtools/shared/forward-logs-shared.js:44
[   29690ms] [WARNING] Error while trying to use the following icon from the Manifest: http://localhost:3000/icons/icon-192.png (Download error or resource isn't a valid image) @ http://localhost:3000/login:0
[   29708ms] [LOG] [Fast Refresh] rebuilding @ webpack-internal:///(app-pages-browser)/./node_modules/next/dist/next-devtools/shared/forward-logs-shared.js:44
[   29723ms] [LOG] [Fast Refresh] done in 16ms @ webpack-internal:///(app-pages-browser)/./node_modules/next/dist/next-devtools/shared/forward-logs-shared.js:44
[   29752ms] [WARNING] Error while trying to use the following icon from the Manifest: http://localhost:3000/icons/icon-192.png (Download error or resource isn't a valid image) @ http://localhost:3000/login:0
[   29769ms] [LOG] [Fast Refresh] rebuilding @ webpack-internal:///(app-pages-browser)/./node_modules/next/dist/next-devtools/shared/forward-logs-shared.js:44
[   29780ms] [LOG] [Fast Refresh] done in 12ms @ webpack-internal:///(app-pages-browser)/./node_modules/next/dist/next-devtools/shared/forward-logs-shared.js:44
[   29809ms] [WARNING] Error while trying to use the following icon from the Manifest: http://localhost:3000/icons/icon-192.png (Download error or resource isn't a valid image) @ http://localhost:3000/login:0
[   29827ms] [LOG] [Fast Refresh] rebuilding @ webpack-internal:///(app-pages-browser)/./node_modules/next/dist/next-devtools/shared/forward-logs-shared.js:44
[   29842ms] [LOG] [Fast Refresh] done in 16ms @ webpack-internal:///(app-pages-browser)/./node_modules/next/dist/next-devtools/shared/forward-logs-shared.js:44
[   29872ms] [WARNING] Error while trying to use the following icon from the Manifest: http://localhost:3000/icons/icon-192.png (Download error or resource isn't a valid image) @ http://localhost:3000/login:0
[   29889ms] [LOG] [Fast Refresh] rebuilding @ webpack-internal:///(app-pages-browser)/./node_modules/next/dist/next-devtools/shared/forward-logs-shared.js:44
[   29902ms] [LOG] [Fast Refresh] done in 12ms @ webpack-internal:///(app-pages-browser)/./node_modules/next/dist/next-devtools/shared/forward-logs-shared.js:44
[   29930ms] [WARNING] Error while trying to use the following icon from the Manifest: http://localhost:3000/icons/icon-192.png (Download error or resource isn't a valid image) @ http://localhost:3000/login:0
[   29947ms] [LOG] [Fast Refresh] rebuilding @ webpack-internal:///(app-pages-browser)/./node_modules/next/dist/next-devtools/shared/forward-logs-shared.js:44
[   29962ms] [LOG] [Fast Refresh] done in 15ms @ webpack-internal:///(app-pages-browser)/./node_modules/next/dist/next-devtools/shared/forward-logs-shared.js:44
[   29990ms] [WARNING] Error while trying to use the following icon from the Manifest: http://localhost:3000/icons/icon-192.png (Download error or resource isn't a valid image) @ http://localhost:3000/login:0
[   30006ms] [LOG] [Fast Refresh] rebuilding @ webpack-internal:///(app-pages-browser)/./node_modules/next/dist/next-devtools/shared/forward-logs-shared.js:44
[   30017ms] [LOG] [Fast Refresh] done in 12ms @ webpack-internal:///(app-pages-browser)/./node_modules/next/dist/next-devtools/shared/forward-logs-shared.js:44
[   30045ms] [WARNING] Error while trying to use the following icon from the Manifest: http://localhost:3000/icons/icon-192.png (Download error or resource isn't a valid image) @ http://localhost:3000/login:0
[   30063ms] [LOG] [Fast Refresh] rebuilding @ webpack-internal:///(app-pages-browser)/./node_modules/next/dist/next-devtools/shared/forward-logs-shared.js:44
[   30078ms] [LOG] [Fast Refresh] done in 15ms @ webpack-internal:///(app-pages-browser)/./node_modules/next/dist/next-devtools/shared/forward-logs-shared.js:44
[   30106ms] [WARNING] Error while trying to use the following icon from the Manifest: http://localhost:3000/icons/icon-192.png (Download error or resource isn't a valid image) @ http://localhost:3000/login:0
[   30122ms] [LOG] [Fast Refresh] rebuilding @ webpack-internal:///(app-pages-browser)/./node_modules/next/dist/next-devtools/shared/forward-logs-shared.js:44
[   30134ms] [LOG] [Fast Refresh] done in 12ms @ webpack-internal:///(app-pages-browser)/./node_modules/next/dist/next-devtools/shared/forward-logs-shared.js:44
[   30168ms] [WARNING] Error while trying to use the following icon from the Manifest: http://localhost:3000/icons/icon-192.png (Download error or resource isn't a valid image) @ http://localhost:3000/login:0
[   30187ms] [LOG] [Fast Refresh] rebuilding @ webpack-internal:///(app-pages-browser)/./node_modules/next/dist/next-devtools/shared/forward-logs-shared.js:44
[   30202ms] [LOG] [Fast Refresh] done in 15ms @ webpack-internal:///(app-pages-browser)/./node_modules/next/dist/next-devtools/shared/forward-logs-shared.js:44
[   30231ms] [WARNING] Error while trying to use the following icon from the Manifest: http://localhost:3000/icons/icon-192.png (Download error or resource isn't a valid image) @ http://localhost:3000/login:0
[   30248ms] [LOG] [Fast Refresh] rebuilding @ webpack-internal:///(app-pages-browser)/./node_modules/next/dist/next-devtools/shared/forward-logs-shared.js:44
[   30260ms] [LOG] [Fast Refresh] done in 12ms @ webpack-internal:///(app-pages-browser)/./node_modules/next/dist/next-devtools/shared/forward-logs-shared.js:44
[   30289ms] [WARNING] Error while trying to use the following icon from the Manifest: http://localhost:3000/icons/icon-192.png (Download error or resource isn't a valid image) @ http://localhost:3000/login:0
[   30308ms] [LOG] [Fast Refresh] rebuilding @ webpack-internal:///(app-pages-browser)/./node_modules/next/dist/next-devtools/shared/forward-logs-shared.js:44
[   30323ms] [LOG] [Fast Refresh] done in 16ms @ webpack-internal:///(app-pages-browser)/./node_modules/next/dist/next-devtools/shared/forward-logs-shared.js:44
[   30352ms] [WARNING] Error while trying to use the following icon from the Manifest: http://localhost:3000/icons/icon-192.png (Download error or resource isn't a valid image) @ http://localhost:3000/login:0
[   30398ms] [LOG] [Fast Refresh] rebuilding @ webpack-internal:///(app-pages-browser)/./node_modules/next/dist/next-devtools/shared/forward-logs-shared.js:44
[   30410ms] [LOG] [Fast Refresh] done in 12ms @ webpack-internal:///(app-pages-browser)/./node_modules/next/dist/next-devtools/shared/forward-logs-shared.js:44
[   30440ms] [WARNING] Error while trying to use the following icon from the Manifest: http://localhost:3000/icons/icon-192.png (Download error or resource isn't a valid image) @ http://localhost:3000/login:0
[   30457ms] [LOG] [Fast Refresh] rebuilding @ webpack-internal:///(app-pages-browser)/./node_modules/next/dist/next-devtools/shared/forward-logs-shared.js:44
[   30472ms] [LOG] [Fast Refresh] done in 15ms @ webpack-internal:///(app-pages-browser)/./node_modules/next/dist/next-devtools/shared/forward-logs-shared.js:44
[   30503ms] [WARNING] Error while trying to use the following icon from the Manifest: http://localhost:3000/icons/icon-192.png (Download error or resource isn't a valid image) @ http://localhost:3000/login:0
[   30522ms] [LOG] [Fast Refresh] rebuilding @ webpack-internal:///(app-pages-browser)/./node_modules/next/dist/next-devtools/shared/forward-logs-shared.js:44
[   30536ms] [LOG] [Fast Refresh] done in 15ms @ webpack-internal:///(app-pages-browser)/./node_modules/next/dist/next-devtools/shared/forward-logs-shared.js:44
[   30572ms] [WARNING] Error while trying to use the following icon from the Manifest: http://localhost:3000/icons/icon-192.png (Download error or resource isn't a valid image) @ http://localhost:3000/login:0
[   30593ms] [LOG] [Fast Refresh] rebuilding @ webpack-internal:///(app-pages-browser)/./node_modules/next/dist/next-devtools/shared/forward-logs-shared.js:44
[   30614ms] [LOG] [Fast Refresh] done in 20ms @ webpack-internal:///(app-pages-browser)/./node_modules/next/dist/next-devtools/shared/forward-logs-shared.js:44
[   30673ms] [LOG] [Fast Refresh] rebuilding @ webpack-internal:///(app-pages-browser)/./node_modules/next/dist/next-devtools/shared/forward-logs-shared.js:44
[   30688ms] [LOG] [Fast Refresh] done in 16ms @ webpack-internal:///(app-pages-browser)/./node_modules/next/dist/next-devtools/shared/forward-logs-shared.js:44
[   30740ms] [WARNING] Error while trying to use the following icon from the Manifest: http://localhost:3000/icons/icon-192.png (Download error or resource isn't a valid image) @ http://localhost:3000/login:0
[   30766ms] [LOG] [Fast Refresh] rebuilding @ webpack-internal:///(app-pages-browser)/./node_modules/next/dist/next-devtools/shared/forward-logs-shared.js:44
[   30786ms] [LOG] [Fast Refresh] done in 21ms @ webpack-internal:///(app-pages-browser)/./node_modules/next/dist/next-devtools/shared/forward-logs-shared.js:44
[   30821ms] [WARNING] Error while trying to use the following icon from the Manifest: http://localhost:3000/icons/icon-192.png (Download error or resource isn't a valid image) @ http://localhost:3000/login:0
[   30841ms] [LOG] [Fast Refresh] rebuilding @ webpack-internal:///(app-pages-browser)/./node_modules/next/dist/next-devtools/shared/forward-logs-shared.js:44
[   30855ms] [LOG] [Fast Refresh] done in 13ms @ webpack-internal:///(app-pages-browser)/./node_modules/next/dist/next-devtools/shared/forward-logs-shared.js:44
[   30906ms] [LOG] [Fast Refresh] rebuilding @ webpack-internal:///(app-pages-browser)/./node_modules/next/dist/next-devtools/shared/forward-logs-shared.js:44
[   30925ms] [LOG] [Fast Refresh] done in 19ms @ webpack-internal:///(app-pages-browser)/./node_modules/next/dist/next-devtools/shared/forward-logs-shared.js:44
[   30958ms] [WARNING] Error while trying to use the following icon from the Manifest: http://localhost:3000/icons/icon-192.png (Download error or resource isn't a valid image) @ http://localhost:3000/login:0
[   30978ms] [LOG] [Fast Refresh] rebuilding @ webpack-internal:///(app-pages-browser)/./node_modules/next/dist/next-devtools/shared/forward-logs-shared.js:44
[   30990ms] [LOG] [Fast Refresh] done in 11ms @ webpack-internal:///(app-pages-browser)/./node_modules/next/dist/next-devtools/shared/forward-logs-shared.js:44
[   31017ms] [WARNING] Error while trying to use the following icon from the Manifest: http://localhost:3000/icons/icon-192.png (Download error or resource isn't a valid image) @ http://localhost:3000/login:0
[   31036ms] [LOG] [Fast Refresh] rebuilding @ webpack-internal:///(app-pages-browser)/./node_modules/next/dist/next-devtools/shared/forward-logs-shared.js:44
[   31053ms] [LOG] [Fast Refresh] done in 18ms @ webpack-internal:///(app-pages-browser)/./node_modules/next/dist/next-devtools/shared/forward-logs-shared.js:44
[   31083ms] [WARNING] Error while trying to use the following icon from the Manifest: http://localhost:3000/icons/icon-192.png (Download error or resource isn't a valid image) @ http://localhost:3000/login:0
[   31101ms] [LOG] [Fast Refresh] rebuilding @ webpack-internal:///(app-pages-browser)/./node_modules/next/dist/next-devtools/shared/forward-logs-shared.js:44
[   31113ms] [LOG] [Fast Refresh] done in 13ms @ webpack-internal:///(app-pages-browser)/./node_modules/next/dist/next-devtools/shared/forward-logs-shared.js:44
[   31145ms] [WARNING] Error while trying to use the following icon from the Manifest: http://localhost:3000/icons/icon-192.png (Download error or resource isn't a valid image) @ http://localhost:3000/login:0
[   31169ms] [LOG] [Fast Refresh] rebuilding @ webpack-internal:///(app-pages-browser)/./node_modules/next/dist/next-devtools/shared/forward-logs-shared.js:44
[   31193ms] [LOG] [Fast Refresh] done in 23ms @ webpack-internal:///(app-pages-browser)/./node_modules/next/dist/next-devtools/shared/forward-logs-shared.js:44
[   31225ms] [WARNING] Error while trying to use the following icon from the Manifest: http://localhost:3000/icons/icon-192.png (Download error or resource isn't a valid image) @ http://localhost:3000/login:0
[   31243ms] [LOG] [Fast Refresh] rebuilding @ webpack-internal:///(app-pages-browser)/./node_modules/next/dist/next-devtools/shared/forward-logs-shared.js:44
[   31255ms] [LOG] [Fast Refresh] done in 11ms @ webpack-internal:///(app-pages-browser)/./node_modules/next/dist/next-devtools/shared/forward-logs-shared.js:44
[   31331ms] [LOG] [Fast Refresh] rebuilding @ webpack-internal:///(app-pages-browser)/./node_modules/next/dist/next-devtools/shared/forward-logs-shared.js:44
[   31351ms] [LOG] [Fast Refresh] done in 21ms @ webpack-internal:///(app-pages-browser)/./node_modules/next/dist/next-devtools/shared/forward-logs-shared.js:44
[   31399ms] [LOG] [Fast Refresh] rebuilding @ webpack-internal:///(app-pages-browser)/./node_modules/next/dist/next-devtools/shared/forward-logs-shared.js:44
[   31412ms] [LOG] [Fast Refresh] done in 12ms @ webpack-internal:///(app-pages-browser)/./node_modules/next/dist/next-devtools/shared/forward-logs-shared.js:44
[   31443ms] [WARNING] Error while trying to use the following icon from the Manifest: http://localhost:3000/icons/icon-192.png (Download error or resource isn't a valid image) @ http://localhost:3000/login:0
[   31461ms] [LOG] [Fast Refresh] rebuilding @ webpack-internal:///(app-pages-browser)/./node_modules/next/dist/next-devtools/shared/forward-logs-shared.js:44
[   31476ms] [LOG] [Fast Refresh] done in 16ms @ webpack-internal:///(app-pages-browser)/./node_modules/next/dist/next-devtools/shared/forward-logs-shared.js:44
[   31507ms] [WARNING] Error while trying to use the following icon from the Manifest: http://localhost:3000/icons/icon-192.png (Download error or resource isn't a valid image) @ http://localhost:3000/login:0
[   31524ms] [LOG] [Fast Refresh] rebuilding @ webpack-internal:///(app-pages-browser)/./node_modules/next/dist/next-devtools/shared/forward-logs-shared.js:44
[   31536ms] [LOG] [Fast Refresh] done in 12ms @ webpack-internal:///(app-pages-browser)/./node_modules/next/dist/next-devtools/shared/forward-logs-shared.js:44
[   31564ms] [WARNING] Error while trying to use the following icon from the Manifest: http://localhost:3000/icons/icon-192.png (Download error or resource isn't a valid image) @ http://localhost:3000/login:0
[   31584ms] [LOG] [Fast Refresh] rebuilding @ webpack-internal:///(app-pages-browser)/./node_modules/next/dist/next-devtools/shared/forward-logs-shared.js:44
[   31612ms] [LOG] [Fast Refresh] done in 28ms @ webpack-internal:///(app-pages-browser)/./node_modules/next/dist/next-devtools/shared/forward-logs-shared.js:44
[   31654ms] [WARNING] Error while trying to use the following icon from the Manifest: http://localhost:3000/icons/icon-192.png (Download error or resource isn't a valid image) @ http://localhost:3000/login:0
[   31673ms] [LOG] [Fast Refresh] rebuilding @ webpack-internal:///(app-pages-browser)/./node_modules/next/dist/next-devtools/shared/forward-logs-shared.js:44
[   31685ms] [LOG] [Fast Refresh] done in 13ms @ webpack-internal:///(app-pages-browser)/./node_modules/next/dist/next-devtools/shared/forward-logs-shared.js:44
[   31716ms] [WARNING] Error while trying to use the following icon from the Manifest: http://localhost:3000/icons/icon-192.png (Download error or resource isn't a valid image) @ http://localhost:3000/login:0
[   31736ms] [LOG] [Fast Refresh] rebuilding @ webpack-internal:///(app-pages-browser)/./node_modules/next/dist/next-devtools/shared/forward-logs-shared.js:44
[   31751ms] [LOG] [Fast Refresh] done in 16ms @ webpack-internal:///(app-pages-browser)/./node_modules/next/dist/next-devtools/shared/forward-logs-shared.js:44
[   31780ms] [WARNING] Error while trying to use the following icon from the Manifest: http://localhost:3000/icons/icon-192.png (Download error or resource isn't a valid image) @ http://localhost:3000/login:0
[   31797ms] [LOG] [Fast Refresh] rebuilding @ webpack-internal:///(app-pages-browser)/./node_modules/next/dist/next-devtools/shared/forward-logs-shared.js:44
[   31809ms] [LOG] [Fast Refresh] done in 12ms @ webpack-internal:///(app-pages-browser)/./node_modules/next/dist/next-devtools/shared/forward-logs-shared.js:44
[   31840ms] [WARNING] Error while trying to use the following icon from the Manifest: http://localhost:3000/icons/icon-192.png (Download error or resource isn't a valid image) @ http://localhost:3000/login:0
[   31858ms] [LOG] [Fast Refresh] rebuilding @ webpack-internal:///(app-pages-browser)/./node_modules/next/dist/next-devtools/shared/forward-logs-shared.js:44
[   31876ms] [LOG] [Fast Refresh] done in 18ms @ webpack-internal:///(app-pages-browser)/./node_modules/next/dist/next-devtools/shared/forward-logs-shared.js:44
[   31908ms] [WARNING] Error while trying to use the following icon from the Manifest: http://localhost:3000/icons/icon-192.png (Download error or resource isn't a valid image) @ http://localhost:3000/login:0
[   31926ms] [LOG] [Fast Refresh] rebuilding @ webpack-internal:///(app-pages-browser)/./node_modules/next/dist/next-devtools/shared/forward-logs-shared.js:44
[   31939ms] [LOG] [Fast Refresh] done in 13ms @ webpack-internal:///(app-pages-browser)/./node_modules/next/dist/next-devtools/shared/forward-logs-shared.js:44
[   31969ms] [WARNING] Error while trying to use the following icon from the Manifest: http://localhost:3000/icons/icon-192.png (Download error or resource isn't a valid image) @ http://localhost:3000/login:0
[   31988ms] [LOG] [Fast Refresh] rebuilding @ webpack-internal:///(app-pages-browser)/./node_modules/next/dist/next-devtools/shared/forward-logs-shared.js:44
[   32005ms] [LOG] [Fast Refresh] done in 16ms @ webpack-internal:///(app-pages-browser)/./node_modules/next/dist/next-devtools/shared/forward-logs-shared.js:44
[   32033ms] [WARNING] Error while trying to use the following icon from the Manifest: http://localhost:3000/icons/icon-192.png (Download error or resource isn't a valid image) @ http://localhost:3000/login:0
[   32050ms] [LOG] [Fast Refresh] rebuilding @ webpack-internal:///(app-pages-browser)/./node_modules/next/dist/next-devtools/shared/forward-logs-shared.js:44
[   32062ms] [LOG] [Fast Refresh] done in 12ms @ webpack-internal:///(app-pages-browser)/./node_modules/next/dist/next-devtools/shared/forward-logs-shared.js:44
[   32093ms] [WARNING] Error while trying to use the following icon from the Manifest: http://localhost:3000/icons/icon-192.png (Download error or resource isn't a valid image) @ http://localhost:3000/login:0
[   32114ms] [LOG] [Fast Refresh] rebuilding @ webpack-internal:///(app-pages-browser)/./node_modules/next/dist/next-devtools/shared/forward-logs-shared.js:44
[   32133ms] [LOG] [Fast Refresh] done in 18ms @ webpack-internal:///(app-pages-browser)/./node_modules/next/dist/next-devtools/shared/forward-logs-shared.js:44
[   32161ms] [WARNING] Error while trying to use the following icon from the Manifest: http://localhost:3000/icons/icon-192.png (Download error or resource isn't a valid image) @ http://localhost:3000/login:0
[   32179ms] [LOG] [Fast Refresh] rebuilding @ webpack-internal:///(app-pages-browser)/./node_modules/next/dist/next-devtools/shared/forward-logs-shared.js:44
[   32191ms] [LOG] [Fast Refresh] done in 12ms @ webpack-internal:///(app-pages-browser)/./node_modules/next/dist/next-devtools/shared/forward-logs-shared.js:44
[   32223ms] [WARNING] Error while trying to use the following icon from the Manifest: http://localhost:3000/icons/icon-192.png (Download error or resource isn't a valid image) @ http://localhost:3000/login:0
[   32241ms] [LOG] [Fast Refresh] rebuilding @ webpack-internal:///(app-pages-browser)/./node_modules/next/dist/next-devtools/shared/forward-logs-shared.js:44
[   32256ms] [LOG] [Fast Refresh] done in 16ms @ webpack-internal:///(app-pages-browser)/./node_modules/next/dist/next-devtools/shared/forward-logs-shared.js:44
[   32288ms] [WARNING] Error while trying to use the following icon from the Manifest: http://localhost:3000/icons/icon-192.png (Download error or resource isn't a valid image) @ http://localhost:3000/login:0
[   32307ms] [LOG] [Fast Refresh] rebuilding @ webpack-internal:///(app-pages-browser)/./node_modules/next/dist/next-devtools/shared/forward-logs-shared.js:44
[   32319ms] [LOG] [Fast Refresh] done in 13ms @ webpack-internal:///(app-pages-browser)/./node_modules/next/dist/next-devtools/shared/forward-logs-shared.js:44
[   32363ms] [LOG] [Fast Refresh] rebuilding @ webpack-internal:///(app-pages-browser)/./node_modules/next/dist/next-devtools/shared/forward-logs-shared.js:44
[   32379ms] [LOG] [Fast Refresh] done in 16ms @ webpack-internal:///(app-pages-browser)/./node_modules/next/dist/next-devtools/shared/forward-logs-shared.js:44
[   32407ms] [WARNING] Error while trying to use the following icon from the Manifest: http://localhost:3000/icons/icon-192.png (Download error or resource isn't a valid image) @ http://localhost:3000/login:0
[   32424ms] [LOG] [Fast Refresh] rebuilding @ webpack-internal:///(app-pages-browser)/./node_modules/next/dist/next-devtools/shared/forward-logs-shared.js:44
[   32436ms] [LOG] [Fast Refresh] done in 13ms @ webpack-internal:///(app-pages-browser)/./node_modules/next/dist/next-devtools/shared/forward-logs-shared.js:44
[   32462ms] [WARNING] Error while trying to use the following icon from the Manifest: http://localhost:3000/icons/icon-192.png (Download error or resource isn't a valid image) @ http://localhost:3000/login:0
[   32481ms] [LOG] [Fast Refresh] rebuilding @ webpack-internal:///(app-pages-browser)/./node_modules/next/dist/next-devtools/shared/forward-logs-shared.js:44
[   32498ms] [LOG] [Fast Refresh] done in 17ms @ webpack-internal:///(app-pages-browser)/./node_modules/next/dist/next-devtools/shared/forward-logs-shared.js:44
[   32529ms] [WARNING] Error while trying to use the following icon from the Manifest: http://localhost:3000/icons/icon-192.png (Download error or resource isn't a valid image) @ http://localhost:3000/login:0
[   32551ms] [LOG] [Fast Refresh] rebuilding @ webpack-internal:///(app-pages-browser)/./node_modules/next/dist/next-devtools/shared/forward-logs-shared.js:44
[   32572ms] [LOG] [Fast Refresh] done in 21ms @ webpack-internal:///(app-pages-browser)/./node_modules/next/dist/next-devtools/shared/forward-logs-shared.js:44
[   32648ms] [LOG] [Fast Refresh] rebuilding @ webpack-internal:///(app-pages-browser)/./node_modules/next/dist/next-devtools/shared/forward-logs-shared.js:44
[   32665ms] [LOG] [Fast Refresh] done in 17ms @ webpack-internal:///(app-pages-browser)/./node_modules/next/dist/next-devtools/shared/forward-logs-shared.js:44
[   32694ms] [WARNING] Error while trying to use the following icon from the Manifest: http://localhost:3000/icons/icon-192.png (Download error or resource isn't a valid image) @ http://localhost:3000/login:0
[   32712ms] [LOG] [Fast Refresh] rebuilding @ webpack-internal:///(app-pages-browser)/./node_modules/next/dist/next-devtools/shared/forward-logs-shared.js:44
[   32725ms] [LOG] [Fast Refresh] done in 12ms @ webpack-internal:///(app-pages-browser)/./node_modules/next/dist/next-devtools/shared/forward-logs-shared.js:44
[   32754ms] [WARNING] Error while trying to use the following icon from the Manifest: http://localhost:3000/icons/icon-192.png (Download error or resource isn't a valid image) @ http://localhost:3000/login:0
[   32772ms] [LOG] [Fast Refresh] rebuilding @ webpack-internal:///(app-pages-browser)/./node_modules/next/dist/next-devtools/shared/forward-logs-shared.js:44
[   32789ms] [LOG] [Fast Refresh] done in 17ms @ webpack-internal:///(app-pages-browser)/./node_modules/next/dist/next-devtools/shared/forward-logs-shared.js:44
[   32822ms] [WARNING] Error while trying to use the following icon from the Manifest: http://localhost:3000/icons/icon-192.png (Download error or resource isn't a valid image) @ http://localhost:3000/login:0
[   32839ms] [LOG] [Fast Refresh] rebuilding @ webpack-internal:///(app-pages-browser)/./node_modules/next/dist/next-devtools/shared/forward-logs-shared.js:44
[   32852ms] [LOG] [Fast Refresh] done in 13ms @ webpack-internal:///(app-pages-browser)/./node_modules/next/dist/next-devtools/shared/forward-logs-shared.js:44
[   32880ms] [WARNING] Error while trying to use the following icon from the Manifest: http://localhost:3000/icons/icon-192.png (Download error or resource isn't a valid image) @ http://localhost:3000/login:0
[   32898ms] [LOG] [Fast Refresh] rebuilding @ webpack-internal:///(app-pages-browser)/./node_modules/next/dist/next-devtools/shared/forward-logs-shared.js:44
[   32916ms] [LOG] [Fast Refresh] done in 19ms @ webpack-internal:///(app-pages-browser)/./node_modules/next/dist/next-devtools/shared/forward-logs-shared.js:44
[   32947ms] [WARNING] Error while trying to use the following icon from the Manifest: http://localhost:3000/icons/icon-192.png (Download error or resource isn't a valid image) @ http://localhost:3000/login:0
[   32964ms] [LOG] [Fast Refresh] rebuilding @ webpack-internal:///(app-pages-browser)/./node_modules/next/dist/next-devtools/shared/forward-logs-shared.js:44
[   32977ms] [LOG] [Fast Refresh] done in 12ms @ webpack-internal:///(app-pages-browser)/./node_modules/next/dist/next-devtools/shared/forward-logs-shared.js:44
[   33006ms] [WARNING] Error while trying to use the following icon from the Manifest: http://localhost:3000/icons/icon-192.png (Download error or resource isn't a valid image) @ http://localhost:3000/login:0
[   33026ms] [LOG] [Fast Refresh] rebuilding @ webpack-internal:///(app-pages-browser)/./node_modules/next/dist/next-devtools/shared/forward-logs-shared.js:44
[   33042ms] [LOG] [Fast Refresh] done in 17ms @ webpack-internal:///(app-pages-browser)/./node_modules/next/dist/next-devtools/shared/forward-logs-shared.js:44
[   33066ms] [WARNING] Error while trying to use the following icon from the Manifest: http://localhost:3000/icons/icon-192.png (Download error or resource isn't a valid image) @ http://localhost:3000/login:0
[   33089ms] [LOG] [Fast Refresh] rebuilding @ webpack-internal:///(app-pages-browser)/./node_modules/next/dist/next-devtools/shared/forward-logs-shared.js:44
[   33101ms] [LOG] [Fast Refresh] done in 13ms @ webpack-internal:///(app-pages-browser)/./node_modules/next/dist/next-devtools/shared/forward-logs-shared.js:44
[   33136ms] [WARNING] Error while trying to use the following icon from the Manifest: http://localhost:3000/icons/icon-192.png (Download error or resource isn't a valid image) @ http://localhost:3000/login:0
[   33154ms] [LOG] [Fast Refresh] rebuilding @ webpack-internal:///(app-pages-browser)/./node_modules/next/dist/next-devtools/shared/forward-logs-shared.js:44
[   33170ms] [LOG] [Fast Refresh] done in 16ms @ webpack-internal:///(app-pages-browser)/./node_modules/next/dist/next-devtools/shared/forward-logs-shared.js:44
[   33199ms] [WARNING] Error while trying to use the following icon from the Manifest: http://localhost:3000/icons/icon-192.png (Download error or resource isn't a valid image) @ http://localhost:3000/login:0
[   33217ms] [LOG] [Fast Refresh] rebuilding @ webpack-internal:///(app-pages-browser)/./node_modules/next/dist/next-devtools/shared/forward-logs-shared.js:44
[   33230ms] [LOG] [Fast Refresh] done in 12ms @ webpack-internal:///(app-pages-browser)/./node_modules/next/dist/next-devtools/shared/forward-logs-shared.js:44
[   33259ms] [WARNING] Error while trying to use the following icon from the Manifest: http://localhost:3000/icons/icon-192.png (Download error or resource isn't a valid image) @ http://localhost:3000/login:0
[   33277ms] [LOG] [Fast Refresh] rebuilding @ webpack-internal:///(app-pages-browser)/./node_modules/next/dist/next-devtools/shared/forward-logs-shared.js:44
[   33294ms] [LOG] [Fast Refresh] done in 16ms @ webpack-internal:///(app-pages-browser)/./node_modules/next/dist/next-devtools/shared/forward-logs-shared.js:44
[   33327ms] [WARNING] Error while trying to use the following icon from the Manifest: http://localhost:3000/icons/icon-192.png (Download error or resource isn't a valid image) @ http://localhost:3000/login:0
[   33345ms] [LOG] [Fast Refresh] rebuilding @ webpack-internal:///(app-pages-browser)/./node_modules/next/dist/next-devtools/shared/forward-logs-shared.js:44
[   33359ms] [LOG] [Fast Refresh] done in 13ms @ webpack-internal:///(app-pages-browser)/./node_modules/next/dist/next-devtools/shared/forward-logs-shared.js:44
[   33391ms] [WARNING] Error while trying to use the following icon from the Manifest: http://localhost:3000/icons/icon-192.png (Download error or resource isn't a valid image) @ http://localhost:3000/login:0
[   33409ms] [LOG] [Fast Refresh] rebuilding @ webpack-internal:///(app-pages-browser)/./node_modules/next/dist/next-devtools/shared/forward-logs-shared.js:44
[   33435ms] [LOG] [Fast Refresh] done in 26ms @ webpack-internal:///(app-pages-browser)/./node_modules/next/dist/next-devtools/shared/forward-logs-shared.js:44
[   34118ms] [WARNING] Error while trying to use the following icon from the Manifest: http://localhost:3000/icons/icon-192.png (Download error or resource isn't a valid image) @ http://localhost:3000/login:0
[   34150ms] [LOG] [Fast Refresh] rebuilding @ webpack-internal:///(app-pages-browser)/./node_modules/next/dist/next-devtools/shared/forward-logs-shared.js:44
[   34165ms] [LOG] [Fast Refresh] done in 16ms @ webpack-internal:///(app-pages-browser)/./node_modules/next/dist/next-devtools/shared/forward-logs-shared.js:44
[   34203ms] [WARNING] Error while trying to use the following icon from the Manifest: http://localhost:3000/icons/icon-192.png (Download error or resource isn't a valid image) @ http://localhost:3000/login:0
[   34222ms] [LOG] [Fast Refresh] rebuilding @ webpack-internal:///(app-pages-browser)/./node_modules/next/dist/next-devtools/shared/forward-logs-shared.js:44
[   34235ms] [LOG] [Fast Refresh] done in 12ms @ webpack-internal:///(app-pages-browser)/./node_modules/next/dist/next-devtools/shared/forward-logs-shared.js:44
[   34266ms] [WARNING] Error while trying to use the following icon from the Manifest: http://localhost:3000/icons/icon-192.png (Download error or resource isn't a valid image) @ http://localhost:3000/login:0
[   34286ms] [LOG] [Fast Refresh] rebuilding @ webpack-internal:///(app-pages-browser)/./node_modules/next/dist/next-devtools/shared/forward-logs-shared.js:44
[   34302ms] [LOG] [Fast Refresh] done in 15ms @ webpack-internal:///(app-pages-browser)/./node_modules/next/dist/next-devtools/shared/forward-logs-shared.js:44
[   34330ms] [WARNING] Error while trying to use the following icon from the Manifest: http://localhost:3000/icons/icon-192.png (Download error or resource isn't a valid image) @ http://localhost:3000/login:0
[   34350ms] [LOG] [Fast Refresh] rebuilding @ webpack-internal:///(app-pages-browser)/./node_modules/next/dist/next-devtools/shared/forward-logs-shared.js:44
[   34362ms] [LOG] [Fast Refresh] done in 11ms @ webpack-internal:///(app-pages-browser)/./node_modules/next/dist/next-devtools/shared/forward-logs-shared.js:44
[   34390ms] [WARNING] Error while trying to use the following icon from the Manifest: http://localhost:3000/icons/icon-192.png (Download error or resource isn't a valid image) @ http://localhost:3000/login:0
[   34409ms] [LOG] [Fast Refresh] rebuilding @ webpack-internal:///(app-pages-browser)/./node_modules/next/dist/next-devtools/shared/forward-logs-shared.js:44
[   34425ms] [LOG] [Fast Refresh] done in 15ms @ webpack-internal:///(app-pages-browser)/./node_modules/next/dist/next-devtools/shared/forward-logs-shared.js:44
[   34454ms] [WARNING] Error while trying to use the following icon from the Manifest: http://localhost:3000/icons/icon-192.png (Download error or resource isn't a valid image) @ http://localhost:3000/login:0
[   34472ms] [LOG] [Fast Refresh] rebuilding @ webpack-internal:///(app-pages-browser)/./node_modules/next/dist/next-devtools/shared/forward-logs-shared.js:44
[   34485ms] [LOG] [Fast Refresh] done in 12ms @ webpack-internal:///(app-pages-browser)/./node_modules/next/dist/next-devtools/shared/forward-logs-shared.js:44
[   34513ms] [WARNING] Error while trying to use the following icon from the Manifest: http://localhost:3000/icons/icon-192.png (Download error or resource isn't a valid image) @ http://localhost:3000/login:0
[   34530ms] [LOG] [Fast Refresh] rebuilding @ webpack-internal:///(app-pages-browser)/./node_modules/next/dist/next-devtools/shared/forward-logs-shared.js:44
[   34546ms] [LOG] [Fast Refresh] done in 15ms @ webpack-internal:///(app-pages-browser)/./node_modules/next/dist/next-devtools/shared/forward-logs-shared.js:44
[   34589ms] [LOG] [Fast Refresh] rebuilding @ webpack-internal:///(app-pages-browser)/./node_modules/next/dist/next-devtools/shared/forward-logs-shared.js:44
[   34601ms] [LOG] [Fast Refresh] done in 11ms @ webpack-internal:///(app-pages-browser)/./node_modules/next/dist/next-devtools/shared/forward-logs-shared.js:44
[   34630ms] [WARNING] Error while trying to use the following icon from the Manifest: http://localhost:3000/icons/icon-192.png (Download error or resource isn't a valid image) @ http://localhost:3000/login:0
[   34648ms] [LOG] [Fast Refresh] rebuilding @ webpack-internal:///(app-pages-browser)/./node_modules/next/dist/next-devtools/shared/forward-logs-shared.js:44
[   34667ms] [LOG] [Fast Refresh] done in 18ms @ webpack-internal:///(app-pages-browser)/./node_modules/next/dist/next-devtools/shared/forward-logs-shared.js:44
[   34694ms] [WARNING] Error while trying to use the following icon from the Manifest: http://localhost:3000/icons/icon-192.png (Download error or resource isn't a valid image) @ http://localhost:3000/login:0
[   34712ms] [LOG] [Fast Refresh] rebuilding @ webpack-internal:///(app-pages-browser)/./node_modules/next/dist/next-devtools/shared/forward-logs-shared.js:44
[   34724ms] [LOG] [Fast Refresh] done in 11ms @ webpack-internal:///(app-pages-browser)/./node_modules/next/dist/next-devtools/shared/forward-logs-shared.js:44
[   34754ms] [WARNING] Error while trying to use the following icon from the Manifest: http://localhost:3000/icons/icon-192.png (Download error or resource isn't a valid image) @ http://localhost:3000/login:0
[   34771ms] [LOG] [Fast Refresh] rebuilding @ webpack-internal:///(app-pages-browser)/./node_modules/next/dist/next-devtools/shared/forward-logs-shared.js:44
[   34787ms] [LOG] [Fast Refresh] done in 15ms @ webpack-internal:///(app-pages-browser)/./node_modules/next/dist/next-devtools/shared/forward-logs-shared.js:44
[   34815ms] [WARNING] Error while trying to use the following icon from the Manifest: http://localhost:3000/icons/icon-192.png (Download error or resource isn't a valid image) @ http://localhost:3000/login:0
[   34832ms] [LOG] [Fast Refresh] rebuilding @ webpack-internal:///(app-pages-browser)/./node_modules/next/dist/next-devtools/shared/forward-logs-shared.js:44
[   34844ms] [LOG] [Fast Refresh] done in 12ms @ webpack-internal:///(app-pages-browser)/./node_modules/next/dist/next-devtools/shared/forward-logs-shared.js:44
[   34874ms] [WARNING] Error while trying to use the following icon from the Manifest: http://localhost:3000/icons/icon-192.png (Download error or resource isn't a valid image) @ http://localhost:3000/login:0
[   34892ms] [LOG] [Fast Refresh] rebuilding @ webpack-internal:///(app-pages-browser)/./node_modules/next/dist/next-devtools/shared/forward-logs-shared.js:44
[   34907ms] [LOG] [Fast Refresh] done in 15ms @ webpack-internal:///(app-pages-browser)/./node_modules/next/dist/next-devtools/shared/forward-logs-shared.js:44
[   34936ms] [WARNING] Error while trying to use the following icon from the Manifest: http://localhost:3000/icons/icon-192.png (Download error or resource isn't a valid image) @ http://localhost:3000/login:0
[   34953ms] [LOG] [Fast Refresh] rebuilding @ webpack-internal:///(app-pages-browser)/./node_modules/next/dist/next-devtools/shared/forward-logs-shared.js:44
[   34965ms] [LOG] [Fast Refresh] done in 11ms @ webpack-internal:///(app-pages-browser)/./node_modules/next/dist/next-devtools/shared/forward-logs-shared.js:44
[   34992ms] [WARNING] Error while trying to use the following icon from the Manifest: http://localhost:3000/icons/icon-192.png (Download error or resource isn't a valid image) @ http://localhost:3000/login:0
[   35010ms] [LOG] [Fast Refresh] rebuilding @ webpack-internal:///(app-pages-browser)/./node_modules/next/dist/next-devtools/shared/forward-logs-shared.js:44
[   35025ms] [LOG] [Fast Refresh] done in 15ms @ webpack-internal:///(app-pages-browser)/./node_modules/next/dist/next-devtools/shared/forward-logs-shared.js:44
[   35054ms] [WARNING] Error while trying to use the following icon from the Manifest: http://localhost:3000/icons/icon-192.png (Download error or resource isn't a valid image) @ http://localhost:3000/login:0
[   35071ms] [LOG] [Fast Refresh] rebuilding @ webpack-internal:///(app-pages-browser)/./node_modules/next/dist/next-devtools/shared/forward-logs-shared.js:44
[   35083ms] [LOG] [Fast Refresh] done in 11ms @ webpack-internal:///(app-pages-browser)/./node_modules/next/dist/next-devtools/shared/forward-logs-shared.js:44
[   35113ms] [WARNING] Error while trying to use the following icon from the Manifest: http://localhost:3000/icons/icon-192.png (Download error or resource isn't a valid image) @ http://localhost:3000/login:0
[   35132ms] [LOG] [Fast Refresh] rebuilding @ webpack-internal:///(app-pages-browser)/./node_modules/next/dist/next-devtools/shared/forward-logs-shared.js:44
[   35147ms] [LOG] [Fast Refresh] done in 16ms @ webpack-internal:///(app-pages-browser)/./node_modules/next/dist/next-devtools/shared/forward-logs-shared.js:44
[   35194ms] [WARNING] Error while trying to use the following icon from the Manifest: http://localhost:3000/icons/icon-192.png (Download error or resource isn't a valid image) @ http://localhost:3000/login:0
[   35210ms] [LOG] [Fast Refresh] rebuilding @ webpack-internal:///(app-pages-browser)/./node_modules/next/dist/next-devtools/shared/forward-logs-shared.js:44
[   35223ms] [LOG] [Fast Refresh] done in 12ms @ webpack-internal:///(app-pages-browser)/./node_modules/next/dist/next-devtools/shared/forward-logs-shared.js:44
[   35266ms] [LOG] [Fast Refresh] rebuilding @ webpack-internal:///(app-pages-browser)/./node_modules/next/dist/next-devtools/shared/forward-logs-shared.js:44
[   35282ms] [LOG] [Fast Refresh] done in 15ms @ webpack-internal:///(app-pages-browser)/./node_modules/next/dist/next-devtools/shared/forward-logs-shared.js:44
[   35311ms] [WARNING] Error while trying to use the following icon from the Manifest: http://localhost:3000/icons/icon-192.png (Download error or resource isn't a valid image) @ http://localhost:3000/login:0
[   35328ms] [LOG] [Fast Refresh] rebuilding @ webpack-internal:///(app-pages-browser)/./node_modules/next/dist/next-devtools/shared/forward-logs-shared.js:44
[   35340ms] [LOG] [Fast Refresh] done in 12ms @ webpack-internal:///(app-pages-browser)/./node_modules/next/dist/next-devtools/shared/forward-logs-shared.js:44
[   35386ms] [LOG] [Fast Refresh] rebuilding @ webpack-internal:///(app-pages-browser)/./node_modules/next/dist/next-devtools/shared/forward-logs-shared.js:44
[   35401ms] [LOG] [Fast Refresh] done in 16ms @ webpack-internal:///(app-pages-browser)/./node_modules/next/dist/next-devtools/shared/forward-logs-shared.js:44
[   35430ms] [WARNING] Error while trying to use the following icon from the Manifest: http://localhost:3000/icons/icon-192.png (Download error or resource isn't a valid image) @ http://localhost:3000/login:0
[   35446ms] [LOG] [Fast Refresh] rebuilding @ webpack-internal:///(app-pages-browser)/./node_modules/next/dist/next-devtools/shared/forward-logs-shared.js:44
[   35457ms] [LOG] [Fast Refresh] done in 11ms @ webpack-internal:///(app-pages-browser)/./node_modules/next/dist/next-devtools/shared/forward-logs-shared.js:44
[   35487ms] [WARNING] Error while trying to use the following icon from the Manifest: http://localhost:3000/icons/icon-192.png (Download error or resource isn't a valid image) @ http://localhost:3000/login:0
[   35504ms] [LOG] [Fast Refresh] rebuilding @ webpack-internal:///(app-pages-browser)/./node_modules/next/dist/next-devtools/shared/forward-logs-shared.js:44
[   35521ms] [LOG] [Fast Refresh] done in 16ms @ webpack-internal:///(app-pages-browser)/./node_modules/next/dist/next-devtools/shared/forward-logs-shared.js:44
[   35553ms] [WARNING] Error while trying to use the following icon from the Manifest: http://localhost:3000/icons/icon-192.png (Download error or resource isn't a valid image) @ http://localhost:3000/login:0
[   35575ms] [LOG] [Fast Refresh] rebuilding @ webpack-internal:///(app-pages-browser)/./node_modules/next/dist/next-devtools/shared/forward-logs-shared.js:44
[   35589ms] [LOG] [Fast Refresh] done in 14ms @ webpack-internal:///(app-pages-browser)/./node_modules/next/dist/next-devtools/shared/forward-logs-shared.js:44
[   35651ms] [LOG] [Fast Refresh] rebuilding @ webpack-internal:///(app-pages-browser)/./node_modules/next/dist/next-devtools/shared/forward-logs-shared.js:44
[   35668ms] [LOG] [Fast Refresh] done in 17ms @ webpack-internal:///(app-pages-browser)/./node_modules/next/dist/next-devtools/shared/forward-logs-shared.js:44
[   35697ms] [WARNING] Error while trying to use the following icon from the Manifest: http://localhost:3000/icons/icon-192.png (Download error or resource isn't a valid image) @ http://localhost:3000/login:0
[   35714ms] [LOG] [Fast Refresh] rebuilding @ webpack-internal:///(app-pages-browser)/./node_modules/next/dist/next-devtools/shared/forward-logs-shared.js:44
[   35729ms] [LOG] [Fast Refresh] done in 14ms @ webpack-internal:///(app-pages-browser)/./node_modules/next/dist/next-devtools/shared/forward-logs-shared.js:44
[   35763ms] [WARNING] Error while trying to use the following icon from the Manifest: http://localhost:3000/icons/icon-192.png (Download error or resource isn't a valid image) @ http://localhost:3000/login:0
[   35784ms] [LOG] [Fast Refresh] rebuilding @ webpack-internal:///(app-pages-browser)/./node_modules/next/dist/next-devtools/shared/forward-logs-shared.js:44
[   35800ms] [LOG] [Fast Refresh] done in 17ms @ webpack-internal:///(app-pages-browser)/./node_modules/next/dist/next-devtools/shared/forward-logs-shared.js:44
[   35831ms] [WARNING] Error while trying to use the following icon from the Manifest: http://localhost:3000/icons/icon-192.png (Download error or resource isn't a valid image) @ http://localhost:3000/login:0
[   35848ms] [LOG] [Fast Refresh] rebuilding @ webpack-internal:///(app-pages-browser)/./node_modules/next/dist/next-devtools/shared/forward-logs-shared.js:44
[   35860ms] [LOG] [Fast Refresh] done in 11ms @ webpack-internal:///(app-pages-browser)/./node_modules/next/dist/next-devtools/shared/forward-logs-shared.js:44
[   35906ms] [LOG] [Fast Refresh] rebuilding @ webpack-internal:///(app-pages-browser)/./node_modules/next/dist/next-devtools/shared/forward-logs-shared.js:44
[   35922ms] [LOG] [Fast Refresh] done in 16ms @ webpack-internal:///(app-pages-browser)/./node_modules/next/dist/next-devtools/shared/forward-logs-shared.js:44
[   35953ms] [WARNING] Error while trying to use the following icon from the Manifest: http://localhost:3000/icons/icon-192.png (Download error or resource isn't a valid image) @ http://localhost:3000/login:0
[   35969ms] [LOG] [Fast Refresh] rebuilding @ webpack-internal:///(app-pages-browser)/./node_modules/next/dist/next-devtools/shared/forward-logs-shared.js:44
[   35981ms] [LOG] [Fast Refresh] done in 12ms @ webpack-internal:///(app-pages-browser)/./node_modules/next/dist/next-devtools/shared/forward-logs-shared.js:44
[   36007ms] [WARNING] Error while trying to use the following icon from the Manifest: http://localhost:3000/icons/icon-192.png (Download error or resource isn't a valid image) @ http://localhost:3000/login:0
[   36025ms] [LOG] [Fast Refresh] rebuilding @ webpack-internal:///(app-pages-browser)/./node_modules/next/dist/next-devtools/shared/forward-logs-shared.js:44
[   36041ms] [LOG] [Fast Refresh] done in 15ms @ webpack-internal:///(app-pages-browser)/./node_modules/next/dist/next-devtools/shared/forward-logs-shared.js:44
[   36065ms] [WARNING] Error while trying to use the following icon from the Manifest: http://localhost:3000/icons/icon-192.png (Download error or resource isn't a valid image) @ http://localhost:3000/login:0
[   36088ms] [LOG] [Fast Refresh] rebuilding @ webpack-internal:///(app-pages-browser)/./node_modules/next/dist/next-devtools/shared/forward-logs-shared.js:44
[   36098ms] [LOG] [Fast Refresh] done in 10ms @ webpack-internal:///(app-pages-browser)/./node_modules/next/dist/next-devtools/shared/forward-logs-shared.js:44
[   36106ms] [WARNING] Error while trying to use the following icon from the Manifest: http://localhost:3000/icons/icon-192.png (Download error or resource isn't a valid image) @ http://localhost:3000/login:0
[   36150ms] [LOG] [Fast Refresh] rebuilding @ webpack-internal:///(app-pages-browser)/./node_modules/next/dist/next-devtools/shared/forward-logs-shared.js:44
[   36166ms] [LOG] [Fast Refresh] done in 16ms @ webpack-internal:///(app-pages-browser)/./node_modules/next/dist/next-devtools/shared/forward-logs-shared.js:44
[   36211ms] [LOG] [Fast Refresh] rebuilding @ webpack-internal:///(app-pages-browser)/./node_modules/next/dist/next-devtools/shared/forward-logs-shared.js:44
[   36222ms] [LOG] [Fast Refresh] done in 12ms @ webpack-internal:///(app-pages-browser)/./node_modules/next/dist/next-devtools/shared/forward-logs-shared.js:44
[   36253ms] [WARNING] Error while trying to use the following icon from the Manifest: http://localhost:3000/icons/icon-192.png (Download error or resource isn't a valid image) @ http://localhost:3000/login:0
[   36272ms] [LOG] [Fast Refresh] rebuilding @ webpack-internal:///(app-pages-browser)/./node_modules/next/dist/next-devtools/shared/forward-logs-shared.js:44
[   36287ms] [LOG] [Fast Refresh] done in 16ms @ webpack-internal:///(app-pages-browser)/./node_modules/next/dist/next-devtools/shared/forward-logs-shared.js:44
[   36331ms] [LOG] [Fast Refresh] rebuilding @ webpack-internal:///(app-pages-browser)/./node_modules/next/dist/next-devtools/shared/forward-logs-shared.js:44
[   36343ms] [LOG] [Fast Refresh] done in 11ms @ webpack-internal:///(app-pages-browser)/./node_modules/next/dist/next-devtools/shared/forward-logs-shared.js:44
[   36389ms] [LOG] [Fast Refresh] rebuilding @ webpack-internal:///(app-pages-browser)/./node_modules/next/dist/next-devtools/shared/forward-logs-shared.js:44
[   36404ms] [LOG] [Fast Refresh] done in 16ms @ webpack-internal:///(app-pages-browser)/./node_modules/next/dist/next-devtools/shared/forward-logs-shared.js:44
[   36446ms] [LOG] [Fast Refresh] rebuilding @ webpack-internal:///(app-pages-browser)/./node_modules/next/dist/next-devtools/shared/forward-logs-shared.js:44
[   36460ms] [LOG] [Fast Refresh] done in 14ms @ webpack-internal:///(app-pages-browser)/./node_modules/next/dist/next-devtools/shared/forward-logs-shared.js:44
[   36490ms] [WARNING] Error while trying to use the following icon from the Manifest: http://localhost:3000/icons/icon-192.png (Download error or resource isn't a valid image) @ http://localhost:3000/login:0
[   36508ms] [LOG] [Fast Refresh] rebuilding @ webpack-internal:///(app-pages-browser)/./node_modules/next/dist/next-devtools/shared/forward-logs-shared.js:44
[   36523ms] [LOG] [Fast Refresh] done in 16ms @ webpack-internal:///(app-pages-browser)/./node_modules/next/dist/next-devtools/shared/forward-logs-shared.js:44
[   36553ms] [WARNING] Error while trying to use the following icon from the Manifest: http://localhost:3000/icons/icon-192.png (Download error or resource isn't a valid image) @ http://localhost:3000/login:0
[   36569ms] [LOG] [Fast Refresh] rebuilding @ webpack-internal:///(app-pages-browser)/./node_modules/next/dist/next-devtools/shared/forward-logs-shared.js:44
[   36581ms] [LOG] [Fast Refresh] done in 11ms @ webpack-internal:///(app-pages-browser)/./node_modules/next/dist/next-devtools/shared/forward-logs-shared.js:44
[   36609ms] [WARNING] Error while trying to use the following icon from the Manifest: http://localhost:3000/icons/icon-192.png (Download error or resource isn't a valid image) @ http://localhost:3000/login:0
[   36630ms] [LOG] [Fast Refresh] rebuilding @ webpack-internal:///(app-pages-browser)/./node_modules/next/dist/next-devtools/shared/forward-logs-shared.js:44
[   36645ms] [LOG] [Fast Refresh] done in 16ms @ webpack-internal:///(app-pages-browser)/./node_modules/next/dist/next-devtools/shared/forward-logs-shared.js:44
[   36678ms] [WARNING] Error while trying to use the following icon from the Manifest: http://localhost:3000/icons/icon-192.png (Download error or resource isn't a valid image) @ http://localhost:3000/login:0
[   36691ms] [LOG] [Fast Refresh] rebuilding @ webpack-internal:///(app-pages-browser)/./node_modules/next/dist/next-devtools/shared/forward-logs-shared.js:44
[   36702ms] [LOG] [Fast Refresh] done in 12ms @ webpack-internal:///(app-pages-browser)/./node_modules/next/dist/next-devtools/shared/forward-logs-shared.js:44
[   36731ms] [WARNING] Error while trying to use the following icon from the Manifest: http://localhost:3000/icons/icon-192.png (Download error or resource isn't a valid image) @ http://localhost:3000/login:0
[   36748ms] [LOG] [Fast Refresh] rebuilding @ webpack-internal:///(app-pages-browser)/./node_modules/next/dist/next-devtools/shared/forward-logs-shared.js:44
[   36765ms] [LOG] [Fast Refresh] done in 16ms @ webpack-internal:///(app-pages-browser)/./node_modules/next/dist/next-devtools/shared/forward-logs-shared.js:44
[   36810ms] [LOG] [Fast Refresh] rebuilding @ webpack-internal:///(app-pages-browser)/./node_modules/next/dist/next-devtools/shared/forward-logs-shared.js:44
[   36822ms] [LOG] [Fast Refresh] done in 12ms @ webpack-internal:///(app-pages-browser)/./node_modules/next/dist/next-devtools/shared/forward-logs-shared.js:44
[   36854ms] [WARNING] Error while trying to use the following icon from the Manifest: http://localhost:3000/icons/icon-192.png (Download error or resource isn't a valid image) @ http://localhost:3000/login:0
[   36871ms] [LOG] [Fast Refresh] rebuilding @ webpack-internal:///(app-pages-browser)/./node_modules/next/dist/next-devtools/shared/forward-logs-shared.js:44
[   36887ms] [LOG] [Fast Refresh] done in 15ms @ webpack-internal:///(app-pages-browser)/./node_modules/next/dist/next-devtools/shared/forward-logs-shared.js:44
[   36916ms] [WARNING] Error while trying to use the following icon from the Manifest: http://localhost:3000/icons/icon-192.png (Download error or resource isn't a valid image) @ http://localhost:3000/login:0
[   36932ms] [LOG] [Fast Refresh] rebuilding @ webpack-internal:///(app-pages-browser)/./node_modules/next/dist/next-devtools/shared/forward-logs-shared.js:44
[   36944ms] [LOG] [Fast Refresh] done in 12ms @ webpack-internal:///(app-pages-browser)/./node_modules/next/dist/next-devtools/shared/forward-logs-shared.js:44
[   36973ms] [WARNING] Error while trying to use the following icon from the Manifest: http://localhost:3000/icons/icon-192.png (Download error or resource isn't a valid image) @ http://localhost:3000/login:0
[   36991ms] [LOG] [Fast Refresh] rebuilding @ webpack-internal:///(app-pages-browser)/./node_modules/next/dist/next-devtools/shared/forward-logs-shared.js:44
[   37006ms] [LOG] [Fast Refresh] done in 15ms @ webpack-internal:///(app-pages-browser)/./node_modules/next/dist/next-devtools/shared/forward-logs-shared.js:44
[   37034ms] [WARNING] Error while trying to use the following icon from the Manifest: http://localhost:3000/icons/icon-192.png (Download error or resource isn't a valid image) @ http://localhost:3000/login:0
[   37051ms] [LOG] [Fast Refresh] rebuilding @ webpack-internal:///(app-pages-browser)/./node_modules/next/dist/next-devtools/shared/forward-logs-shared.js:44
[   37062ms] [LOG] [Fast Refresh] done in 11ms @ webpack-internal:///(app-pages-browser)/./node_modules/next/dist/next-devtools/shared/forward-logs-shared.js:44
[   37090ms] [WARNING] Error while trying to use the following icon from the Manifest: http://localhost:3000/icons/icon-192.png (Download error or resource isn't a valid image) @ http://localhost:3000/login:0
[   37109ms] [LOG] [Fast Refresh] rebuilding @ webpack-internal:///(app-pages-browser)/./node_modules/next/dist/next-devtools/shared/forward-logs-shared.js:44
[   37125ms] [LOG] [Fast Refresh] done in 16ms @ webpack-internal:///(app-pages-browser)/./node_modules/next/dist/next-devtools/shared/forward-logs-shared.js:44
[   37154ms] [WARNING] Error while trying to use the following icon from the Manifest: http://localhost:3000/icons/icon-192.png (Download error or resource isn't a valid image) @ http://localhost:3000/login:0
[   37171ms] [LOG] [Fast Refresh] rebuilding @ webpack-internal:///(app-pages-browser)/./node_modules/next/dist/next-devtools/shared/forward-logs-shared.js:44
[   37182ms] [LOG] [Fast Refresh] done in 11ms @ webpack-internal:///(app-pages-browser)/./node_modules/next/dist/next-devtools/shared/forward-logs-shared.js:44
[   37210ms] [WARNING] Error while trying to use the following icon from the Manifest: http://localhost:3000/icons/icon-192.png (Download error or resource isn't a valid image) @ http://localhost:3000/login:0
[   37228ms] [LOG] [Fast Refresh] rebuilding @ webpack-internal:///(app-pages-browser)/./node_modules/next/dist/next-devtools/shared/forward-logs-shared.js:44
[   37243ms] [LOG] [Fast Refresh] done in 15ms @ webpack-internal:///(app-pages-browser)/./node_modules/next/dist/next-devtools/shared/forward-logs-shared.js:44
[   37287ms] [WARNING] Error while trying to use the following icon from the Manifest: http://localhost:3000/icons/icon-192.png (Download error or resource isn't a valid image) @ http://localhost:3000/login:0
[   37318ms] [LOG] [Fast Refresh] rebuilding @ webpack-internal:///(app-pages-browser)/./node_modules/next/dist/next-devtools/shared/forward-logs-shared.js:44
[   37329ms] [LOG] [Fast Refresh] done in 11ms @ webpack-internal:///(app-pages-browser)/./node_modules/next/dist/next-devtools/shared/forward-logs-shared.js:44
[   37360ms] [WARNING] Error while trying to use the following icon from the Manifest: http://localhost:3000/icons/icon-192.png (Download error or resource isn't a valid image) @ http://localhost:3000/login:0
[   37377ms] [LOG] [Fast Refresh] rebuilding @ webpack-internal:///(app-pages-browser)/./node_modules/next/dist/next-devtools/shared/forward-logs-shared.js:44
[   37393ms] [LOG] [Fast Refresh] done in 15ms @ webpack-internal:///(app-pages-browser)/./node_modules/next/dist/next-devtools/shared/forward-logs-shared.js:44
[   37423ms] [WARNING] Error while trying to use the following icon from the Manifest: http://localhost:3000/icons/icon-192.png (Download error or resource isn't a valid image) @ http://localhost:3000/login:0
[   37439ms] [LOG] [Fast Refresh] rebuilding @ webpack-internal:///(app-pages-browser)/./node_modules/next/dist/next-devtools/shared/forward-logs-shared.js:44
[   37451ms] [LOG] [Fast Refresh] done in 11ms @ webpack-internal:///(app-pages-browser)/./node_modules/next/dist/next-devtools/shared/forward-logs-shared.js:44
[   37479ms] [WARNING] Error while trying to use the following icon from the Manifest: http://localhost:3000/icons/icon-192.png (Download error or resource isn't a valid image) @ http://localhost:3000/login:0
[   37495ms] [LOG] [Fast Refresh] rebuilding @ webpack-internal:///(app-pages-browser)/./node_modules/next/dist/next-devtools/shared/forward-logs-shared.js:44
[   37511ms] [LOG] [Fast Refresh] done in 16ms @ webpack-internal:///(app-pages-browser)/./node_modules/next/dist/next-devtools/shared/forward-logs-shared.js:44
[   37539ms] [WARNING] Error while trying to use the following icon from the Manifest: http://localhost:3000/icons/icon-192.png (Download error or resource isn't a valid image) @ http://localhost:3000/login:0
[   37555ms] [LOG] [Fast Refresh] rebuilding @ webpack-internal:///(app-pages-browser)/./node_modules/next/dist/next-devtools/shared/forward-logs-shared.js:44
[   37565ms] [LOG] [Fast Refresh] done in 10ms @ webpack-internal:///(app-pages-browser)/./node_modules/next/dist/next-devtools/shared/forward-logs-shared.js:44
[   37573ms] [WARNING] Error while trying to use the following icon from the Manifest: http://localhost:3000/icons/icon-192.png (Download error or resource isn't a valid image) @ http://localhost:3000/login:0
[   37614ms] [LOG] [Fast Refresh] rebuilding @ webpack-internal:///(app-pages-browser)/./node_modules/next/dist/next-devtools/shared/forward-logs-shared.js:44
[   37630ms] [LOG] [Fast Refresh] done in 15ms @ webpack-internal:///(app-pages-browser)/./node_modules/next/dist/next-devtools/shared/forward-logs-shared.js:44
[   37676ms] [LOG] [Fast Refresh] rebuilding @ webpack-internal:///(app-pages-browser)/./node_modules/next/dist/next-devtools/shared/forward-logs-shared.js:44
[   37688ms] [LOG] [Fast Refresh] done in 12ms @ webpack-internal:///(app-pages-browser)/./node_modules/next/dist/next-devtools/shared/forward-logs-shared.js:44
[   37716ms] [WARNING] Error while trying to use the following icon from the Manifest: http://localhost:3000/icons/icon-192.png (Download error or resource isn't a valid image) @ http://localhost:3000/login:0
[   37734ms] [LOG] [Fast Refresh] rebuilding @ webpack-internal:///(app-pages-browser)/./node_modules/next/dist/next-devtools/shared/forward-logs-shared.js:44
[   37750ms] [LOG] [Fast Refresh] done in 15ms @ webpack-internal:///(app-pages-browser)/./node_modules/next/dist/next-devtools/shared/forward-logs-shared.js:44
[   37780ms] [WARNING] Error while trying to use the following icon from the Manifest: http://localhost:3000/icons/icon-192.png (Download error or resource isn't a valid image) @ http://localhost:3000/login:0
[   37797ms] [LOG] [Fast Refresh] rebuilding @ webpack-internal:///(app-pages-browser)/./node_modules/next/dist/next-devtools/shared/forward-logs-shared.js:44
[   37809ms] [LOG] [Fast Refresh] done in 12ms @ webpack-internal:///(app-pages-browser)/./node_modules/next/dist/next-devtools/shared/forward-logs-shared.js:44
[   37839ms] [WARNING] Error while trying to use the following icon from the Manifest: http://localhost:3000/icons/icon-192.png (Download error or resource isn't a valid image) @ http://localhost:3000/login:0
[   37856ms] [LOG] [Fast Refresh] rebuilding @ webpack-internal:///(app-pages-browser)/./node_modules/next/dist/next-devtools/shared/forward-logs-shared.js:44
[   37872ms] [LOG] [Fast Refresh] done in 16ms @ webpack-internal:///(app-pages-browser)/./node_modules/next/dist/next-devtools/shared/forward-logs-shared.js:44
[   37901ms] [WARNING] Error while trying to use the following icon from the Manifest: http://localhost:3000/icons/icon-192.png (Download error or resource isn't a valid image) @ http://localhost:3000/login:0
[   37918ms] [LOG] [Fast Refresh] rebuilding @ webpack-internal:///(app-pages-browser)/./node_modules/next/dist/next-devtools/shared/forward-logs-shared.js:44
[   37929ms] [LOG] [Fast Refresh] done in 11ms @ webpack-internal:///(app-pages-browser)/./node_modules/next/dist/next-devtools/shared/forward-logs-shared.js:44
[   37958ms] [WARNING] Error while trying to use the following icon from the Manifest: http://localhost:3000/icons/icon-192.png (Download error or resource isn't a valid image) @ http://localhost:3000/login:0
[   37975ms] [LOG] [Fast Refresh] rebuilding @ webpack-internal:///(app-pages-browser)/./node_modules/next/dist/next-devtools/shared/forward-logs-shared.js:44
[   37992ms] [LOG] [Fast Refresh] done in 17ms @ webpack-internal:///(app-pages-browser)/./node_modules/next/dist/next-devtools/shared/forward-logs-shared.js:44
[   38021ms] [WARNING] Error while trying to use the following icon from the Manifest: http://localhost:3000/icons/icon-192.png (Download error or resource isn't a valid image) @ http://localhost:3000/login:0
[   38038ms] [LOG] [Fast Refresh] rebuilding @ webpack-internal:///(app-pages-browser)/./node_modules/next/dist/next-devtools/shared/forward-logs-shared.js:44
[   38049ms] [LOG] [Fast Refresh] done in 12ms @ webpack-internal:///(app-pages-browser)/./node_modules/next/dist/next-devtools/shared/forward-logs-shared.js:44
[   38095ms] [LOG] [Fast Refresh] rebuilding @ webpack-internal:///(app-pages-browser)/./node_modules/next/dist/next-devtools/shared/forward-logs-shared.js:44
[   38111ms] [LOG] [Fast Refresh] done in 15ms @ webpack-internal:///(app-pages-browser)/./node_modules/next/dist/next-devtools/shared/forward-logs-shared.js:44
[   38141ms] [WARNING] Error while trying to use the following icon from the Manifest: http://localhost:3000/icons/icon-192.png (Download error or resource isn't a valid image) @ http://localhost:3000/login:0
[   38158ms] [LOG] [Fast Refresh] rebuilding @ webpack-internal:///(app-pages-browser)/./node_modules/next/dist/next-devtools/shared/forward-logs-shared.js:44
[   38170ms] [LOG] [Fast Refresh] done in 12ms @ webpack-internal:///(app-pages-browser)/./node_modules/next/dist/next-devtools/shared/forward-logs-shared.js:44
[   38200ms] [WARNING] Error while trying to use the following icon from the Manifest: http://localhost:3000/icons/icon-192.png (Download error or resource isn't a valid image) @ http://localhost:3000/login:0
[   38218ms] [LOG] [Fast Refresh] rebuilding @ webpack-internal:///(app-pages-browser)/./node_modules/next/dist/next-devtools/shared/forward-logs-shared.js:44
[   38233ms] [LOG] [Fast Refresh] done in 15ms @ webpack-internal:///(app-pages-browser)/./node_modules/next/dist/next-devtools/shared/forward-logs-shared.js:44
[   38261ms] [WARNING] Error while trying to use the following icon from the Manifest: http://localhost:3000/icons/icon-192.png (Download error or resource isn't a valid image) @ http://localhost:3000/login:0
[   38278ms] [LOG] [Fast Refresh] rebuilding @ webpack-internal:///(app-pages-browser)/./node_modules/next/dist/next-devtools/shared/forward-logs-shared.js:44
[   38290ms] [LOG] [Fast Refresh] done in 11ms @ webpack-internal:///(app-pages-browser)/./node_modules/next/dist/next-devtools/shared/forward-logs-shared.js:44
[   38320ms] [WARNING] Error while trying to use the following icon from the Manifest: http://localhost:3000/icons/icon-192.png (Download error or resource isn't a valid image) @ http://localhost:3000/login:0
[   38338ms] [LOG] [Fast Refresh] rebuilding @ webpack-internal:///(app-pages-browser)/./node_modules/next/dist/next-devtools/shared/forward-logs-shared.js:44
[   38353ms] [LOG] [Fast Refresh] done in 16ms @ webpack-internal:///(app-pages-browser)/./node_modules/next/dist/next-devtools/shared/forward-logs-shared.js:44
[   38396ms] [LOG] [Fast Refresh] rebuilding @ webpack-internal:///(app-pages-browser)/./node_modules/next/dist/next-devtools/shared/forward-logs-shared.js:44
[   38408ms] [LOG] [Fast Refresh] done in 12ms @ webpack-internal:///(app-pages-browser)/./node_modules/next/dist/next-devtools/shared/forward-logs-shared.js:44
[   38438ms] [WARNING] Error while trying to use the following icon from the Manifest: http://localhost:3000/icons/icon-192.png (Download error or resource isn't a valid image) @ http://localhost:3000/login:0
[   38455ms] [LOG] [Fast Refresh] rebuilding @ webpack-internal:///(app-pages-browser)/./node_modules/next/dist/next-devtools/shared/forward-logs-shared.js:44
[   38470ms] [LOG] [Fast Refresh] done in 16ms @ webpack-internal:///(app-pages-browser)/./node_modules/next/dist/next-devtools/shared/forward-logs-shared.js:44
[   38498ms] [WARNING] Error while trying to use the following icon from the Manifest: http://localhost:3000/icons/icon-192.png (Download error or resource isn't a valid image) @ http://localhost:3000/login:0
[   38520ms] [LOG] [Fast Refresh] rebuilding @ webpack-internal:///(app-pages-browser)/./node_modules/next/dist/next-devtools/shared/forward-logs-shared.js:44
[   38532ms] [LOG] [Fast Refresh] done in 11ms @ webpack-internal:///(app-pages-browser)/./node_modules/next/dist/next-devtools/shared/forward-logs-shared.js:44
[   38562ms] [WARNING] Error while trying to use the following icon from the Manifest: http://localhost:3000/icons/icon-192.png (Download error or resource isn't a valid image) @ http://localhost:3000/login:0
[   38579ms] [LOG] [Fast Refresh] rebuilding @ webpack-internal:///(app-pages-browser)/./node_modules/next/dist/next-devtools/shared/forward-logs-shared.js:44
[   38595ms] [LOG] [Fast Refresh] done in 15ms @ webpack-internal:///(app-pages-browser)/./node_modules/next/dist/next-devtools/shared/forward-logs-shared.js:44
[   38625ms] [WARNING] Error while trying to use the following icon from the Manifest: http://localhost:3000/icons/icon-192.png (Download error or resource isn't a valid image) @ http://localhost:3000/login:0
[   38642ms] [LOG] [Fast Refresh] rebuilding @ webpack-internal:///(app-pages-browser)/./node_modules/next/dist/next-devtools/shared/forward-logs-shared.js:44
[   38655ms] [LOG] [Fast Refresh] done in 14ms @ webpack-internal:///(app-pages-browser)/./node_modules/next/dist/next-devtools/shared/forward-logs-shared.js:44
[   38690ms] [WARNING] Error while trying to use the following icon from the Manifest: http://localhost:3000/icons/icon-192.png (Download error or resource isn't a valid image) @ http://localhost:3000/login:0
[   38709ms] [LOG] [Fast Refresh] rebuilding @ webpack-internal:///(app-pages-browser)/./node_modules/next/dist/next-devtools/shared/forward-logs-shared.js:44
[   38725ms] [LOG] [Fast Refresh] done in 15ms @ webpack-internal:///(app-pages-browser)/./node_modules/next/dist/next-devtools/shared/forward-logs-shared.js:44
[   38774ms] [LOG] [Fast Refresh] rebuilding @ webpack-internal:///(app-pages-browser)/./node_modules/next/dist/next-devtools/shared/forward-logs-shared.js:44
[   38788ms] [LOG] [Fast Refresh] done in 14ms @ webpack-internal:///(app-pages-browser)/./node_modules/next/dist/next-devtools/shared/forward-logs-shared.js:44
[   38835ms] [LOG] [Fast Refresh] rebuilding @ webpack-internal:///(app-pages-browser)/./node_modules/next/dist/next-devtools/shared/forward-logs-shared.js:44
[   38852ms] [LOG] [Fast Refresh] done in 16ms @ webpack-internal:///(app-pages-browser)/./node_modules/next/dist/next-devtools/shared/forward-logs-shared.js:44
[   38882ms] [WARNING] Error while trying to use the following icon from the Manifest: http://localhost:3000/icons/icon-192.png (Download error or resource isn't a valid image) @ http://localhost:3000/login:0
[   38899ms] [LOG] [Fast Refresh] rebuilding @ webpack-internal:///(app-pages-browser)/./node_modules/next/dist/next-devtools/shared/forward-logs-shared.js:44
[   38911ms] [LOG] [Fast Refresh] done in 13ms @ webpack-internal:///(app-pages-browser)/./node_modules/next/dist/next-devtools/shared/forward-logs-shared.js:44
[   38942ms] [WARNING] Error while trying to use the following icon from the Manifest: http://localhost:3000/icons/icon-192.png (Download error or resource isn't a valid image) @ http://localhost:3000/login:0
[   38962ms] [LOG] [Fast Refresh] rebuilding @ webpack-internal:///(app-pages-browser)/./node_modules/next/dist/next-devtools/shared/forward-logs-shared.js:44
[   38977ms] [LOG] [Fast Refresh] done in 16ms @ webpack-internal:///(app-pages-browser)/./node_modules/next/dist/next-devtools/shared/forward-logs-shared.js:44
[   39007ms] [WARNING] Error while trying to use the following icon from the Manifest: http://localhost:3000/icons/icon-192.png (Download error or resource isn't a valid image) @ http://localhost:3000/login:0
[   39025ms] [LOG] [Fast Refresh] rebuilding @ webpack-internal:///(app-pages-browser)/./node_modules/next/dist/next-devtools/shared/forward-logs-shared.js:44
[   39037ms] [LOG] [Fast Refresh] done in 13ms @ webpack-internal:///(app-pages-browser)/./node_modules/next/dist/next-devtools/shared/forward-logs-shared.js:44
[   39066ms] [WARNING] Error while trying to use the following icon from the Manifest: http://localhost:3000/icons/icon-192.png (Download error or resource isn't a valid image) @ http://localhost:3000/login:0
[   39084ms] [LOG] [Fast Refresh] rebuilding @ webpack-internal:///(app-pages-browser)/./node_modules/next/dist/next-devtools/shared/forward-logs-shared.js:44
[   39100ms] [LOG] [Fast Refresh] done in 15ms @ webpack-internal:///(app-pages-browser)/./node_modules/next/dist/next-devtools/shared/forward-logs-shared.js:44
[   39127ms] [WARNING] Error while trying to use the following icon from the Manifest: http://localhost:3000/icons/icon-192.png (Download error or resource isn't a valid image) @ http://localhost:3000/login:0
[   39144ms] [LOG] [Fast Refresh] rebuilding @ webpack-internal:///(app-pages-browser)/./node_modules/next/dist/next-devtools/shared/forward-logs-shared.js:44
[   39156ms] [LOG] [Fast Refresh] done in 12ms @ webpack-internal:///(app-pages-browser)/./node_modules/next/dist/next-devtools/shared/forward-logs-shared.js:44
[   39187ms] [WARNING] Error while trying to use the following icon from the Manifest: http://localhost:3000/icons/icon-192.png (Download error or resource isn't a valid image) @ http://localhost:3000/login:0
[   39204ms] [LOG] [Fast Refresh] rebuilding @ webpack-internal:///(app-pages-browser)/./node_modules/next/dist/next-devtools/shared/forward-logs-shared.js:44
[   39220ms] [LOG] [Fast Refresh] done in 15ms @ webpack-internal:///(app-pages-browser)/./node_modules/next/dist/next-devtools/shared/forward-logs-shared.js:44
[   39248ms] [WARNING] Error while trying to use the following icon from the Manifest: http://localhost:3000/icons/icon-192.png (Download error or resource isn't a valid image) @ http://localhost:3000/login:0
[   39265ms] [LOG] [Fast Refresh] rebuilding @ webpack-internal:///(app-pages-browser)/./node_modules/next/dist/next-devtools/shared/forward-logs-shared.js:44
[   39277ms] [LOG] [Fast Refresh] done in 12ms @ webpack-internal:///(app-pages-browser)/./node_modules/next/dist/next-devtools/shared/forward-logs-shared.js:44
[   39322ms] [LOG] [Fast Refresh] rebuilding @ webpack-internal:///(app-pages-browser)/./node_modules/next/dist/next-devtools/shared/forward-logs-shared.js:44
[   39337ms] [LOG] [Fast Refresh] done in 16ms @ webpack-internal:///(app-pages-browser)/./node_modules/next/dist/next-devtools/shared/forward-logs-shared.js:44
[   39366ms] [WARNING] Error while trying to use the following icon from the Manifest: http://localhost:3000/icons/icon-192.png (Download error or resource isn't a valid image) @ http://localhost:3000/login:0
[   39383ms] [LOG] [Fast Refresh] rebuilding @ webpack-internal:///(app-pages-browser)/./node_modules/next/dist/next-devtools/shared/forward-logs-shared.js:44
[   39395ms] [LOG] [Fast Refresh] done in 12ms @ webpack-internal:///(app-pages-browser)/./node_modules/next/dist/next-devtools/shared/forward-logs-shared.js:44
[   39424ms] [WARNING] Error while trying to use the following icon from the Manifest: http://localhost:3000/icons/icon-192.png (Download error or resource isn't a valid image) @ http://localhost:3000/login:0
[   39441ms] [LOG] [Fast Refresh] rebuilding @ webpack-internal:///(app-pages-browser)/./node_modules/next/dist/next-devtools/shared/forward-logs-shared.js:44
[   39457ms] [LOG] [Fast Refresh] done in 15ms @ webpack-internal:///(app-pages-browser)/./node_modules/next/dist/next-devtools/shared/forward-logs-shared.js:44
[   39485ms] [WARNING] Error while trying to use the following icon from the Manifest: http://localhost:3000/icons/icon-192.png (Download error or resource isn't a valid image) @ http://localhost:3000/login:0
[   39502ms] [LOG] [Fast Refresh] rebuilding @ webpack-internal:///(app-pages-browser)/./node_modules/next/dist/next-devtools/shared/forward-logs-shared.js:44
[   39513ms] [LOG] [Fast Refresh] done in 10ms @ webpack-internal:///(app-pages-browser)/./node_modules/next/dist/next-devtools/shared/forward-logs-shared.js:44
[   39541ms] [WARNING] Error while trying to use the following icon from the Manifest: http://localhost:3000/icons/icon-192.png (Download error or resource isn't a valid image) @ http://localhost:3000/login:0
[   39560ms] [LOG] [Fast Refresh] rebuilding @ webpack-internal:///(app-pages-browser)/./node_modules/next/dist/next-devtools/shared/forward-logs-shared.js:44
[   39575ms] [LOG] [Fast Refresh] done in 16ms @ webpack-internal:///(app-pages-browser)/./node_modules/next/dist/next-devtools/shared/forward-logs-shared.js:44
[   39605ms] [WARNING] Error while trying to use the following icon from the Manifest: http://localhost:3000/icons/icon-192.png (Download error or resource isn't a valid image) @ http://localhost:3000/login:0
[   39621ms] [LOG] [Fast Refresh] rebuilding @ webpack-internal:///(app-pages-browser)/./node_modules/next/dist/next-devtools/shared/forward-logs-shared.js:44
[   39634ms] [LOG] [Fast Refresh] done in 13ms @ webpack-internal:///(app-pages-browser)/./node_modules/next/dist/next-devtools/shared/forward-logs-shared.js:44
[   39662ms] [WARNING] Error while trying to use the following icon from the Manifest: http://localhost:3000/icons/icon-192.png (Download error or resource isn't a valid image) @ http://localhost:3000/login:0
[   39681ms] [LOG] [Fast Refresh] rebuilding @ webpack-internal:///(app-pages-browser)/./node_modules/next/dist/next-devtools/shared/forward-logs-shared.js:44
[   39697ms] [LOG] [Fast Refresh] done in 16ms @ webpack-internal:///(app-pages-browser)/./node_modules/next/dist/next-devtools/shared/forward-logs-shared.js:44
[   39728ms] [WARNING] Error while trying to use the following icon from the Manifest: http://localhost:3000/icons/icon-192.png (Download error or resource isn't a valid image) @ http://localhost:3000/login:0
[   39745ms] [LOG] [Fast Refresh] rebuilding @ webpack-internal:///(app-pages-browser)/./node_modules/next/dist/next-devtools/shared/forward-logs-shared.js:44
[   39757ms] [LOG] [Fast Refresh] done in 12ms @ webpack-internal:///(app-pages-browser)/./node_modules/next/dist/next-devtools/shared/forward-logs-shared.js:44
[   39784ms] [WARNING] Error while trying to use the following icon from the Manifest: http://localhost:3000/icons/icon-192.png (Download error or resource isn't a valid image) @ http://localhost:3000/login:0
[   39802ms] [LOG] [Fast Refresh] rebuilding @ webpack-internal:///(app-pages-browser)/./node_modules/next/dist/next-devtools/shared/forward-logs-shared.js:44
[   39818ms] [LOG] [Fast Refresh] done in 16ms @ webpack-internal:///(app-pages-browser)/./node_modules/next/dist/next-devtools/shared/forward-logs-shared.js:44
[   39840ms] [WARNING] Error while trying to use the following icon from the Manifest: http://localhost:3000/icons/icon-192.png (Download error or resource isn't a valid image) @ http://localhost:3000/login:0
[   39863ms] [LOG] [Fast Refresh] rebuilding @ webpack-internal:///(app-pages-browser)/./node_modules/next/dist/next-devtools/shared/forward-logs-shared.js:44
[   39874ms] [LOG] [Fast Refresh] done in 12ms @ webpack-internal:///(app-pages-browser)/./node_modules/next/dist/next-devtools/shared/forward-logs-shared.js:44
[   39904ms] [WARNING] Error while trying to use the following icon from the Manifest: http://localhost:3000/icons/icon-192.png (Download error or resource isn't a valid image) @ http://localhost:3000/login:0
[   39921ms] [LOG] [Fast Refresh] rebuilding @ webpack-internal:///(app-pages-browser)/./node_modules/next/dist/next-devtools/shared/forward-logs-shared.js:44
[   39953ms] [LOG] [Fast Refresh] done in 32ms @ webpack-internal:///(app-pages-browser)/./node_modules/next/dist/next-devtools/shared/forward-logs-shared.js:44
[   39982ms] [WARNING] Error while trying to use the following icon from the Manifest: http://localhost:3000/icons/icon-192.png (Download error or resource isn't a valid image) @ http://localhost:3000/login:0
[   39999ms] [LOG] [Fast Refresh] rebuilding @ webpack-internal:///(app-pages-browser)/./node_modules/next/dist/next-devtools/shared/forward-logs-shared.js:44
[   40011ms] [LOG] [Fast Refresh] done in 12ms @ webpack-internal:///(app-pages-browser)/./node_modules/next/dist/next-devtools/shared/forward-logs-shared.js:44
[   40042ms] [WARNING] Error while trying to use the following icon from the Manifest: http://localhost:3000/icons/icon-192.png (Download error or resource isn't a valid image) @ http://localhost:3000/login:0
[   40061ms] [LOG] [Fast Refresh] rebuilding @ webpack-internal:///(app-pages-browser)/./node_modules/next/dist/next-devtools/shared/forward-logs-shared.js:44
[   40077ms] [LOG] [Fast Refresh] done in 15ms @ webpack-internal:///(app-pages-browser)/./node_modules/next/dist/next-devtools/shared/forward-logs-shared.js:44
[   40108ms] [WARNING] Error while trying to use the following icon from the Manifest: http://localhost:3000/icons/icon-192.png (Download error or resource isn't a valid image) @ http://localhost:3000/login:0
[   40125ms] [LOG] [Fast Refresh] rebuilding @ webpack-internal:///(app-pages-browser)/./node_modules/next/dist/next-devtools/shared/forward-logs-shared.js:44
[   40138ms] [LOG] [Fast Refresh] done in 12ms @ webpack-internal:///(app-pages-browser)/./node_modules/next/dist/next-devtools/shared/forward-logs-shared.js:44
[   40168ms] [WARNING] Error while trying to use the following icon from the Manifest: http://localhost:3000/icons/icon-192.png (Download error or resource isn't a valid image) @ http://localhost:3000/login:0
[   40187ms] [LOG] [Fast Refresh] rebuilding @ webpack-internal:///(app-pages-browser)/./node_modules/next/dist/next-devtools/shared/forward-logs-shared.js:44
[   40203ms] [LOG] [Fast Refresh] done in 16ms @ webpack-internal:///(app-pages-browser)/./node_modules/next/dist/next-devtools/shared/forward-logs-shared.js:44
[   40234ms] [WARNING] Error while trying to use the following icon from the Manifest: http://localhost:3000/icons/icon-192.png (Download error or resource isn't a valid image) @ http://localhost:3000/login:0
[   40251ms] [LOG] [Fast Refresh] rebuilding @ webpack-internal:///(app-pages-browser)/./node_modules/next/dist/next-devtools/shared/forward-logs-shared.js:44
[   40263ms] [LOG] [Fast Refresh] done in 12ms @ webpack-internal:///(app-pages-browser)/./node_modules/next/dist/next-devtools/shared/forward-logs-shared.js:44
[   40290ms] [WARNING] Error while trying to use the following icon from the Manifest: http://localhost:3000/icons/icon-192.png (Download error or resource isn't a valid image) @ http://localhost:3000/login:0
[   40308ms] [LOG] [Fast Refresh] rebuilding @ webpack-internal:///(app-pages-browser)/./node_modules/next/dist/next-devtools/shared/forward-logs-shared.js:44
[   40325ms] [LOG] [Fast Refresh] done in 16ms @ webpack-internal:///(app-pages-browser)/./node_modules/next/dist/next-devtools/shared/forward-logs-shared.js:44
[   40353ms] [WARNING] Error while trying to use the following icon from the Manifest: http://localhost:3000/icons/icon-192.png (Download error or resource isn't a valid image) @ http://localhost:3000/login:0
[   40370ms] [LOG] [Fast Refresh] rebuilding @ webpack-internal:///(app-pages-browser)/./node_modules/next/dist/next-devtools/shared/forward-logs-shared.js:44
[   40382ms] [LOG] [Fast Refresh] done in 12ms @ webpack-internal:///(app-pages-browser)/./node_modules/next/dist/next-devtools/shared/forward-logs-shared.js:44
[   40436ms] [LOG] [Fast Refresh] rebuilding @ webpack-internal:///(app-pages-browser)/./node_modules/next/dist/next-devtools/shared/forward-logs-shared.js:44
[   40452ms] [LOG] [Fast Refresh] done in 16ms @ webpack-internal:///(app-pages-browser)/./node_modules/next/dist/next-devtools/shared/forward-logs-shared.js:44
[   40481ms] [WARNING] Error while trying to use the following icon from the Manifest: http://localhost:3000/icons/icon-192.png (Download error or resource isn't a valid image) @ http://localhost:3000/login:0
[   40497ms] [LOG] [Fast Refresh] rebuilding @ webpack-internal:///(app-pages-browser)/./node_modules/next/dist/next-devtools/shared/forward-logs-shared.js:44
[   40509ms] [LOG] [Fast Refresh] done in 12ms @ webpack-internal:///(app-pages-browser)/./node_modules/next/dist/next-devtools/shared/forward-logs-shared.js:44
[   40538ms] [WARNING] Error while trying to use the following icon from the Manifest: http://localhost:3000/icons/icon-192.png (Download error or resource isn't a valid image) @ http://localhost:3000/login:0
[   40555ms] [LOG] [Fast Refresh] rebuilding @ webpack-internal:///(app-pages-browser)/./node_modules/next/dist/next-devtools/shared/forward-logs-shared.js:44
[   40570ms] [LOG] [Fast Refresh] done in 15ms @ webpack-internal:///(app-pages-browser)/./node_modules/next/dist/next-devtools/shared/forward-logs-shared.js:44
[   40599ms] [WARNING] Error while trying to use the following icon from the Manifest: http://localhost:3000/icons/icon-192.png (Download error or resource isn't a valid image) @ http://localhost:3000/login:0
[   40616ms] [LOG] [Fast Refresh] rebuilding @ webpack-internal:///(app-pages-browser)/./node_modules/next/dist/next-devtools/shared/forward-logs-shared.js:44
[   40628ms] [LOG] [Fast Refresh] done in 11ms @ webpack-internal:///(app-pages-browser)/./node_modules/next/dist/next-devtools/shared/forward-logs-shared.js:44
[   40658ms] [WARNING] Error while trying to use the following icon from the Manifest: http://localhost:3000/icons/icon-192.png (Download error or resource isn't a valid image) @ http://localhost:3000/login:0
[   40676ms] [LOG] [Fast Refresh] rebuilding @ webpack-internal:///(app-pages-browser)/./node_modules/next/dist/next-devtools/shared/forward-logs-shared.js:44
[   40692ms] [LOG] [Fast Refresh] done in 17ms @ webpack-internal:///(app-pages-browser)/./node_modules/next/dist/next-devtools/shared/forward-logs-shared.js:44
[   40751ms] [LOG] [Fast Refresh] rebuilding @ webpack-internal:///(app-pages-browser)/./node_modules/next/dist/next-devtools/shared/forward-logs-shared.js:44
[   40788ms] [LOG] [Fast Refresh] done in 38ms @ webpack-internal:///(app-pages-browser)/./node_modules/next/dist/next-devtools/shared/forward-logs-shared.js:44
[   40853ms] [WARNING] Error while trying to use the following icon from the Manifest: http://localhost:3000/icons/icon-192.png (Download error or resource isn't a valid image) @ http://localhost:3000/login:0
[   40869ms] [LOG] [Fast Refresh] rebuilding @ webpack-internal:///(app-pages-browser)/./node_modules/next/dist/next-devtools/shared/forward-logs-shared.js:44
[   40881ms] [LOG] [Fast Refresh] done in 11ms @ webpack-internal:///(app-pages-browser)/./node_modules/next/dist/next-devtools/shared/forward-logs-shared.js:44
[   40925ms] [LOG] [Fast Refresh] rebuilding @ webpack-internal:///(app-pages-browser)/./node_modules/next/dist/next-devtools/shared/forward-logs-shared.js:44
[   40942ms] [LOG] [Fast Refresh] done in 17ms @ webpack-internal:///(app-pages-browser)/./node_modules/next/dist/next-devtools/shared/forward-logs-shared.js:44
[   40971ms] [WARNING] Error while trying to use the following icon from the Manifest: http://localhost:3000/icons/icon-192.png (Download error or resource isn't a valid image) @ http://localhost:3000/login:0
[   40987ms] [LOG] [Fast Refresh] rebuilding @ webpack-internal:///(app-pages-browser)/./node_modules/next/dist/next-devtools/shared/forward-logs-shared.js:44
[   40999ms] [LOG] [Fast Refresh] done in 11ms @ webpack-internal:///(app-pages-browser)/./node_modules/next/dist/next-devtools/shared/forward-logs-shared.js:44
[   41026ms] [WARNING] Error while trying to use the following icon from the Manifest: http://localhost:3000/icons/icon-192.png (Download error or resource isn't a valid image) @ http://localhost:3000/login:0
[   41044ms] [LOG] [Fast Refresh] rebuilding @ webpack-internal:///(app-pages-browser)/./node_modules/next/dist/next-devtools/shared/forward-logs-shared.js:44
[   41060ms] [LOG] [Fast Refresh] done in 16ms @ webpack-internal:///(app-pages-browser)/./node_modules/next/dist/next-devtools/shared/forward-logs-shared.js:44
[   41088ms] [WARNING] Error while trying to use the following icon from the Manifest: http://localhost:3000/icons/icon-192.png (Download error or resource isn't a valid image) @ http://localhost:3000/login:0
[   41105ms] [LOG] [Fast Refresh] rebuilding @ webpack-internal:///(app-pages-browser)/./node_modules/next/dist/next-devtools/shared/forward-logs-shared.js:44
[   41117ms] [LOG] [Fast Refresh] done in 12ms @ webpack-internal:///(app-pages-browser)/./node_modules/next/dist/next-devtools/shared/forward-logs-shared.js:44
[   41145ms] [WARNING] Error while trying to use the following icon from the Manifest: http://localhost:3000/icons/icon-192.png (Download error or resource isn't a valid image) @ http://localhost:3000/login:0
[   41165ms] [LOG] [Fast Refresh] rebuilding @ webpack-internal:///(app-pages-browser)/./node_modules/next/dist/next-devtools/shared/forward-logs-shared.js:44
[   41182ms] [LOG] [Fast Refresh] done in 17ms @ webpack-internal:///(app-pages-browser)/./node_modules/next/dist/next-devtools/shared/forward-logs-shared.js:44
[   41212ms] [WARNING] Error while trying to use the following icon from the Manifest: http://localhost:3000/icons/icon-192.png (Download error or resource isn't a valid image) @ http://localhost:3000/login:0
[   41229ms] [LOG] [Fast Refresh] rebuilding @ webpack-internal:///(app-pages-browser)/./node_modules/next/dist/next-devtools/shared/forward-logs-shared.js:44
[   41241ms] [LOG] [Fast Refresh] done in 12ms @ webpack-internal:///(app-pages-browser)/./node_modules/next/dist/next-devtools/shared/forward-logs-shared.js:44
[   41272ms] [WARNING] Error while trying to use the following icon from the Manifest: http://localhost:3000/icons/icon-192.png (Download error or resource isn't a valid image) @ http://localhost:3000/login:0
[   41289ms] [LOG] [Fast Refresh] rebuilding @ webpack-internal:///(app-pages-browser)/./node_modules/next/dist/next-devtools/shared/forward-logs-shared.js:44
[   41304ms] [LOG] [Fast Refresh] done in 16ms @ webpack-internal:///(app-pages-browser)/./node_modules/next/dist/next-devtools/shared/forward-logs-shared.js:44
[   41348ms] [LOG] [Fast Refresh] rebuilding @ webpack-internal:///(app-pages-browser)/./node_modules/next/dist/next-devtools/shared/forward-logs-shared.js:44
[   41360ms] [LOG] [Fast Refresh] done in 11ms @ webpack-internal:///(app-pages-browser)/./node_modules/next/dist/next-devtools/shared/forward-logs-shared.js:44
[   41391ms] [WARNING] Error while trying to use the following icon from the Manifest: http://localhost:3000/icons/icon-192.png (Download error or resource isn't a valid image) @ http://localhost:3000/login:0
[   41408ms] [LOG] [Fast Refresh] rebuilding @ webpack-internal:///(app-pages-browser)/./node_modules/next/dist/next-devtools/shared/forward-logs-shared.js:44
[   41425ms] [LOG] [Fast Refresh] done in 16ms @ webpack-internal:///(app-pages-browser)/./node_modules/next/dist/next-devtools/shared/forward-logs-shared.js:44
[   41449ms] [WARNING] Error while trying to use the following icon from the Manifest: http://localhost:3000/icons/icon-192.png (Download error or resource isn't a valid image) @ http://localhost:3000/login:0
[   41470ms] [LOG] [Fast Refresh] rebuilding @ webpack-internal:///(app-pages-browser)/./node_modules/next/dist/next-devtools/shared/forward-logs-shared.js:44
[   41481ms] [LOG] [Fast Refresh] done in 11ms @ webpack-internal:///(app-pages-browser)/./node_modules/next/dist/next-devtools/shared/forward-logs-shared.js:44
[   41510ms] [WARNING] Error while trying to use the following icon from the Manifest: http://localhost:3000/icons/icon-192.png (Download error or resource isn't a valid image) @ http://localhost:3000/login:0
[   41527ms] [LOG] [Fast Refresh] rebuilding @ webpack-internal:///(app-pages-browser)/./node_modules/next/dist/next-devtools/shared/forward-logs-shared.js:44
[   41543ms] [LOG] [Fast Refresh] done in 16ms @ webpack-internal:///(app-pages-browser)/./node_modules/next/dist/next-devtools/shared/forward-logs-shared.js:44
[   41587ms] [LOG] [Fast Refresh] rebuilding @ webpack-internal:///(app-pages-browser)/./node_modules/next/dist/next-devtools/shared/forward-logs-shared.js:44
[   41599ms] [LOG] [Fast Refresh] done in 12ms @ webpack-internal:///(app-pages-browser)/./node_modules/next/dist/next-devtools/shared/forward-logs-shared.js:44
[   41625ms] [WARNING] Error while trying to use the following icon from the Manifest: http://localhost:3000/icons/icon-192.png (Download error or resource isn't a valid image) @ http://localhost:3000/login:0
[   41644ms] [LOG] [Fast Refresh] rebuilding @ webpack-internal:///(app-pages-browser)/./node_modules/next/dist/next-devtools/shared/forward-logs-shared.js:44
[   41660ms] [LOG] [Fast Refresh] done in 16ms @ webpack-internal:///(app-pages-browser)/./node_modules/next/dist/next-devtools/shared/forward-logs-shared.js:44
[   41691ms] [WARNING] Error while trying to use the following icon from the Manifest: http://localhost:3000/icons/icon-192.png (Download error or resource isn't a valid image) @ http://localhost:3000/login:0
[   41707ms] [LOG] [Fast Refresh] rebuilding @ webpack-internal:///(app-pages-browser)/./node_modules/next/dist/next-devtools/shared/forward-logs-shared.js:44
[   41718ms] [LOG] [Fast Refresh] done in 12ms @ webpack-internal:///(app-pages-browser)/./node_modules/next/dist/next-devtools/shared/forward-logs-shared.js:44
[   41746ms] [WARNING] Error while trying to use the following icon from the Manifest: http://localhost:3000/icons/icon-192.png (Download error or resource isn't a valid image) @ http://localhost:3000/login:0
[   41763ms] [LOG] [Fast Refresh] rebuilding @ webpack-internal:///(app-pages-browser)/./node_modules/next/dist/next-devtools/shared/forward-logs-shared.js:44
[   41781ms] [LOG] [Fast Refresh] done in 17ms @ webpack-internal:///(app-pages-browser)/./node_modules/next/dist/next-devtools/shared/forward-logs-shared.js:44
[   41809ms] [WARNING] Error while trying to use the following icon from the Manifest: http://localhost:3000/icons/icon-192.png (Download error or resource isn't a valid image) @ http://localhost:3000/login:0
[   41826ms] [LOG] [Fast Refresh] rebuilding @ webpack-internal:///(app-pages-browser)/./node_modules/next/dist/next-devtools/shared/forward-logs-shared.js:44
[   41838ms] [LOG] [Fast Refresh] done in 12ms @ webpack-internal:///(app-pages-browser)/./node_modules/next/dist/next-devtools/shared/forward-logs-shared.js:44
[   41869ms] [WARNING] Error while trying to use the following icon from the Manifest: http://localhost:3000/icons/icon-192.png (Download error or resource isn't a valid image) @ http://localhost:3000/login:0
[   41888ms] [LOG] [Fast Refresh] rebuilding @ webpack-internal:///(app-pages-browser)/./node_modules/next/dist/next-devtools/shared/forward-logs-shared.js:44
[   41905ms] [LOG] [Fast Refresh] done in 16ms @ webpack-internal:///(app-pages-browser)/./node_modules/next/dist/next-devtools/shared/forward-logs-shared.js:44
[   41933ms] [WARNING] Error while trying to use the following icon from the Manifest: http://localhost:3000/icons/icon-192.png (Download error or resource isn't a valid image) @ http://localhost:3000/login:0
[   41950ms] [LOG] [Fast Refresh] rebuilding @ webpack-internal:///(app-pages-browser)/./node_modules/next/dist/next-devtools/shared/forward-logs-shared.js:44
[   41962ms] [LOG] [Fast Refresh] done in 12ms @ webpack-internal:///(app-pages-browser)/./node_modules/next/dist/next-devtools/shared/forward-logs-shared.js:44
[   41992ms] [WARNING] Error while trying to use the following icon from the Manifest: http://localhost:3000/icons/icon-192.png (Download error or resource isn't a valid image) @ http://localhost:3000/login:0
[   42009ms] [LOG] [Fast Refresh] rebuilding @ webpack-internal:///(app-pages-browser)/./node_modules/next/dist/next-devtools/shared/forward-logs-shared.js:44
[   42025ms] [LOG] [Fast Refresh] done in 17ms @ webpack-internal:///(app-pages-browser)/./node_modules/next/dist/next-devtools/shared/forward-logs-shared.js:44
[   42054ms] [WARNING] Error while trying to use the following icon from the Manifest: http://localhost:3000/icons/icon-192.png (Download error or resource isn't a valid image) @ http://localhost:3000/login:0
[   42070ms] [LOG] [Fast Refresh] rebuilding @ webpack-internal:///(app-pages-browser)/./node_modules/next/dist/next-devtools/shared/forward-logs-shared.js:44
[   42082ms] [LOG] [Fast Refresh] done in 12ms @ webpack-internal:///(app-pages-browser)/./node_modules/next/dist/next-devtools/shared/forward-logs-shared.js:44
[   42109ms] [WARNING] Error while trying to use the following icon from the Manifest: http://localhost:3000/icons/icon-192.png (Download error or resource isn't a valid image) @ http://localhost:3000/login:0
[   42126ms] [LOG] [Fast Refresh] rebuilding @ webpack-internal:///(app-pages-browser)/./node_modules/next/dist/next-devtools/shared/forward-logs-shared.js:44
[   42149ms] [LOG] [Fast Refresh] done in 23ms @ webpack-internal:///(app-pages-browser)/./node_modules/next/dist/next-devtools/shared/forward-logs-shared.js:44
[   42193ms] [LOG] [Fast Refresh] rebuilding @ webpack-internal:///(app-pages-browser)/./node_modules/next/dist/next-devtools/shared/forward-logs-shared.js:44
[   42206ms] [LOG] [Fast Refresh] done in 13ms @ webpack-internal:///(app-pages-browser)/./node_modules/next/dist/next-devtools/shared/forward-logs-shared.js:44
[   42249ms] [WARNING] Error while trying to use the following icon from the Manifest: http://localhost:3000/icons/icon-192.png (Download error or resource isn't a valid image) @ http://localhost:3000/login:0
[   42269ms] [LOG] [Fast Refresh] rebuilding @ webpack-internal:///(app-pages-browser)/./node_modules/next/dist/next-devtools/shared/forward-logs-shared.js:44
[   42285ms] [LOG] [Fast Refresh] done in 17ms @ webpack-internal:///(app-pages-browser)/./node_modules/next/dist/next-devtools/shared/forward-logs-shared.js:44
[   42316ms] [WARNING] Error while trying to use the following icon from the Manifest: http://localhost:3000/icons/icon-192.png (Download error or resource isn't a valid image) @ http://localhost:3000/login:0
[   42333ms] [LOG] [Fast Refresh] rebuilding @ webpack-internal:///(app-pages-browser)/./node_modules/next/dist/next-devtools/shared/forward-logs-shared.js:44
[   42346ms] [LOG] [Fast Refresh] done in 12ms @ webpack-internal:///(app-pages-browser)/./node_modules/next/dist/next-devtools/shared/forward-logs-shared.js:44
[   42374ms] [WARNING] Error while trying to use the following icon from the Manifest: http://localhost:3000/icons/icon-192.png (Download error or resource isn't a valid image) @ http://localhost:3000/login:0
[   42392ms] [LOG] [Fast Refresh] rebuilding @ webpack-internal:///(app-pages-browser)/./node_modules/next/dist/next-devtools/shared/forward-logs-shared.js:44
[   42408ms] [LOG] [Fast Refresh] done in 16ms @ webpack-internal:///(app-pages-browser)/./node_modules/next/dist/next-devtools/shared/forward-logs-shared.js:44
[   42432ms] [WARNING] Error while trying to use the following icon from the Manifest: http://localhost:3000/icons/icon-192.png (Download error or resource isn't a valid image) @ http://localhost:3000/login:0
[   42452ms] [LOG] [Fast Refresh] rebuilding @ webpack-internal:///(app-pages-browser)/./node_modules/next/dist/next-devtools/shared/forward-logs-shared.js:44
[   42470ms] [LOG] [Fast Refresh] done in 18ms @ webpack-internal:///(app-pages-browser)/./node_modules/next/dist/next-devtools/shared/forward-logs-shared.js:44
[   43026ms] [WARNING] Error while trying to use the following icon from the Manifest: http://localhost:3000/icons/icon-192.png (Download error or resource isn't a valid image) @ http://localhost:3000/login:0
[   43066ms] [LOG] [Fast Refresh] rebuilding @ webpack-internal:///(app-pages-browser)/./node_modules/next/dist/next-devtools/shared/forward-logs-shared.js:44
[   43083ms] [LOG] [Fast Refresh] done in 17ms @ webpack-internal:///(app-pages-browser)/./node_modules/next/dist/next-devtools/shared/forward-logs-shared.js:44
[   43113ms] [WARNING] Error while trying to use the following icon from the Manifest: http://localhost:3000/icons/icon-192.png (Download error or resource isn't a valid image) @ http://localhost:3000/login:0
[   43139ms] [LOG] [Fast Refresh] rebuilding @ webpack-internal:///(app-pages-browser)/./node_modules/next/dist/next-devtools/shared/forward-logs-shared.js:44
[   43158ms] [LOG] [Fast Refresh] done in 18ms @ webpack-internal:///(app-pages-browser)/./node_modules/next/dist/next-devtools/shared/forward-logs-shared.js:44
[   43210ms] [WARNING] Error while trying to use the following icon from the Manifest: http://localhost:3000/icons/icon-192.png (Download error or resource isn't a valid image) @ http://localhost:3000/login:0
[   43213ms] [LOG] [Fast Refresh] rebuilding @ webpack-internal:///(app-pages-browser)/./node_modules/next/dist/next-devtools/shared/forward-logs-shared.js:44
[   43225ms] [LOG] [Fast Refresh] done in 12ms @ webpack-internal:///(app-pages-browser)/./node_modules/next/dist/next-devtools/shared/forward-logs-shared.js:44
[   43255ms] [WARNING] Error while trying to use the following icon from the Manifest: http://localhost:3000/icons/icon-192.png (Download error or resource isn't a valid image) @ http://localhost:3000/login:0
[   43272ms] [LOG] [Fast Refresh] rebuilding @ webpack-internal:///(app-pages-browser)/./node_modules/next/dist/next-devtools/shared/forward-logs-shared.js:44
[   43288ms] [LOG] [Fast Refresh] done in 15ms @ webpack-internal:///(app-pages-browser)/./node_modules/next/dist/next-devtools/shared/forward-logs-shared.js:44
[   43316ms] [WARNING] Error while trying to use the following icon from the Manifest: http://localhost:3000/icons/icon-192.png (Download error or resource isn't a valid image) @ http://localhost:3000/login:0
[   43334ms] [LOG] [Fast Refresh] rebuilding @ webpack-internal:///(app-pages-browser)/./node_modules/next/dist/next-devtools/shared/forward-logs-shared.js:44
[   43346ms] [LOG] [Fast Refresh] done in 12ms @ webpack-internal:///(app-pages-browser)/./node_modules/next/dist/next-devtools/shared/forward-logs-shared.js:44
[   43375ms] [WARNING] Error while trying to use the following icon from the Manifest: http://localhost:3000/icons/icon-192.png (Download error or resource isn't a valid image) @ http://localhost:3000/login:0
[   43393ms] [LOG] [Fast Refresh] rebuilding @ webpack-internal:///(app-pages-browser)/./node_modules/next/dist/next-devtools/shared/forward-logs-shared.js:44
[   43409ms] [LOG] [Fast Refresh] done in 16ms @ webpack-internal:///(app-pages-browser)/./node_modules/next/dist/next-devtools/shared/forward-logs-shared.js:44
[   43440ms] [WARNING] Error while trying to use the following icon from the Manifest: http://localhost:3000/icons/icon-192.png (Download error or resource isn't a valid image) @ http://localhost:3000/login:0
[   43458ms] [LOG] [Fast Refresh] rebuilding @ webpack-internal:///(app-pages-browser)/./node_modules/next/dist/next-devtools/shared/forward-logs-shared.js:44
[   43469ms] [LOG] [Fast Refresh] done in 12ms @ webpack-internal:///(app-pages-browser)/./node_modules/next/dist/next-devtools/shared/forward-logs-shared.js:44
[   43497ms] [WARNING] Error while trying to use the following icon from the Manifest: http://localhost:3000/icons/icon-192.png (Download error or resource isn't a valid image) @ http://localhost:3000/login:0
[   43516ms] [LOG] [Fast Refresh] rebuilding @ webpack-internal:///(app-pages-browser)/./node_modules/next/dist/next-devtools/shared/forward-logs-shared.js:44
[   43531ms] [LOG] [Fast Refresh] done in 15ms @ webpack-internal:///(app-pages-browser)/./node_modules/next/dist/next-devtools/shared/forward-logs-shared.js:44
[   43562ms] [WARNING] Error while trying to use the following icon from the Manifest: http://localhost:3000/icons/icon-192.png (Download error or resource isn't a valid image) @ http://localhost:3000/login:0
[   43579ms] [LOG] [Fast Refresh] rebuilding @ webpack-internal:///(app-pages-browser)/./node_modules/next/dist/next-devtools/shared/forward-logs-shared.js:44
[   43590ms] [LOG] [Fast Refresh] done in 12ms @ webpack-internal:///(app-pages-browser)/./node_modules/next/dist/next-devtools/shared/forward-logs-shared.js:44
[   43622ms] [WARNING] Error while trying to use the following icon from the Manifest: http://localhost:3000/icons/icon-192.png (Download error or resource isn't a valid image) @ http://localhost:3000/login:0
[   43639ms] [LOG] [Fast Refresh] rebuilding @ webpack-internal:///(app-pages-browser)/./node_modules/next/dist/next-devtools/shared/forward-logs-shared.js:44
[   43655ms] [LOG] [Fast Refresh] done in 16ms @ webpack-internal:///(app-pages-browser)/./node_modules/next/dist/next-devtools/shared/forward-logs-shared.js:44
[   43685ms] [WARNING] Error while trying to use the following icon from the Manifest: http://localhost:3000/icons/icon-192.png (Download error or resource isn't a valid image) @ http://localhost:3000/login:0
[   43703ms] [LOG] [Fast Refresh] rebuilding @ webpack-internal:///(app-pages-browser)/./node_modules/next/dist/next-devtools/shared/forward-logs-shared.js:44
[   43714ms] [LOG] [Fast Refresh] done in 11ms @ webpack-internal:///(app-pages-browser)/./node_modules/next/dist/next-devtools/shared/forward-logs-shared.js:44
[   43744ms] [WARNING] Error while trying to use the following icon from the Manifest: http://localhost:3000/icons/icon-192.png (Download error or resource isn't a valid image) @ http://localhost:3000/login:0
[   43762ms] [LOG] [Fast Refresh] rebuilding @ webpack-internal:///(app-pages-browser)/./node_modules/next/dist/next-devtools/shared/forward-logs-shared.js:44
[   43777ms] [LOG] [Fast Refresh] done in 15ms @ webpack-internal:///(app-pages-browser)/./node_modules/next/dist/next-devtools/shared/forward-logs-shared.js:44
[   43807ms] [WARNING] Error while trying to use the following icon from the Manifest: http://localhost:3000/icons/icon-192.png (Download error or resource isn't a valid image) @ http://localhost:3000/login:0
[   43825ms] [LOG] [Fast Refresh] rebuilding @ webpack-internal:///(app-pages-browser)/./node_modules/next/dist/next-devtools/shared/forward-logs-shared.js:44
[   43837ms] [LOG] [Fast Refresh] done in 12ms @ webpack-internal:///(app-pages-browser)/./node_modules/next/dist/next-devtools/shared/forward-logs-shared.js:44
[   43864ms] [WARNING] Error while trying to use the following icon from the Manifest: http://localhost:3000/icons/icon-192.png (Download error or resource isn't a valid image) @ http://localhost:3000/login:0
[   43882ms] [LOG] [Fast Refresh] rebuilding @ webpack-internal:///(app-pages-browser)/./node_modules/next/dist/next-devtools/shared/forward-logs-shared.js:44
[   43897ms] [LOG] [Fast Refresh] done in 15ms @ webpack-internal:///(app-pages-browser)/./node_modules/next/dist/next-devtools/shared/forward-logs-shared.js:44
[   43928ms] [WARNING] Error while trying to use the following icon from the Manifest: http://localhost:3000/icons/icon-192.png (Download error or resource isn't a valid image) @ http://localhost:3000/login:0
[   43945ms] [LOG] [Fast Refresh] rebuilding @ webpack-internal:///(app-pages-browser)/./node_modules/next/dist/next-devtools/shared/forward-logs-shared.js:44
[   43955ms] [LOG] [Fast Refresh] done in 10ms @ webpack-internal:///(app-pages-browser)/./node_modules/next/dist/next-devtools/shared/forward-logs-shared.js:44
[   43962ms] [WARNING] Error while trying to use the following icon from the Manifest: http://localhost:3000/icons/icon-192.png (Download error or resource isn't a valid image) @ http://localhost:3000/login:0
[   44003ms] [LOG] [Fast Refresh] rebuilding @ webpack-internal:///(app-pages-browser)/./node_modules/next/dist/next-devtools/shared/forward-logs-shared.js:44
[   44018ms] [LOG] [Fast Refresh] done in 16ms @ webpack-internal:///(app-pages-browser)/./node_modules/next/dist/next-devtools/shared/forward-logs-shared.js:44
[   44045ms] [WARNING] Error while trying to use the following icon from the Manifest: http://localhost:3000/icons/icon-192.png (Download error or resource isn't a valid image) @ http://localhost:3000/login:0
[   44062ms] [LOG] [Fast Refresh] rebuilding @ webpack-internal:///(app-pages-browser)/./node_modules/next/dist/next-devtools/shared/forward-logs-shared.js:44
[   44074ms] [LOG] [Fast Refresh] done in 12ms @ webpack-internal:///(app-pages-browser)/./node_modules/next/dist/next-devtools/shared/forward-logs-shared.js:44
[   44105ms] [WARNING] Error while trying to use the following icon from the Manifest: http://localhost:3000/icons/icon-192.png (Download error or resource isn't a valid image) @ http://localhost:3000/login:0
[   44123ms] [LOG] [Fast Refresh] rebuilding @ webpack-internal:///(app-pages-browser)/./node_modules/next/dist/next-devtools/shared/forward-logs-shared.js:44
[   44138ms] [LOG] [Fast Refresh] done in 15ms @ webpack-internal:///(app-pages-browser)/./node_modules/next/dist/next-devtools/shared/forward-logs-shared.js:44
[   44166ms] [WARNING] Error while trying to use the following icon from the Manifest: http://localhost:3000/icons/icon-192.png (Download error or resource isn't a valid image) @ http://localhost:3000/login:0
[   44184ms] [LOG] [Fast Refresh] rebuilding @ webpack-internal:///(app-pages-browser)/./node_modules/next/dist/next-devtools/shared/forward-logs-shared.js:44
[   44197ms] [LOG] [Fast Refresh] done in 12ms @ webpack-internal:///(app-pages-browser)/./node_modules/next/dist/next-devtools/shared/forward-logs-shared.js:44
[   44224ms] [WARNING] Error while trying to use the following icon from the Manifest: http://localhost:3000/icons/icon-192.png (Download error or resource isn't a valid image) @ http://localhost:3000/login:0
[   44242ms] [LOG] [Fast Refresh] rebuilding @ webpack-internal:///(app-pages-browser)/./node_modules/next/dist/next-devtools/shared/forward-logs-shared.js:44
[   44258ms] [LOG] [Fast Refresh] done in 16ms @ webpack-internal:///(app-pages-browser)/./node_modules/next/dist/next-devtools/shared/forward-logs-shared.js:44
[   44288ms] [WARNING] Error while trying to use the following icon from the Manifest: http://localhost:3000/icons/icon-192.png (Download error or resource isn't a valid image) @ http://localhost:3000/login:0
[   44306ms] [LOG] [Fast Refresh] rebuilding @ webpack-internal:///(app-pages-browser)/./node_modules/next/dist/next-devtools/shared/forward-logs-shared.js:44
[   44317ms] [LOG] [Fast Refresh] done in 12ms @ webpack-internal:///(app-pages-browser)/./node_modules/next/dist/next-devtools/shared/forward-logs-shared.js:44
[   44345ms] [WARNING] Error while trying to use the following icon from the Manifest: http://localhost:3000/icons/icon-192.png (Download error or resource isn't a valid image) @ http://localhost:3000/login:0
[   44362ms] [LOG] [Fast Refresh] rebuilding @ webpack-internal:///(app-pages-browser)/./node_modules/next/dist/next-devtools/shared/forward-logs-shared.js:44
[   44377ms] [LOG] [Fast Refresh] done in 16ms @ webpack-internal:///(app-pages-browser)/./node_modules/next/dist/next-devtools/shared/forward-logs-shared.js:44
[   44407ms] [WARNING] Error while trying to use the following icon from the Manifest: http://localhost:3000/icons/icon-192.png (Download error or resource isn't a valid image) @ http://localhost:3000/login:0
[   44425ms] [LOG] [Fast Refresh] rebuilding @ webpack-internal:///(app-pages-browser)/./node_modules/next/dist/next-devtools/shared/forward-logs-shared.js:44
[   44437ms] [LOG] [Fast Refresh] done in 12ms @ webpack-internal:///(app-pages-browser)/./node_modules/next/dist/next-devtools/shared/forward-logs-shared.js:44
[   44465ms] [WARNING] Error while trying to use the following icon from the Manifest: http://localhost:3000/icons/icon-192.png (Download error or resource isn't a valid image) @ http://localhost:3000/login:0
[   44482ms] [LOG] [Fast Refresh] rebuilding @ webpack-internal:///(app-pages-browser)/./node_modules/next/dist/next-devtools/shared/forward-logs-shared.js:44
[   44497ms] [LOG] [Fast Refresh] done in 15ms @ webpack-internal:///(app-pages-browser)/./node_modules/next/dist/next-devtools/shared/forward-logs-shared.js:44
[   44522ms] [WARNING] Error while trying to use the following icon from the Manifest: http://localhost:3000/icons/icon-192.png (Download error or resource isn't a valid image) @ http://localhost:3000/login:0
[   44544ms] [LOG] [Fast Refresh] rebuilding @ webpack-internal:///(app-pages-browser)/./node_modules/next/dist/next-devtools/shared/forward-logs-shared.js:44
[   44555ms] [LOG] [Fast Refresh] done in 12ms @ webpack-internal:///(app-pages-browser)/./node_modules/next/dist/next-devtools/shared/forward-logs-shared.js:44
[   44583ms] [WARNING] Error while trying to use the following icon from the Manifest: http://localhost:3000/icons/icon-192.png (Download error or resource isn't a valid image) @ http://localhost:3000/login:0
[   44601ms] [LOG] [Fast Refresh] rebuilding @ webpack-internal:///(app-pages-browser)/./node_modules/next/dist/next-devtools/shared/forward-logs-shared.js:44
[   44617ms] [LOG] [Fast Refresh] done in 15ms @ webpack-internal:///(app-pages-browser)/./node_modules/next/dist/next-devtools/shared/forward-logs-shared.js:44
[   44640ms] [WARNING] Error while trying to use the following icon from the Manifest: http://localhost:3000/icons/icon-192.png (Download error or resource isn't a valid image) @ http://localhost:3000/login:0
[   44663ms] [LOG] [Fast Refresh] rebuilding @ webpack-internal:///(app-pages-browser)/./node_modules/next/dist/next-devtools/shared/forward-logs-shared.js:44
[   44674ms] [LOG] [Fast Refresh] done in 12ms @ webpack-internal:///(app-pages-browser)/./node_modules/next/dist/next-devtools/shared/forward-logs-shared.js:44
[   44705ms] [WARNING] Error while trying to use the following icon from the Manifest: http://localhost:3000/icons/icon-192.png (Download error or resource isn't a valid image) @ http://localhost:3000/login:0
[   44722ms] [LOG] [Fast Refresh] rebuilding @ webpack-internal:///(app-pages-browser)/./node_modules/next/dist/next-devtools/shared/forward-logs-shared.js:44
[   44737ms] [LOG] [Fast Refresh] done in 15ms @ webpack-internal:///(app-pages-browser)/./node_modules/next/dist/next-devtools/shared/forward-logs-shared.js:44
[   44765ms] [WARNING] Error while trying to use the following icon from the Manifest: http://localhost:3000/icons/icon-192.png (Download error or resource isn't a valid image) @ http://localhost:3000/login:0
[   44782ms] [LOG] [Fast Refresh] rebuilding @ webpack-internal:///(app-pages-browser)/./node_modules/next/dist/next-devtools/shared/forward-logs-shared.js:44
[   44793ms] [LOG] [Fast Refresh] done in 11ms @ webpack-internal:///(app-pages-browser)/./node_modules/next/dist/next-devtools/shared/forward-logs-shared.js:44
[   44822ms] [WARNING] Error while trying to use the following icon from the Manifest: http://localhost:3000/icons/icon-192.png (Download error or resource isn't a valid image) @ http://localhost:3000/login:0
[   44839ms] [LOG] [Fast Refresh] rebuilding @ webpack-internal:///(app-pages-browser)/./node_modules/next/dist/next-devtools/shared/forward-logs-shared.js:44
[   44854ms] [LOG] [Fast Refresh] done in 15ms @ webpack-internal:///(app-pages-browser)/./node_modules/next/dist/next-devtools/shared/forward-logs-shared.js:44
[   44881ms] [WARNING] Error while trying to use the following icon from the Manifest: http://localhost:3000/icons/icon-192.png (Download error or resource isn't a valid image) @ http://localhost:3000/login:0
[   44898ms] [LOG] [Fast Refresh] rebuilding @ webpack-internal:///(app-pages-browser)/./node_modules/next/dist/next-devtools/shared/forward-logs-shared.js:44
[   44909ms] [LOG] [Fast Refresh] done in 11ms @ webpack-internal:///(app-pages-browser)/./node_modules/next/dist/next-devtools/shared/forward-logs-shared.js:44
[   44939ms] [WARNING] Error while trying to use the following icon from the Manifest: http://localhost:3000/icons/icon-192.png (Download error or resource isn't a valid image) @ http://localhost:3000/login:0
[   44956ms] [LOG] [Fast Refresh] rebuilding @ webpack-internal:///(app-pages-browser)/./node_modules/next/dist/next-devtools/shared/forward-logs-shared.js:44
[   44972ms] [LOG] [Fast Refresh] done in 16ms @ webpack-internal:///(app-pages-browser)/./node_modules/next/dist/next-devtools/shared/forward-logs-shared.js:44
[   45000ms] [WARNING] Error while trying to use the following icon from the Manifest: http://localhost:3000/icons/icon-192.png (Download error or resource isn't a valid image) @ http://localhost:3000/login:0
[   45017ms] [LOG] [Fast Refresh] rebuilding @ webpack-internal:///(app-pages-browser)/./node_modules/next/dist/next-devtools/shared/forward-logs-shared.js:44
[   45029ms] [LOG] [Fast Refresh] done in 11ms @ webpack-internal:///(app-pages-browser)/./node_modules/next/dist/next-devtools/shared/forward-logs-shared.js:44
[   45055ms] [WARNING] Error while trying to use the following icon from the Manifest: http://localhost:3000/icons/icon-192.png (Download error or resource isn't a valid image) @ http://localhost:3000/login:0
[   45074ms] [LOG] [Fast Refresh] rebuilding @ webpack-internal:///(app-pages-browser)/./node_modules/next/dist/next-devtools/shared/forward-logs-shared.js:44
[   45089ms] [LOG] [Fast Refresh] done in 15ms @ webpack-internal:///(app-pages-browser)/./node_modules/next/dist/next-devtools/shared/forward-logs-shared.js:44
[   45117ms] [WARNING] Error while trying to use the following icon from the Manifest: http://localhost:3000/icons/icon-192.png (Download error or resource isn't a valid image) @ http://localhost:3000/login:0
[   45134ms] [LOG] [Fast Refresh] rebuilding @ webpack-internal:///(app-pages-browser)/./node_modules/next/dist/next-devtools/shared/forward-logs-shared.js:44
[   45146ms] [LOG] [Fast Refresh] done in 11ms @ webpack-internal:///(app-pages-browser)/./node_modules/next/dist/next-devtools/shared/forward-logs-shared.js:44
[   45192ms] [LOG] [Fast Refresh] rebuilding @ webpack-internal:///(app-pages-browser)/./node_modules/next/dist/next-devtools/shared/forward-logs-shared.js:44
[   45208ms] [LOG] [Fast Refresh] done in 16ms @ webpack-internal:///(app-pages-browser)/./node_modules/next/dist/next-devtools/shared/forward-logs-shared.js:44
[   45231ms] [WARNING] Error while trying to use the following icon from the Manifest: http://localhost:3000/icons/icon-192.png (Download error or resource isn't a valid image) @ http://localhost:3000/login:0
[   45256ms] [LOG] [Fast Refresh] rebuilding @ webpack-internal:///(app-pages-browser)/./node_modules/next/dist/next-devtools/shared/forward-logs-shared.js:44
[   45268ms] [LOG] [Fast Refresh] done in 12ms @ webpack-internal:///(app-pages-browser)/./node_modules/next/dist/next-devtools/shared/forward-logs-shared.js:44
[   45298ms] [WARNING] Error while trying to use the following icon from the Manifest: http://localhost:3000/icons/icon-192.png (Download error or resource isn't a valid image) @ http://localhost:3000/login:0
[   45317ms] [LOG] [Fast Refresh] rebuilding @ webpack-internal:///(app-pages-browser)/./node_modules/next/dist/next-devtools/shared/forward-logs-shared.js:44
[   45331ms] [LOG] [Fast Refresh] done in 15ms @ webpack-internal:///(app-pages-browser)/./node_modules/next/dist/next-devtools/shared/forward-logs-shared.js:44
[   45360ms] [WARNING] Error while trying to use the following icon from the Manifest: http://localhost:3000/icons/icon-192.png (Download error or resource isn't a valid image) @ http://localhost:3000/login:0
[   45376ms] [LOG] [Fast Refresh] rebuilding @ webpack-internal:///(app-pages-browser)/./node_modules/next/dist/next-devtools/shared/forward-logs-shared.js:44
[   45388ms] [LOG] [Fast Refresh] done in 11ms @ webpack-internal:///(app-pages-browser)/./node_modules/next/dist/next-devtools/shared/forward-logs-shared.js:44
[   45415ms] [WARNING] Error while trying to use the following icon from the Manifest: http://localhost:3000/icons/icon-192.png (Download error or resource isn't a valid image) @ http://localhost:3000/login:0
[   45433ms] [LOG] [Fast Refresh] rebuilding @ webpack-internal:///(app-pages-browser)/./node_modules/next/dist/next-devtools/shared/forward-logs-shared.js:44
[   45449ms] [LOG] [Fast Refresh] done in 16ms @ webpack-internal:///(app-pages-browser)/./node_modules/next/dist/next-devtools/shared/forward-logs-shared.js:44
[   45478ms] [WARNING] Error while trying to use the following icon from the Manifest: http://localhost:3000/icons/icon-192.png (Download error or resource isn't a valid image) @ http://localhost:3000/login:0
[   45496ms] [LOG] [Fast Refresh] rebuilding @ webpack-internal:///(app-pages-browser)/./node_modules/next/dist/next-devtools/shared/forward-logs-shared.js:44
[   45507ms] [LOG] [Fast Refresh] done in 12ms @ webpack-internal:///(app-pages-browser)/./node_modules/next/dist/next-devtools/shared/forward-logs-shared.js:44
[   45536ms] [WARNING] Error while trying to use the following icon from the Manifest: http://localhost:3000/icons/icon-192.png (Download error or resource isn't a valid image) @ http://localhost:3000/login:0
[   45554ms] [LOG] [Fast Refresh] rebuilding @ webpack-internal:///(app-pages-browser)/./node_modules/next/dist/next-devtools/shared/forward-logs-shared.js:44
[   45569ms] [LOG] [Fast Refresh] done in 14ms @ webpack-internal:///(app-pages-browser)/./node_modules/next/dist/next-devtools/shared/forward-logs-shared.js:44
[   45592ms] [WARNING] Error while trying to use the following icon from the Manifest: http://localhost:3000/icons/icon-192.png (Download error or resource isn't a valid image) @ http://localhost:3000/login:0
[   45614ms] [LOG] [Fast Refresh] rebuilding @ webpack-internal:///(app-pages-browser)/./node_modules/next/dist/next-devtools/shared/forward-logs-shared.js:44
[   45625ms] [LOG] [Fast Refresh] done in 12ms @ webpack-internal:///(app-pages-browser)/./node_modules/next/dist/next-devtools/shared/forward-logs-shared.js:44
[   45671ms] [LOG] [Fast Refresh] rebuilding @ webpack-internal:///(app-pages-browser)/./node_modules/next/dist/next-devtools/shared/forward-logs-shared.js:44
[   45686ms] [LOG] [Fast Refresh] done in 15ms @ webpack-internal:///(app-pages-browser)/./node_modules/next/dist/next-devtools/shared/forward-logs-shared.js:44
[   45716ms] [WARNING] Error while trying to use the following icon from the Manifest: http://localhost:3000/icons/icon-192.png (Download error or resource isn't a valid image) @ http://localhost:3000/login:0
[   45732ms] [LOG] [Fast Refresh] rebuilding @ webpack-internal:///(app-pages-browser)/./node_modules/next/dist/next-devtools/shared/forward-logs-shared.js:44
[   45743ms] [LOG] [Fast Refresh] done in 12ms @ webpack-internal:///(app-pages-browser)/./node_modules/next/dist/next-devtools/shared/forward-logs-shared.js:44
[   45772ms] [WARNING] Error while trying to use the following icon from the Manifest: http://localhost:3000/icons/icon-192.png (Download error or resource isn't a valid image) @ http://localhost:3000/login:0
[   45789ms] [LOG] [Fast Refresh] rebuilding @ webpack-internal:///(app-pages-browser)/./node_modules/next/dist/next-devtools/shared/forward-logs-shared.js:44
[   45804ms] [LOG] [Fast Refresh] done in 15ms @ webpack-internal:///(app-pages-browser)/./node_modules/next/dist/next-devtools/shared/forward-logs-shared.js:44
[   45834ms] [WARNING] Error while trying to use the following icon from the Manifest: http://localhost:3000/icons/icon-192.png (Download error or resource isn't a valid image) @ http://localhost:3000/login:0
[   45850ms] [LOG] [Fast Refresh] rebuilding @ webpack-internal:///(app-pages-browser)/./node_modules/next/dist/next-devtools/shared/forward-logs-shared.js:44
[   45862ms] [LOG] [Fast Refresh] done in 12ms @ webpack-internal:///(app-pages-browser)/./node_modules/next/dist/next-devtools/shared/forward-logs-shared.js:44
[   45889ms] [WARNING] Error while trying to use the following icon from the Manifest: http://localhost:3000/icons/icon-192.png (Download error or resource isn't a valid image) @ http://localhost:3000/login:0
[   45906ms] [LOG] [Fast Refresh] rebuilding @ webpack-internal:///(app-pages-browser)/./node_modules/next/dist/next-devtools/shared/forward-logs-shared.js:44
[   45921ms] [LOG] [Fast Refresh] done in 15ms @ webpack-internal:///(app-pages-browser)/./node_modules/next/dist/next-devtools/shared/forward-logs-shared.js:44
[   45963ms] [LOG] [Fast Refresh] rebuilding @ webpack-internal:///(app-pages-browser)/./node_modules/next/dist/next-devtools/shared/forward-logs-shared.js:44
[   45975ms] [LOG] [Fast Refresh] done in 12ms @ webpack-internal:///(app-pages-browser)/./node_modules/next/dist/next-devtools/shared/forward-logs-shared.js:44
[   46003ms] [WARNING] Error while trying to use the following icon from the Manifest: http://localhost:3000/icons/icon-192.png (Download error or resource isn't a valid image) @ http://localhost:3000/login:0
[   46020ms] [LOG] [Fast Refresh] rebuilding @ webpack-internal:///(app-pages-browser)/./node_modules/next/dist/next-devtools/shared/forward-logs-shared.js:44
[   46035ms] [LOG] [Fast Refresh] done in 15ms @ webpack-internal:///(app-pages-browser)/./node_modules/next/dist/next-devtools/shared/forward-logs-shared.js:44
[   46064ms] [WARNING] Error while trying to use the following icon from the Manifest: http://localhost:3000/icons/icon-192.png (Download error or resource isn't a valid image) @ http://localhost:3000/login:0
[   46080ms] [LOG] [Fast Refresh] rebuilding @ webpack-internal:///(app-pages-browser)/./node_modules/next/dist/next-devtools/shared/forward-logs-shared.js:44
[   46091ms] [LOG] [Fast Refresh] done in 11ms @ webpack-internal:///(app-pages-browser)/./node_modules/next/dist/next-devtools/shared/forward-logs-shared.js:44
[   46120ms] [WARNING] Error while trying to use the following icon from the Manifest: http://localhost:3000/icons/icon-192.png (Download error or resource isn't a valid image) @ http://localhost:3000/login:0
[   46137ms] [LOG] [Fast Refresh] rebuilding @ webpack-internal:///(app-pages-browser)/./node_modules/next/dist/next-devtools/shared/forward-logs-shared.js:44
[   46153ms] [LOG] [Fast Refresh] done in 16ms @ webpack-internal:///(app-pages-browser)/./node_modules/next/dist/next-devtools/shared/forward-logs-shared.js:44
[   46198ms] [LOG] [Fast Refresh] rebuilding @ webpack-internal:///(app-pages-browser)/./node_modules/next/dist/next-devtools/shared/forward-logs-shared.js:44
[   46212ms] [LOG] [Fast Refresh] done in 13ms @ webpack-internal:///(app-pages-browser)/./node_modules/next/dist/next-devtools/shared/forward-logs-shared.js:44
[   46269ms] [WARNING] Error while trying to use the following icon from the Manifest: http://localhost:3000/icons/icon-192.png (Download error or resource isn't a valid image) @ http://localhost:3000/login:0
[   46272ms] [LOG] [Fast Refresh] rebuilding @ webpack-internal:///(app-pages-browser)/./node_modules/next/dist/next-devtools/shared/forward-logs-shared.js:44
[   46287ms] [LOG] [Fast Refresh] done in 15ms @ webpack-internal:///(app-pages-browser)/./node_modules/next/dist/next-devtools/shared/forward-logs-shared.js:44
[   46316ms] [WARNING] Error while trying to use the following icon from the Manifest: http://localhost:3000/icons/icon-192.png (Download error or resource isn't a valid image) @ http://localhost:3000/login:0
[   46332ms] [LOG] [Fast Refresh] rebuilding @ webpack-internal:///(app-pages-browser)/./node_modules/next/dist/next-devtools/shared/forward-logs-shared.js:44
[   46344ms] [LOG] [Fast Refresh] done in 12ms @ webpack-internal:///(app-pages-browser)/./node_modules/next/dist/next-devtools/shared/forward-logs-shared.js:44
[   46374ms] [WARNING] Error while trying to use the following icon from the Manifest: http://localhost:3000/icons/icon-192.png (Download error or resource isn't a valid image) @ http://localhost:3000/login:0
[   46391ms] [LOG] [Fast Refresh] rebuilding @ webpack-internal:///(app-pages-browser)/./node_modules/next/dist/next-devtools/shared/forward-logs-shared.js:44
[   46406ms] [LOG] [Fast Refresh] done in 15ms @ webpack-internal:///(app-pages-browser)/./node_modules/next/dist/next-devtools/shared/forward-logs-shared.js:44
[   46436ms] [WARNING] Error while trying to use the following icon from the Manifest: http://localhost:3000/icons/icon-192.png (Download error or resource isn't a valid image) @ http://localhost:3000/login:0
[   46454ms] [LOG] [Fast Refresh] rebuilding @ webpack-internal:///(app-pages-browser)/./node_modules/next/dist/next-devtools/shared/forward-logs-shared.js:44
[   46466ms] [LOG] [Fast Refresh] done in 11ms @ webpack-internal:///(app-pages-browser)/./node_modules/next/dist/next-devtools/shared/forward-logs-shared.js:44
[   46494ms] [WARNING] Error while trying to use the following icon from the Manifest: http://localhost:3000/icons/icon-192.png (Download error or resource isn't a valid image) @ http://localhost:3000/login:0
[   46511ms] [LOG] [Fast Refresh] rebuilding @ webpack-internal:///(app-pages-browser)/./node_modules/next/dist/next-devtools/shared/forward-logs-shared.js:44
[   46528ms] [LOG] [Fast Refresh] done in 16ms @ webpack-internal:///(app-pages-browser)/./node_modules/next/dist/next-devtools/shared/forward-logs-shared.js:44
[   46556ms] [WARNING] Error while trying to use the following icon from the Manifest: http://localhost:3000/icons/icon-192.png (Download error or resource isn't a valid image) @ http://localhost:3000/login:0
[   46572ms] [LOG] [Fast Refresh] rebuilding @ webpack-internal:///(app-pages-browser)/./node_modules/next/dist/next-devtools/shared/forward-logs-shared.js:44
[   46585ms] [LOG] [Fast Refresh] done in 13ms @ webpack-internal:///(app-pages-browser)/./node_modules/next/dist/next-devtools/shared/forward-logs-shared.js:44
[   46613ms] [WARNING] Error while trying to use the following icon from the Manifest: http://localhost:3000/icons/icon-192.png (Download error or resource isn't a valid image) @ http://localhost:3000/login:0
[   46630ms] [LOG] [Fast Refresh] rebuilding @ webpack-internal:///(app-pages-browser)/./node_modules/next/dist/next-devtools/shared/forward-logs-shared.js:44
[   46645ms] [LOG] [Fast Refresh] done in 15ms @ webpack-internal:///(app-pages-browser)/./node_modules/next/dist/next-devtools/shared/forward-logs-shared.js:44
[   46681ms] [WARNING] Error while trying to use the following icon from the Manifest: http://localhost:3000/icons/icon-192.png (Download error or resource isn't a valid image) @ http://localhost:3000/login:0
[   46705ms] [LOG] [Fast Refresh] rebuilding @ webpack-internal:///(app-pages-browser)/./node_modules/next/dist/next-devtools/shared/forward-logs-shared.js:44
[   46718ms] [LOG] [Fast Refresh] done in 14ms @ webpack-internal:///(app-pages-browser)/./node_modules/next/dist/next-devtools/shared/forward-logs-shared.js:44
[   46746ms] [WARNING] Error while trying to use the following icon from the Manifest: http://localhost:3000/icons/icon-192.png (Download error or resource isn't a valid image) @ http://localhost:3000/login:0
[   46764ms] [LOG] [Fast Refresh] rebuilding @ webpack-internal:///(app-pages-browser)/./node_modules/next/dist/next-devtools/shared/forward-logs-shared.js:44
[   46779ms] [LOG] [Fast Refresh] done in 15ms @ webpack-internal:///(app-pages-browser)/./node_modules/next/dist/next-devtools/shared/forward-logs-shared.js:44
[   46807ms] [WARNING] Error while trying to use the following icon from the Manifest: http://localhost:3000/icons/icon-192.png (Download error or resource isn't a valid image) @ http://localhost:3000/login:0
[   46822ms] [LOG] [Fast Refresh] rebuilding @ webpack-internal:///(app-pages-browser)/./node_modules/next/dist/next-devtools/shared/forward-logs-shared.js:44
[   46834ms] [LOG] [Fast Refresh] done in 12ms @ webpack-internal:///(app-pages-browser)/./node_modules/next/dist/next-devtools/shared/forward-logs-shared.js:44
[   46866ms] [WARNING] Error while trying to use the following icon from the Manifest: http://localhost:3000/icons/icon-192.png (Download error or resource isn't a valid image) @ http://localhost:3000/login:0
[   46914ms] [LOG] [Fast Refresh] rebuilding @ webpack-internal:///(app-pages-browser)/./node_modules/next/dist/next-devtools/shared/forward-logs-shared.js:44
[   46929ms] [LOG] [Fast Refresh] done in 16ms @ webpack-internal:///(app-pages-browser)/./node_modules/next/dist/next-devtools/shared/forward-logs-shared.js:44
[   46952ms] [WARNING] Error while trying to use the following icon from the Manifest: http://localhost:3000/icons/icon-192.png (Download error or resource isn't a valid image) @ http://localhost:3000/login:0
[   46974ms] [LOG] [Fast Refresh] rebuilding @ webpack-internal:///(app-pages-browser)/./node_modules/next/dist/next-devtools/shared/forward-logs-shared.js:44
[   46986ms] [LOG] [Fast Refresh] done in 11ms @ webpack-internal:///(app-pages-browser)/./node_modules/next/dist/next-devtools/shared/forward-logs-shared.js:44
[   47014ms] [WARNING] Error while trying to use the following icon from the Manifest: http://localhost:3000/icons/icon-192.png (Download error or resource isn't a valid image) @ http://localhost:3000/login:0
[   47032ms] [LOG] [Fast Refresh] rebuilding @ webpack-internal:///(app-pages-browser)/./node_modules/next/dist/next-devtools/shared/forward-logs-shared.js:44
[   47047ms] [LOG] [Fast Refresh] done in 15ms @ webpack-internal:///(app-pages-browser)/./node_modules/next/dist/next-devtools/shared/forward-logs-shared.js:44
[   47077ms] [WARNING] Error while trying to use the following icon from the Manifest: http://localhost:3000/icons/icon-192.png (Download error or resource isn't a valid image) @ http://localhost:3000/login:0
[   47093ms] [LOG] [Fast Refresh] rebuilding @ webpack-internal:///(app-pages-browser)/./node_modules/next/dist/next-devtools/shared/forward-logs-shared.js:44
[   47105ms] [LOG] [Fast Refresh] done in 11ms @ webpack-internal:///(app-pages-browser)/./node_modules/next/dist/next-devtools/shared/forward-logs-shared.js:44
[   47133ms] [WARNING] Error while trying to use the following icon from the Manifest: http://localhost:3000/icons/icon-192.png (Download error or resource isn't a valid image) @ http://localhost:3000/login:0
[   47150ms] [LOG] [Fast Refresh] rebuilding @ webpack-internal:///(app-pages-browser)/./node_modules/next/dist/next-devtools/shared/forward-logs-shared.js:44
[   47165ms] [LOG] [Fast Refresh] done in 15ms @ webpack-internal:///(app-pages-browser)/./node_modules/next/dist/next-devtools/shared/forward-logs-shared.js:44
[   47194ms] [WARNING] Error while trying to use the following icon from the Manifest: http://localhost:3000/icons/icon-192.png (Download error or resource isn't a valid image) @ http://localhost:3000/login:0
[   47210ms] [LOG] [Fast Refresh] rebuilding @ webpack-internal:///(app-pages-browser)/./node_modules/next/dist/next-devtools/shared/forward-logs-shared.js:44
[   47221ms] [LOG] [Fast Refresh] done in 11ms @ webpack-internal:///(app-pages-browser)/./node_modules/next/dist/next-devtools/shared/forward-logs-shared.js:44
[   47272ms] [WARNING] Error while trying to use the following icon from the Manifest: http://localhost:3000/icons/icon-192.png (Download error or resource isn't a valid image) @ http://localhost:3000/login:0
[   47307ms] [LOG] [Fast Refresh] rebuilding @ webpack-internal:///(app-pages-browser)/./node_modules/next/dist/next-devtools/shared/forward-logs-shared.js:44
[   47323ms] [LOG] [Fast Refresh] done in 15ms @ webpack-internal:///(app-pages-browser)/./node_modules/next/dist/next-devtools/shared/forward-logs-shared.js:44
[   47351ms] [WARNING] Error while trying to use the following icon from the Manifest: http://localhost:3000/icons/icon-192.png (Download error or resource isn't a valid image) @ http://localhost:3000/login:0
[   47368ms] [LOG] [Fast Refresh] rebuilding @ webpack-internal:///(app-pages-browser)/./node_modules/next/dist/next-devtools/shared/forward-logs-shared.js:44
[   47379ms] [LOG] [Fast Refresh] done in 11ms @ webpack-internal:///(app-pages-browser)/./node_modules/next/dist/next-devtools/shared/forward-logs-shared.js:44
[   47424ms] [LOG] [Fast Refresh] rebuilding @ webpack-internal:///(app-pages-browser)/./node_modules/next/dist/next-devtools/shared/forward-logs-shared.js:44
[   47440ms] [LOG] [Fast Refresh] done in 16ms @ webpack-internal:///(app-pages-browser)/./node_modules/next/dist/next-devtools/shared/forward-logs-shared.js:44
[   47468ms] [WARNING] Error while trying to use the following icon from the Manifest: http://localhost:3000/icons/icon-192.png (Download error or resource isn't a valid image) @ http://localhost:3000/login:0
[   47484ms] [LOG] [Fast Refresh] rebuilding @ webpack-internal:///(app-pages-browser)/./node_modules/next/dist/next-devtools/shared/forward-logs-shared.js:44
[   47496ms] [LOG] [Fast Refresh] done in 11ms @ webpack-internal:///(app-pages-browser)/./node_modules/next/dist/next-devtools/shared/forward-logs-shared.js:44
[   47541ms] [LOG] [Fast Refresh] rebuilding @ webpack-internal:///(app-pages-browser)/./node_modules/next/dist/next-devtools/shared/forward-logs-shared.js:44
[   47556ms] [LOG] [Fast Refresh] done in 15ms @ webpack-internal:///(app-pages-browser)/./node_modules/next/dist/next-devtools/shared/forward-logs-shared.js:44
[   47584ms] [WARNING] Error while trying to use the following icon from the Manifest: http://localhost:3000/icons/icon-192.png (Download error or resource isn't a valid image) @ http://localhost:3000/login:0
[   47600ms] [LOG] [Fast Refresh] rebuilding @ webpack-internal:///(app-pages-browser)/./node_modules/next/dist/next-devtools/shared/forward-logs-shared.js:44
[   47611ms] [LOG] [Fast Refresh] done in 11ms @ webpack-internal:///(app-pages-browser)/./node_modules/next/dist/next-devtools/shared/forward-logs-shared.js:44
[   47640ms] [WARNING] Error while trying to use the following icon from the Manifest: http://localhost:3000/icons/icon-192.png (Download error or resource isn't a valid image) @ http://localhost:3000/login:0
[   47658ms] [LOG] [Fast Refresh] rebuilding @ webpack-internal:///(app-pages-browser)/./node_modules/next/dist/next-devtools/shared/forward-logs-shared.js:44
[   47674ms] [LOG] [Fast Refresh] done in 17ms @ webpack-internal:///(app-pages-browser)/./node_modules/next/dist/next-devtools/shared/forward-logs-shared.js:44
[   47703ms] [WARNING] Error while trying to use the following icon from the Manifest: http://localhost:3000/icons/icon-192.png (Download error or resource isn't a valid image) @ http://localhost:3000/login:0
[   47720ms] [LOG] [Fast Refresh] rebuilding @ webpack-internal:///(app-pages-browser)/./node_modules/next/dist/next-devtools/shared/forward-logs-shared.js:44
[   47732ms] [LOG] [Fast Refresh] done in 11ms @ webpack-internal:///(app-pages-browser)/./node_modules/next/dist/next-devtools/shared/forward-logs-shared.js:44
[   47760ms] [WARNING] Error while trying to use the following icon from the Manifest: http://localhost:3000/icons/icon-192.png (Download error or resource isn't a valid image) @ http://localhost:3000/login:0
[   47779ms] [LOG] [Fast Refresh] rebuilding @ webpack-internal:///(app-pages-browser)/./node_modules/next/dist/next-devtools/shared/forward-logs-shared.js:44
[   47794ms] [LOG] [Fast Refresh] done in 15ms @ webpack-internal:///(app-pages-browser)/./node_modules/next/dist/next-devtools/shared/forward-logs-shared.js:44
[   47822ms] [WARNING] Error while trying to use the following icon from the Manifest: http://localhost:3000/icons/icon-192.png (Download error or resource isn't a valid image) @ http://localhost:3000/login:0
[   47839ms] [LOG] [Fast Refresh] rebuilding @ webpack-internal:///(app-pages-browser)/./node_modules/next/dist/next-devtools/shared/forward-logs-shared.js:44
[   47850ms] [LOG] [Fast Refresh] done in 11ms @ webpack-internal:///(app-pages-browser)/./node_modules/next/dist/next-devtools/shared/forward-logs-shared.js:44
[   47878ms] [WARNING] Error while trying to use the following icon from the Manifest: http://localhost:3000/icons/icon-192.png (Download error or resource isn't a valid image) @ http://localhost:3000/login:0
[   47897ms] [LOG] [Fast Refresh] rebuilding @ webpack-internal:///(app-pages-browser)/./node_modules/next/dist/next-devtools/shared/forward-logs-shared.js:44
[   47912ms] [LOG] [Fast Refresh] done in 15ms @ webpack-internal:///(app-pages-browser)/./node_modules/next/dist/next-devtools/shared/forward-logs-shared.js:44
[   47943ms] [WARNING] Error while trying to use the following icon from the Manifest: http://localhost:3000/icons/icon-192.png (Download error or resource isn't a valid image) @ http://localhost:3000/login:0
[   47961ms] [LOG] [Fast Refresh] rebuilding @ webpack-internal:///(app-pages-browser)/./node_modules/next/dist/next-devtools/shared/forward-logs-shared.js:44
[   47973ms] [LOG] [Fast Refresh] done in 13ms @ webpack-internal:///(app-pages-browser)/./node_modules/next/dist/next-devtools/shared/forward-logs-shared.js:44
[   48004ms] [WARNING] Error while trying to use the following icon from the Manifest: http://localhost:3000/icons/icon-192.png (Download error or resource isn't a valid image) @ http://localhost:3000/login:0
[   48022ms] [LOG] [Fast Refresh] rebuilding @ webpack-internal:///(app-pages-browser)/./node_modules/next/dist/next-devtools/shared/forward-logs-shared.js:44
[   48038ms] [LOG] [Fast Refresh] done in 15ms @ webpack-internal:///(app-pages-browser)/./node_modules/next/dist/next-devtools/shared/forward-logs-shared.js:44
[   48065ms] [WARNING] Error while trying to use the following icon from the Manifest: http://localhost:3000/icons/icon-192.png (Download error or resource isn't a valid image) @ http://localhost:3000/login:0
[   48081ms] [LOG] [Fast Refresh] rebuilding @ webpack-internal:///(app-pages-browser)/./node_modules/next/dist/next-devtools/shared/forward-logs-shared.js:44
[   48093ms] [LOG] [Fast Refresh] done in 11ms @ webpack-internal:///(app-pages-browser)/./node_modules/next/dist/next-devtools/shared/forward-logs-shared.js:44
[   48122ms] [WARNING] Error while trying to use the following icon from the Manifest: http://localhost:3000/icons/icon-192.png (Download error or resource isn't a valid image) @ http://localhost:3000/login:0
[   48142ms] [LOG] [Fast Refresh] rebuilding @ webpack-internal:///(app-pages-browser)/./node_modules/next/dist/next-devtools/shared/forward-logs-shared.js:44
[   48157ms] [LOG] [Fast Refresh] done in 16ms @ webpack-internal:///(app-pages-browser)/./node_modules/next/dist/next-devtools/shared/forward-logs-shared.js:44
[   48187ms] [WARNING] Error while trying to use the following icon from the Manifest: http://localhost:3000/icons/icon-192.png (Download error or resource isn't a valid image) @ http://localhost:3000/login:0
[   48203ms] [LOG] [Fast Refresh] rebuilding @ webpack-internal:///(app-pages-browser)/./node_modules/next/dist/next-devtools/shared/forward-logs-shared.js:44
[   48214ms] [LOG] [Fast Refresh] done in 11ms @ webpack-internal:///(app-pages-browser)/./node_modules/next/dist/next-devtools/shared/forward-logs-shared.js:44
[   48243ms] [WARNING] Error while trying to use the following icon from the Manifest: http://localhost:3000/icons/icon-192.png (Download error or resource isn't a valid image) @ http://localhost:3000/login:0
[   48261ms] [LOG] [Fast Refresh] rebuilding @ webpack-internal:///(app-pages-browser)/./node_modules/next/dist/next-devtools/shared/forward-logs-shared.js:44
[   48277ms] [LOG] [Fast Refresh] done in 15ms @ webpack-internal:///(app-pages-browser)/./node_modules/next/dist/next-devtools/shared/forward-logs-shared.js:44
[   48305ms] [WARNING] Error while trying to use the following icon from the Manifest: http://localhost:3000/icons/icon-192.png (Download error or resource isn't a valid image) @ http://localhost:3000/login:0
[   48321ms] [LOG] [Fast Refresh] rebuilding @ webpack-internal:///(app-pages-browser)/./node_modules/next/dist/next-devtools/shared/forward-logs-shared.js:44
[   48332ms] [LOG] [Fast Refresh] done in 11ms @ webpack-internal:///(app-pages-browser)/./node_modules/next/dist/next-devtools/shared/forward-logs-shared.js:44
[   48359ms] [WARNING] Error while trying to use the following icon from the Manifest: http://localhost:3000/icons/icon-192.png (Download error or resource isn't a valid image) @ http://localhost:3000/login:0
[   48377ms] [LOG] [Fast Refresh] rebuilding @ webpack-internal:///(app-pages-browser)/./node_modules/next/dist/next-devtools/shared/forward-logs-shared.js:44
[   48393ms] [LOG] [Fast Refresh] done in 17ms @ webpack-internal:///(app-pages-browser)/./node_modules/next/dist/next-devtools/shared/forward-logs-shared.js:44
[   48424ms] [WARNING] Error while trying to use the following icon from the Manifest: http://localhost:3000/icons/icon-192.png (Download error or resource isn't a valid image) @ http://localhost:3000/login:0
[   48443ms] [LOG] [Fast Refresh] rebuilding @ webpack-internal:///(app-pages-browser)/./node_modules/next/dist/next-devtools/shared/forward-logs-shared.js:44
[   48456ms] [LOG] [Fast Refresh] done in 12ms @ webpack-internal:///(app-pages-browser)/./node_modules/next/dist/next-devtools/shared/forward-logs-shared.js:44
[   48486ms] [WARNING] Error while trying to use the following icon from the Manifest: http://localhost:3000/icons/icon-192.png (Download error or resource isn't a valid image) @ http://localhost:3000/login:0
[   48506ms] [LOG] [Fast Refresh] rebuilding @ webpack-internal:///(app-pages-browser)/./node_modules/next/dist/next-devtools/shared/forward-logs-shared.js:44
[   48523ms] [LOG] [Fast Refresh] done in 16ms @ webpack-internal:///(app-pages-browser)/./node_modules/next/dist/next-devtools/shared/forward-logs-shared.js:44
[   48569ms] [LOG] [Fast Refresh] rebuilding @ webpack-internal:///(app-pages-browser)/./node_modules/next/dist/next-devtools/shared/forward-logs-shared.js:44
[   48581ms] [LOG] [Fast Refresh] done in 11ms @ webpack-internal:///(app-pages-browser)/./node_modules/next/dist/next-devtools/shared/forward-logs-shared.js:44
[   48611ms] [WARNING] Error while trying to use the following icon from the Manifest: http://localhost:3000/icons/icon-192.png (Download error or resource isn't a valid image) @ http://localhost:3000/login:0
[   48629ms] [LOG] [Fast Refresh] rebuilding @ webpack-internal:///(app-pages-browser)/./node_modules/next/dist/next-devtools/shared/forward-logs-shared.js:44
[   48647ms] [LOG] [Fast Refresh] done in 17ms @ webpack-internal:///(app-pages-browser)/./node_modules/next/dist/next-devtools/shared/forward-logs-shared.js:44
[   48675ms] [WARNING] Error while trying to use the following icon from the Manifest: http://localhost:3000/icons/icon-192.png (Download error or resource isn't a valid image) @ http://localhost:3000/login:0
[   48692ms] [LOG] [Fast Refresh] rebuilding @ webpack-internal:///(app-pages-browser)/./node_modules/next/dist/next-devtools/shared/forward-logs-shared.js:44
[   48704ms] [LOG] [Fast Refresh] done in 11ms @ webpack-internal:///(app-pages-browser)/./node_modules/next/dist/next-devtools/shared/forward-logs-shared.js:44
[   48732ms] [WARNING] Error while trying to use the following icon from the Manifest: http://localhost:3000/icons/icon-192.png (Download error or resource isn't a valid image) @ http://localhost:3000/login:0
[   48751ms] [LOG] [Fast Refresh] rebuilding @ webpack-internal:///(app-pages-browser)/./node_modules/next/dist/next-devtools/shared/forward-logs-shared.js:44
[   48768ms] [LOG] [Fast Refresh] done in 16ms @ webpack-internal:///(app-pages-browser)/./node_modules/next/dist/next-devtools/shared/forward-logs-shared.js:44
[   48798ms] [WARNING] Error while trying to use the following icon from the Manifest: http://localhost:3000/icons/icon-192.png (Download error or resource isn't a valid image) @ http://localhost:3000/login:0
[   48815ms] [LOG] [Fast Refresh] rebuilding @ webpack-internal:///(app-pages-browser)/./node_modules/next/dist/next-devtools/shared/forward-logs-shared.js:44
[   48826ms] [LOG] [Fast Refresh] done in 11ms @ webpack-internal:///(app-pages-browser)/./node_modules/next/dist/next-devtools/shared/forward-logs-shared.js:44
[   48856ms] [WARNING] Error while trying to use the following icon from the Manifest: http://localhost:3000/icons/icon-192.png (Download error or resource isn't a valid image) @ http://localhost:3000/login:0
[   48874ms] [LOG] [Fast Refresh] rebuilding @ webpack-internal:///(app-pages-browser)/./node_modules/next/dist/next-devtools/shared/forward-logs-shared.js:44
[   48890ms] [LOG] [Fast Refresh] done in 16ms @ webpack-internal:///(app-pages-browser)/./node_modules/next/dist/next-devtools/shared/forward-logs-shared.js:44
[   48921ms] [WARNING] Error while trying to use the following icon from the Manifest: http://localhost:3000/icons/icon-192.png (Download error or resource isn't a valid image) @ http://localhost:3000/login:0
[   48938ms] [LOG] [Fast Refresh] rebuilding @ webpack-internal:///(app-pages-browser)/./node_modules/next/dist/next-devtools/shared/forward-logs-shared.js:44
[   48949ms] [LOG] [Fast Refresh] done in 11ms @ webpack-internal:///(app-pages-browser)/./node_modules/next/dist/next-devtools/shared/forward-logs-shared.js:44
[   48977ms] [WARNING] Error while trying to use the following icon from the Manifest: http://localhost:3000/icons/icon-192.png (Download error or resource isn't a valid image) @ http://localhost:3000/login:0
[   48994ms] [LOG] [Fast Refresh] rebuilding @ webpack-internal:///(app-pages-browser)/./node_modules/next/dist/next-devtools/shared/forward-logs-shared.js:44
[   49009ms] [LOG] [Fast Refresh] done in 16ms @ webpack-internal:///(app-pages-browser)/./node_modules/next/dist/next-devtools/shared/forward-logs-shared.js:44
[   49038ms] [WARNING] Error while trying to use the following icon from the Manifest: http://localhost:3000/icons/icon-192.png (Download error or resource isn't a valid image) @ http://localhost:3000/login:0
[   49055ms] [LOG] [Fast Refresh] rebuilding @ webpack-internal:///(app-pages-browser)/./node_modules/next/dist/next-devtools/shared/forward-logs-shared.js:44
[   49066ms] [LOG] [Fast Refresh] done in 11ms @ webpack-internal:///(app-pages-browser)/./node_modules/next/dist/next-devtools/shared/forward-logs-shared.js:44
[   49111ms] [LOG] [Fast Refresh] rebuilding @ webpack-internal:///(app-pages-browser)/./node_modules/next/dist/next-devtools/shared/forward-logs-shared.js:44
[   49127ms] [LOG] [Fast Refresh] done in 16ms @ webpack-internal:///(app-pages-browser)/./node_modules/next/dist/next-devtools/shared/forward-logs-shared.js:44
[   49157ms] [WARNING] Error while trying to use the following icon from the Manifest: http://localhost:3000/icons/icon-192.png (Download error or resource isn't a valid image) @ http://localhost:3000/login:0
[   49187ms] [LOG] [Fast Refresh] rebuilding @ webpack-internal:///(app-pages-browser)/./node_modules/next/dist/next-devtools/shared/forward-logs-shared.js:44
[   49225ms] [LOG] [Fast Refresh] done in 38ms @ webpack-internal:///(app-pages-browser)/./node_modules/next/dist/next-devtools/shared/forward-logs-shared.js:44
[   49284ms] [WARNING] Error while trying to use the following icon from the Manifest: http://localhost:3000/icons/icon-192.png (Download error or resource isn't a valid image) @ http://localhost:3000/login:0
[   49309ms] [LOG] [Fast Refresh] rebuilding @ webpack-internal:///(app-pages-browser)/./node_modules/next/dist/next-devtools/shared/forward-logs-shared.js:44
[   49330ms] [LOG] [Fast Refresh] done in 20ms @ webpack-internal:///(app-pages-browser)/./node_modules/next/dist/next-devtools/shared/forward-logs-shared.js:44
[   49357ms] [WARNING] Error while trying to use the following icon from the Manifest: http://localhost:3000/icons/icon-192.png (Download error or resource isn't a valid image) @ http://localhost:3000/login:0
[   49381ms] [LOG] [Fast Refresh] rebuilding @ webpack-internal:///(app-pages-browser)/./node_modules/next/dist/next-devtools/shared/forward-logs-shared.js:44
[   49394ms] [LOG] [Fast Refresh] done in 13ms @ webpack-internal:///(app-pages-browser)/./node_modules/next/dist/next-devtools/shared/forward-logs-shared.js:44
[   49423ms] [WARNING] Error while trying to use the following icon from the Manifest: http://localhost:3000/icons/icon-192.png (Download error or resource isn't a valid image) @ http://localhost:3000/login:0
[   49443ms] [LOG] [Fast Refresh] rebuilding @ webpack-internal:///(app-pages-browser)/./node_modules/next/dist/next-devtools/shared/forward-logs-shared.js:44
[   49462ms] [LOG] [Fast Refresh] done in 18ms @ webpack-internal:///(app-pages-browser)/./node_modules/next/dist/next-devtools/shared/forward-logs-shared.js:44
[   49491ms] [WARNING] Error while trying to use the following icon from the Manifest: http://localhost:3000/icons/icon-192.png (Download error or resource isn't a valid image) @ http://localhost:3000/login:0
[   49507ms] [LOG] [Fast Refresh] rebuilding @ webpack-internal:///(app-pages-browser)/./node_modules/next/dist/next-devtools/shared/forward-logs-shared.js:44
[   49520ms] [LOG] [Fast Refresh] done in 12ms @ webpack-internal:///(app-pages-browser)/./node_modules/next/dist/next-devtools/shared/forward-logs-shared.js:44
[   49547ms] [WARNING] Error while trying to use the following icon from the Manifest: http://localhost:3000/icons/icon-192.png (Download error or resource isn't a valid image) @ http://localhost:3000/login:0
[   49564ms] [LOG] [Fast Refresh] rebuilding @ webpack-internal:///(app-pages-browser)/./node_modules/next/dist/next-devtools/shared/forward-logs-shared.js:44
[   49581ms] [LOG] [Fast Refresh] done in 17ms @ webpack-internal:///(app-pages-browser)/./node_modules/next/dist/next-devtools/shared/forward-logs-shared.js:44
[   49610ms] [WARNING] Error while trying to use the following icon from the Manifest: http://localhost:3000/icons/icon-192.png (Download error or resource isn't a valid image) @ http://localhost:3000/login:0
[   49627ms] [LOG] [Fast Refresh] rebuilding @ webpack-internal:///(app-pages-browser)/./node_modules/next/dist/next-devtools/shared/forward-logs-shared.js:44
[   49639ms] [LOG] [Fast Refresh] done in 12ms @ webpack-internal:///(app-pages-browser)/./node_modules/next/dist/next-devtools/shared/forward-logs-shared.js:44
[   49672ms] [WARNING] Error while trying to use the following icon from the Manifest: http://localhost:3000/icons/icon-192.png (Download error or resource isn't a valid image) @ http://localhost:3000/login:0
[   49690ms] [LOG] [Fast Refresh] rebuilding @ webpack-internal:///(app-pages-browser)/./node_modules/next/dist/next-devtools/shared/forward-logs-shared.js:44
[   49705ms] [LOG] [Fast Refresh] done in 16ms @ webpack-internal:///(app-pages-browser)/./node_modules/next/dist/next-devtools/shared/forward-logs-shared.js:44
[   49736ms] [WARNING] Error while trying to use the following icon from the Manifest: http://localhost:3000/icons/icon-192.png (Download error or resource isn't a valid image) @ http://localhost:3000/login:0
[   49753ms] [LOG] [Fast Refresh] rebuilding @ webpack-internal:///(app-pages-browser)/./node_modules/next/dist/next-devtools/shared/forward-logs-shared.js:44
[   49763ms] [LOG] [Fast Refresh] done in 11ms @ webpack-internal:///(app-pages-browser)/./node_modules/next/dist/next-devtools/shared/forward-logs-shared.js:44
[   49776ms] [WARNING] Error while trying to use the following icon from the Manifest: http://localhost:3000/icons/icon-192.png (Download error or resource isn't a valid image) @ http://localhost:3000/login:0
[   49814ms] [LOG] [Fast Refresh] rebuilding @ webpack-internal:///(app-pages-browser)/./node_modules/next/dist/next-devtools/shared/forward-logs-shared.js:44
[   49830ms] [LOG] [Fast Refresh] done in 15ms @ webpack-internal:///(app-pages-browser)/./node_modules/next/dist/next-devtools/shared/forward-logs-shared.js:44
[   49859ms] [WARNING] Error while trying to use the following icon from the Manifest: http://localhost:3000/icons/icon-192.png (Download error or resource isn't a valid image) @ http://localhost:3000/login:0
[   49875ms] [LOG] [Fast Refresh] rebuilding @ webpack-internal:///(app-pages-browser)/./node_modules/next/dist/next-devtools/shared/forward-logs-shared.js:44
[   49887ms] [LOG] [Fast Refresh] done in 12ms @ webpack-internal:///(app-pages-browser)/./node_modules/next/dist/next-devtools/shared/forward-logs-shared.js:44
[   49916ms] [WARNING] Error while trying to use the following icon from the Manifest: http://localhost:3000/icons/icon-192.png (Download error or resource isn't a valid image) @ http://localhost:3000/login:0
[   49935ms] [LOG] [Fast Refresh] rebuilding @ webpack-internal:///(app-pages-browser)/./node_modules/next/dist/next-devtools/shared/forward-logs-shared.js:44
[   49951ms] [LOG] [Fast Refresh] done in 17ms @ webpack-internal:///(app-pages-browser)/./node_modules/next/dist/next-devtools/shared/forward-logs-shared.js:44
[   49982ms] [WARNING] Error while trying to use the following icon from the Manifest: http://localhost:3000/icons/icon-192.png (Download error or resource isn't a valid image) @ http://localhost:3000/login:0
[   49999ms] [LOG] [Fast Refresh] rebuilding @ webpack-internal:///(app-pages-browser)/./node_modules/next/dist/next-devtools/shared/forward-logs-shared.js:44
[   50010ms] [LOG] [Fast Refresh] done in 12ms @ webpack-internal:///(app-pages-browser)/./node_modules/next/dist/next-devtools/shared/forward-logs-shared.js:44
[   50039ms] [WARNING] Error while trying to use the following icon from the Manifest: http://localhost:3000/icons/icon-192.png (Download error or resource isn't a valid image) @ http://localhost:3000/login:0
[   50057ms] [LOG] [Fast Refresh] rebuilding @ webpack-internal:///(app-pages-browser)/./node_modules/next/dist/next-devtools/shared/forward-logs-shared.js:44
[   50073ms] [LOG] [Fast Refresh] done in 15ms @ webpack-internal:///(app-pages-browser)/./node_modules/next/dist/next-devtools/shared/forward-logs-shared.js:44
[   50104ms] [WARNING] Error while trying to use the following icon from the Manifest: http://localhost:3000/icons/icon-192.png (Download error or resource isn't a valid image) @ http://localhost:3000/login:0
[   50121ms] [LOG] [Fast Refresh] rebuilding @ webpack-internal:///(app-pages-browser)/./node_modules/next/dist/next-devtools/shared/forward-logs-shared.js:44
[   50133ms] [LOG] [Fast Refresh] done in 12ms @ webpack-internal:///(app-pages-browser)/./node_modules/next/dist/next-devtools/shared/forward-logs-shared.js:44
[   50162ms] [WARNING] Error while trying to use the following icon from the Manifest: http://localhost:3000/icons/icon-192.png (Download error or resource isn't a valid image) @ http://localhost:3000/login:0
[   50181ms] [LOG] [Fast Refresh] rebuilding @ webpack-internal:///(app-pages-browser)/./node_modules/next/dist/next-devtools/shared/forward-logs-shared.js:44
[   50197ms] [LOG] [Fast Refresh] done in 16ms @ webpack-internal:///(app-pages-browser)/./node_modules/next/dist/next-devtools/shared/forward-logs-shared.js:44
[   50229ms] [WARNING] Error while trying to use the following icon from the Manifest: http://localhost:3000/icons/icon-192.png (Download error or resource isn't a valid image) @ http://localhost:3000/login:0
[   50247ms] [LOG] [Fast Refresh] rebuilding @ webpack-internal:///(app-pages-browser)/./node_modules/next/dist/next-devtools/shared/forward-logs-shared.js:44
[   50259ms] [LOG] [Fast Refresh] done in 12ms @ webpack-internal:///(app-pages-browser)/./node_modules/next/dist/next-devtools/shared/forward-logs-shared.js:44
[   50289ms] [WARNING] Error while trying to use the following icon from the Manifest: http://localhost:3000/icons/icon-192.png (Download error or resource isn't a valid image) @ http://localhost:3000/login:0
[   50307ms] [LOG] [Fast Refresh] rebuilding @ webpack-internal:///(app-pages-browser)/./node_modules/next/dist/next-devtools/shared/forward-logs-shared.js:44
[   50323ms] [LOG] [Fast Refresh] done in 15ms @ webpack-internal:///(app-pages-browser)/./node_modules/next/dist/next-devtools/shared/forward-logs-shared.js:44
[   50348ms] [WARNING] Error while trying to use the following icon from the Manifest: http://localhost:3000/icons/icon-192.png (Download error or resource isn't a valid image) @ http://localhost:3000/login:0
[   50370ms] [LOG] [Fast Refresh] rebuilding @ webpack-internal:///(app-pages-browser)/./node_modules/next/dist/next-devtools/shared/forward-logs-shared.js:44
[   50382ms] [LOG] [Fast Refresh] done in 12ms @ webpack-internal:///(app-pages-browser)/./node_modules/next/dist/next-devtools/shared/forward-logs-shared.js:44
[   50411ms] [WARNING] Error while trying to use the following icon from the Manifest: http://localhost:3000/icons/icon-192.png (Download error or resource isn't a valid image) @ http://localhost:3000/login:0
[   50430ms] [LOG] [Fast Refresh] rebuilding @ webpack-internal:///(app-pages-browser)/./node_modules/next/dist/next-devtools/shared/forward-logs-shared.js:44
[   50446ms] [LOG] [Fast Refresh] done in 16ms @ webpack-internal:///(app-pages-browser)/./node_modules/next/dist/next-devtools/shared/forward-logs-shared.js:44
[   50476ms] [WARNING] Error while trying to use the following icon from the Manifest: http://localhost:3000/icons/icon-192.png (Download error or resource isn't a valid image) @ http://localhost:3000/login:0
[   50493ms] [LOG] [Fast Refresh] rebuilding @ webpack-internal:///(app-pages-browser)/./node_modules/next/dist/next-devtools/shared/forward-logs-shared.js:44
[   50504ms] [LOG] [Fast Refresh] done in 12ms @ webpack-internal:///(app-pages-browser)/./node_modules/next/dist/next-devtools/shared/forward-logs-shared.js:44
[   50534ms] [WARNING] Error while trying to use the following icon from the Manifest: http://localhost:3000/icons/icon-192.png (Download error or resource isn't a valid image) @ http://localhost:3000/login:0
[   50555ms] [LOG] [Fast Refresh] rebuilding @ webpack-internal:///(app-pages-browser)/./node_modules/next/dist/next-devtools/shared/forward-logs-shared.js:44
[   50572ms] [LOG] [Fast Refresh] done in 18ms @ webpack-internal:///(app-pages-browser)/./node_modules/next/dist/next-devtools/shared/forward-logs-shared.js:44
[   50602ms] [WARNING] Error while trying to use the following icon from the Manifest: http://localhost:3000/icons/icon-192.png (Download error or resource isn't a valid image) @ http://localhost:3000/login:0
[   50620ms] [LOG] [Fast Refresh] rebuilding @ webpack-internal:///(app-pages-browser)/./node_modules/next/dist/next-devtools/shared/forward-logs-shared.js:44
[   50631ms] [LOG] [Fast Refresh] done in 12ms @ webpack-internal:///(app-pages-browser)/./node_modules/next/dist/next-devtools/shared/forward-logs-shared.js:44
[   50661ms] [WARNING] Error while trying to use the following icon from the Manifest: http://localhost:3000/icons/icon-192.png (Download error or resource isn't a valid image) @ http://localhost:3000/login:0
[   50679ms] [LOG] [Fast Refresh] rebuilding @ webpack-internal:///(app-pages-browser)/./node_modules/next/dist/next-devtools/shared/forward-logs-shared.js:44
[   50695ms] [LOG] [Fast Refresh] done in 17ms @ webpack-internal:///(app-pages-browser)/./node_modules/next/dist/next-devtools/shared/forward-logs-shared.js:44
[   50726ms] [WARNING] Error while trying to use the following icon from the Manifest: http://localhost:3000/icons/icon-192.png (Download error or resource isn't a valid image) @ http://localhost:3000/login:0
[   50743ms] [LOG] [Fast Refresh] rebuilding @ webpack-internal:///(app-pages-browser)/./node_modules/next/dist/next-devtools/shared/forward-logs-shared.js:44
[   50756ms] [LOG] [Fast Refresh] done in 14ms @ webpack-internal:///(app-pages-browser)/./node_modules/next/dist/next-devtools/shared/forward-logs-shared.js:44
[   50789ms] [WARNING] Error while trying to use the following icon from the Manifest: http://localhost:3000/icons/icon-192.png (Download error or resource isn't a valid image) @ http://localhost:3000/login:0
[   50809ms] [LOG] [Fast Refresh] rebuilding @ webpack-internal:///(app-pages-browser)/./node_modules/next/dist/next-devtools/shared/forward-logs-shared.js:44
[   50825ms] [LOG] [Fast Refresh] done in 16ms @ webpack-internal:///(app-pages-browser)/./node_modules/next/dist/next-devtools/shared/forward-logs-shared.js:44
[   50848ms] [WARNING] Error while trying to use the following icon from the Manifest: http://localhost:3000/icons/icon-192.png (Download error or resource isn't a valid image) @ http://localhost:3000/login:0
[   50871ms] [LOG] [Fast Refresh] rebuilding @ webpack-internal:///(app-pages-browser)/./node_modules/next/dist/next-devtools/shared/forward-logs-shared.js:44
[   50884ms] [LOG] [Fast Refresh] done in 13ms @ webpack-internal:///(app-pages-browser)/./node_modules/next/dist/next-devtools/shared/forward-logs-shared.js:44
[   50912ms] [WARNING] Error while trying to use the following icon from the Manifest: http://localhost:3000/icons/icon-192.png (Download error or resource isn't a valid image) @ http://localhost:3000/login:0
[   50929ms] [LOG] [Fast Refresh] rebuilding @ webpack-internal:///(app-pages-browser)/./node_modules/next/dist/next-devtools/shared/forward-logs-shared.js:44
[   50945ms] [LOG] [Fast Refresh] done in 15ms @ webpack-internal:///(app-pages-browser)/./node_modules/next/dist/next-devtools/shared/forward-logs-shared.js:44
[   50975ms] [WARNING] Error while trying to use the following icon from the Manifest: http://localhost:3000/icons/icon-192.png (Download error or resource isn't a valid image) @ http://localhost:3000/login:0
[   50993ms] [LOG] [Fast Refresh] rebuilding @ webpack-internal:///(app-pages-browser)/./node_modules/next/dist/next-devtools/shared/forward-logs-shared.js:44
[   51009ms] [LOG] [Fast Refresh] done in 17ms @ webpack-internal:///(app-pages-browser)/./node_modules/next/dist/next-devtools/shared/forward-logs-shared.js:44
[   51041ms] [WARNING] Error while trying to use the following icon from the Manifest: http://localhost:3000/icons/icon-192.png (Download error or resource isn't a valid image) @ http://localhost:3000/login:0
[   51059ms] [LOG] [Fast Refresh] rebuilding @ webpack-internal:///(app-pages-browser)/./node_modules/next/dist/next-devtools/shared/forward-logs-shared.js:44
[   51075ms] [LOG] [Fast Refresh] done in 15ms @ webpack-internal:///(app-pages-browser)/./node_modules/next/dist/next-devtools/shared/forward-logs-shared.js:44
[   51106ms] [WARNING] Error while trying to use the following icon from the Manifest: http://localhost:3000/icons/icon-192.png (Download error or resource isn't a valid image) @ http://localhost:3000/login:0
[   51122ms] [LOG] [Fast Refresh] rebuilding @ webpack-internal:///(app-pages-browser)/./node_modules/next/dist/next-devtools/shared/forward-logs-shared.js:44
[   51134ms] [LOG] [Fast Refresh] done in 12ms @ webpack-internal:///(app-pages-browser)/./node_modules/next/dist/next-devtools/shared/forward-logs-shared.js:44
[   51163ms] [WARNING] Error while trying to use the following icon from the Manifest: http://localhost:3000/icons/icon-192.png (Download error or resource isn't a valid image) @ http://localhost:3000/login:0
[   51182ms] [LOG] [Fast Refresh] rebuilding @ webpack-internal:///(app-pages-browser)/./node_modules/next/dist/next-devtools/shared/forward-logs-shared.js:44
[   51199ms] [LOG] [Fast Refresh] done in 16ms @ webpack-internal:///(app-pages-browser)/./node_modules/next/dist/next-devtools/shared/forward-logs-shared.js:44
[   51229ms] [WARNING] Error while trying to use the following icon from the Manifest: http://localhost:3000/icons/icon-192.png (Download error or resource isn't a valid image) @ http://localhost:3000/login:0
[   51247ms] [LOG] [Fast Refresh] rebuilding @ webpack-internal:///(app-pages-browser)/./node_modules/next/dist/next-devtools/shared/forward-logs-shared.js:44
[   51260ms] [LOG] [Fast Refresh] done in 13ms @ webpack-internal:///(app-pages-browser)/./node_modules/next/dist/next-devtools/shared/forward-logs-shared.js:44
[   51292ms] [WARNING] Error while trying to use the following icon from the Manifest: http://localhost:3000/icons/icon-192.png (Download error or resource isn't a valid image) @ http://localhost:3000/login:0
[   51309ms] [LOG] [Fast Refresh] rebuilding @ webpack-internal:///(app-pages-browser)/./node_modules/next/dist/next-devtools/shared/forward-logs-shared.js:44
[   51327ms] [LOG] [Fast Refresh] done in 17ms @ webpack-internal:///(app-pages-browser)/./node_modules/next/dist/next-devtools/shared/forward-logs-shared.js:44
[   51351ms] [WARNING] Error while trying to use the following icon from the Manifest: http://localhost:3000/icons/icon-192.png (Download error or resource isn't a valid image) @ http://localhost:3000/login:0
[   51372ms] [LOG] [Fast Refresh] rebuilding @ webpack-internal:///(app-pages-browser)/./node_modules/next/dist/next-devtools/shared/forward-logs-shared.js:44
[   51392ms] [LOG] [Fast Refresh] done in 20ms @ webpack-internal:///(app-pages-browser)/./node_modules/next/dist/next-devtools/shared/forward-logs-shared.js:44
[   52051ms] [WARNING] Error while trying to use the following icon from the Manifest: http://localhost:3000/icons/icon-192.png (Download error or resource isn't a valid image) @ http://localhost:3000/login:0
[   52077ms] [LOG] [Fast Refresh] rebuilding @ webpack-internal:///(app-pages-browser)/./node_modules/next/dist/next-devtools/shared/forward-logs-shared.js:44
[   52093ms] [LOG] [Fast Refresh] done in 16ms @ webpack-internal:///(app-pages-browser)/./node_modules/next/dist/next-devtools/shared/forward-logs-shared.js:44
[   52124ms] [WARNING] Error while trying to use the following icon from the Manifest: http://localhost:3000/icons/icon-192.png (Download error or resource isn't a valid image) @ http://localhost:3000/login:0
[   52148ms] [LOG] [Fast Refresh] rebuilding @ webpack-internal:///(app-pages-browser)/./node_modules/next/dist/next-devtools/shared/forward-logs-shared.js:44
[   52161ms] [LOG] [Fast Refresh] done in 13ms @ webpack-internal:///(app-pages-browser)/./node_modules/next/dist/next-devtools/shared/forward-logs-shared.js:44
[   52191ms] [WARNING] Error while trying to use the following icon from the Manifest: http://localhost:3000/icons/icon-192.png (Download error or resource isn't a valid image) @ http://localhost:3000/login:0
[   52209ms] [LOG] [Fast Refresh] rebuilding @ webpack-internal:///(app-pages-browser)/./node_modules/next/dist/next-devtools/shared/forward-logs-shared.js:44
[   52225ms] [LOG] [Fast Refresh] done in 16ms @ webpack-internal:///(app-pages-browser)/./node_modules/next/dist/next-devtools/shared/forward-logs-shared.js:44
[   52256ms] [WARNING] Error while trying to use the following icon from the Manifest: http://localhost:3000/icons/icon-192.png (Download error or resource isn't a valid image) @ http://localhost:3000/login:0
[   52274ms] [LOG] [Fast Refresh] rebuilding @ webpack-internal:///(app-pages-browser)/./node_modules/next/dist/next-devtools/shared/forward-logs-shared.js:44
[   52286ms] [LOG] [Fast Refresh] done in 12ms @ webpack-internal:///(app-pages-browser)/./node_modules/next/dist/next-devtools/shared/forward-logs-shared.js:44
[   52314ms] [WARNING] Error while trying to use the following icon from the Manifest: http://localhost:3000/icons/icon-192.png (Download error or resource isn't a valid image) @ http://localhost:3000/login:0
[   52333ms] [LOG] [Fast Refresh] rebuilding @ webpack-internal:///(app-pages-browser)/./node_modules/next/dist/next-devtools/shared/forward-logs-shared.js:44
[   52349ms] [LOG] [Fast Refresh] done in 15ms @ webpack-internal:///(app-pages-browser)/./node_modules/next/dist/next-devtools/shared/forward-logs-shared.js:44
[   52379ms] [WARNING] Error while trying to use the following icon from the Manifest: http://localhost:3000/icons/icon-192.png (Download error or resource isn't a valid image) @ http://localhost:3000/login:0
[   52397ms] [LOG] [Fast Refresh] rebuilding @ webpack-internal:///(app-pages-browser)/./node_modules/next/dist/next-devtools/shared/forward-logs-shared.js:44
[   52409ms] [LOG] [Fast Refresh] done in 12ms @ webpack-internal:///(app-pages-browser)/./node_modules/next/dist/next-devtools/shared/forward-logs-shared.js:44
[   52438ms] [WARNING] Error while trying to use the following icon from the Manifest: http://localhost:3000/icons/icon-192.png (Download error or resource isn't a valid image) @ http://localhost:3000/login:0
[   52456ms] [LOG] [Fast Refresh] rebuilding @ webpack-internal:///(app-pages-browser)/./node_modules/next/dist/next-devtools/shared/forward-logs-shared.js:44
[   52472ms] [LOG] [Fast Refresh] done in 15ms @ webpack-internal:///(app-pages-browser)/./node_modules/next/dist/next-devtools/shared/forward-logs-shared.js:44
[   52513ms] [WARNING] Error while trying to use the following icon from the Manifest: http://localhost:3000/icons/icon-192.png (Download error or resource isn't a valid image) @ http://localhost:3000/login:0
[   52516ms] [LOG] [Fast Refresh] rebuilding @ webpack-internal:///(app-pages-browser)/./node_modules/next/dist/next-devtools/shared/forward-logs-shared.js:44
[   52527ms] [LOG] [Fast Refresh] done in 12ms @ webpack-internal:///(app-pages-browser)/./node_modules/next/dist/next-devtools/shared/forward-logs-shared.js:44
[   52555ms] [WARNING] Error while trying to use the following icon from the Manifest: http://localhost:3000/icons/icon-192.png (Download error or resource isn't a valid image) @ http://localhost:3000/login:0
[   52573ms] [LOG] [Fast Refresh] rebuilding @ webpack-internal:///(app-pages-browser)/./node_modules/next/dist/next-devtools/shared/forward-logs-shared.js:44
[   52588ms] [LOG] [Fast Refresh] done in 15ms @ webpack-internal:///(app-pages-browser)/./node_modules/next/dist/next-devtools/shared/forward-logs-shared.js:44
[   52618ms] [WARNING] Error while trying to use the following icon from the Manifest: http://localhost:3000/icons/icon-192.png (Download error or resource isn't a valid image) @ http://localhost:3000/login:0
[   52634ms] [LOG] [Fast Refresh] rebuilding @ webpack-internal:///(app-pages-browser)/./node_modules/next/dist/next-devtools/shared/forward-logs-shared.js:44
[   52646ms] [LOG] [Fast Refresh] done in 11ms @ webpack-internal:///(app-pages-browser)/./node_modules/next/dist/next-devtools/shared/forward-logs-shared.js:44
[   52692ms] [LOG] [Fast Refresh] rebuilding @ webpack-internal:///(app-pages-browser)/./node_modules/next/dist/next-devtools/shared/forward-logs-shared.js:44
[   52707ms] [LOG] [Fast Refresh] done in 15ms @ webpack-internal:///(app-pages-browser)/./node_modules/next/dist/next-devtools/shared/forward-logs-shared.js:44
[   52736ms] [WARNING] Error while trying to use the following icon from the Manifest: http://localhost:3000/icons/icon-192.png (Download error or resource isn't a valid image) @ http://localhost:3000/login:0
[   52754ms] [LOG] [Fast Refresh] rebuilding @ webpack-internal:///(app-pages-browser)/./node_modules/next/dist/next-devtools/shared/forward-logs-shared.js:44
[   52765ms] [LOG] [Fast Refresh] done in 11ms @ webpack-internal:///(app-pages-browser)/./node_modules/next/dist/next-devtools/shared/forward-logs-shared.js:44
[   52793ms] [WARNING] Error while trying to use the following icon from the Manifest: http://localhost:3000/icons/icon-192.png (Download error or resource isn't a valid image) @ http://localhost:3000/login:0
[   52811ms] [LOG] [Fast Refresh] rebuilding @ webpack-internal:///(app-pages-browser)/./node_modules/next/dist/next-devtools/shared/forward-logs-shared.js:44
[   52831ms] [LOG] [Fast Refresh] done in 20ms @ webpack-internal:///(app-pages-browser)/./node_modules/next/dist/next-devtools/shared/forward-logs-shared.js:44
[   52874ms] [WARNING] Error while trying to use the following icon from the Manifest: http://localhost:3000/icons/icon-192.png (Download error or resource isn't a valid image) @ http://localhost:3000/login:0
[   52890ms] [LOG] [Fast Refresh] rebuilding @ webpack-internal:///(app-pages-browser)/./node_modules/next/dist/next-devtools/shared/forward-logs-shared.js:44
[   52901ms] [LOG] [Fast Refresh] done in 11ms @ webpack-internal:///(app-pages-browser)/./node_modules/next/dist/next-devtools/shared/forward-logs-shared.js:44
[   52929ms] [WARNING] Error while trying to use the following icon from the Manifest: http://localhost:3000/icons/icon-192.png (Download error or resource isn't a valid image) @ http://localhost:3000/login:0
[   52948ms] [LOG] [Fast Refresh] rebuilding @ webpack-internal:///(app-pages-browser)/./node_modules/next/dist/next-devtools/shared/forward-logs-shared.js:44
[   52963ms] [LOG] [Fast Refresh] done in 15ms @ webpack-internal:///(app-pages-browser)/./node_modules/next/dist/next-devtools/shared/forward-logs-shared.js:44
[   52993ms] [WARNING] Error while trying to use the following icon from the Manifest: http://localhost:3000/icons/icon-192.png (Download error or resource isn't a valid image) @ http://localhost:3000/login:0
[   53010ms] [LOG] [Fast Refresh] rebuilding @ webpack-internal:///(app-pages-browser)/./node_modules/next/dist/next-devtools/shared/forward-logs-shared.js:44
[   53022ms] [LOG] [Fast Refresh] done in 12ms @ webpack-internal:///(app-pages-browser)/./node_modules/next/dist/next-devtools/shared/forward-logs-shared.js:44
[   53052ms] [WARNING] Error while trying to use the following icon from the Manifest: http://localhost:3000/icons/icon-192.png (Download error or resource isn't a valid image) @ http://localhost:3000/login:0
[   53070ms] [LOG] [Fast Refresh] rebuilding @ webpack-internal:///(app-pages-browser)/./node_modules/next/dist/next-devtools/shared/forward-logs-shared.js:44
[   53085ms] [LOG] [Fast Refresh] done in 15ms @ webpack-internal:///(app-pages-browser)/./node_modules/next/dist/next-devtools/shared/forward-logs-shared.js:44
[   53112ms] [WARNING] Error while trying to use the following icon from the Manifest: http://localhost:3000/icons/icon-192.png (Download error or resource isn't a valid image) @ http://localhost:3000/login:0
[   53130ms] [LOG] [Fast Refresh] rebuilding @ webpack-internal:///(app-pages-browser)/./node_modules/next/dist/next-devtools/shared/forward-logs-shared.js:44
[   53141ms] [LOG] [Fast Refresh] done in 11ms @ webpack-internal:///(app-pages-browser)/./node_modules/next/dist/next-devtools/shared/forward-logs-shared.js:44
[   53194ms] [WARNING] Error while trying to use the following icon from the Manifest: http://localhost:3000/icons/icon-192.png (Download error or resource isn't a valid image) @ http://localhost:3000/login:0
[   53211ms] [LOG] [Fast Refresh] rebuilding @ webpack-internal:///(app-pages-browser)/./node_modules/next/dist/next-devtools/shared/forward-logs-shared.js:44
[   53229ms] [LOG] [Fast Refresh] done in 18ms @ webpack-internal:///(app-pages-browser)/./node_modules/next/dist/next-devtools/shared/forward-logs-shared.js:44
[   53257ms] [WARNING] Error while trying to use the following icon from the Manifest: http://localhost:3000/icons/icon-192.png (Download error or resource isn't a valid image) @ http://localhost:3000/login:0
[   53273ms] [LOG] [Fast Refresh] rebuilding @ webpack-internal:///(app-pages-browser)/./node_modules/next/dist/next-devtools/shared/forward-logs-shared.js:44
[   53285ms] [LOG] [Fast Refresh] done in 11ms @ webpack-internal:///(app-pages-browser)/./node_modules/next/dist/next-devtools/shared/forward-logs-shared.js:44
[   53312ms] [WARNING] Error while trying to use the following icon from the Manifest: http://localhost:3000/icons/icon-192.png (Download error or resource isn't a valid image) @ http://localhost:3000/login:0
[   53331ms] [LOG] [Fast Refresh] rebuilding @ webpack-internal:///(app-pages-browser)/./node_modules/next/dist/next-devtools/shared/forward-logs-shared.js:44
[   53346ms] [LOG] [Fast Refresh] done in 15ms @ webpack-internal:///(app-pages-browser)/./node_modules/next/dist/next-devtools/shared/forward-logs-shared.js:44
[   53374ms] [WARNING] Error while trying to use the following icon from the Manifest: http://localhost:3000/icons/icon-192.png (Download error or resource isn't a valid image) @ http://localhost:3000/login:0
[   53391ms] [LOG] [Fast Refresh] rebuilding @ webpack-internal:///(app-pages-browser)/./node_modules/next/dist/next-devtools/shared/forward-logs-shared.js:44
[   53402ms] [LOG] [Fast Refresh] done in 12ms @ webpack-internal:///(app-pages-browser)/./node_modules/next/dist/next-devtools/shared/forward-logs-shared.js:44
[   53430ms] [WARNING] Error while trying to use the following icon from the Manifest: http://localhost:3000/icons/icon-192.png (Download error or resource isn't a valid image) @ http://localhost:3000/login:0
[   53448ms] [LOG] [Fast Refresh] rebuilding @ webpack-internal:///(app-pages-browser)/./node_modules/next/dist/next-devtools/shared/forward-logs-shared.js:44
[   53463ms] [LOG] [Fast Refresh] done in 15ms @ webpack-internal:///(app-pages-browser)/./node_modules/next/dist/next-devtools/shared/forward-logs-shared.js:44
[   53493ms] [WARNING] Error while trying to use the following icon from the Manifest: http://localhost:3000/icons/icon-192.png (Download error or resource isn't a valid image) @ http://localhost:3000/login:0
[   53510ms] [LOG] [Fast Refresh] rebuilding @ webpack-internal:///(app-pages-browser)/./node_modules/next/dist/next-devtools/shared/forward-logs-shared.js:44
[   53537ms] [LOG] [Fast Refresh] done in 27ms @ webpack-internal:///(app-pages-browser)/./node_modules/next/dist/next-devtools/shared/forward-logs-shared.js:44
[   53568ms] [WARNING] Error while trying to use the following icon from the Manifest: http://localhost:3000/icons/icon-192.png (Download error or resource isn't a valid image) @ http://localhost:3000/login:0
[   53579ms] [LOG] [Fast Refresh] rebuilding @ webpack-internal:///(app-pages-browser)/./node_modules/next/dist/next-devtools/shared/forward-logs-shared.js:44
[   53594ms] [LOG] [Fast Refresh] done in 15ms @ webpack-internal:///(app-pages-browser)/./node_modules/next/dist/next-devtools/shared/forward-logs-shared.js:44
[   53624ms] [WARNING] Error while trying to use the following icon from the Manifest: http://localhost:3000/icons/icon-192.png (Download error or resource isn't a valid image) @ http://localhost:3000/login:0
[   53640ms] [LOG] [Fast Refresh] rebuilding @ webpack-internal:///(app-pages-browser)/./node_modules/next/dist/next-devtools/shared/forward-logs-shared.js:44
[   53652ms] [LOG] [Fast Refresh] done in 12ms @ webpack-internal:///(app-pages-browser)/./node_modules/next/dist/next-devtools/shared/forward-logs-shared.js:44
[   53680ms] [WARNING] Error while trying to use the following icon from the Manifest: http://localhost:3000/icons/icon-192.png (Download error or resource isn't a valid image) @ http://localhost:3000/login:0
[   53698ms] [LOG] [Fast Refresh] rebuilding @ webpack-internal:///(app-pages-browser)/./node_modules/next/dist/next-devtools/shared/forward-logs-shared.js:44
[   53713ms] [LOG] [Fast Refresh] done in 16ms @ webpack-internal:///(app-pages-browser)/./node_modules/next/dist/next-devtools/shared/forward-logs-shared.js:44
[   53744ms] [WARNING] Error while trying to use the following icon from the Manifest: http://localhost:3000/icons/icon-192.png (Download error or resource isn't a valid image) @ http://localhost:3000/login:0
[   53762ms] [LOG] [Fast Refresh] rebuilding @ webpack-internal:///(app-pages-browser)/./node_modules/next/dist/next-devtools/shared/forward-logs-shared.js:44
[   53775ms] [LOG] [Fast Refresh] done in 13ms @ webpack-internal:///(app-pages-browser)/./node_modules/next/dist/next-devtools/shared/forward-logs-shared.js:44
[   53823ms] [LOG] [Fast Refresh] rebuilding @ webpack-internal:///(app-pages-browser)/./node_modules/next/dist/next-devtools/shared/forward-logs-shared.js:44
[   53838ms] [LOG] [Fast Refresh] done in 16ms @ webpack-internal:///(app-pages-browser)/./node_modules/next/dist/next-devtools/shared/forward-logs-shared.js:44
[   53892ms] [LOG] [Fast Refresh] done in 70ms @ webpack-internal:///(app-pages-browser)/./node_modules/next/dist/next-devtools/shared/forward-logs-shared.js:44
[   53923ms] [LOG] [Fast Refresh] rebuilding @ webpack-internal:///(app-pages-browser)/./node_modules/next/dist/next-devtools/shared/forward-logs-shared.js:44
[   54007ms] [LOG] [Fast Refresh] done in 83ms @ webpack-internal:///(app-pages-browser)/./node_modules/next/dist/next-devtools/shared/forward-logs-shared.js:44
[   54409ms] [WARNING] Error while trying to use the following icon from the Manifest: http://localhost:3000/icons/icon-192.png (Download error or resource isn't a valid image) @ http://localhost:3000/login:0
[   54414ms] [LOG] [Fast Refresh] rebuilding @ webpack-internal:///(app-pages-browser)/./node_modules/next/dist/next-devtools/shared/forward-logs-shared.js:44
[   54464ms] [LOG] [Fast Refresh] rebuilding @ webpack-internal:///(app-pages-browser)/./node_modules/next/dist/next-devtools/shared/forward-logs-shared.js:44
[   54476ms] [LOG] [Fast Refresh] done in 12ms @ webpack-internal:///(app-pages-browser)/./node_modules/next/dist/next-devtools/shared/forward-logs-shared.js:44
[   54505ms] [WARNING] Error while trying to use the following icon from the Manifest: http://localhost:3000/icons/icon-192.png (Download error or resource isn't a valid image) @ http://localhost:3000/login:0
[   54524ms] [LOG] [Fast Refresh] rebuilding @ webpack-internal:///(app-pages-browser)/./node_modules/next/dist/next-devtools/shared/forward-logs-shared.js:44
[   54540ms] [LOG] [Fast Refresh] done in 17ms @ webpack-internal:///(app-pages-browser)/./node_modules/next/dist/next-devtools/shared/forward-logs-shared.js:44
[   54566ms] [WARNING] Error while trying to use the following icon from the Manifest: http://localhost:3000/icons/icon-192.png (Download error or resource isn't a valid image) @ http://localhost:3000/login:0
[   54583ms] [LOG] [Fast Refresh] rebuilding @ webpack-internal:///(app-pages-browser)/./node_modules/next/dist/next-devtools/shared/forward-logs-shared.js:44
[   54594ms] [LOG] [Fast Refresh] done in 12ms @ webpack-internal:///(app-pages-browser)/./node_modules/next/dist/next-devtools/shared/forward-logs-shared.js:44
[   54620ms] [WARNING] Error while trying to use the following icon from the Manifest: http://localhost:3000/icons/icon-192.png (Download error or resource isn't a valid image) @ http://localhost:3000/login:0
[   54639ms] [LOG] [Fast Refresh] rebuilding @ webpack-internal:///(app-pages-browser)/./node_modules/next/dist/next-devtools/shared/forward-logs-shared.js:44
[   54656ms] [LOG] [Fast Refresh] done in 16ms @ webpack-internal:///(app-pages-browser)/./node_modules/next/dist/next-devtools/shared/forward-logs-shared.js:44
[   54685ms] [WARNING] Error while trying to use the following icon from the Manifest: http://localhost:3000/icons/icon-192.png (Download error or resource isn't a valid image) @ http://localhost:3000/login:0
[   54704ms] [LOG] [Fast Refresh] rebuilding @ webpack-internal:///(app-pages-browser)/./node_modules/next/dist/next-devtools/shared/forward-logs-shared.js:44
[   54716ms] [LOG] [Fast Refresh] done in 11ms @ webpack-internal:///(app-pages-browser)/./node_modules/next/dist/next-devtools/shared/forward-logs-shared.js:44
[   54744ms] [WARNING] Error while trying to use the following icon from the Manifest: http://localhost:3000/icons/icon-192.png (Download error or resource isn't a valid image) @ http://localhost:3000/login:0
[   54762ms] [LOG] [Fast Refresh] rebuilding @ webpack-internal:///(app-pages-browser)/./node_modules/next/dist/next-devtools/shared/forward-logs-shared.js:44
[   54779ms] [LOG] [Fast Refresh] done in 17ms @ webpack-internal:///(app-pages-browser)/./node_modules/next/dist/next-devtools/shared/forward-logs-shared.js:44
[   54810ms] [WARNING] Error while trying to use the following icon from the Manifest: http://localhost:3000/icons/icon-192.png (Download error or resource isn't a valid image) @ http://localhost:3000/login:0
[   54827ms] [LOG] [Fast Refresh] rebuilding @ webpack-internal:///(app-pages-browser)/./node_modules/next/dist/next-devtools/shared/forward-logs-shared.js:44
[   54840ms] [LOG] [Fast Refresh] done in 12ms @ webpack-internal:///(app-pages-browser)/./node_modules/next/dist/next-devtools/shared/forward-logs-shared.js:44
[   54869ms] [WARNING] Error while trying to use the following icon from the Manifest: http://localhost:3000/icons/icon-192.png (Download error or resource isn't a valid image) @ http://localhost:3000/login:0
[   54893ms] [LOG] [Fast Refresh] rebuilding @ webpack-internal:///(app-pages-browser)/./node_modules/next/dist/next-devtools/shared/forward-logs-shared.js:44
[   54909ms] [LOG] [Fast Refresh] done in 16ms @ webpack-internal:///(app-pages-browser)/./node_modules/next/dist/next-devtools/shared/forward-logs-shared.js:44
[   54938ms] [WARNING] Error while trying to use the following icon from the Manifest: http://localhost:3000/icons/icon-192.png (Download error or resource isn't a valid image) @ http://localhost:3000/login:0
[   54955ms] [LOG] [Fast Refresh] rebuilding @ webpack-internal:///(app-pages-browser)/./node_modules/next/dist/next-devtools/shared/forward-logs-shared.js:44
[   54970ms] [LOG] [Fast Refresh] done in 16ms @ webpack-internal:///(app-pages-browser)/./node_modules/next/dist/next-devtools/shared/forward-logs-shared.js:44
[   55000ms] [WARNING] Error while trying to use the following icon from the Manifest: http://localhost:3000/icons/icon-192.png (Download error or resource isn't a valid image) @ http://localhost:3000/login:0
[   55020ms] [LOG] [Fast Refresh] rebuilding @ webpack-internal:///(app-pages-browser)/./node_modules/next/dist/next-devtools/shared/forward-logs-shared.js:44
[   55036ms] [LOG] [Fast Refresh] done in 17ms @ webpack-internal:///(app-pages-browser)/./node_modules/next/dist/next-devtools/shared/forward-logs-shared.js:44
[   55064ms] [WARNING] Error while trying to use the following icon from the Manifest: http://localhost:3000/icons/icon-192.png (Download error or resource isn't a valid image) @ http://localhost:3000/login:0
[   55085ms] [LOG] [Fast Refresh] rebuilding @ webpack-internal:///(app-pages-browser)/./node_modules/next/dist/next-devtools/shared/forward-logs-shared.js:44
[   55097ms] [LOG] [Fast Refresh] done in 12ms @ webpack-internal:///(app-pages-browser)/./node_modules/next/dist/next-devtools/shared/forward-logs-shared.js:44
[   55128ms] [WARNING] Error while trying to use the following icon from the Manifest: http://localhost:3000/icons/icon-192.png (Download error or resource isn't a valid image) @ http://localhost:3000/login:0
[   55146ms] [LOG] [Fast Refresh] rebuilding @ webpack-internal:///(app-pages-browser)/./node_modules/next/dist/next-devtools/shared/forward-logs-shared.js:44
[   55162ms] [LOG] [Fast Refresh] done in 17ms @ webpack-internal:///(app-pages-browser)/./node_modules/next/dist/next-devtools/shared/forward-logs-shared.js:44
[   55210ms] [LOG] [Fast Refresh] rebuilding @ webpack-internal:///(app-pages-browser)/./node_modules/next/dist/next-devtools/shared/forward-logs-shared.js:44
[   55222ms] [LOG] [Fast Refresh] done in 12ms @ webpack-internal:///(app-pages-browser)/./node_modules/next/dist/next-devtools/shared/forward-logs-shared.js:44
[   55254ms] [WARNING] Error while trying to use the following icon from the Manifest: http://localhost:3000/icons/icon-192.png (Download error or resource isn't a valid image) @ http://localhost:3000/login:0
[   55272ms] [LOG] [Fast Refresh] rebuilding @ webpack-internal:///(app-pages-browser)/./node_modules/next/dist/next-devtools/shared/forward-logs-shared.js:44
[   55288ms] [LOG] [Fast Refresh] done in 16ms @ webpack-internal:///(app-pages-browser)/./node_modules/next/dist/next-devtools/shared/forward-logs-shared.js:44
[   55318ms] [WARNING] Error while trying to use the following icon from the Manifest: http://localhost:3000/icons/icon-192.png (Download error or resource isn't a valid image) @ http://localhost:3000/login:0
[   55334ms] [LOG] [Fast Refresh] rebuilding @ webpack-internal:///(app-pages-browser)/./node_modules/next/dist/next-devtools/shared/forward-logs-shared.js:44
[   55346ms] [LOG] [Fast Refresh] done in 12ms @ webpack-internal:///(app-pages-browser)/./node_modules/next/dist/next-devtools/shared/forward-logs-shared.js:44
[   55376ms] [WARNING] Error while trying to use the following icon from the Manifest: http://localhost:3000/icons/icon-192.png (Download error or resource isn't a valid image) @ http://localhost:3000/login:0
[   55394ms] [LOG] [Fast Refresh] rebuilding @ webpack-internal:///(app-pages-browser)/./node_modules/next/dist/next-devtools/shared/forward-logs-shared.js:44
[   55410ms] [LOG] [Fast Refresh] done in 16ms @ webpack-internal:///(app-pages-browser)/./node_modules/next/dist/next-devtools/shared/forward-logs-shared.js:44
[   55438ms] [WARNING] Error while trying to use the following icon from the Manifest: http://localhost:3000/icons/icon-192.png (Download error or resource isn't a valid image) @ http://localhost:3000/login:0
[   55455ms] [LOG] [Fast Refresh] rebuilding @ webpack-internal:///(app-pages-browser)/./node_modules/next/dist/next-devtools/shared/forward-logs-shared.js:44
[   55468ms] [LOG] [Fast Refresh] done in 12ms @ webpack-internal:///(app-pages-browser)/./node_modules/next/dist/next-devtools/shared/forward-logs-shared.js:44
[   55499ms] [WARNING] Error while trying to use the following icon from the Manifest: http://localhost:3000/icons/icon-192.png (Download error or resource isn't a valid image) @ http://localhost:3000/login:0
[   55518ms] [LOG] [Fast Refresh] rebuilding @ webpack-internal:///(app-pages-browser)/./node_modules/next/dist/next-devtools/shared/forward-logs-shared.js:44
[   55536ms] [LOG] [Fast Refresh] done in 17ms @ webpack-internal:///(app-pages-browser)/./node_modules/next/dist/next-devtools/shared/forward-logs-shared.js:44
[   55565ms] [WARNING] Error while trying to use the following icon from the Manifest: http://localhost:3000/icons/icon-192.png (Download error or resource isn't a valid image) @ http://localhost:3000/login:0
[   55582ms] [LOG] [Fast Refresh] rebuilding @ webpack-internal:///(app-pages-browser)/./node_modules/next/dist/next-devtools/shared/forward-logs-shared.js:44
[   55594ms] [LOG] [Fast Refresh] done in 12ms @ webpack-internal:///(app-pages-browser)/./node_modules/next/dist/next-devtools/shared/forward-logs-shared.js:44
[   55623ms] [WARNING] Error while trying to use the following icon from the Manifest: http://localhost:3000/icons/icon-192.png (Download error or resource isn't a valid image) @ http://localhost:3000/login:0
[   55641ms] [LOG] [Fast Refresh] rebuilding @ webpack-internal:///(app-pages-browser)/./node_modules/next/dist/next-devtools/shared/forward-logs-shared.js:44
[   55656ms] [LOG] [Fast Refresh] done in 16ms @ webpack-internal:///(app-pages-browser)/./node_modules/next/dist/next-devtools/shared/forward-logs-shared.js:44
[   55681ms] [WARNING] Error while trying to use the following icon from the Manifest: http://localhost:3000/icons/icon-192.png (Download error or resource isn't a valid image) @ http://localhost:3000/login:0
[   55703ms] [LOG] [Fast Refresh] rebuilding @ webpack-internal:///(app-pages-browser)/./node_modules/next/dist/next-devtools/shared/forward-logs-shared.js:44
[   55715ms] [LOG] [Fast Refresh] done in 12ms @ webpack-internal:///(app-pages-browser)/./node_modules/next/dist/next-devtools/shared/forward-logs-shared.js:44
[   55744ms] [WARNING] Error while trying to use the following icon from the Manifest: http://localhost:3000/icons/icon-192.png (Download error or resource isn't a valid image) @ http://localhost:3000/login:0
[   55761ms] [LOG] [Fast Refresh] rebuilding @ webpack-internal:///(app-pages-browser)/./node_modules/next/dist/next-devtools/shared/forward-logs-shared.js:44
[   55778ms] [LOG] [Fast Refresh] done in 17ms @ webpack-internal:///(app-pages-browser)/./node_modules/next/dist/next-devtools/shared/forward-logs-shared.js:44
[   55809ms] [WARNING] Error while trying to use the following icon from the Manifest: http://localhost:3000/icons/icon-192.png (Download error or resource isn't a valid image) @ http://localhost:3000/login:0
[   55825ms] [LOG] [Fast Refresh] rebuilding @ webpack-internal:///(app-pages-browser)/./node_modules/next/dist/next-devtools/shared/forward-logs-shared.js:44
[   55837ms] [LOG] [Fast Refresh] done in 11ms @ webpack-internal:///(app-pages-browser)/./node_modules/next/dist/next-devtools/shared/forward-logs-shared.js:44
[   55847ms] [WARNING] Error while trying to use the following icon from the Manifest: http://localhost:3000/icons/icon-192.png (Download error or resource isn't a valid image) @ http://localhost:3000/login:0
[   55889ms] [LOG] [Fast Refresh] rebuilding @ webpack-internal:///(app-pages-browser)/./node_modules/next/dist/next-devtools/shared/forward-logs-shared.js:44
[   55905ms] [LOG] [Fast Refresh] done in 15ms @ webpack-internal:///(app-pages-browser)/./node_modules/next/dist/next-devtools/shared/forward-logs-shared.js:44
[   55929ms] [WARNING] Error while trying to use the following icon from the Manifest: http://localhost:3000/icons/icon-192.png (Download error or resource isn't a valid image) @ http://localhost:3000/login:0
[   55950ms] [LOG] [Fast Refresh] rebuilding @ webpack-internal:///(app-pages-browser)/./node_modules/next/dist/next-devtools/shared/forward-logs-shared.js:44
[   55962ms] [LOG] [Fast Refresh] done in 11ms @ webpack-internal:///(app-pages-browser)/./node_modules/next/dist/next-devtools/shared/forward-logs-shared.js:44
[   55990ms] [WARNING] Error while trying to use the following icon from the Manifest: http://localhost:3000/icons/icon-192.png (Download error or resource isn't a valid image) @ http://localhost:3000/login:0
[   56009ms] [LOG] [Fast Refresh] rebuilding @ webpack-internal:///(app-pages-browser)/./node_modules/next/dist/next-devtools/shared/forward-logs-shared.js:44
[   56025ms] [LOG] [Fast Refresh] done in 17ms @ webpack-internal:///(app-pages-browser)/./node_modules/next/dist/next-devtools/shared/forward-logs-shared.js:44
[   56055ms] [WARNING] Error while trying to use the following icon from the Manifest: http://localhost:3000/icons/icon-192.png (Download error or resource isn't a valid image) @ http://localhost:3000/login:0
[   56072ms] [LOG] [Fast Refresh] rebuilding @ webpack-internal:///(app-pages-browser)/./node_modules/next/dist/next-devtools/shared/forward-logs-shared.js:44
[   56084ms] [LOG] [Fast Refresh] done in 12ms @ webpack-internal:///(app-pages-browser)/./node_modules/next/dist/next-devtools/shared/forward-logs-shared.js:44
[   56129ms] [LOG] [Fast Refresh] rebuilding @ webpack-internal:///(app-pages-browser)/./node_modules/next/dist/next-devtools/shared/forward-logs-shared.js:44
[   56145ms] [LOG] [Fast Refresh] done in 16ms @ webpack-internal:///(app-pages-browser)/./node_modules/next/dist/next-devtools/shared/forward-logs-shared.js:44
[   56176ms] [WARNING] Error while trying to use the following icon from the Manifest: http://localhost:3000/icons/icon-192.png (Download error or resource isn't a valid image) @ http://localhost:3000/login:0
[   56194ms] [LOG] [Fast Refresh] rebuilding @ webpack-internal:///(app-pages-browser)/./node_modules/next/dist/next-devtools/shared/forward-logs-shared.js:44
[   56205ms] [LOG] [Fast Refresh] done in 12ms @ webpack-internal:///(app-pages-browser)/./node_modules/next/dist/next-devtools/shared/forward-logs-shared.js:44
[   56235ms] [WARNING] Error while trying to use the following icon from the Manifest: http://localhost:3000/icons/icon-192.png (Download error or resource isn't a valid image) @ http://localhost:3000/login:0
[   56253ms] [LOG] [Fast Refresh] rebuilding @ webpack-internal:///(app-pages-browser)/./node_modules/next/dist/next-devtools/shared/forward-logs-shared.js:44
[   56270ms] [LOG] [Fast Refresh] done in 17ms @ webpack-internal:///(app-pages-browser)/./node_modules/next/dist/next-devtools/shared/forward-logs-shared.js:44
[   56301ms] [WARNING] Error while trying to use the following icon from the Manifest: http://localhost:3000/icons/icon-192.png (Download error or resource isn't a valid image) @ http://localhost:3000/login:0
[   56318ms] [LOG] [Fast Refresh] rebuilding @ webpack-internal:///(app-pages-browser)/./node_modules/next/dist/next-devtools/shared/forward-logs-shared.js:44
[   56330ms] [LOG] [Fast Refresh] done in 12ms @ webpack-internal:///(app-pages-browser)/./node_modules/next/dist/next-devtools/shared/forward-logs-shared.js:44
[   56375ms] [LOG] [Fast Refresh] rebuilding @ webpack-internal:///(app-pages-browser)/./node_modules/next/dist/next-devtools/shared/forward-logs-shared.js:44
[   56391ms] [LOG] [Fast Refresh] done in 16ms @ webpack-internal:///(app-pages-browser)/./node_modules/next/dist/next-devtools/shared/forward-logs-shared.js:44
[   56423ms] [WARNING] Error while trying to use the following icon from the Manifest: http://localhost:3000/icons/icon-192.png (Download error or resource isn't a valid image) @ http://localhost:3000/login:0
[   56439ms] [LOG] [Fast Refresh] rebuilding @ webpack-internal:///(app-pages-browser)/./node_modules/next/dist/next-devtools/shared/forward-logs-shared.js:44
[   56451ms] [LOG] [Fast Refresh] done in 12ms @ webpack-internal:///(app-pages-browser)/./node_modules/next/dist/next-devtools/shared/forward-logs-shared.js:44
[   56481ms] [WARNING] Error while trying to use the following icon from the Manifest: http://localhost:3000/icons/icon-192.png (Download error or resource isn't a valid image) @ http://localhost:3000/login:0
[   56499ms] [LOG] [Fast Refresh] rebuilding @ webpack-internal:///(app-pages-browser)/./node_modules/next/dist/next-devtools/shared/forward-logs-shared.js:44
[   56523ms] [LOG] [Fast Refresh] done in 24ms @ webpack-internal:///(app-pages-browser)/./node_modules/next/dist/next-devtools/shared/forward-logs-shared.js:44
[   56551ms] [WARNING] Error while trying to use the following icon from the Manifest: http://localhost:3000/icons/icon-192.png (Download error or resource isn't a valid image) @ http://localhost:3000/login:0
[   56568ms] [LOG] [Fast Refresh] rebuilding @ webpack-internal:///(app-pages-browser)/./node_modules/next/dist/next-devtools/shared/forward-logs-shared.js:44
[   56580ms] [LOG] [Fast Refresh] done in 11ms @ webpack-internal:///(app-pages-browser)/./node_modules/next/dist/next-devtools/shared/forward-logs-shared.js:44
[   56609ms] [WARNING] Error while trying to use the following icon from the Manifest: http://localhost:3000/icons/icon-192.png (Download error or resource isn't a valid image) @ http://localhost:3000/login:0
[   56627ms] [LOG] [Fast Refresh] rebuilding @ webpack-internal:///(app-pages-browser)/./node_modules/next/dist/next-devtools/shared/forward-logs-shared.js:44
[   56643ms] [LOG] [Fast Refresh] done in 16ms @ webpack-internal:///(app-pages-browser)/./node_modules/next/dist/next-devtools/shared/forward-logs-shared.js:44
[   56688ms] [LOG] [Fast Refresh] rebuilding @ webpack-internal:///(app-pages-browser)/./node_modules/next/dist/next-devtools/shared/forward-logs-shared.js:44
[   56701ms] [LOG] [Fast Refresh] done in 12ms @ webpack-internal:///(app-pages-browser)/./node_modules/next/dist/next-devtools/shared/forward-logs-shared.js:44
[   56730ms] [WARNING] Error while trying to use the following icon from the Manifest: http://localhost:3000/icons/icon-192.png (Download error or resource isn't a valid image) @ http://localhost:3000/login:0
[   56747ms] [LOG] [Fast Refresh] rebuilding @ webpack-internal:///(app-pages-browser)/./node_modules/next/dist/next-devtools/shared/forward-logs-shared.js:44
[   56763ms] [LOG] [Fast Refresh] done in 17ms @ webpack-internal:///(app-pages-browser)/./node_modules/next/dist/next-devtools/shared/forward-logs-shared.js:44
[   56792ms] [WARNING] Error while trying to use the following icon from the Manifest: http://localhost:3000/icons/icon-192.png (Download error or resource isn't a valid image) @ http://localhost:3000/login:0
[   56808ms] [LOG] [Fast Refresh] rebuilding @ webpack-internal:///(app-pages-browser)/./node_modules/next/dist/next-devtools/shared/forward-logs-shared.js:44
[   56821ms] [LOG] [Fast Refresh] done in 12ms @ webpack-internal:///(app-pages-browser)/./node_modules/next/dist/next-devtools/shared/forward-logs-shared.js:44
[   56849ms] [WARNING] Error while trying to use the following icon from the Manifest: http://localhost:3000/icons/icon-192.png (Download error or resource isn't a valid image) @ http://localhost:3000/login:0
[   56868ms] [LOG] [Fast Refresh] rebuilding @ webpack-internal:///(app-pages-browser)/./node_modules/next/dist/next-devtools/shared/forward-logs-shared.js:44
[   56884ms] [LOG] [Fast Refresh] done in 17ms @ webpack-internal:///(app-pages-browser)/./node_modules/next/dist/next-devtools/shared/forward-logs-shared.js:44
[   56913ms] [WARNING] Error while trying to use the following icon from the Manifest: http://localhost:3000/icons/icon-192.png (Download error or resource isn't a valid image) @ http://localhost:3000/login:0
[   56929ms] [LOG] [Fast Refresh] rebuilding @ webpack-internal:///(app-pages-browser)/./node_modules/next/dist/next-devtools/shared/forward-logs-shared.js:44
[   56942ms] [LOG] [Fast Refresh] done in 13ms @ webpack-internal:///(app-pages-browser)/./node_modules/next/dist/next-devtools/shared/forward-logs-shared.js:44
[   56972ms] [WARNING] Error while trying to use the following icon from the Manifest: http://localhost:3000/icons/icon-192.png (Download error or resource isn't a valid image) @ http://localhost:3000/login:0
[   56990ms] [LOG] [Fast Refresh] rebuilding @ webpack-internal:///(app-pages-browser)/./node_modules/next/dist/next-devtools/shared/forward-logs-shared.js:44
[   57007ms] [LOG] [Fast Refresh] done in 16ms @ webpack-internal:///(app-pages-browser)/./node_modules/next/dist/next-devtools/shared/forward-logs-shared.js:44
[   57036ms] [WARNING] Error while trying to use the following icon from the Manifest: http://localhost:3000/icons/icon-192.png (Download error or resource isn't a valid image) @ http://localhost:3000/login:0
[   57053ms] [LOG] [Fast Refresh] rebuilding @ webpack-internal:///(app-pages-browser)/./node_modules/next/dist/next-devtools/shared/forward-logs-shared.js:44
[   57066ms] [LOG] [Fast Refresh] done in 14ms @ webpack-internal:///(app-pages-browser)/./node_modules/next/dist/next-devtools/shared/forward-logs-shared.js:44
[   57095ms] [WARNING] Error while trying to use the following icon from the Manifest: http://localhost:3000/icons/icon-192.png (Download error or resource isn't a valid image) @ http://localhost:3000/login:0
[   57116ms] [LOG] [Fast Refresh] rebuilding @ webpack-internal:///(app-pages-browser)/./node_modules/next/dist/next-devtools/shared/forward-logs-shared.js:44
[   57133ms] [LOG] [Fast Refresh] done in 16ms @ webpack-internal:///(app-pages-browser)/./node_modules/next/dist/next-devtools/shared/forward-logs-shared.js:44
[   57180ms] [LOG] [Fast Refresh] rebuilding @ webpack-internal:///(app-pages-browser)/./node_modules/next/dist/next-devtools/shared/forward-logs-shared.js:44
[   57193ms] [LOG] [Fast Refresh] done in 13ms @ webpack-internal:///(app-pages-browser)/./node_modules/next/dist/next-devtools/shared/forward-logs-shared.js:44
[   57224ms] [WARNING] Error while trying to use the following icon from the Manifest: http://localhost:3000/icons/icon-192.png (Download error or resource isn't a valid image) @ http://localhost:3000/login:0
[   57242ms] [LOG] [Fast Refresh] rebuilding @ webpack-internal:///(app-pages-browser)/./node_modules/next/dist/next-devtools/shared/forward-logs-shared.js:44
[   57258ms] [LOG] [Fast Refresh] done in 16ms @ webpack-internal:///(app-pages-browser)/./node_modules/next/dist/next-devtools/shared/forward-logs-shared.js:44
[   57287ms] [WARNING] Error while trying to use the following icon from the Manifest: http://localhost:3000/icons/icon-192.png (Download error or resource isn't a valid image) @ http://localhost:3000/login:0
[   57304ms] [LOG] [Fast Refresh] rebuilding @ webpack-internal:///(app-pages-browser)/./node_modules/next/dist/next-devtools/shared/forward-logs-shared.js:44
[   57316ms] [LOG] [Fast Refresh] done in 11ms @ webpack-internal:///(app-pages-browser)/./node_modules/next/dist/next-devtools/shared/forward-logs-shared.js:44
[   57345ms] [WARNING] Error while trying to use the following icon from the Manifest: http://localhost:3000/icons/icon-192.png (Download error or resource isn't a valid image) @ http://localhost:3000/login:0
[   57362ms] [LOG] [Fast Refresh] rebuilding @ webpack-internal:///(app-pages-browser)/./node_modules/next/dist/next-devtools/shared/forward-logs-shared.js:44
[   57380ms] [LOG] [Fast Refresh] done in 17ms @ webpack-internal:///(app-pages-browser)/./node_modules/next/dist/next-devtools/shared/forward-logs-shared.js:44
[   57409ms] [WARNING] Error while trying to use the following icon from the Manifest: http://localhost:3000/icons/icon-192.png (Download error or resource isn't a valid image) @ http://localhost:3000/login:0
[   57426ms] [LOG] [Fast Refresh] rebuilding @ webpack-internal:///(app-pages-browser)/./node_modules/next/dist/next-devtools/shared/forward-logs-shared.js:44
[   57438ms] [LOG] [Fast Refresh] done in 12ms @ webpack-internal:///(app-pages-browser)/./node_modules/next/dist/next-devtools/shared/forward-logs-shared.js:44
[   57468ms] [WARNING] Error while trying to use the following icon from the Manifest: http://localhost:3000/icons/icon-192.png (Download error or resource isn't a valid image) @ http://localhost:3000/login:0
[   57504ms] [LOG] [Fast Refresh] rebuilding @ webpack-internal:///(app-pages-browser)/./node_modules/next/dist/next-devtools/shared/forward-logs-shared.js:44
[   57538ms] [LOG] [Fast Refresh] done in 35ms @ webpack-internal:///(app-pages-browser)/./node_modules/next/dist/next-devtools/shared/forward-logs-shared.js:44
[   57559ms] [LOG] [Fast Refresh] rebuilding @ webpack-internal:///(app-pages-browser)/./node_modules/next/dist/next-devtools/shared/forward-logs-shared.js:44
[   57571ms] [WARNING] Error while trying to use the following icon from the Manifest: http://localhost:3000/icons/icon-192.png (Download error or resource isn't a valid image) @ http://localhost:3000/login:0
[   57573ms] [LOG] [Fast Refresh] done in 14ms @ webpack-internal:///(app-pages-browser)/./node_modules/next/dist/next-devtools/shared/forward-logs-shared.js:44
[   57604ms] [WARNING] Error while trying to use the following icon from the Manifest: http://localhost:3000/icons/icon-192.png (Download error or resource isn't a valid image) @ http://localhost:3000/login:0
[   57622ms] [LOG] [Fast Refresh] rebuilding @ webpack-internal:///(app-pages-browser)/./node_modules/next/dist/next-devtools/shared/forward-logs-shared.js:44
[   57641ms] [LOG] [Fast Refresh] done in 19ms @ webpack-internal:///(app-pages-browser)/./node_modules/next/dist/next-devtools/shared/forward-logs-shared.js:44
[   57673ms] [WARNING] Error while trying to use the following icon from the Manifest: http://localhost:3000/icons/icon-192.png (Download error or resource isn't a valid image) @ http://localhost:3000/login:0
[   57692ms] [LOG] [Fast Refresh] rebuilding @ webpack-internal:///(app-pages-browser)/./node_modules/next/dist/next-devtools/shared/forward-logs-shared.js:44
[   57710ms] [LOG] [Fast Refresh] done in 17ms @ webpack-internal:///(app-pages-browser)/./node_modules/next/dist/next-devtools/shared/forward-logs-shared.js:44
[   57744ms] [WARNING] Error while trying to use the following icon from the Manifest: http://localhost:3000/icons/icon-192.png (Download error or resource isn't a valid image) @ http://localhost:3000/login:0
[   57766ms] [LOG] [Fast Refresh] rebuilding @ webpack-internal:///(app-pages-browser)/./node_modules/next/dist/next-devtools/shared/forward-logs-shared.js:44
[   57783ms] [LOG] [Fast Refresh] done in 16ms @ webpack-internal:///(app-pages-browser)/./node_modules/next/dist/next-devtools/shared/forward-logs-shared.js:44
[   57811ms] [WARNING] Error while trying to use the following icon from the Manifest: http://localhost:3000/icons/icon-192.png (Download error or resource isn't a valid image) @ http://localhost:3000/login:0
[   57829ms] [LOG] [Fast Refresh] rebuilding @ webpack-internal:///(app-pages-browser)/./node_modules/next/dist/next-devtools/shared/forward-logs-shared.js:44
[   57841ms] [LOG] [Fast Refresh] done in 12ms @ webpack-internal:///(app-pages-browser)/./node_modules/next/dist/next-devtools/shared/forward-logs-shared.js:44
[   57869ms] [WARNING] Error while trying to use the following icon from the Manifest: http://localhost:3000/icons/icon-192.png (Download error or resource isn't a valid image) @ http://localhost:3000/login:0
[   57889ms] [LOG] [Fast Refresh] rebuilding @ webpack-internal:///(app-pages-browser)/./node_modules/next/dist/next-devtools/shared/forward-logs-shared.js:44
[   57905ms] [LOG] [Fast Refresh] done in 17ms @ webpack-internal:///(app-pages-browser)/./node_modules/next/dist/next-devtools/shared/forward-logs-shared.js:44
[   57935ms] [WARNING] Error while trying to use the following icon from the Manifest: http://localhost:3000/icons/icon-192.png (Download error or resource isn't a valid image) @ http://localhost:3000/login:0
[   57952ms] [LOG] [Fast Refresh] rebuilding @ webpack-internal:///(app-pages-browser)/./node_modules/next/dist/next-devtools/shared/forward-logs-shared.js:44
[   57964ms] [LOG] [Fast Refresh] done in 11ms @ webpack-internal:///(app-pages-browser)/./node_modules/next/dist/next-devtools/shared/forward-logs-shared.js:44
[   57993ms] [WARNING] Error while trying to use the following icon from the Manifest: http://localhost:3000/icons/icon-192.png (Download error or resource isn't a valid image) @ http://localhost:3000/login:0
[   58013ms] [LOG] [Fast Refresh] rebuilding @ webpack-internal:///(app-pages-browser)/./node_modules/next/dist/next-devtools/shared/forward-logs-shared.js:44
[   58031ms] [LOG] [Fast Refresh] done in 17ms @ webpack-internal:///(app-pages-browser)/./node_modules/next/dist/next-devtools/shared/forward-logs-shared.js:44
[   58076ms] [LOG] [Fast Refresh] rebuilding @ webpack-internal:///(app-pages-browser)/./node_modules/next/dist/next-devtools/shared/forward-logs-shared.js:44
[   58093ms] [LOG] [Fast Refresh] done in 18ms @ webpack-internal:///(app-pages-browser)/./node_modules/next/dist/next-devtools/shared/forward-logs-shared.js:44
[   58152ms] [LOG] [Fast Refresh] rebuilding @ webpack-internal:///(app-pages-browser)/./node_modules/next/dist/next-devtools/shared/forward-logs-shared.js:44
[   58169ms] [LOG] [Fast Refresh] done in 17ms @ webpack-internal:///(app-pages-browser)/./node_modules/next/dist/next-devtools/shared/forward-logs-shared.js:44
[   58198ms] [WARNING] Error while trying to use the following icon from the Manifest: http://localhost:3000/icons/icon-192.png (Download error or resource isn't a valid image) @ http://localhost:3000/login:0
[   58215ms] [LOG] [Fast Refresh] rebuilding @ webpack-internal:///(app-pages-browser)/./node_modules/next/dist/next-devtools/shared/forward-logs-shared.js:44
[   58227ms] [LOG] [Fast Refresh] done in 12ms @ webpack-internal:///(app-pages-browser)/./node_modules/next/dist/next-devtools/shared/forward-logs-shared.js:44
[   58288ms] [LOG] [Fast Refresh] rebuilding @ webpack-internal:///(app-pages-browser)/./node_modules/next/dist/next-devtools/shared/forward-logs-shared.js:44
[   58303ms] [LOG] [Fast Refresh] done in 16ms @ webpack-internal:///(app-pages-browser)/./node_modules/next/dist/next-devtools/shared/forward-logs-shared.js:44
[   58331ms] [WARNING] Error while trying to use the following icon from the Manifest: http://localhost:3000/icons/icon-192.png (Download error or resource isn't a valid image) @ http://localhost:3000/login:0
[   58348ms] [LOG] [Fast Refresh] rebuilding @ webpack-internal:///(app-pages-browser)/./node_modules/next/dist/next-devtools/shared/forward-logs-shared.js:44
[   58371ms] [LOG] [Fast Refresh] done in 23ms @ webpack-internal:///(app-pages-browser)/./node_modules/next/dist/next-devtools/shared/forward-logs-shared.js:44
[   58400ms] [WARNING] Error while trying to use the following icon from the Manifest: http://localhost:3000/icons/icon-192.png (Download error or resource isn't a valid image) @ http://localhost:3000/login:0
[   58418ms] [LOG] [Fast Refresh] rebuilding @ webpack-internal:///(app-pages-browser)/./node_modules/next/dist/next-devtools/shared/forward-logs-shared.js:44
[   58435ms] [LOG] [Fast Refresh] done in 17ms @ webpack-internal:///(app-pages-browser)/./node_modules/next/dist/next-devtools/shared/forward-logs-shared.js:44
[   58477ms] [LOG] [Fast Refresh] rebuilding @ webpack-internal:///(app-pages-browser)/./node_modules/next/dist/next-devtools/shared/forward-logs-shared.js:44
[   58495ms] [LOG] [Fast Refresh] done in 17ms @ webpack-internal:///(app-pages-browser)/./node_modules/next/dist/next-devtools/shared/forward-logs-shared.js:44
[   58523ms] [WARNING] Error while trying to use the following icon from the Manifest: http://localhost:3000/icons/icon-192.png (Download error or resource isn't a valid image) @ http://localhost:3000/login:0
[   58540ms] [LOG] [Fast Refresh] rebuilding @ webpack-internal:///(app-pages-browser)/./node_modules/next/dist/next-devtools/shared/forward-logs-shared.js:44
[   58556ms] [LOG] [Fast Refresh] done in 16ms @ webpack-internal:///(app-pages-browser)/./node_modules/next/dist/next-devtools/shared/forward-logs-shared.js:44
[   58580ms] [WARNING] Error while trying to use the following icon from the Manifest: http://localhost:3000/icons/icon-192.png (Download error or resource isn't a valid image) @ http://localhost:3000/login:0
[   58601ms] [LOG] [Fast Refresh] rebuilding @ webpack-internal:///(app-pages-browser)/./node_modules/next/dist/next-devtools/shared/forward-logs-shared.js:44
[   58612ms] [LOG] [Fast Refresh] done in 11ms @ webpack-internal:///(app-pages-browser)/./node_modules/next/dist/next-devtools/shared/forward-logs-shared.js:44
[   58642ms] [WARNING] Error while trying to use the following icon from the Manifest: http://localhost:3000/icons/icon-192.png (Download error or resource isn't a valid image) @ http://localhost:3000/login:0
[   58660ms] [LOG] [Fast Refresh] rebuilding @ webpack-internal:///(app-pages-browser)/./node_modules/next/dist/next-devtools/shared/forward-logs-shared.js:44
[   58676ms] [LOG] [Fast Refresh] done in 17ms @ webpack-internal:///(app-pages-browser)/./node_modules/next/dist/next-devtools/shared/forward-logs-shared.js:44
[   58706ms] [WARNING] Error while trying to use the following icon from the Manifest: http://localhost:3000/icons/icon-192.png (Download error or resource isn't a valid image) @ http://localhost:3000/login:0
[   58723ms] [LOG] [Fast Refresh] rebuilding @ webpack-internal:///(app-pages-browser)/./node_modules/next/dist/next-devtools/shared/forward-logs-shared.js:44
[   58735ms] [LOG] [Fast Refresh] done in 12ms @ webpack-internal:///(app-pages-browser)/./node_modules/next/dist/next-devtools/shared/forward-logs-shared.js:44
[   58780ms] [LOG] [Fast Refresh] rebuilding @ webpack-internal:///(app-pages-browser)/./node_modules/next/dist/next-devtools/shared/forward-logs-shared.js:44
[   58796ms] [LOG] [Fast Refresh] done in 16ms @ webpack-internal:///(app-pages-browser)/./node_modules/next/dist/next-devtools/shared/forward-logs-shared.js:44
[   58825ms] [WARNING] Error while trying to use the following icon from the Manifest: http://localhost:3000/icons/icon-192.png (Download error or resource isn't a valid image) @ http://localhost:3000/login:0
[   58841ms] [LOG] [Fast Refresh] rebuilding @ webpack-internal:///(app-pages-browser)/./node_modules/next/dist/next-devtools/shared/forward-logs-shared.js:44
[   58853ms] [LOG] [Fast Refresh] done in 11ms @ webpack-internal:///(app-pages-browser)/./node_modules/next/dist/next-devtools/shared/forward-logs-shared.js:44
[   58879ms] [WARNING] Error while trying to use the following icon from the Manifest: http://localhost:3000/icons/icon-192.png (Download error or resource isn't a valid image) @ http://localhost:3000/login:0
[   58898ms] [LOG] [Fast Refresh] rebuilding @ webpack-internal:///(app-pages-browser)/./node_modules/next/dist/next-devtools/shared/forward-logs-shared.js:44
[   58913ms] [LOG] [Fast Refresh] done in 16ms @ webpack-internal:///(app-pages-browser)/./node_modules/next/dist/next-devtools/shared/forward-logs-shared.js:44
[   58941ms] [WARNING] Error while trying to use the following icon from the Manifest: http://localhost:3000/icons/icon-192.png (Download error or resource isn't a valid image) @ http://localhost:3000/login:0
[   58957ms] [LOG] [Fast Refresh] rebuilding @ webpack-internal:///(app-pages-browser)/./node_modules/next/dist/next-devtools/shared/forward-logs-shared.js:44
[   58968ms] [LOG] [Fast Refresh] done in 11ms @ webpack-internal:///(app-pages-browser)/./node_modules/next/dist/next-devtools/shared/forward-logs-shared.js:44
[   58976ms] [WARNING] Error while trying to use the following icon from the Manifest: http://localhost:3000/icons/icon-192.png (Download error or resource isn't a valid image) @ http://localhost:3000/login:0
[   59016ms] [LOG] [Fast Refresh] rebuilding @ webpack-internal:///(app-pages-browser)/./node_modules/next/dist/next-devtools/shared/forward-logs-shared.js:44
[   59031ms] [LOG] [Fast Refresh] done in 16ms @ webpack-internal:///(app-pages-browser)/./node_modules/next/dist/next-devtools/shared/forward-logs-shared.js:44
[   59059ms] [WARNING] Error while trying to use the following icon from the Manifest: http://localhost:3000/icons/icon-192.png (Download error or resource isn't a valid image) @ http://localhost:3000/login:0
[   59075ms] [LOG] [Fast Refresh] rebuilding @ webpack-internal:///(app-pages-browser)/./node_modules/next/dist/next-devtools/shared/forward-logs-shared.js:44
[   59087ms] [LOG] [Fast Refresh] done in 11ms @ webpack-internal:///(app-pages-browser)/./node_modules/next/dist/next-devtools/shared/forward-logs-shared.js:44
[   59114ms] [WARNING] Error while trying to use the following icon from the Manifest: http://localhost:3000/icons/icon-192.png (Download error or resource isn't a valid image) @ http://localhost:3000/login:0
[   59132ms] [LOG] [Fast Refresh] rebuilding @ webpack-internal:///(app-pages-browser)/./node_modules/next/dist/next-devtools/shared/forward-logs-shared.js:44
[   59147ms] [LOG] [Fast Refresh] done in 15ms @ webpack-internal:///(app-pages-browser)/./node_modules/next/dist/next-devtools/shared/forward-logs-shared.js:44
[   59175ms] [WARNING] Error while trying to use the following icon from the Manifest: http://localhost:3000/icons/icon-192.png (Download error or resource isn't a valid image) @ http://localhost:3000/login:0
[   59193ms] [LOG] [Fast Refresh] rebuilding @ webpack-internal:///(app-pages-browser)/./node_modules/next/dist/next-devtools/shared/forward-logs-shared.js:44
[   59205ms] [LOG] [Fast Refresh] done in 11ms @ webpack-internal:///(app-pages-browser)/./node_modules/next/dist/next-devtools/shared/forward-logs-shared.js:44
[   59233ms] [WARNING] Error while trying to use the following icon from the Manifest: http://localhost:3000/icons/icon-192.png (Download error or resource isn't a valid image) @ http://localhost:3000/login:0
[   59253ms] [LOG] [Fast Refresh] rebuilding @ webpack-internal:///(app-pages-browser)/./node_modules/next/dist/next-devtools/shared/forward-logs-shared.js:44
[   59269ms] [LOG] [Fast Refresh] done in 17ms @ webpack-internal:///(app-pages-browser)/./node_modules/next/dist/next-devtools/shared/forward-logs-shared.js:44
[   59293ms] [WARNING] Error while trying to use the following icon from the Manifest: http://localhost:3000/icons/icon-192.png (Download error or resource isn't a valid image) @ http://localhost:3000/login:0
[   59316ms] [LOG] [Fast Refresh] rebuilding @ webpack-internal:///(app-pages-browser)/./node_modules/next/dist/next-devtools/shared/forward-logs-shared.js:44
[   59328ms] [LOG] [Fast Refresh] done in 11ms @ webpack-internal:///(app-pages-browser)/./node_modules/next/dist/next-devtools/shared/forward-logs-shared.js:44
[   59356ms] [WARNING] Error while trying to use the following icon from the Manifest: http://localhost:3000/icons/icon-192.png (Download error or resource isn't a valid image) @ http://localhost:3000/login:0
[   59373ms] [LOG] [Fast Refresh] rebuilding @ webpack-internal:///(app-pages-browser)/./node_modules/next/dist/next-devtools/shared/forward-logs-shared.js:44
[   59389ms] [LOG] [Fast Refresh] done in 17ms @ webpack-internal:///(app-pages-browser)/./node_modules/next/dist/next-devtools/shared/forward-logs-shared.js:44
[   59417ms] [WARNING] Error while trying to use the following icon from the Manifest: http://localhost:3000/icons/icon-192.png (Download error or resource isn't a valid image) @ http://localhost:3000/login:0
[   59435ms] [LOG] [Fast Refresh] rebuilding @ webpack-internal:///(app-pages-browser)/./node_modules/next/dist/next-devtools/shared/forward-logs-shared.js:44
[   59445ms] [LOG] [Fast Refresh] done in 10ms @ webpack-internal:///(app-pages-browser)/./node_modules/next/dist/next-devtools/shared/forward-logs-shared.js:44
[   59472ms] [WARNING] Error while trying to use the following icon from the Manifest: http://localhost:3000/icons/icon-192.png (Download error or resource isn't a valid image) @ http://localhost:3000/login:0
[   59490ms] [LOG] [Fast Refresh] rebuilding @ webpack-internal:///(app-pages-browser)/./node_modules/next/dist/next-devtools/shared/forward-logs-shared.js:44
[   59508ms] [LOG] [Fast Refresh] done in 18ms @ webpack-internal:///(app-pages-browser)/./node_modules/next/dist/next-devtools/shared/forward-logs-shared.js:44
[   59539ms] [WARNING] Error while trying to use the following icon from the Manifest: http://localhost:3000/icons/icon-192.png (Download error or resource isn't a valid image) @ http://localhost:3000/login:0
[   59555ms] [LOG] [Fast Refresh] rebuilding @ webpack-internal:///(app-pages-browser)/./node_modules/next/dist/next-devtools/shared/forward-logs-shared.js:44
[   59568ms] [LOG] [Fast Refresh] done in 13ms @ webpack-internal:///(app-pages-browser)/./node_modules/next/dist/next-devtools/shared/forward-logs-shared.js:44
[   59597ms] [WARNING] Error while trying to use the following icon from the Manifest: http://localhost:3000/icons/icon-192.png (Download error or resource isn't a valid image) @ http://localhost:3000/login:0
[   59615ms] [LOG] [Fast Refresh] rebuilding @ webpack-internal:///(app-pages-browser)/./node_modules/next/dist/next-devtools/shared/forward-logs-shared.js:44
[   59631ms] [LOG] [Fast Refresh] done in 15ms @ webpack-internal:///(app-pages-browser)/./node_modules/next/dist/next-devtools/shared/forward-logs-shared.js:44
[   59659ms] [WARNING] Error while trying to use the following icon from the Manifest: http://localhost:3000/icons/icon-192.png (Download error or resource isn't a valid image) @ http://localhost:3000/login:0
[   59677ms] [LOG] [Fast Refresh] rebuilding @ webpack-internal:///(app-pages-browser)/./node_modules/next/dist/next-devtools/shared/forward-logs-shared.js:44
[   59688ms] [LOG] [Fast Refresh] done in 12ms @ webpack-internal:///(app-pages-browser)/./node_modules/next/dist/next-devtools/shared/forward-logs-shared.js:44
[   59732ms] [LOG] [Fast Refresh] rebuilding @ webpack-internal:///(app-pages-browser)/./node_modules/next/dist/next-devtools/shared/forward-logs-shared.js:44
[   59748ms] [LOG] [Fast Refresh] done in 17ms @ webpack-internal:///(app-pages-browser)/./node_modules/next/dist/next-devtools/shared/forward-logs-shared.js:44
[   59777ms] [WARNING] Error while trying to use the following icon from the Manifest: http://localhost:3000/icons/icon-192.png (Download error or resource isn't a valid image) @ http://localhost:3000/login:0
[   59794ms] [LOG] [Fast Refresh] rebuilding @ webpack-internal:///(app-pages-browser)/./node_modules/next/dist/next-devtools/shared/forward-logs-shared.js:44
[   59805ms] [LOG] [Fast Refresh] done in 12ms @ webpack-internal:///(app-pages-browser)/./node_modules/next/dist/next-devtools/shared/forward-logs-shared.js:44
[   59831ms] [WARNING] Error while trying to use the following icon from the Manifest: http://localhost:3000/icons/icon-192.png (Download error or resource isn't a valid image) @ http://localhost:3000/login:0
[   59849ms] [LOG] [Fast Refresh] rebuilding @ webpack-internal:///(app-pages-browser)/./node_modules/next/dist/next-devtools/shared/forward-logs-shared.js:44
[   59864ms] [LOG] [Fast Refresh] done in 15ms @ webpack-internal:///(app-pages-browser)/./node_modules/next/dist/next-devtools/shared/forward-logs-shared.js:44
[   59895ms] [WARNING] Error while trying to use the following icon from the Manifest: http://localhost:3000/icons/icon-192.png (Download error or resource isn't a valid image) @ http://localhost:3000/login:0
[   59911ms] [LOG] [Fast Refresh] rebuilding @ webpack-internal:///(app-pages-browser)/./node_modules/next/dist/next-devtools/shared/forward-logs-shared.js:44
[   59923ms] [LOG] [Fast Refresh] done in 12ms @ webpack-internal:///(app-pages-browser)/./node_modules/next/dist/next-devtools/shared/forward-logs-shared.js:44
[   59951ms] [WARNING] Error while trying to use the following icon from the Manifest: http://localhost:3000/icons/icon-192.png (Download error or resource isn't a valid image) @ http://localhost:3000/login:0
[   59968ms] [LOG] [Fast Refresh] rebuilding @ webpack-internal:///(app-pages-browser)/./node_modules/next/dist/next-devtools/shared/forward-logs-shared.js:44
[   59978ms] [LOG] [Fast Refresh] done in 10ms @ webpack-internal:///(app-pages-browser)/./node_modules/next/dist/next-devtools/shared/forward-logs-shared.js:44
[   59994ms] [WARNING] Error while trying to use the following icon from the Manifest: http://localhost:3000/icons/icon-192.png (Download error or resource isn't a valid image) @ http://localhost:3000/login:0
[   60029ms] [LOG] [Fast Refresh] rebuilding @ webpack-internal:///(app-pages-browser)/./node_modules/next/dist/next-devtools/shared/forward-logs-shared.js:44
[   60040ms] [LOG] [Fast Refresh] done in 11ms @ webpack-internal:///(app-pages-browser)/./node_modules/next/dist/next-devtools/shared/forward-logs-shared.js:44
[   60067ms] [WARNING] Error while trying to use the following icon from the Manifest: http://localhost:3000/icons/icon-192.png (Download error or resource isn't a valid image) @ http://localhost:3000/login:0
[   60085ms] [LOG] [Fast Refresh] rebuilding @ webpack-internal:///(app-pages-browser)/./node_modules/next/dist/next-devtools/shared/forward-logs-shared.js:44
[   60103ms] [LOG] [Fast Refresh] done in 17ms @ webpack-internal:///(app-pages-browser)/./node_modules/next/dist/next-devtools/shared/forward-logs-shared.js:44
[   60130ms] [WARNING] Error while trying to use the following icon from the Manifest: http://localhost:3000/icons/icon-192.png (Download error or resource isn't a valid image) @ http://localhost:3000/login:0
[   60147ms] [LOG] [Fast Refresh] rebuilding @ webpack-internal:///(app-pages-browser)/./node_modules/next/dist/next-devtools/shared/forward-logs-shared.js:44
[   60158ms] [LOG] [Fast Refresh] done in 12ms @ webpack-internal:///(app-pages-browser)/./node_modules/next/dist/next-devtools/shared/forward-logs-shared.js:44
[   60188ms] [WARNING] Error while trying to use the following icon from the Manifest: http://localhost:3000/icons/icon-192.png (Download error or resource isn't a valid image) @ http://localhost:3000/login:0
[   60205ms] [LOG] [Fast Refresh] rebuilding @ webpack-internal:///(app-pages-browser)/./node_modules/next/dist/next-devtools/shared/forward-logs-shared.js:44
[   60221ms] [LOG] [Fast Refresh] done in 15ms @ webpack-internal:///(app-pages-browser)/./node_modules/next/dist/next-devtools/shared/forward-logs-shared.js:44
[   60251ms] [WARNING] Error while trying to use the following icon from the Manifest: http://localhost:3000/icons/icon-192.png (Download error or resource isn't a valid image) @ http://localhost:3000/login:0
[   60269ms] [LOG] [Fast Refresh] rebuilding @ webpack-internal:///(app-pages-browser)/./node_modules/next/dist/next-devtools/shared/forward-logs-shared.js:44
[   60281ms] [LOG] [Fast Refresh] done in 11ms @ webpack-internal:///(app-pages-browser)/./node_modules/next/dist/next-devtools/shared/forward-logs-shared.js:44
[   60309ms] [WARNING] Error while trying to use the following icon from the Manifest: http://localhost:3000/icons/icon-192.png (Download error or resource isn't a valid image) @ http://localhost:3000/login:0
[   60327ms] [LOG] [Fast Refresh] rebuilding @ webpack-internal:///(app-pages-browser)/./node_modules/next/dist/next-devtools/shared/forward-logs-shared.js:44
[   60343ms] [LOG] [Fast Refresh] done in 16ms @ webpack-internal:///(app-pages-browser)/./node_modules/next/dist/next-devtools/shared/forward-logs-shared.js:44
[   60372ms] [WARNING] Error while trying to use the following icon from the Manifest: http://localhost:3000/icons/icon-192.png (Download error or resource isn't a valid image) @ http://localhost:3000/login:0
[   60389ms] [LOG] [Fast Refresh] rebuilding @ webpack-internal:///(app-pages-browser)/./node_modules/next/dist/next-devtools/shared/forward-logs-shared.js:44
[   60402ms] [LOG] [Fast Refresh] done in 12ms @ webpack-internal:///(app-pages-browser)/./node_modules/next/dist/next-devtools/shared/forward-logs-shared.js:44
[   60430ms] [WARNING] Error while trying to use the following icon from the Manifest: http://localhost:3000/icons/icon-192.png (Download error or resource isn't a valid image) @ http://localhost:3000/login:0
[   60449ms] [LOG] [Fast Refresh] rebuilding @ webpack-internal:///(app-pages-browser)/./node_modules/next/dist/next-devtools/shared/forward-logs-shared.js:44
[   60469ms] [LOG] [Fast Refresh] done in 20ms @ webpack-internal:///(app-pages-browser)/./node_modules/next/dist/next-devtools/shared/forward-logs-shared.js:44
[   60491ms] [WARNING] Error while trying to use the following icon from the Manifest: http://localhost:3000/icons/icon-192.png (Download error or resource isn't a valid image) @ http://localhost:3000/login:0
[   60513ms] [LOG] [Fast Refresh] rebuilding @ webpack-internal:///(app-pages-browser)/./node_modules/next/dist/next-devtools/shared/forward-logs-shared.js:44
[   60525ms] [LOG] [Fast Refresh] done in 11ms @ webpack-internal:///(app-pages-browser)/./node_modules/next/dist/next-devtools/shared/forward-logs-shared.js:44
[   60553ms] [WARNING] Error while trying to use the following icon from the Manifest: http://localhost:3000/icons/icon-192.png (Download error or resource isn't a valid image) @ http://localhost:3000/login:0
[   60571ms] [LOG] [Fast Refresh] rebuilding @ webpack-internal:///(app-pages-browser)/./node_modules/next/dist/next-devtools/shared/forward-logs-shared.js:44
[   60586ms] [LOG] [Fast Refresh] done in 16ms @ webpack-internal:///(app-pages-browser)/./node_modules/next/dist/next-devtools/shared/forward-logs-shared.js:44
[   60610ms] [WARNING] Error while trying to use the following icon from the Manifest: http://localhost:3000/icons/icon-192.png (Download error or resource isn't a valid image) @ http://localhost:3000/login:0
[   60633ms] [LOG] [Fast Refresh] rebuilding @ webpack-internal:///(app-pages-browser)/./node_modules/next/dist/next-devtools/shared/forward-logs-shared.js:44
[   60645ms] [LOG] [Fast Refresh] done in 13ms @ webpack-internal:///(app-pages-browser)/./node_modules/next/dist/next-devtools/shared/forward-logs-shared.js:44
[   60673ms] [WARNING] Error while trying to use the following icon from the Manifest: http://localhost:3000/icons/icon-192.png (Download error or resource isn't a valid image) @ http://localhost:3000/login:0
[   60690ms] [LOG] [Fast Refresh] rebuilding @ webpack-internal:///(app-pages-browser)/./node_modules/next/dist/next-devtools/shared/forward-logs-shared.js:44
[   60707ms] [LOG] [Fast Refresh] done in 16ms @ webpack-internal:///(app-pages-browser)/./node_modules/next/dist/next-devtools/shared/forward-logs-shared.js:44
[   60735ms] [WARNING] Error while trying to use the following icon from the Manifest: http://localhost:3000/icons/icon-192.png (Download error or resource isn't a valid image) @ http://localhost:3000/login:0
[   60751ms] [LOG] [Fast Refresh] rebuilding @ webpack-internal:///(app-pages-browser)/./node_modules/next/dist/next-devtools/shared/forward-logs-shared.js:44
[   60771ms] [LOG] [Fast Refresh] done in 20ms @ webpack-internal:///(app-pages-browser)/./node_modules/next/dist/next-devtools/shared/forward-logs-shared.js:44
[   60815ms] [WARNING] Error while trying to use the following icon from the Manifest: http://localhost:3000/icons/icon-192.png (Download error or resource isn't a valid image) @ http://localhost:3000/login:0
[   60842ms] [LOG] [Fast Refresh] rebuilding @ webpack-internal:///(app-pages-browser)/./node_modules/next/dist/next-devtools/shared/forward-logs-shared.js:44
[   60901ms] [LOG] [Fast Refresh] done in 59ms @ webpack-internal:///(app-pages-browser)/./node_modules/next/dist/next-devtools/shared/forward-logs-shared.js:44
[   61491ms] [WARNING] Error while trying to use the following icon from the Manifest: http://localhost:3000/icons/icon-192.png (Download error or resource isn't a valid image) @ http://localhost:3000/login:0
[   61524ms] [LOG] [Fast Refresh] rebuilding @ webpack-internal:///(app-pages-browser)/./node_modules/next/dist/next-devtools/shared/forward-logs-shared.js:44
[   61540ms] [LOG] [Fast Refresh] done in 16ms @ webpack-internal:///(app-pages-browser)/./node_modules/next/dist/next-devtools/shared/forward-logs-shared.js:44
[   61571ms] [WARNING] Error while trying to use the following icon from the Manifest: http://localhost:3000/icons/icon-192.png (Download error or resource isn't a valid image) @ http://localhost:3000/login:0
[   61598ms] [LOG] [Fast Refresh] rebuilding @ webpack-internal:///(app-pages-browser)/./node_modules/next/dist/next-devtools/shared/forward-logs-shared.js:44
[   61610ms] [LOG] [Fast Refresh] done in 12ms @ webpack-internal:///(app-pages-browser)/./node_modules/next/dist/next-devtools/shared/forward-logs-shared.js:44
[   61656ms] [LOG] [Fast Refresh] rebuilding @ webpack-internal:///(app-pages-browser)/./node_modules/next/dist/next-devtools/shared/forward-logs-shared.js:44
[   61672ms] [LOG] [Fast Refresh] done in 16ms @ webpack-internal:///(app-pages-browser)/./node_modules/next/dist/next-devtools/shared/forward-logs-shared.js:44
[   61703ms] [WARNING] Error while trying to use the following icon from the Manifest: http://localhost:3000/icons/icon-192.png (Download error or resource isn't a valid image) @ http://localhost:3000/login:0
[   61720ms] [LOG] [Fast Refresh] rebuilding @ webpack-internal:///(app-pages-browser)/./node_modules/next/dist/next-devtools/shared/forward-logs-shared.js:44
[   61731ms] [LOG] [Fast Refresh] done in 11ms @ webpack-internal:///(app-pages-browser)/./node_modules/next/dist/next-devtools/shared/forward-logs-shared.js:44
[   61758ms] [WARNING] Error while trying to use the following icon from the Manifest: http://localhost:3000/icons/icon-192.png (Download error or resource isn't a valid image) @ http://localhost:3000/login:0
[   61776ms] [LOG] [Fast Refresh] rebuilding @ webpack-internal:///(app-pages-browser)/./node_modules/next/dist/next-devtools/shared/forward-logs-shared.js:44
[   61792ms] [LOG] [Fast Refresh] done in 15ms @ webpack-internal:///(app-pages-browser)/./node_modules/next/dist/next-devtools/shared/forward-logs-shared.js:44
[   61820ms] [WARNING] Error while trying to use the following icon from the Manifest: http://localhost:3000/icons/icon-192.png (Download error or resource isn't a valid image) @ http://localhost:3000/login:0
[   61837ms] [LOG] [Fast Refresh] rebuilding @ webpack-internal:///(app-pages-browser)/./node_modules/next/dist/next-devtools/shared/forward-logs-shared.js:44
[   61848ms] [LOG] [Fast Refresh] done in 12ms @ webpack-internal:///(app-pages-browser)/./node_modules/next/dist/next-devtools/shared/forward-logs-shared.js:44
[   61877ms] [WARNING] Error while trying to use the following icon from the Manifest: http://localhost:3000/icons/icon-192.png (Download error or resource isn't a valid image) @ http://localhost:3000/login:0
[   61894ms] [LOG] [Fast Refresh] rebuilding @ webpack-internal:///(app-pages-browser)/./node_modules/next/dist/next-devtools/shared/forward-logs-shared.js:44
[   61909ms] [LOG] [Fast Refresh] done in 15ms @ webpack-internal:///(app-pages-browser)/./node_modules/next/dist/next-devtools/shared/forward-logs-shared.js:44
[   61938ms] [WARNING] Error while trying to use the following icon from the Manifest: http://localhost:3000/icons/icon-192.png (Download error or resource isn't a valid image) @ http://localhost:3000/login:0
[   61955ms] [LOG] [Fast Refresh] rebuilding @ webpack-internal:///(app-pages-browser)/./node_modules/next/dist/next-devtools/shared/forward-logs-shared.js:44
[   61966ms] [LOG] [Fast Refresh] done in 11ms @ webpack-internal:///(app-pages-browser)/./node_modules/next/dist/next-devtools/shared/forward-logs-shared.js:44
[   61994ms] [WARNING] Error while trying to use the following icon from the Manifest: http://localhost:3000/icons/icon-192.png (Download error or resource isn't a valid image) @ http://localhost:3000/login:0
[   62011ms] [LOG] [Fast Refresh] rebuilding @ webpack-internal:///(app-pages-browser)/./node_modules/next/dist/next-devtools/shared/forward-logs-shared.js:44
[   62026ms] [LOG] [Fast Refresh] done in 15ms @ webpack-internal:///(app-pages-browser)/./node_modules/next/dist/next-devtools/shared/forward-logs-shared.js:44
[   62055ms] [WARNING] Error while trying to use the following icon from the Manifest: http://localhost:3000/icons/icon-192.png (Download error or resource isn't a valid image) @ http://localhost:3000/login:0
[   62071ms] [LOG] [Fast Refresh] rebuilding @ webpack-internal:///(app-pages-browser)/./node_modules/next/dist/next-devtools/shared/forward-logs-shared.js:44
[   62083ms] [LOG] [Fast Refresh] done in 11ms @ webpack-internal:///(app-pages-browser)/./node_modules/next/dist/next-devtools/shared/forward-logs-shared.js:44
[   62112ms] [WARNING] Error while trying to use the following icon from the Manifest: http://localhost:3000/icons/icon-192.png (Download error or resource isn't a valid image) @ http://localhost:3000/login:0
[   62129ms] [LOG] [Fast Refresh] rebuilding @ webpack-internal:///(app-pages-browser)/./node_modules/next/dist/next-devtools/shared/forward-logs-shared.js:44
[   62145ms] [LOG] [Fast Refresh] done in 15ms @ webpack-internal:///(app-pages-browser)/./node_modules/next/dist/next-devtools/shared/forward-logs-shared.js:44
[   62173ms] [WARNING] Error while trying to use the following icon from the Manifest: http://localhost:3000/icons/icon-192.png (Download error or resource isn't a valid image) @ http://localhost:3000/login:0
[   62190ms] [LOG] [Fast Refresh] rebuilding @ webpack-internal:///(app-pages-browser)/./node_modules/next/dist/next-devtools/shared/forward-logs-shared.js:44
[   62202ms] [LOG] [Fast Refresh] done in 12ms @ webpack-internal:///(app-pages-browser)/./node_modules/next/dist/next-devtools/shared/forward-logs-shared.js:44
[   62229ms] [WARNING] Error while trying to use the following icon from the Manifest: http://localhost:3000/icons/icon-192.png (Download error or resource isn't a valid image) @ http://localhost:3000/login:0
[   62247ms] [LOG] [Fast Refresh] rebuilding @ webpack-internal:///(app-pages-browser)/./node_modules/next/dist/next-devtools/shared/forward-logs-shared.js:44
[   62262ms] [LOG] [Fast Refresh] done in 15ms @ webpack-internal:///(app-pages-browser)/./node_modules/next/dist/next-devtools/shared/forward-logs-shared.js:44
[   62289ms] [WARNING] Error while trying to use the following icon from the Manifest: http://localhost:3000/icons/icon-192.png (Download error or resource isn't a valid image) @ http://localhost:3000/login:0
[   62306ms] [LOG] [Fast Refresh] rebuilding @ webpack-internal:///(app-pages-browser)/./node_modules/next/dist/next-devtools/shared/forward-logs-shared.js:44
[   62316ms] [LOG] [Fast Refresh] done in 11ms @ webpack-internal:///(app-pages-browser)/./node_modules/next/dist/next-devtools/shared/forward-logs-shared.js:44
[   62344ms] [WARNING] Error while trying to use the following icon from the Manifest: http://localhost:3000/icons/icon-192.png (Download error or resource isn't a valid image) @ http://localhost:3000/login:0
[   62360ms] [LOG] [Fast Refresh] rebuilding @ webpack-internal:///(app-pages-browser)/./node_modules/next/dist/next-devtools/shared/forward-logs-shared.js:44
[   62375ms] [LOG] [Fast Refresh] done in 15ms @ webpack-internal:///(app-pages-browser)/./node_modules/next/dist/next-devtools/shared/forward-logs-shared.js:44
[   62405ms] [WARNING] Error while trying to use the following icon from the Manifest: http://localhost:3000/icons/icon-192.png (Download error or resource isn't a valid image) @ http://localhost:3000/login:0
[   62422ms] [LOG] [Fast Refresh] rebuilding @ webpack-internal:///(app-pages-browser)/./node_modules/next/dist/next-devtools/shared/forward-logs-shared.js:44
[   62433ms] [LOG] [Fast Refresh] done in 11ms @ webpack-internal:///(app-pages-browser)/./node_modules/next/dist/next-devtools/shared/forward-logs-shared.js:44
[   62460ms] [WARNING] Error while trying to use the following icon from the Manifest: http://localhost:3000/icons/icon-192.png (Download error or resource isn't a valid image) @ http://localhost:3000/login:0
[   62478ms] [LOG] [Fast Refresh] rebuilding @ webpack-internal:///(app-pages-browser)/./node_modules/next/dist/next-devtools/shared/forward-logs-shared.js:44
[   62494ms] [LOG] [Fast Refresh] done in 16ms @ webpack-internal:///(app-pages-browser)/./node_modules/next/dist/next-devtools/shared/forward-logs-shared.js:44
[   62523ms] [WARNING] Error while trying to use the following icon from the Manifest: http://localhost:3000/icons/icon-192.png (Download error or resource isn't a valid image) @ http://localhost:3000/login:0
[   62569ms] [LOG] [Fast Refresh] rebuilding @ webpack-internal:///(app-pages-browser)/./node_modules/next/dist/next-devtools/shared/forward-logs-shared.js:44
[   62580ms] [LOG] [Fast Refresh] done in 12ms @ webpack-internal:///(app-pages-browser)/./node_modules/next/dist/next-devtools/shared/forward-logs-shared.js:44
[   62611ms] [WARNING] Error while trying to use the following icon from the Manifest: http://localhost:3000/icons/icon-192.png (Download error or resource isn't a valid image) @ http://localhost:3000/login:0
[   62628ms] [LOG] [Fast Refresh] rebuilding @ webpack-internal:///(app-pages-browser)/./node_modules/next/dist/next-devtools/shared/forward-logs-shared.js:44
[   62644ms] [LOG] [Fast Refresh] done in 15ms @ webpack-internal:///(app-pages-browser)/./node_modules/next/dist/next-devtools/shared/forward-logs-shared.js:44
[   62673ms] [WARNING] Error while trying to use the following icon from the Manifest: http://localhost:3000/icons/icon-192.png (Download error or resource isn't a valid image) @ http://localhost:3000/login:0
[   62690ms] [LOG] [Fast Refresh] rebuilding @ webpack-internal:///(app-pages-browser)/./node_modules/next/dist/next-devtools/shared/forward-logs-shared.js:44
[   62702ms] [LOG] [Fast Refresh] done in 11ms @ webpack-internal:///(app-pages-browser)/./node_modules/next/dist/next-devtools/shared/forward-logs-shared.js:44
[   62727ms] [WARNING] Error while trying to use the following icon from the Manifest: http://localhost:3000/icons/icon-192.png (Download error or resource isn't a valid image) @ http://localhost:3000/login:0
[   62745ms] [LOG] [Fast Refresh] rebuilding @ webpack-internal:///(app-pages-browser)/./node_modules/next/dist/next-devtools/shared/forward-logs-shared.js:44
[   62761ms] [LOG] [Fast Refresh] done in 15ms @ webpack-internal:///(app-pages-browser)/./node_modules/next/dist/next-devtools/shared/forward-logs-shared.js:44
[   62792ms] [WARNING] Error while trying to use the following icon from the Manifest: http://localhost:3000/icons/icon-192.png (Download error or resource isn't a valid image) @ http://localhost:3000/login:0
[   62808ms] [LOG] [Fast Refresh] rebuilding @ webpack-internal:///(app-pages-browser)/./node_modules/next/dist/next-devtools/shared/forward-logs-shared.js:44
[   62819ms] [LOG] [Fast Refresh] done in 11ms @ webpack-internal:///(app-pages-browser)/./node_modules/next/dist/next-devtools/shared/forward-logs-shared.js:44
[   62845ms] [WARNING] Error while trying to use the following icon from the Manifest: http://localhost:3000/icons/icon-192.png (Download error or resource isn't a valid image) @ http://localhost:3000/login:0
[   62862ms] [LOG] [Fast Refresh] rebuilding @ webpack-internal:///(app-pages-browser)/./node_modules/next/dist/next-devtools/shared/forward-logs-shared.js:44
[   62877ms] [LOG] [Fast Refresh] done in 15ms @ webpack-internal:///(app-pages-browser)/./node_modules/next/dist/next-devtools/shared/forward-logs-shared.js:44
[   62906ms] [WARNING] Error while trying to use the following icon from the Manifest: http://localhost:3000/icons/icon-192.png (Download error or resource isn't a valid image) @ http://localhost:3000/login:0
[   62922ms] [LOG] [Fast Refresh] rebuilding @ webpack-internal:///(app-pages-browser)/./node_modules/next/dist/next-devtools/shared/forward-logs-shared.js:44
[   62933ms] [LOG] [Fast Refresh] done in 11ms @ webpack-internal:///(app-pages-browser)/./node_modules/next/dist/next-devtools/shared/forward-logs-shared.js:44
[   62960ms] [WARNING] Error while trying to use the following icon from the Manifest: http://localhost:3000/icons/icon-192.png (Download error or resource isn't a valid image) @ http://localhost:3000/login:0
[   62977ms] [LOG] [Fast Refresh] rebuilding @ webpack-internal:///(app-pages-browser)/./node_modules/next/dist/next-devtools/shared/forward-logs-shared.js:44
[   62993ms] [LOG] [Fast Refresh] done in 15ms @ webpack-internal:///(app-pages-browser)/./node_modules/next/dist/next-devtools/shared/forward-logs-shared.js:44
[   63037ms] [LOG] [Fast Refresh] rebuilding @ webpack-internal:///(app-pages-browser)/./node_modules/next/dist/next-devtools/shared/forward-logs-shared.js:44
[   63048ms] [LOG] [Fast Refresh] done in 11ms @ webpack-internal:///(app-pages-browser)/./node_modules/next/dist/next-devtools/shared/forward-logs-shared.js:44
[   63074ms] [WARNING] Error while trying to use the following icon from the Manifest: http://localhost:3000/icons/icon-192.png (Download error or resource isn't a valid image) @ http://localhost:3000/login:0
[   63092ms] [LOG] [Fast Refresh] rebuilding @ webpack-internal:///(app-pages-browser)/./node_modules/next/dist/next-devtools/shared/forward-logs-shared.js:44
[   63107ms] [LOG] [Fast Refresh] done in 16ms @ webpack-internal:///(app-pages-browser)/./node_modules/next/dist/next-devtools/shared/forward-logs-shared.js:44
[   63137ms] [WARNING] Error while trying to use the following icon from the Manifest: http://localhost:3000/icons/icon-192.png (Download error or resource isn't a valid image) @ http://localhost:3000/login:0
[   63154ms] [LOG] [Fast Refresh] rebuilding @ webpack-internal:///(app-pages-browser)/./node_modules/next/dist/next-devtools/shared/forward-logs-shared.js:44
[   63165ms] [LOG] [Fast Refresh] done in 11ms @ webpack-internal:///(app-pages-browser)/./node_modules/next/dist/next-devtools/shared/forward-logs-shared.js:44
[   63196ms] [WARNING] Error while trying to use the following icon from the Manifest: http://localhost:3000/icons/icon-192.png (Download error or resource isn't a valid image) @ http://localhost:3000/login:0
[   63213ms] [LOG] [Fast Refresh] rebuilding @ webpack-internal:///(app-pages-browser)/./node_modules/next/dist/next-devtools/shared/forward-logs-shared.js:44
[   63229ms] [LOG] [Fast Refresh] done in 15ms @ webpack-internal:///(app-pages-browser)/./node_modules/next/dist/next-devtools/shared/forward-logs-shared.js:44
[   63257ms] [WARNING] Error while trying to use the following icon from the Manifest: http://localhost:3000/icons/icon-192.png (Download error or resource isn't a valid image) @ http://localhost:3000/login:0
[   63274ms] [LOG] [Fast Refresh] rebuilding @ webpack-internal:///(app-pages-browser)/./node_modules/next/dist/next-devtools/shared/forward-logs-shared.js:44
[   63286ms] [LOG] [Fast Refresh] done in 13ms @ webpack-internal:///(app-pages-browser)/./node_modules/next/dist/next-devtools/shared/forward-logs-shared.js:44
[   63313ms] [WARNING] Error while trying to use the following icon from the Manifest: http://localhost:3000/icons/icon-192.png (Download error or resource isn't a valid image) @ http://localhost:3000/login:0
[   63330ms] [LOG] [Fast Refresh] rebuilding @ webpack-internal:///(app-pages-browser)/./node_modules/next/dist/next-devtools/shared/forward-logs-shared.js:44
[   63346ms] [LOG] [Fast Refresh] done in 15ms @ webpack-internal:///(app-pages-browser)/./node_modules/next/dist/next-devtools/shared/forward-logs-shared.js:44
[   63375ms] [WARNING] Error while trying to use the following icon from the Manifest: http://localhost:3000/icons/icon-192.png (Download error or resource isn't a valid image) @ http://localhost:3000/login:0
[   63392ms] [LOG] [Fast Refresh] rebuilding @ webpack-internal:///(app-pages-browser)/./node_modules/next/dist/next-devtools/shared/forward-logs-shared.js:44
[   63404ms] [LOG] [Fast Refresh] done in 11ms @ webpack-internal:///(app-pages-browser)/./node_modules/next/dist/next-devtools/shared/forward-logs-shared.js:44
[   63430ms] [WARNING] Error while trying to use the following icon from the Manifest: http://localhost:3000/icons/icon-192.png (Download error or resource isn't a valid image) @ http://localhost:3000/login:0
[   63448ms] [LOG] [Fast Refresh] rebuilding @ webpack-internal:///(app-pages-browser)/./node_modules/next/dist/next-devtools/shared/forward-logs-shared.js:44
[   63464ms] [LOG] [Fast Refresh] done in 15ms @ webpack-internal:///(app-pages-browser)/./node_modules/next/dist/next-devtools/shared/forward-logs-shared.js:44
[   63508ms] [LOG] [Fast Refresh] rebuilding @ webpack-internal:///(app-pages-browser)/./node_modules/next/dist/next-devtools/shared/forward-logs-shared.js:44
[   63519ms] [LOG] [Fast Refresh] done in 12ms @ webpack-internal:///(app-pages-browser)/./node_modules/next/dist/next-devtools/shared/forward-logs-shared.js:44
[   63547ms] [WARNING] Error while trying to use the following icon from the Manifest: http://localhost:3000/icons/icon-192.png (Download error or resource isn't a valid image) @ http://localhost:3000/login:0
[   63565ms] [LOG] [Fast Refresh] rebuilding @ webpack-internal:///(app-pages-browser)/./node_modules/next/dist/next-devtools/shared/forward-logs-shared.js:44
[   63580ms] [LOG] [Fast Refresh] done in 16ms @ webpack-internal:///(app-pages-browser)/./node_modules/next/dist/next-devtools/shared/forward-logs-shared.js:44
[   63626ms] [WARNING] Error while trying to use the following icon from the Manifest: http://localhost:3000/icons/icon-192.png (Download error or resource isn't a valid image) @ http://localhost:3000/login:0
[   63629ms] [LOG] [Fast Refresh] rebuilding @ webpack-internal:///(app-pages-browser)/./node_modules/next/dist/next-devtools/shared/forward-logs-shared.js:44
[   63641ms] [LOG] [Fast Refresh] done in 12ms @ webpack-internal:///(app-pages-browser)/./node_modules/next/dist/next-devtools/shared/forward-logs-shared.js:44
[   63667ms] [WARNING] Error while trying to use the following icon from the Manifest: http://localhost:3000/icons/icon-192.png (Download error or resource isn't a valid image) @ http://localhost:3000/login:0
[   63686ms] [LOG] [Fast Refresh] rebuilding @ webpack-internal:///(app-pages-browser)/./node_modules/next/dist/next-devtools/shared/forward-logs-shared.js:44
[   63702ms] [LOG] [Fast Refresh] done in 16ms @ webpack-internal:///(app-pages-browser)/./node_modules/next/dist/next-devtools/shared/forward-logs-shared.js:44
[   63770ms] [WARNING] Error while trying to use the following icon from the Manifest: http://localhost:3000/icons/icon-192.png (Download error or resource isn't a valid image) @ http://localhost:3000/login:0
[   63788ms] [LOG] [Fast Refresh] rebuilding @ webpack-internal:///(app-pages-browser)/./node_modules/next/dist/next-devtools/shared/forward-logs-shared.js:44
[   63800ms] [LOG] [Fast Refresh] done in 11ms @ webpack-internal:///(app-pages-browser)/./node_modules/next/dist/next-devtools/shared/forward-logs-shared.js:44
[   63826ms] [WARNING] Error while trying to use the following icon from the Manifest: http://localhost:3000/icons/icon-192.png (Download error or resource isn't a valid image) @ http://localhost:3000/login:0
[   63845ms] [LOG] [Fast Refresh] rebuilding @ webpack-internal:///(app-pages-browser)/./node_modules/next/dist/next-devtools/shared/forward-logs-shared.js:44
[   63861ms] [LOG] [Fast Refresh] done in 16ms @ webpack-internal:///(app-pages-browser)/./node_modules/next/dist/next-devtools/shared/forward-logs-shared.js:44
[   63889ms] [WARNING] Error while trying to use the following icon from the Manifest: http://localhost:3000/icons/icon-192.png (Download error or resource isn't a valid image) @ http://localhost:3000/login:0
[   63905ms] [LOG] [Fast Refresh] rebuilding @ webpack-internal:///(app-pages-browser)/./node_modules/next/dist/next-devtools/shared/forward-logs-shared.js:44
[   63916ms] [LOG] [Fast Refresh] done in 11ms @ webpack-internal:///(app-pages-browser)/./node_modules/next/dist/next-devtools/shared/forward-logs-shared.js:44
[   63960ms] [LOG] [Fast Refresh] rebuilding @ webpack-internal:///(app-pages-browser)/./node_modules/next/dist/next-devtools/shared/forward-logs-shared.js:44
[   63975ms] [LOG] [Fast Refresh] done in 16ms @ webpack-internal:///(app-pages-browser)/./node_modules/next/dist/next-devtools/shared/forward-logs-shared.js:44
[   64019ms] [LOG] [Fast Refresh] rebuilding @ webpack-internal:///(app-pages-browser)/./node_modules/next/dist/next-devtools/shared/forward-logs-shared.js:44
[   64030ms] [LOG] [Fast Refresh] done in 11ms @ webpack-internal:///(app-pages-browser)/./node_modules/next/dist/next-devtools/shared/forward-logs-shared.js:44
[   64060ms] [WARNING] Error while trying to use the following icon from the Manifest: http://localhost:3000/icons/icon-192.png (Download error or resource isn't a valid image) @ http://localhost:3000/login:0
[   64077ms] [LOG] [Fast Refresh] rebuilding @ webpack-internal:///(app-pages-browser)/./node_modules/next/dist/next-devtools/shared/forward-logs-shared.js:44
[   64092ms] [LOG] [Fast Refresh] done in 15ms @ webpack-internal:///(app-pages-browser)/./node_modules/next/dist/next-devtools/shared/forward-logs-shared.js:44
[   64121ms] [WARNING] Error while trying to use the following icon from the Manifest: http://localhost:3000/icons/icon-192.png (Download error or resource isn't a valid image) @ http://localhost:3000/login:0
[   64137ms] [LOG] [Fast Refresh] rebuilding @ webpack-internal:///(app-pages-browser)/./node_modules/next/dist/next-devtools/shared/forward-logs-shared.js:44
[   64149ms] [LOG] [Fast Refresh] done in 12ms @ webpack-internal:///(app-pages-browser)/./node_modules/next/dist/next-devtools/shared/forward-logs-shared.js:44
[   64178ms] [WARNING] Error while trying to use the following icon from the Manifest: http://localhost:3000/icons/icon-192.png (Download error or resource isn't a valid image) @ http://localhost:3000/login:0
[   64195ms] [LOG] [Fast Refresh] rebuilding @ webpack-internal:///(app-pages-browser)/./node_modules/next/dist/next-devtools/shared/forward-logs-shared.js:44
[   64211ms] [LOG] [Fast Refresh] done in 16ms @ webpack-internal:///(app-pages-browser)/./node_modules/next/dist/next-devtools/shared/forward-logs-shared.js:44
[   64242ms] [WARNING] Error while trying to use the following icon from the Manifest: http://localhost:3000/icons/icon-192.png (Download error or resource isn't a valid image) @ http://localhost:3000/login:0
[   64259ms] [LOG] [Fast Refresh] rebuilding @ webpack-internal:///(app-pages-browser)/./node_modules/next/dist/next-devtools/shared/forward-logs-shared.js:44
[   64271ms] [LOG] [Fast Refresh] done in 11ms @ webpack-internal:///(app-pages-browser)/./node_modules/next/dist/next-devtools/shared/forward-logs-shared.js:44
[   64299ms] [WARNING] Error while trying to use the following icon from the Manifest: http://localhost:3000/icons/icon-192.png (Download error or resource isn't a valid image) @ http://localhost:3000/login:0
[   64317ms] [LOG] [Fast Refresh] rebuilding @ webpack-internal:///(app-pages-browser)/./node_modules/next/dist/next-devtools/shared/forward-logs-shared.js:44
[   64332ms] [LOG] [Fast Refresh] done in 15ms @ webpack-internal:///(app-pages-browser)/./node_modules/next/dist/next-devtools/shared/forward-logs-shared.js:44
[   64361ms] [WARNING] Error while trying to use the following icon from the Manifest: http://localhost:3000/icons/icon-192.png (Download error or resource isn't a valid image) @ http://localhost:3000/login:0
[   64378ms] [LOG] [Fast Refresh] rebuilding @ webpack-internal:///(app-pages-browser)/./node_modules/next/dist/next-devtools/shared/forward-logs-shared.js:44
[   64390ms] [LOG] [Fast Refresh] done in 12ms @ webpack-internal:///(app-pages-browser)/./node_modules/next/dist/next-devtools/shared/forward-logs-shared.js:44
[   64434ms] [WARNING] Error while trying to use the following icon from the Manifest: http://localhost:3000/icons/icon-192.png (Download error or resource isn't a valid image) @ http://localhost:3000/login:0
[   64437ms] [LOG] [Fast Refresh] rebuilding @ webpack-internal:///(app-pages-browser)/./node_modules/next/dist/next-devtools/shared/forward-logs-shared.js:44
[   64453ms] [LOG] [Fast Refresh] done in 15ms @ webpack-internal:///(app-pages-browser)/./node_modules/next/dist/next-devtools/shared/forward-logs-shared.js:44
[   64480ms] [WARNING] Error while trying to use the following icon from the Manifest: http://localhost:3000/icons/icon-192.png (Download error or resource isn't a valid image) @ http://localhost:3000/login:0
[   64498ms] [LOG] [Fast Refresh] rebuilding @ webpack-internal:///(app-pages-browser)/./node_modules/next/dist/next-devtools/shared/forward-logs-shared.js:44
[   64509ms] [LOG] [Fast Refresh] done in 11ms @ webpack-internal:///(app-pages-browser)/./node_modules/next/dist/next-devtools/shared/forward-logs-shared.js:44
[   64536ms] [WARNING] Error while trying to use the following icon from the Manifest: http://localhost:3000/icons/icon-192.png (Download error or resource isn't a valid image) @ http://localhost:3000/login:0
[   64554ms] [LOG] [Fast Refresh] rebuilding @ webpack-internal:///(app-pages-browser)/./node_modules/next/dist/next-devtools/shared/forward-logs-shared.js:44
[   64569ms] [LOG] [Fast Refresh] done in 16ms @ webpack-internal:///(app-pages-browser)/./node_modules/next/dist/next-devtools/shared/forward-logs-shared.js:44
[   64596ms] [WARNING] Error while trying to use the following icon from the Manifest: http://localhost:3000/icons/icon-192.png (Download error or resource isn't a valid image) @ http://localhost:3000/login:0
[   64612ms] [LOG] [Fast Refresh] rebuilding @ webpack-internal:///(app-pages-browser)/./node_modules/next/dist/next-devtools/shared/forward-logs-shared.js:44
[   64624ms] [LOG] [Fast Refresh] done in 11ms @ webpack-internal:///(app-pages-browser)/./node_modules/next/dist/next-devtools/shared/forward-logs-shared.js:44
[   64652ms] [WARNING] Error while trying to use the following icon from the Manifest: http://localhost:3000/icons/icon-192.png (Download error or resource isn't a valid image) @ http://localhost:3000/login:0
[   64668ms] [LOG] [Fast Refresh] rebuilding @ webpack-internal:///(app-pages-browser)/./node_modules/next/dist/next-devtools/shared/forward-logs-shared.js:44
[   64685ms] [LOG] [Fast Refresh] done in 17ms @ webpack-internal:///(app-pages-browser)/./node_modules/next/dist/next-devtools/shared/forward-logs-shared.js:44
[   64729ms] [LOG] [Fast Refresh] rebuilding @ webpack-internal:///(app-pages-browser)/./node_modules/next/dist/next-devtools/shared/forward-logs-shared.js:44
[   64740ms] [LOG] [Fast Refresh] done in 11ms @ webpack-internal:///(app-pages-browser)/./node_modules/next/dist/next-devtools/shared/forward-logs-shared.js:44
[   64783ms] [LOG] [Fast Refresh] rebuilding @ webpack-internal:///(app-pages-browser)/./node_modules/next/dist/next-devtools/shared/forward-logs-shared.js:44
[   64798ms] [LOG] [Fast Refresh] done in 15ms @ webpack-internal:///(app-pages-browser)/./node_modules/next/dist/next-devtools/shared/forward-logs-shared.js:44
[   64823ms] [WARNING] Error while trying to use the following icon from the Manifest: http://localhost:3000/icons/icon-192.png (Download error or resource isn't a valid image) @ http://localhost:3000/login:0
[   64844ms] [LOG] [Fast Refresh] rebuilding @ webpack-internal:///(app-pages-browser)/./node_modules/next/dist/next-devtools/shared/forward-logs-shared.js:44
[   64855ms] [LOG] [Fast Refresh] done in 11ms @ webpack-internal:///(app-pages-browser)/./node_modules/next/dist/next-devtools/shared/forward-logs-shared.js:44
[   64884ms] [WARNING] Error while trying to use the following icon from the Manifest: http://localhost:3000/icons/icon-192.png (Download error or resource isn't a valid image) @ http://localhost:3000/login:0
[   64902ms] [LOG] [Fast Refresh] rebuilding @ webpack-internal:///(app-pages-browser)/./node_modules/next/dist/next-devtools/shared/forward-logs-shared.js:44
[   64918ms] [LOG] [Fast Refresh] done in 16ms @ webpack-internal:///(app-pages-browser)/./node_modules/next/dist/next-devtools/shared/forward-logs-shared.js:44
[   64945ms] [WARNING] Error while trying to use the following icon from the Manifest: http://localhost:3000/icons/icon-192.png (Download error or resource isn't a valid image) @ http://localhost:3000/login:0
[   64963ms] [LOG] [Fast Refresh] rebuilding @ webpack-internal:///(app-pages-browser)/./node_modules/next/dist/next-devtools/shared/forward-logs-shared.js:44
[   64989ms] [LOG] [Fast Refresh] done in 27ms @ webpack-internal:///(app-pages-browser)/./node_modules/next/dist/next-devtools/shared/forward-logs-shared.js:44
[   65033ms] [WARNING] Error while trying to use the following icon from the Manifest: http://localhost:3000/icons/icon-192.png (Download error or resource isn't a valid image) @ http://localhost:3000/login:0
[   65037ms] [LOG] [Fast Refresh] rebuilding @ webpack-internal:///(app-pages-browser)/./node_modules/next/dist/next-devtools/shared/forward-logs-shared.js:44
[   65055ms] [LOG] [Fast Refresh] done in 18ms @ webpack-internal:///(app-pages-browser)/./node_modules/next/dist/next-devtools/shared/forward-logs-shared.js:44
[   65085ms] [WARNING] Error while trying to use the following icon from the Manifest: http://localhost:3000/icons/icon-192.png (Download error or resource isn't a valid image) @ http://localhost:3000/login:0
[   65102ms] [LOG] [Fast Refresh] rebuilding @ webpack-internal:///(app-pages-browser)/./node_modules/next/dist/next-devtools/shared/forward-logs-shared.js:44
[   65113ms] [LOG] [Fast Refresh] done in 11ms @ webpack-internal:///(app-pages-browser)/./node_modules/next/dist/next-devtools/shared/forward-logs-shared.js:44
[   65141ms] [WARNING] Error while trying to use the following icon from the Manifest: http://localhost:3000/icons/icon-192.png (Download error or resource isn't a valid image) @ http://localhost:3000/login:0
[   65158ms] [LOG] [Fast Refresh] rebuilding @ webpack-internal:///(app-pages-browser)/./node_modules/next/dist/next-devtools/shared/forward-logs-shared.js:44
[   65174ms] [LOG] [Fast Refresh] done in 15ms @ webpack-internal:///(app-pages-browser)/./node_modules/next/dist/next-devtools/shared/forward-logs-shared.js:44
[   65203ms] [WARNING] Error while trying to use the following icon from the Manifest: http://localhost:3000/icons/icon-192.png (Download error or resource isn't a valid image) @ http://localhost:3000/login:0
[   65220ms] [LOG] [Fast Refresh] rebuilding @ webpack-internal:///(app-pages-browser)/./node_modules/next/dist/next-devtools/shared/forward-logs-shared.js:44
[   65231ms] [LOG] [Fast Refresh] done in 11ms @ webpack-internal:///(app-pages-browser)/./node_modules/next/dist/next-devtools/shared/forward-logs-shared.js:44
[   65260ms] [WARNING] Error while trying to use the following icon from the Manifest: http://localhost:3000/icons/icon-192.png (Download error or resource isn't a valid image) @ http://localhost:3000/login:0
[   65277ms] [LOG] [Fast Refresh] rebuilding @ webpack-internal:///(app-pages-browser)/./node_modules/next/dist/next-devtools/shared/forward-logs-shared.js:44
[   65292ms] [LOG] [Fast Refresh] done in 16ms @ webpack-internal:///(app-pages-browser)/./node_modules/next/dist/next-devtools/shared/forward-logs-shared.js:44
[   65321ms] [WARNING] Error while trying to use the following icon from the Manifest: http://localhost:3000/icons/icon-192.png (Download error or resource isn't a valid image) @ http://localhost:3000/login:0
[   65337ms] [LOG] [Fast Refresh] rebuilding @ webpack-internal:///(app-pages-browser)/./node_modules/next/dist/next-devtools/shared/forward-logs-shared.js:44
[   65349ms] [LOG] [Fast Refresh] done in 11ms @ webpack-internal:///(app-pages-browser)/./node_modules/next/dist/next-devtools/shared/forward-logs-shared.js:44
[   65376ms] [WARNING] Error while trying to use the following icon from the Manifest: http://localhost:3000/icons/icon-192.png (Download error or resource isn't a valid image) @ http://localhost:3000/login:0
[   65393ms] [LOG] [Fast Refresh] rebuilding @ webpack-internal:///(app-pages-browser)/./node_modules/next/dist/next-devtools/shared/forward-logs-shared.js:44
[   65408ms] [LOG] [Fast Refresh] done in 15ms @ webpack-internal:///(app-pages-browser)/./node_modules/next/dist/next-devtools/shared/forward-logs-shared.js:44
[   65439ms] [WARNING] Error while trying to use the following icon from the Manifest: http://localhost:3000/icons/icon-192.png (Download error or resource isn't a valid image) @ http://localhost:3000/login:0
[   65455ms] [LOG] [Fast Refresh] rebuilding @ webpack-internal:///(app-pages-browser)/./node_modules/next/dist/next-devtools/shared/forward-logs-shared.js:44
[   65466ms] [LOG] [Fast Refresh] done in 11ms @ webpack-internal:///(app-pages-browser)/./node_modules/next/dist/next-devtools/shared/forward-logs-shared.js:44
[   65495ms] [WARNING] Error while trying to use the following icon from the Manifest: http://localhost:3000/icons/icon-192.png (Download error or resource isn't a valid image) @ http://localhost:3000/login:0
[   65512ms] [LOG] [Fast Refresh] rebuilding @ webpack-internal:///(app-pages-browser)/./node_modules/next/dist/next-devtools/shared/forward-logs-shared.js:44
[   65528ms] [LOG] [Fast Refresh] done in 15ms @ webpack-internal:///(app-pages-browser)/./node_modules/next/dist/next-devtools/shared/forward-logs-shared.js:44
[   65557ms] [WARNING] Error while trying to use the following icon from the Manifest: http://localhost:3000/icons/icon-192.png (Download error or resource isn't a valid image) @ http://localhost:3000/login:0
[   65574ms] [LOG] [Fast Refresh] rebuilding @ webpack-internal:///(app-pages-browser)/./node_modules/next/dist/next-devtools/shared/forward-logs-shared.js:44
[   65586ms] [LOG] [Fast Refresh] done in 12ms @ webpack-internal:///(app-pages-browser)/./node_modules/next/dist/next-devtools/shared/forward-logs-shared.js:44
[   65613ms] [WARNING] Error while trying to use the following icon from the Manifest: http://localhost:3000/icons/icon-192.png (Download error or resource isn't a valid image) @ http://localhost:3000/login:0
[   65631ms] [LOG] [Fast Refresh] rebuilding @ webpack-internal:///(app-pages-browser)/./node_modules/next/dist/next-devtools/shared/forward-logs-shared.js:44
[   65646ms] [LOG] [Fast Refresh] done in 16ms @ webpack-internal:///(app-pages-browser)/./node_modules/next/dist/next-devtools/shared/forward-logs-shared.js:44
[   65674ms] [WARNING] Error while trying to use the following icon from the Manifest: http://localhost:3000/icons/icon-192.png (Download error or resource isn't a valid image) @ http://localhost:3000/login:0
[   65691ms] [LOG] [Fast Refresh] rebuilding @ webpack-internal:///(app-pages-browser)/./node_modules/next/dist/next-devtools/shared/forward-logs-shared.js:44
[   65702ms] [LOG] [Fast Refresh] done in 12ms @ webpack-internal:///(app-pages-browser)/./node_modules/next/dist/next-devtools/shared/forward-logs-shared.js:44
[   65729ms] [WARNING] Error while trying to use the following icon from the Manifest: http://localhost:3000/icons/icon-192.png (Download error or resource isn't a valid image) @ http://localhost:3000/login:0
[   65747ms] [LOG] [Fast Refresh] rebuilding @ webpack-internal:///(app-pages-browser)/./node_modules/next/dist/next-devtools/shared/forward-logs-shared.js:44
[   65763ms] [LOG] [Fast Refresh] done in 16ms @ webpack-internal:///(app-pages-browser)/./node_modules/next/dist/next-devtools/shared/forward-logs-shared.js:44
[   65790ms] [WARNING] Error while trying to use the following icon from the Manifest: http://localhost:3000/icons/icon-192.png (Download error or resource isn't a valid image) @ http://localhost:3000/login:0
[   65807ms] [LOG] [Fast Refresh] rebuilding @ webpack-internal:///(app-pages-browser)/./node_modules/next/dist/next-devtools/shared/forward-logs-shared.js:44
[   65819ms] [LOG] [Fast Refresh] done in 12ms @ webpack-internal:///(app-pages-browser)/./node_modules/next/dist/next-devtools/shared/forward-logs-shared.js:44
[   65845ms] [WARNING] Error while trying to use the following icon from the Manifest: http://localhost:3000/icons/icon-192.png (Download error or resource isn't a valid image) @ http://localhost:3000/login:0
[   65862ms] [LOG] [Fast Refresh] rebuilding @ webpack-internal:///(app-pages-browser)/./node_modules/next/dist/next-devtools/shared/forward-logs-shared.js:44
[   65877ms] [LOG] [Fast Refresh] done in 16ms @ webpack-internal:///(app-pages-browser)/./node_modules/next/dist/next-devtools/shared/forward-logs-shared.js:44
[   65906ms] [WARNING] Error while trying to use the following icon from the Manifest: http://localhost:3000/icons/icon-192.png (Download error or resource isn't a valid image) @ http://localhost:3000/login:0
[   65922ms] [LOG] [Fast Refresh] rebuilding @ webpack-internal:///(app-pages-browser)/./node_modules/next/dist/next-devtools/shared/forward-logs-shared.js:44
[   65932ms] [LOG] [Fast Refresh] done in 10ms @ webpack-internal:///(app-pages-browser)/./node_modules/next/dist/next-devtools/shared/forward-logs-shared.js:44
[   65939ms] [WARNING] Error while trying to use the following icon from the Manifest: http://localhost:3000/icons/icon-192.png (Download error or resource isn't a valid image) @ http://localhost:3000/login:0
[   65980ms] [LOG] [Fast Refresh] rebuilding @ webpack-internal:///(app-pages-browser)/./node_modules/next/dist/next-devtools/shared/forward-logs-shared.js:44
[   65995ms] [LOG] [Fast Refresh] done in 16ms @ webpack-internal:///(app-pages-browser)/./node_modules/next/dist/next-devtools/shared/forward-logs-shared.js:44
[   66024ms] [WARNING] Error while trying to use the following icon from the Manifest: http://localhost:3000/icons/icon-192.png (Download error or resource isn't a valid image) @ http://localhost:3000/login:0
[   66039ms] [LOG] [Fast Refresh] rebuilding @ webpack-internal:///(app-pages-browser)/./node_modules/next/dist/next-devtools/shared/forward-logs-shared.js:44
[   66051ms] [LOG] [Fast Refresh] done in 11ms @ webpack-internal:///(app-pages-browser)/./node_modules/next/dist/next-devtools/shared/forward-logs-shared.js:44
[   66077ms] [WARNING] Error while trying to use the following icon from the Manifest: http://localhost:3000/icons/icon-192.png (Download error or resource isn't a valid image) @ http://localhost:3000/login:0
[   66094ms] [LOG] [Fast Refresh] rebuilding @ webpack-internal:///(app-pages-browser)/./node_modules/next/dist/next-devtools/shared/forward-logs-shared.js:44
[   66110ms] [LOG] [Fast Refresh] done in 16ms @ webpack-internal:///(app-pages-browser)/./node_modules/next/dist/next-devtools/shared/forward-logs-shared.js:44
[   66138ms] [WARNING] Error while trying to use the following icon from the Manifest: http://localhost:3000/icons/icon-192.png (Download error or resource isn't a valid image) @ http://localhost:3000/login:0
[   66156ms] [LOG] [Fast Refresh] rebuilding @ webpack-internal:///(app-pages-browser)/./node_modules/next/dist/next-devtools/shared/forward-logs-shared.js:44
[   66168ms] [LOG] [Fast Refresh] done in 13ms @ webpack-internal:///(app-pages-browser)/./node_modules/next/dist/next-devtools/shared/forward-logs-shared.js:44
[   66196ms] [WARNING] Error while trying to use the following icon from the Manifest: http://localhost:3000/icons/icon-192.png (Download error or resource isn't a valid image) @ http://localhost:3000/login:0
[   66213ms] [LOG] [Fast Refresh] rebuilding @ webpack-internal:///(app-pages-browser)/./node_modules/next/dist/next-devtools/shared/forward-logs-shared.js:44
[   66229ms] [LOG] [Fast Refresh] done in 15ms @ webpack-internal:///(app-pages-browser)/./node_modules/next/dist/next-devtools/shared/forward-logs-shared.js:44
[   66258ms] [WARNING] Error while trying to use the following icon from the Manifest: http://localhost:3000/icons/icon-192.png (Download error or resource isn't a valid image) @ http://localhost:3000/login:0
[   66276ms] [LOG] [Fast Refresh] rebuilding @ webpack-internal:///(app-pages-browser)/./node_modules/next/dist/next-devtools/shared/forward-logs-shared.js:44
[   66286ms] [LOG] [Fast Refresh] done in 10ms @ webpack-internal:///(app-pages-browser)/./node_modules/next/dist/next-devtools/shared/forward-logs-shared.js:44
[   66293ms] [WARNING] Error while trying to use the following icon from the Manifest: http://localhost:3000/icons/icon-192.png (Download error or resource isn't a valid image) @ http://localhost:3000/login:0
[   66335ms] [LOG] [Fast Refresh] rebuilding @ webpack-internal:///(app-pages-browser)/./node_modules/next/dist/next-devtools/shared/forward-logs-shared.js:44
[   66349ms] [LOG] [Fast Refresh] done in 15ms @ webpack-internal:///(app-pages-browser)/./node_modules/next/dist/next-devtools/shared/forward-logs-shared.js:44
[   66377ms] [WARNING] Error while trying to use the following icon from the Manifest: http://localhost:3000/icons/icon-192.png (Download error or resource isn't a valid image) @ http://localhost:3000/login:0
[   66394ms] [LOG] [Fast Refresh] rebuilding @ webpack-internal:///(app-pages-browser)/./node_modules/next/dist/next-devtools/shared/forward-logs-shared.js:44
[   66405ms] [LOG] [Fast Refresh] done in 12ms @ webpack-internal:///(app-pages-browser)/./node_modules/next/dist/next-devtools/shared/forward-logs-shared.js:44
[   66433ms] [WARNING] Error while trying to use the following icon from the Manifest: http://localhost:3000/icons/icon-192.png (Download error or resource isn't a valid image) @ http://localhost:3000/login:0
[   66451ms] [LOG] [Fast Refresh] rebuilding @ webpack-internal:///(app-pages-browser)/./node_modules/next/dist/next-devtools/shared/forward-logs-shared.js:44
[   66467ms] [LOG] [Fast Refresh] done in 16ms @ webpack-internal:///(app-pages-browser)/./node_modules/next/dist/next-devtools/shared/forward-logs-shared.js:44
[   66494ms] [WARNING] Error while trying to use the following icon from the Manifest: http://localhost:3000/icons/icon-192.png (Download error or resource isn't a valid image) @ http://localhost:3000/login:0
[   66511ms] [LOG] [Fast Refresh] rebuilding @ webpack-internal:///(app-pages-browser)/./node_modules/next/dist/next-devtools/shared/forward-logs-shared.js:44
[   66523ms] [LOG] [Fast Refresh] done in 11ms @ webpack-internal:///(app-pages-browser)/./node_modules/next/dist/next-devtools/shared/forward-logs-shared.js:44
[   66550ms] [WARNING] Error while trying to use the following icon from the Manifest: http://localhost:3000/icons/icon-192.png (Download error or resource isn't a valid image) @ http://localhost:3000/login:0
[   66567ms] [LOG] [Fast Refresh] rebuilding @ webpack-internal:///(app-pages-browser)/./node_modules/next/dist/next-devtools/shared/forward-logs-shared.js:44
[   66582ms] [LOG] [Fast Refresh] done in 15ms @ webpack-internal:///(app-pages-browser)/./node_modules/next/dist/next-devtools/shared/forward-logs-shared.js:44
[   66612ms] [WARNING] Error while trying to use the following icon from the Manifest: http://localhost:3000/icons/icon-192.png (Download error or resource isn't a valid image) @ http://localhost:3000/login:0
[   66630ms] [LOG] [Fast Refresh] rebuilding @ webpack-internal:///(app-pages-browser)/./node_modules/next/dist/next-devtools/shared/forward-logs-shared.js:44
[   66640ms] [LOG] [Fast Refresh] done in 11ms @ webpack-internal:///(app-pages-browser)/./node_modules/next/dist/next-devtools/shared/forward-logs-shared.js:44
[   66648ms] [WARNING] Error while trying to use the following icon from the Manifest: http://localhost:3000/icons/icon-192.png (Download error or resource isn't a valid image) @ http://localhost:3000/login:0
[   66688ms] [LOG] [Fast Refresh] rebuilding @ webpack-internal:///(app-pages-browser)/./node_modules/next/dist/next-devtools/shared/forward-logs-shared.js:44
[   66703ms] [LOG] [Fast Refresh] done in 16ms @ webpack-internal:///(app-pages-browser)/./node_modules/next/dist/next-devtools/shared/forward-logs-shared.js:44
[   66731ms] [WARNING] Error while trying to use the following icon from the Manifest: http://localhost:3000/icons/icon-192.png (Download error or resource isn't a valid image) @ http://localhost:3000/login:0
[   66748ms] [LOG] [Fast Refresh] rebuilding @ webpack-internal:///(app-pages-browser)/./node_modules/next/dist/next-devtools/shared/forward-logs-shared.js:44
[   66760ms] [LOG] [Fast Refresh] done in 12ms @ webpack-internal:///(app-pages-browser)/./node_modules/next/dist/next-devtools/shared/forward-logs-shared.js:44
[   66788ms] [WARNING] Error while trying to use the following icon from the Manifest: http://localhost:3000/icons/icon-192.png (Download error or resource isn't a valid image) @ http://localhost:3000/login:0
[   66807ms] [LOG] [Fast Refresh] rebuilding @ webpack-internal:///(app-pages-browser)/./node_modules/next/dist/next-devtools/shared/forward-logs-shared.js:44
[   66826ms] [LOG] [Fast Refresh] done in 18ms @ webpack-internal:///(app-pages-browser)/./node_modules/next/dist/next-devtools/shared/forward-logs-shared.js:44
[   66855ms] [WARNING] Error while trying to use the following icon from the Manifest: http://localhost:3000/icons/icon-192.png (Download error or resource isn't a valid image) @ http://localhost:3000/login:0
[   66872ms] [LOG] [Fast Refresh] rebuilding @ webpack-internal:///(app-pages-browser)/./node_modules/next/dist/next-devtools/shared/forward-logs-shared.js:44
[   66885ms] [LOG] [Fast Refresh] done in 12ms @ webpack-internal:///(app-pages-browser)/./node_modules/next/dist/next-devtools/shared/forward-logs-shared.js:44
[   66911ms] [WARNING] Error while trying to use the following icon from the Manifest: http://localhost:3000/icons/icon-192.png (Download error or resource isn't a valid image) @ http://localhost:3000/login:0
[   66931ms] [LOG] [Fast Refresh] rebuilding @ webpack-internal:///(app-pages-browser)/./node_modules/next/dist/next-devtools/shared/forward-logs-shared.js:44
[   66949ms] [LOG] [Fast Refresh] done in 19ms @ webpack-internal:///(app-pages-browser)/./node_modules/next/dist/next-devtools/shared/forward-logs-shared.js:44
[   66971ms] [WARNING] Error while trying to use the following icon from the Manifest: http://localhost:3000/icons/icon-192.png (Download error or resource isn't a valid image) @ http://localhost:3000/login:0
[   66995ms] [LOG] [Fast Refresh] rebuilding @ webpack-internal:///(app-pages-browser)/./node_modules/next/dist/next-devtools/shared/forward-logs-shared.js:44
[   67007ms] [LOG] [Fast Refresh] done in 12ms @ webpack-internal:///(app-pages-browser)/./node_modules/next/dist/next-devtools/shared/forward-logs-shared.js:44
[   67037ms] [WARNING] Error while trying to use the following icon from the Manifest: http://localhost:3000/icons/icon-192.png (Download error or resource isn't a valid image) @ http://localhost:3000/login:0
[   67056ms] [LOG] [Fast Refresh] rebuilding @ webpack-internal:///(app-pages-browser)/./node_modules/next/dist/next-devtools/shared/forward-logs-shared.js:44
[   67072ms] [LOG] [Fast Refresh] done in 16ms @ webpack-internal:///(app-pages-browser)/./node_modules/next/dist/next-devtools/shared/forward-logs-shared.js:44
[   67100ms] [WARNING] Error while trying to use the following icon from the Manifest: http://localhost:3000/icons/icon-192.png (Download error or resource isn't a valid image) @ http://localhost:3000/login:0
[   67120ms] [LOG] [Fast Refresh] rebuilding @ webpack-internal:///(app-pages-browser)/./node_modules/next/dist/next-devtools/shared/forward-logs-shared.js:44
[   67131ms] [LOG] [Fast Refresh] done in 12ms @ webpack-internal:///(app-pages-browser)/./node_modules/next/dist/next-devtools/shared/forward-logs-shared.js:44
[   67159ms] [WARNING] Error while trying to use the following icon from the Manifest: http://localhost:3000/icons/icon-192.png (Download error or resource isn't a valid image) @ http://localhost:3000/login:0
[   67177ms] [LOG] [Fast Refresh] rebuilding @ webpack-internal:///(app-pages-browser)/./node_modules/next/dist/next-devtools/shared/forward-logs-shared.js:44
[   67194ms] [LOG] [Fast Refresh] done in 16ms @ webpack-internal:///(app-pages-browser)/./node_modules/next/dist/next-devtools/shared/forward-logs-shared.js:44
[   67226ms] [WARNING] Error while trying to use the following icon from the Manifest: http://localhost:3000/icons/icon-192.png (Download error or resource isn't a valid image) @ http://localhost:3000/login:0
[   67243ms] [LOG] [Fast Refresh] rebuilding @ webpack-internal:///(app-pages-browser)/./node_modules/next/dist/next-devtools/shared/forward-logs-shared.js:44
[   67255ms] [LOG] [Fast Refresh] done in 13ms @ webpack-internal:///(app-pages-browser)/./node_modules/next/dist/next-devtools/shared/forward-logs-shared.js:44
[   67282ms] [WARNING] Error while trying to use the following icon from the Manifest: http://localhost:3000/icons/icon-192.png (Download error or resource isn't a valid image) @ http://localhost:3000/login:0
[   67302ms] [LOG] [Fast Refresh] rebuilding @ webpack-internal:///(app-pages-browser)/./node_modules/next/dist/next-devtools/shared/forward-logs-shared.js:44
[   67320ms] [LOG] [Fast Refresh] done in 19ms @ webpack-internal:///(app-pages-browser)/./node_modules/next/dist/next-devtools/shared/forward-logs-shared.js:44
[   67352ms] [WARNING] Error while trying to use the following icon from the Manifest: http://localhost:3000/icons/icon-192.png (Download error or resource isn't a valid image) @ http://localhost:3000/login:0
[   67370ms] [LOG] [Fast Refresh] rebuilding @ webpack-internal:///(app-pages-browser)/./node_modules/next/dist/next-devtools/shared/forward-logs-shared.js:44
[   67381ms] [LOG] [Fast Refresh] done in 12ms @ webpack-internal:///(app-pages-browser)/./node_modules/next/dist/next-devtools/shared/forward-logs-shared.js:44
[   67410ms] [WARNING] Error while trying to use the following icon from the Manifest: http://localhost:3000/icons/icon-192.png (Download error or resource isn't a valid image) @ http://localhost:3000/login:0
[   67428ms] [LOG] [Fast Refresh] rebuilding @ webpack-internal:///(app-pages-browser)/./node_modules/next/dist/next-devtools/shared/forward-logs-shared.js:44
[   67444ms] [LOG] [Fast Refresh] done in 16ms @ webpack-internal:///(app-pages-browser)/./node_modules/next/dist/next-devtools/shared/forward-logs-shared.js:44
[   67490ms] [LOG] [Fast Refresh] rebuilding @ webpack-internal:///(app-pages-browser)/./node_modules/next/dist/next-devtools/shared/forward-logs-shared.js:44
[   67502ms] [LOG] [Fast Refresh] done in 12ms @ webpack-internal:///(app-pages-browser)/./node_modules/next/dist/next-devtools/shared/forward-logs-shared.js:44
[   67531ms] [WARNING] Error while trying to use the following icon from the Manifest: http://localhost:3000/icons/icon-192.png (Download error or resource isn't a valid image) @ http://localhost:3000/login:0
[   67550ms] [LOG] [Fast Refresh] rebuilding @ webpack-internal:///(app-pages-browser)/./node_modules/next/dist/next-devtools/shared/forward-logs-shared.js:44
[   67567ms] [LOG] [Fast Refresh] done in 18ms @ webpack-internal:///(app-pages-browser)/./node_modules/next/dist/next-devtools/shared/forward-logs-shared.js:44
[   67598ms] [WARNING] Error while trying to use the following icon from the Manifest: http://localhost:3000/icons/icon-192.png (Download error or resource isn't a valid image) @ http://localhost:3000/login:0
[   67615ms] [LOG] [Fast Refresh] rebuilding @ webpack-internal:///(app-pages-browser)/./node_modules/next/dist/next-devtools/shared/forward-logs-shared.js:44
[   67628ms] [LOG] [Fast Refresh] done in 13ms @ webpack-internal:///(app-pages-browser)/./node_modules/next/dist/next-devtools/shared/forward-logs-shared.js:44
[   67657ms] [WARNING] Error while trying to use the following icon from the Manifest: http://localhost:3000/icons/icon-192.png (Download error or resource isn't a valid image) @ http://localhost:3000/login:0
[   67675ms] [LOG] [Fast Refresh] rebuilding @ webpack-internal:///(app-pages-browser)/./node_modules/next/dist/next-devtools/shared/forward-logs-shared.js:44
[   67692ms] [LOG] [Fast Refresh] done in 16ms @ webpack-internal:///(app-pages-browser)/./node_modules/next/dist/next-devtools/shared/forward-logs-shared.js:44
[   67715ms] [WARNING] Error while trying to use the following icon from the Manifest: http://localhost:3000/icons/icon-192.png (Download error or resource isn't a valid image) @ http://localhost:3000/login:0
[   67738ms] [LOG] [Fast Refresh] rebuilding @ webpack-internal:///(app-pages-browser)/./node_modules/next/dist/next-devtools/shared/forward-logs-shared.js:44
[   67750ms] [LOG] [Fast Refresh] done in 11ms @ webpack-internal:///(app-pages-browser)/./node_modules/next/dist/next-devtools/shared/forward-logs-shared.js:44
[   67779ms] [WARNING] Error while trying to use the following icon from the Manifest: http://localhost:3000/icons/icon-192.png (Download error or resource isn't a valid image) @ http://localhost:3000/login:0
[   67796ms] [LOG] [Fast Refresh] rebuilding @ webpack-internal:///(app-pages-browser)/./node_modules/next/dist/next-devtools/shared/forward-logs-shared.js:44
[   67813ms] [LOG] [Fast Refresh] done in 16ms @ webpack-internal:///(app-pages-browser)/./node_modules/next/dist/next-devtools/shared/forward-logs-shared.js:44
[   67842ms] [WARNING] Error while trying to use the following icon from the Manifest: http://localhost:3000/icons/icon-192.png (Download error or resource isn't a valid image) @ http://localhost:3000/login:0
[   67859ms] [LOG] [Fast Refresh] rebuilding @ webpack-internal:///(app-pages-browser)/./node_modules/next/dist/next-devtools/shared/forward-logs-shared.js:44
[   67871ms] [LOG] [Fast Refresh] done in 12ms @ webpack-internal:///(app-pages-browser)/./node_modules/next/dist/next-devtools/shared/forward-logs-shared.js:44
[   67901ms] [WARNING] Error while trying to use the following icon from the Manifest: http://localhost:3000/icons/icon-192.png (Download error or resource isn't a valid image) @ http://localhost:3000/login:0
[   67919ms] [LOG] [Fast Refresh] rebuilding @ webpack-internal:///(app-pages-browser)/./node_modules/next/dist/next-devtools/shared/forward-logs-shared.js:44
[   67935ms] [LOG] [Fast Refresh] done in 16ms @ webpack-internal:///(app-pages-browser)/./node_modules/next/dist/next-devtools/shared/forward-logs-shared.js:44
[   67964ms] [WARNING] Error while trying to use the following icon from the Manifest: http://localhost:3000/icons/icon-192.png (Download error or resource isn't a valid image) @ http://localhost:3000/login:0
[   67983ms] [LOG] [Fast Refresh] rebuilding @ webpack-internal:///(app-pages-browser)/./node_modules/next/dist/next-devtools/shared/forward-logs-shared.js:44
[   67996ms] [LOG] [Fast Refresh] done in 12ms @ webpack-internal:///(app-pages-browser)/./node_modules/next/dist/next-devtools/shared/forward-logs-shared.js:44
[   68026ms] [WARNING] Error while trying to use the following icon from the Manifest: http://localhost:3000/icons/icon-192.png (Download error or resource isn't a valid image) @ http://localhost:3000/login:0
[   68045ms] [LOG] [Fast Refresh] rebuilding @ webpack-internal:///(app-pages-browser)/./node_modules/next/dist/next-devtools/shared/forward-logs-shared.js:44
[   68062ms] [LOG] [Fast Refresh] done in 17ms @ webpack-internal:///(app-pages-browser)/./node_modules/next/dist/next-devtools/shared/forward-logs-shared.js:44
[   68092ms] [WARNING] Error while trying to use the following icon from the Manifest: http://localhost:3000/icons/icon-192.png (Download error or resource isn't a valid image) @ http://localhost:3000/login:0
[   68112ms] [LOG] [Fast Refresh] rebuilding @ webpack-internal:///(app-pages-browser)/./node_modules/next/dist/next-devtools/shared/forward-logs-shared.js:44
[   68125ms] [LOG] [Fast Refresh] done in 12ms @ webpack-internal:///(app-pages-browser)/./node_modules/next/dist/next-devtools/shared/forward-logs-shared.js:44
[   68155ms] [WARNING] Error while trying to use the following icon from the Manifest: http://localhost:3000/icons/icon-192.png (Download error or resource isn't a valid image) @ http://localhost:3000/login:0
[   68174ms] [LOG] [Fast Refresh] rebuilding @ webpack-internal:///(app-pages-browser)/./node_modules/next/dist/next-devtools/shared/forward-logs-shared.js:44
[   68191ms] [LOG] [Fast Refresh] done in 17ms @ webpack-internal:///(app-pages-browser)/./node_modules/next/dist/next-devtools/shared/forward-logs-shared.js:44
[   68216ms] [WARNING] Error while trying to use the following icon from the Manifest: http://localhost:3000/icons/icon-192.png (Download error or resource isn't a valid image) @ http://localhost:3000/login:0
[   68250ms] [LOG] [Fast Refresh] rebuilding @ webpack-internal:///(app-pages-browser)/./node_modules/next/dist/next-devtools/shared/forward-logs-shared.js:44
[   68288ms] [LOG] [Fast Refresh] done in 38ms @ webpack-internal:///(app-pages-browser)/./node_modules/next/dist/next-devtools/shared/forward-logs-shared.js:44
[   68308ms] [LOG] [Fast Refresh] rebuilding @ webpack-internal:///(app-pages-browser)/./node_modules/next/dist/next-devtools/shared/forward-logs-shared.js:44
[   68311ms] [WARNING] Error while trying to use the following icon from the Manifest: http://localhost:3000/icons/icon-192.png (Download error or resource isn't a valid image) @ http://localhost:3000/login:0
[   68322ms] [LOG] [Fast Refresh] done in 14ms @ webpack-internal:///(app-pages-browser)/./node_modules/next/dist/next-devtools/shared/forward-logs-shared.js:44
[   68357ms] [WARNING] Error while trying to use the following icon from the Manifest: http://localhost:3000/icons/icon-192.png (Download error or resource isn't a valid image) @ http://localhost:3000/login:0
[   68378ms] [LOG] [Fast Refresh] rebuilding @ webpack-internal:///(app-pages-browser)/./node_modules/next/dist/next-devtools/shared/forward-logs-shared.js:44
[   68390ms] [LOG] [Fast Refresh] done in 12ms @ webpack-internal:///(app-pages-browser)/./node_modules/next/dist/next-devtools/shared/forward-logs-shared.js:44
[   68436ms] [LOG] [Fast Refresh] rebuilding @ webpack-internal:///(app-pages-browser)/./node_modules/next/dist/next-devtools/shared/forward-logs-shared.js:44
[   68452ms] [LOG] [Fast Refresh] done in 17ms @ webpack-internal:///(app-pages-browser)/./node_modules/next/dist/next-devtools/shared/forward-logs-shared.js:44
[   68482ms] [WARNING] Error while trying to use the following icon from the Manifest: http://localhost:3000/icons/icon-192.png (Download error or resource isn't a valid image) @ http://localhost:3000/login:0
[   68500ms] [LOG] [Fast Refresh] rebuilding @ webpack-internal:///(app-pages-browser)/./node_modules/next/dist/next-devtools/shared/forward-logs-shared.js:44
[   68513ms] [LOG] [Fast Refresh] done in 13ms @ webpack-internal:///(app-pages-browser)/./node_modules/next/dist/next-devtools/shared/forward-logs-shared.js:44
[   68541ms] [WARNING] Error while trying to use the following icon from the Manifest: http://localhost:3000/icons/icon-192.png (Download error or resource isn't a valid image) @ http://localhost:3000/login:0
[   68560ms] [LOG] [Fast Refresh] rebuilding @ webpack-internal:///(app-pages-browser)/./node_modules/next/dist/next-devtools/shared/forward-logs-shared.js:44
[   68577ms] [LOG] [Fast Refresh] done in 17ms @ webpack-internal:///(app-pages-browser)/./node_modules/next/dist/next-devtools/shared/forward-logs-shared.js:44
[   68622ms] [WARNING] Error while trying to use the following icon from the Manifest: http://localhost:3000/icons/icon-192.png (Download error or resource isn't a valid image) @ http://localhost:3000/login:0
[   68641ms] [LOG] [Fast Refresh] rebuilding @ webpack-internal:///(app-pages-browser)/./node_modules/next/dist/next-devtools/shared/forward-logs-shared.js:44
[   68653ms] [LOG] [Fast Refresh] done in 13ms @ webpack-internal:///(app-pages-browser)/./node_modules/next/dist/next-devtools/shared/forward-logs-shared.js:44
[   68684ms] [WARNING] Error while trying to use the following icon from the Manifest: http://localhost:3000/icons/icon-192.png (Download error or resource isn't a valid image) @ http://localhost:3000/login:0
[   68723ms] [LOG] [Fast Refresh] rebuilding @ webpack-internal:///(app-pages-browser)/./node_modules/next/dist/next-devtools/shared/forward-logs-shared.js:44
[   68738ms] [LOG] [Fast Refresh] done in 16ms @ webpack-internal:///(app-pages-browser)/./node_modules/next/dist/next-devtools/shared/forward-logs-shared.js:44
[   68767ms] [WARNING] Error while trying to use the following icon from the Manifest: http://localhost:3000/icons/icon-192.png (Download error or resource isn't a valid image) @ http://localhost:3000/login:0
[   68786ms] [LOG] [Fast Refresh] rebuilding @ webpack-internal:///(app-pages-browser)/./node_modules/next/dist/next-devtools/shared/forward-logs-shared.js:44
[   68799ms] [LOG] [Fast Refresh] done in 14ms @ webpack-internal:///(app-pages-browser)/./node_modules/next/dist/next-devtools/shared/forward-logs-shared.js:44
[   68828ms] [WARNING] Error while trying to use the following icon from the Manifest: http://localhost:3000/icons/icon-192.png (Download error or resource isn't a valid image) @ http://localhost:3000/login:0
[   68846ms] [LOG] [Fast Refresh] rebuilding @ webpack-internal:///(app-pages-browser)/./node_modules/next/dist/next-devtools/shared/forward-logs-shared.js:44
[   68862ms] [LOG] [Fast Refresh] done in 16ms @ webpack-internal:///(app-pages-browser)/./node_modules/next/dist/next-devtools/shared/forward-logs-shared.js:44
[   68890ms] [WARNING] Error while trying to use the following icon from the Manifest: http://localhost:3000/icons/icon-192.png (Download error or resource isn't a valid image) @ http://localhost:3000/login:0
[   68907ms] [LOG] [Fast Refresh] rebuilding @ webpack-internal:///(app-pages-browser)/./node_modules/next/dist/next-devtools/shared/forward-logs-shared.js:44
[   68919ms] [LOG] [Fast Refresh] done in 12ms @ webpack-internal:///(app-pages-browser)/./node_modules/next/dist/next-devtools/shared/forward-logs-shared.js:44
[   68957ms] [WARNING] Error while trying to use the following icon from the Manifest: http://localhost:3000/icons/icon-192.png (Download error or resource isn't a valid image) @ http://localhost:3000/login:0
[   68988ms] [LOG] [Fast Refresh] rebuilding @ webpack-internal:///(app-pages-browser)/./node_modules/next/dist/next-devtools/shared/forward-logs-shared.js:44
[   69006ms] [LOG] [Fast Refresh] done in 18ms @ webpack-internal:///(app-pages-browser)/./node_modules/next/dist/next-devtools/shared/forward-logs-shared.js:44
[   69050ms] [LOG] [Fast Refresh] rebuilding @ webpack-internal:///(app-pages-browser)/./node_modules/next/dist/next-devtools/shared/forward-logs-shared.js:44
[   69062ms] [LOG] [Fast Refresh] done in 11ms @ webpack-internal:///(app-pages-browser)/./node_modules/next/dist/next-devtools/shared/forward-logs-shared.js:44
[   69092ms] [WARNING] Error while trying to use the following icon from the Manifest: http://localhost:3000/icons/icon-192.png (Download error or resource isn't a valid image) @ http://localhost:3000/login:0
[   69110ms] [LOG] [Fast Refresh] rebuilding @ webpack-internal:///(app-pages-browser)/./node_modules/next/dist/next-devtools/shared/forward-logs-shared.js:44
[   69125ms] [LOG] [Fast Refresh] done in 16ms @ webpack-internal:///(app-pages-browser)/./node_modules/next/dist/next-devtools/shared/forward-logs-shared.js:44
[   69155ms] [WARNING] Error while trying to use the following icon from the Manifest: http://localhost:3000/icons/icon-192.png (Download error or resource isn't a valid image) @ http://localhost:3000/login:0
[   69171ms] [LOG] [Fast Refresh] rebuilding @ webpack-internal:///(app-pages-browser)/./node_modules/next/dist/next-devtools/shared/forward-logs-shared.js:44
[   69182ms] [LOG] [Fast Refresh] done in 12ms @ webpack-internal:///(app-pages-browser)/./node_modules/next/dist/next-devtools/shared/forward-logs-shared.js:44
[   69210ms] [WARNING] Error while trying to use the following icon from the Manifest: http://localhost:3000/icons/icon-192.png (Download error or resource isn't a valid image) @ http://localhost:3000/login:0
[   69227ms] [LOG] [Fast Refresh] rebuilding @ webpack-internal:///(app-pages-browser)/./node_modules/next/dist/next-devtools/shared/forward-logs-shared.js:44
[   69242ms] [LOG] [Fast Refresh] done in 15ms @ webpack-internal:///(app-pages-browser)/./node_modules/next/dist/next-devtools/shared/forward-logs-shared.js:44
[   69273ms] [WARNING] Error while trying to use the following icon from the Manifest: http://localhost:3000/icons/icon-192.png (Download error or resource isn't a valid image) @ http://localhost:3000/login:0
[   69290ms] [LOG] [Fast Refresh] rebuilding @ webpack-internal:///(app-pages-browser)/./node_modules/next/dist/next-devtools/shared/forward-logs-shared.js:44
[   69305ms] [LOG] [Fast Refresh] done in 15ms @ webpack-internal:///(app-pages-browser)/./node_modules/next/dist/next-devtools/shared/forward-logs-shared.js:44
[   69334ms] [WARNING] Error while trying to use the following icon from the Manifest: http://localhost:3000/icons/icon-192.png (Download error or resource isn't a valid image) @ http://localhost:3000/login:0
[   69354ms] [LOG] [Fast Refresh] rebuilding @ webpack-internal:///(app-pages-browser)/./node_modules/next/dist/next-devtools/shared/forward-logs-shared.js:44
[   69370ms] [LOG] [Fast Refresh] done in 15ms @ webpack-internal:///(app-pages-browser)/./node_modules/next/dist/next-devtools/shared/forward-logs-shared.js:44
[   69399ms] [WARNING] Error while trying to use the following icon from the Manifest: http://localhost:3000/icons/icon-192.png (Download error or resource isn't a valid image) @ http://localhost:3000/login:0
[   69417ms] [LOG] [Fast Refresh] rebuilding @ webpack-internal:///(app-pages-browser)/./node_modules/next/dist/next-devtools/shared/forward-logs-shared.js:44
[   69430ms] [LOG] [Fast Refresh] done in 13ms @ webpack-internal:///(app-pages-browser)/./node_modules/next/dist/next-devtools/shared/forward-logs-shared.js:44
[   69458ms] [WARNING] Error while trying to use the following icon from the Manifest: http://localhost:3000/icons/icon-192.png (Download error or resource isn't a valid image) @ http://localhost:3000/login:0
[   69477ms] [LOG] [Fast Refresh] rebuilding @ webpack-internal:///(app-pages-browser)/./node_modules/next/dist/next-devtools/shared/forward-logs-shared.js:44
[   69493ms] [LOG] [Fast Refresh] done in 17ms @ webpack-internal:///(app-pages-browser)/./node_modules/next/dist/next-devtools/shared/forward-logs-shared.js:44
[   69523ms] [WARNING] Error while trying to use the following icon from the Manifest: http://localhost:3000/icons/icon-192.png (Download error or resource isn't a valid image) @ http://localhost:3000/login:0
[   69538ms] [LOG] [Fast Refresh] rebuilding @ webpack-internal:///(app-pages-browser)/./node_modules/next/dist/next-devtools/shared/forward-logs-shared.js:44
[   69550ms] [LOG] [Fast Refresh] done in 11ms @ webpack-internal:///(app-pages-browser)/./node_modules/next/dist/next-devtools/shared/forward-logs-shared.js:44
[   69578ms] [WARNING] Error while trying to use the following icon from the Manifest: http://localhost:3000/icons/icon-192.png (Download error or resource isn't a valid image) @ http://localhost:3000/login:0
[   69596ms] [LOG] [Fast Refresh] rebuilding @ webpack-internal:///(app-pages-browser)/./node_modules/next/dist/next-devtools/shared/forward-logs-shared.js:44
[   69613ms] [LOG] [Fast Refresh] done in 16ms @ webpack-internal:///(app-pages-browser)/./node_modules/next/dist/next-devtools/shared/forward-logs-shared.js:44
[   69642ms] [WARNING] Error while trying to use the following icon from the Manifest: http://localhost:3000/icons/icon-192.png (Download error or resource isn't a valid image) @ http://localhost:3000/login:0
[   69658ms] [LOG] [Fast Refresh] rebuilding @ webpack-internal:///(app-pages-browser)/./node_modules/next/dist/next-devtools/shared/forward-logs-shared.js:44
[   69671ms] [LOG] [Fast Refresh] done in 12ms @ webpack-internal:///(app-pages-browser)/./node_modules/next/dist/next-devtools/shared/forward-logs-shared.js:44
[   69698ms] [WARNING] Error while trying to use the following icon from the Manifest: http://localhost:3000/icons/icon-192.png (Download error or resource isn't a valid image) @ http://localhost:3000/login:0
[   69716ms] [LOG] [Fast Refresh] rebuilding @ webpack-internal:///(app-pages-browser)/./node_modules/next/dist/next-devtools/shared/forward-logs-shared.js:44
[   69775ms] [LOG] [Fast Refresh] done in 59ms @ webpack-internal:///(app-pages-browser)/./node_modules/next/dist/next-devtools/shared/forward-logs-shared.js:44
[   70330ms] [WARNING] Error while trying to use the following icon from the Manifest: http://localhost:3000/icons/icon-192.png (Download error or resource isn't a valid image) @ http://localhost:3000/login:0
[   70363ms] [LOG] [Fast Refresh] rebuilding @ webpack-internal:///(app-pages-browser)/./node_modules/next/dist/next-devtools/shared/forward-logs-shared.js:44
[   70378ms] [LOG] [Fast Refresh] done in 15ms @ webpack-internal:///(app-pages-browser)/./node_modules/next/dist/next-devtools/shared/forward-logs-shared.js:44
[   70411ms] [WARNING] Error while trying to use the following icon from the Manifest: http://localhost:3000/icons/icon-192.png (Download error or resource isn't a valid image) @ http://localhost:3000/login:0
[   70434ms] [LOG] [Fast Refresh] rebuilding @ webpack-internal:///(app-pages-browser)/./node_modules/next/dist/next-devtools/shared/forward-logs-shared.js:44
[   70445ms] [LOG] [Fast Refresh] done in 11ms @ webpack-internal:///(app-pages-browser)/./node_modules/next/dist/next-devtools/shared/forward-logs-shared.js:44
[   70478ms] [WARNING] Error while trying to use the following icon from the Manifest: http://localhost:3000/icons/icon-192.png (Download error or resource isn't a valid image) @ http://localhost:3000/login:0
[   70526ms] [LOG] [Fast Refresh] rebuilding @ webpack-internal:///(app-pages-browser)/./node_modules/next/dist/next-devtools/shared/forward-logs-shared.js:44
[   70544ms] [LOG] [Fast Refresh] done in 19ms @ webpack-internal:///(app-pages-browser)/./node_modules/next/dist/next-devtools/shared/forward-logs-shared.js:44
[   70576ms] [WARNING] Error while trying to use the following icon from the Manifest: http://localhost:3000/icons/icon-192.png (Download error or resource isn't a valid image) @ http://localhost:3000/login:0
[   70594ms] [LOG] [Fast Refresh] rebuilding @ webpack-internal:///(app-pages-browser)/./node_modules/next/dist/next-devtools/shared/forward-logs-shared.js:44
[   70606ms] [LOG] [Fast Refresh] done in 12ms @ webpack-internal:///(app-pages-browser)/./node_modules/next/dist/next-devtools/shared/forward-logs-shared.js:44
[   70634ms] [WARNING] Error while trying to use the following icon from the Manifest: http://localhost:3000/icons/icon-192.png (Download error or resource isn't a valid image) @ http://localhost:3000/login:0
[   70652ms] [LOG] [Fast Refresh] rebuilding @ webpack-internal:///(app-pages-browser)/./node_modules/next/dist/next-devtools/shared/forward-logs-shared.js:44
[   70668ms] [LOG] [Fast Refresh] done in 16ms @ webpack-internal:///(app-pages-browser)/./node_modules/next/dist/next-devtools/shared/forward-logs-shared.js:44
[   70699ms] [WARNING] Error while trying to use the following icon from the Manifest: http://localhost:3000/icons/icon-192.png (Download error or resource isn't a valid image) @ http://localhost:3000/login:0
[   70718ms] [LOG] [Fast Refresh] rebuilding @ webpack-internal:///(app-pages-browser)/./node_modules/next/dist/next-devtools/shared/forward-logs-shared.js:44
[   70729ms] [LOG] [Fast Refresh] done in 11ms @ webpack-internal:///(app-pages-browser)/./node_modules/next/dist/next-devtools/shared/forward-logs-shared.js:44
[   70755ms] [WARNING] Error while trying to use the following icon from the Manifest: http://localhost:3000/icons/icon-192.png (Download error or resource isn't a valid image) @ http://localhost:3000/login:0
[   70776ms] [LOG] [Fast Refresh] rebuilding @ webpack-internal:///(app-pages-browser)/./node_modules/next/dist/next-devtools/shared/forward-logs-shared.js:44
[   70796ms] [LOG] [Fast Refresh] done in 21ms @ webpack-internal:///(app-pages-browser)/./node_modules/next/dist/next-devtools/shared/forward-logs-shared.js:44
[   70850ms] [LOG] [Fast Refresh] rebuilding @ webpack-internal:///(app-pages-browser)/./node_modules/next/dist/next-devtools/shared/forward-logs-shared.js:44
[   70862ms] [LOG] [Fast Refresh] done in 12ms @ webpack-internal:///(app-pages-browser)/./node_modules/next/dist/next-devtools/shared/forward-logs-shared.js:44
[   70893ms] [WARNING] Error while trying to use the following icon from the Manifest: http://localhost:3000/icons/icon-192.png (Download error or resource isn't a valid image) @ http://localhost:3000/login:0
[   70912ms] [LOG] [Fast Refresh] rebuilding @ webpack-internal:///(app-pages-browser)/./node_modules/next/dist/next-devtools/shared/forward-logs-shared.js:44
[   70929ms] [LOG] [Fast Refresh] done in 18ms @ webpack-internal:///(app-pages-browser)/./node_modules/next/dist/next-devtools/shared/forward-logs-shared.js:44
[   70961ms] [WARNING] Error while trying to use the following icon from the Manifest: http://localhost:3000/icons/icon-192.png (Download error or resource isn't a valid image) @ http://localhost:3000/login:0
[   70978ms] [LOG] [Fast Refresh] rebuilding @ webpack-internal:///(app-pages-browser)/./node_modules/next/dist/next-devtools/shared/forward-logs-shared.js:44
[   70991ms] [LOG] [Fast Refresh] done in 13ms @ webpack-internal:///(app-pages-browser)/./node_modules/next/dist/next-devtools/shared/forward-logs-shared.js:44
[   71022ms] [WARNING] Error while trying to use the following icon from the Manifest: http://localhost:3000/icons/icon-192.png (Download error or resource isn't a valid image) @ http://localhost:3000/login:0
[   71040ms] [LOG] [Fast Refresh] rebuilding @ webpack-internal:///(app-pages-browser)/./node_modules/next/dist/next-devtools/shared/forward-logs-shared.js:44
[   71056ms] [LOG] [Fast Refresh] done in 15ms @ webpack-internal:///(app-pages-browser)/./node_modules/next/dist/next-devtools/shared/forward-logs-shared.js:44
[   71084ms] [WARNING] Error while trying to use the following icon from the Manifest: http://localhost:3000/icons/icon-192.png (Download error or resource isn't a valid image) @ http://localhost:3000/login:0
[   71101ms] [LOG] [Fast Refresh] rebuilding @ webpack-internal:///(app-pages-browser)/./node_modules/next/dist/next-devtools/shared/forward-logs-shared.js:44
[   71112ms] [LOG] [Fast Refresh] done in 11ms @ webpack-internal:///(app-pages-browser)/./node_modules/next/dist/next-devtools/shared/forward-logs-shared.js:44
[   71141ms] [WARNING] Error while trying to use the following icon from the Manifest: http://localhost:3000/icons/icon-192.png (Download error or resource isn't a valid image) @ http://localhost:3000/login:0
[   71160ms] [LOG] [Fast Refresh] rebuilding @ webpack-internal:///(app-pages-browser)/./node_modules/next/dist/next-devtools/shared/forward-logs-shared.js:44
[   71180ms] [LOG] [Fast Refresh] done in 20ms @ webpack-internal:///(app-pages-browser)/./node_modules/next/dist/next-devtools/shared/forward-logs-shared.js:44
[   71212ms] [WARNING] Error while trying to use the following icon from the Manifest: http://localhost:3000/icons/icon-192.png (Download error or resource isn't a valid image) @ http://localhost:3000/login:0
[   71233ms] [LOG] [Fast Refresh] rebuilding @ webpack-internal:///(app-pages-browser)/./node_modules/next/dist/next-devtools/shared/forward-logs-shared.js:44
[   71245ms] [LOG] [Fast Refresh] done in 12ms @ webpack-internal:///(app-pages-browser)/./node_modules/next/dist/next-devtools/shared/forward-logs-shared.js:44
[   71273ms] [WARNING] Error while trying to use the following icon from the Manifest: http://localhost:3000/icons/icon-192.png (Download error or resource isn't a valid image) @ http://localhost:3000/login:0
[   71291ms] [LOG] [Fast Refresh] rebuilding @ webpack-internal:///(app-pages-browser)/./node_modules/next/dist/next-devtools/shared/forward-logs-shared.js:44
[   71307ms] [LOG] [Fast Refresh] done in 16ms @ webpack-internal:///(app-pages-browser)/./node_modules/next/dist/next-devtools/shared/forward-logs-shared.js:44
[   71337ms] [WARNING] Error while trying to use the following icon from the Manifest: http://localhost:3000/icons/icon-192.png (Download error or resource isn't a valid image) @ http://localhost:3000/login:0
[   71353ms] [LOG] [Fast Refresh] rebuilding @ webpack-internal:///(app-pages-browser)/./node_modules/next/dist/next-devtools/shared/forward-logs-shared.js:44
[   71365ms] [LOG] [Fast Refresh] done in 11ms @ webpack-internal:///(app-pages-browser)/./node_modules/next/dist/next-devtools/shared/forward-logs-shared.js:44
[   71392ms] [WARNING] Error while trying to use the following icon from the Manifest: http://localhost:3000/icons/icon-192.png (Download error or resource isn't a valid image) @ http://localhost:3000/login:0
[   71410ms] [LOG] [Fast Refresh] rebuilding @ webpack-internal:///(app-pages-browser)/./node_modules/next/dist/next-devtools/shared/forward-logs-shared.js:44
[   71426ms] [LOG] [Fast Refresh] done in 16ms @ webpack-internal:///(app-pages-browser)/./node_modules/next/dist/next-devtools/shared/forward-logs-shared.js:44
[   71454ms] [WARNING] Error while trying to use the following icon from the Manifest: http://localhost:3000/icons/icon-192.png (Download error or resource isn't a valid image) @ http://localhost:3000/login:0
[   71470ms] [LOG] [Fast Refresh] rebuilding @ webpack-internal:///(app-pages-browser)/./node_modules/next/dist/next-devtools/shared/forward-logs-shared.js:44
[   71481ms] [LOG] [Fast Refresh] done in 11ms @ webpack-internal:///(app-pages-browser)/./node_modules/next/dist/next-devtools/shared/forward-logs-shared.js:44
[   71507ms] [WARNING] Error while trying to use the following icon from the Manifest: http://localhost:3000/icons/icon-192.png (Download error or resource isn't a valid image) @ http://localhost:3000/login:0
[   71526ms] [LOG] [Fast Refresh] rebuilding @ webpack-internal:///(app-pages-browser)/./node_modules/next/dist/next-devtools/shared/forward-logs-shared.js:44
[   71542ms] [LOG] [Fast Refresh] done in 16ms @ webpack-internal:///(app-pages-browser)/./node_modules/next/dist/next-devtools/shared/forward-logs-shared.js:44
[   71571ms] [WARNING] Error while trying to use the following icon from the Manifest: http://localhost:3000/icons/icon-192.png (Download error or resource isn't a valid image) @ http://localhost:3000/login:0
[   71588ms] [LOG] [Fast Refresh] rebuilding @ webpack-internal:///(app-pages-browser)/./node_modules/next/dist/next-devtools/shared/forward-logs-shared.js:44
[   71599ms] [LOG] [Fast Refresh] done in 11ms @ webpack-internal:///(app-pages-browser)/./node_modules/next/dist/next-devtools/shared/forward-logs-shared.js:44
[   71627ms] [WARNING] Error while trying to use the following icon from the Manifest: http://localhost:3000/icons/icon-192.png (Download error or resource isn't a valid image) @ http://localhost:3000/login:0
[   71644ms] [LOG] [Fast Refresh] rebuilding @ webpack-internal:///(app-pages-browser)/./node_modules/next/dist/next-devtools/shared/forward-logs-shared.js:44
[   71660ms] [LOG] [Fast Refresh] done in 15ms @ webpack-internal:///(app-pages-browser)/./node_modules/next/dist/next-devtools/shared/forward-logs-shared.js:44
[   71690ms] [WARNING] Error while trying to use the following icon from the Manifest: http://localhost:3000/icons/icon-192.png (Download error or resource isn't a valid image) @ http://localhost:3000/login:0
[   71706ms] [LOG] [Fast Refresh] rebuilding @ webpack-internal:///(app-pages-browser)/./node_modules/next/dist/next-devtools/shared/forward-logs-shared.js:44
[   71718ms] [LOG] [Fast Refresh] done in 13ms @ webpack-internal:///(app-pages-browser)/./node_modules/next/dist/next-devtools/shared/forward-logs-shared.js:44
[   71772ms] [WARNING] Error while trying to use the following icon from the Manifest: http://localhost:3000/icons/icon-192.png (Download error or resource isn't a valid image) @ http://localhost:3000/login:0
[   71795ms] [LOG] [Fast Refresh] rebuilding @ webpack-internal:///(app-pages-browser)/./node_modules/next/dist/next-devtools/shared/forward-logs-shared.js:44
[   71812ms] [LOG] [Fast Refresh] done in 18ms @ webpack-internal:///(app-pages-browser)/./node_modules/next/dist/next-devtools/shared/forward-logs-shared.js:44
[   71842ms] [WARNING] Error while trying to use the following icon from the Manifest: http://localhost:3000/icons/icon-192.png (Download error or resource isn't a valid image) @ http://localhost:3000/login:0
[   71862ms] [LOG] [Fast Refresh] rebuilding @ webpack-internal:///(app-pages-browser)/./node_modules/next/dist/next-devtools/shared/forward-logs-shared.js:44
[   71875ms] [LOG] [Fast Refresh] done in 14ms @ webpack-internal:///(app-pages-browser)/./node_modules/next/dist/next-devtools/shared/forward-logs-shared.js:44
[   71906ms] [WARNING] Error while trying to use the following icon from the Manifest: http://localhost:3000/icons/icon-192.png (Download error or resource isn't a valid image) @ http://localhost:3000/login:0
[   71924ms] [LOG] [Fast Refresh] rebuilding @ webpack-internal:///(app-pages-browser)/./node_modules/next/dist/next-devtools/shared/forward-logs-shared.js:44
[   71941ms] [LOG] [Fast Refresh] done in 17ms @ webpack-internal:///(app-pages-browser)/./node_modules/next/dist/next-devtools/shared/forward-logs-shared.js:44
[   71970ms] [WARNING] Error while trying to use the following icon from the Manifest: http://localhost:3000/icons/icon-192.png (Download error or resource isn't a valid image) @ http://localhost:3000/login:0
[   71987ms] [LOG] [Fast Refresh] rebuilding @ webpack-internal:///(app-pages-browser)/./node_modules/next/dist/next-devtools/shared/forward-logs-shared.js:44
[   71998ms] [LOG] [Fast Refresh] done in 12ms @ webpack-internal:///(app-pages-browser)/./node_modules/next/dist/next-devtools/shared/forward-logs-shared.js:44
[   72044ms] [LOG] [Fast Refresh] rebuilding @ webpack-internal:///(app-pages-browser)/./node_modules/next/dist/next-devtools/shared/forward-logs-shared.js:44
[   72059ms] [LOG] [Fast Refresh] done in 16ms @ webpack-internal:///(app-pages-browser)/./node_modules/next/dist/next-devtools/shared/forward-logs-shared.js:44
[   72088ms] [WARNING] Error while trying to use the following icon from the Manifest: http://localhost:3000/icons/icon-192.png (Download error or resource isn't a valid image) @ http://localhost:3000/login:0
[   72105ms] [LOG] [Fast Refresh] rebuilding @ webpack-internal:///(app-pages-browser)/./node_modules/next/dist/next-devtools/shared/forward-logs-shared.js:44
[   72116ms] [LOG] [Fast Refresh] done in 11ms @ webpack-internal:///(app-pages-browser)/./node_modules/next/dist/next-devtools/shared/forward-logs-shared.js:44
[   72146ms] [WARNING] Error while trying to use the following icon from the Manifest: http://localhost:3000/icons/icon-192.png (Download error or resource isn't a valid image) @ http://localhost:3000/login:0
[   72163ms] [LOG] [Fast Refresh] rebuilding @ webpack-internal:///(app-pages-browser)/./node_modules/next/dist/next-devtools/shared/forward-logs-shared.js:44
[   72179ms] [LOG] [Fast Refresh] done in 16ms @ webpack-internal:///(app-pages-browser)/./node_modules/next/dist/next-devtools/shared/forward-logs-shared.js:44
[   72209ms] [WARNING] Error while trying to use the following icon from the Manifest: http://localhost:3000/icons/icon-192.png (Download error or resource isn't a valid image) @ http://localhost:3000/login:0
[   72228ms] [LOG] [Fast Refresh] rebuilding @ webpack-internal:///(app-pages-browser)/./node_modules/next/dist/next-devtools/shared/forward-logs-shared.js:44
[   72240ms] [LOG] [Fast Refresh] done in 13ms @ webpack-internal:///(app-pages-browser)/./node_modules/next/dist/next-devtools/shared/forward-logs-shared.js:44
[   72270ms] [WARNING] Error while trying to use the following icon from the Manifest: http://localhost:3000/icons/icon-192.png (Download error or resource isn't a valid image) @ http://localhost:3000/login:0
[   72288ms] [LOG] [Fast Refresh] rebuilding @ webpack-internal:///(app-pages-browser)/./node_modules/next/dist/next-devtools/shared/forward-logs-shared.js:44
[   72304ms] [LOG] [Fast Refresh] done in 15ms @ webpack-internal:///(app-pages-browser)/./node_modules/next/dist/next-devtools/shared/forward-logs-shared.js:44
[   72333ms] [WARNING] Error while trying to use the following icon from the Manifest: http://localhost:3000/icons/icon-192.png (Download error or resource isn't a valid image) @ http://localhost:3000/login:0
[   72350ms] [LOG] [Fast Refresh] rebuilding @ webpack-internal:///(app-pages-browser)/./node_modules/next/dist/next-devtools/shared/forward-logs-shared.js:44
[   72362ms] [LOG] [Fast Refresh] done in 12ms @ webpack-internal:///(app-pages-browser)/./node_modules/next/dist/next-devtools/shared/forward-logs-shared.js:44
[   72391ms] [WARNING] Error while trying to use the following icon from the Manifest: http://localhost:3000/icons/icon-192.png (Download error or resource isn't a valid image) @ http://localhost:3000/login:0
[   72409ms] [LOG] [Fast Refresh] rebuilding @ webpack-internal:///(app-pages-browser)/./node_modules/next/dist/next-devtools/shared/forward-logs-shared.js:44
[   72424ms] [LOG] [Fast Refresh] done in 16ms @ webpack-internal:///(app-pages-browser)/./node_modules/next/dist/next-devtools/shared/forward-logs-shared.js:44
[   72452ms] [WARNING] Error while trying to use the following icon from the Manifest: http://localhost:3000/icons/icon-192.png (Download error or resource isn't a valid image) @ http://localhost:3000/login:0
[   72469ms] [LOG] [Fast Refresh] rebuilding @ webpack-internal:///(app-pages-browser)/./node_modules/next/dist/next-devtools/shared/forward-logs-shared.js:44
[   72480ms] [LOG] [Fast Refresh] done in 11ms @ webpack-internal:///(app-pages-browser)/./node_modules/next/dist/next-devtools/shared/forward-logs-shared.js:44
[   72509ms] [WARNING] Error while trying to use the following icon from the Manifest: http://localhost:3000/icons/icon-192.png (Download error or resource isn't a valid image) @ http://localhost:3000/login:0
[   72527ms] [LOG] [Fast Refresh] rebuilding @ webpack-internal:///(app-pages-browser)/./node_modules/next/dist/next-devtools/shared/forward-logs-shared.js:44
[   72542ms] [LOG] [Fast Refresh] done in 16ms @ webpack-internal:///(app-pages-browser)/./node_modules/next/dist/next-devtools/shared/forward-logs-shared.js:44
[   72570ms] [WARNING] Error while trying to use the following icon from the Manifest: http://localhost:3000/icons/icon-192.png (Download error or resource isn't a valid image) @ http://localhost:3000/login:0
[   72586ms] [LOG] [Fast Refresh] rebuilding @ webpack-internal:///(app-pages-browser)/./node_modules/next/dist/next-devtools/shared/forward-logs-shared.js:44
[   72598ms] [LOG] [Fast Refresh] done in 11ms @ webpack-internal:///(app-pages-browser)/./node_modules/next/dist/next-devtools/shared/forward-logs-shared.js:44
[   72625ms] [WARNING] Error while trying to use the following icon from the Manifest: http://localhost:3000/icons/icon-192.png (Download error or resource isn't a valid image) @ http://localhost:3000/login:0
[   72643ms] [LOG] [Fast Refresh] rebuilding @ webpack-internal:///(app-pages-browser)/./node_modules/next/dist/next-devtools/shared/forward-logs-shared.js:44
[   72658ms] [LOG] [Fast Refresh] done in 16ms @ webpack-internal:///(app-pages-browser)/./node_modules/next/dist/next-devtools/shared/forward-logs-shared.js:44
[   72689ms] [WARNING] Error while trying to use the following icon from the Manifest: http://localhost:3000/icons/icon-192.png (Download error or resource isn't a valid image) @ http://localhost:3000/login:0
[   72706ms] [LOG] [Fast Refresh] rebuilding @ webpack-internal:///(app-pages-browser)/./node_modules/next/dist/next-devtools/shared/forward-logs-shared.js:44
[   72718ms] [LOG] [Fast Refresh] done in 12ms @ webpack-internal:///(app-pages-browser)/./node_modules/next/dist/next-devtools/shared/forward-logs-shared.js:44
[   72746ms] [WARNING] Error while trying to use the following icon from the Manifest: http://localhost:3000/icons/icon-192.png (Download error or resource isn't a valid image) @ http://localhost:3000/login:0
[   72763ms] [LOG] [Fast Refresh] rebuilding @ webpack-internal:///(app-pages-browser)/./node_modules/next/dist/next-devtools/shared/forward-logs-shared.js:44
[   72779ms] [LOG] [Fast Refresh] done in 15ms @ webpack-internal:///(app-pages-browser)/./node_modules/next/dist/next-devtools/shared/forward-logs-shared.js:44
[   72807ms] [WARNING] Error while trying to use the following icon from the Manifest: http://localhost:3000/icons/icon-192.png (Download error or resource isn't a valid image) @ http://localhost:3000/login:0
[   72823ms] [LOG] [Fast Refresh] rebuilding @ webpack-internal:///(app-pages-browser)/./node_modules/next/dist/next-devtools/shared/forward-logs-shared.js:44
[   72835ms] [LOG] [Fast Refresh] done in 11ms @ webpack-internal:///(app-pages-browser)/./node_modules/next/dist/next-devtools/shared/forward-logs-shared.js:44
[   72862ms] [WARNING] Error while trying to use the following icon from the Manifest: http://localhost:3000/icons/icon-192.png (Download error or resource isn't a valid image) @ http://localhost:3000/login:0
[   72880ms] [LOG] [Fast Refresh] rebuilding @ webpack-internal:///(app-pages-browser)/./node_modules/next/dist/next-devtools/shared/forward-logs-shared.js:44
[   72895ms] [LOG] [Fast Refresh] done in 15ms @ webpack-internal:///(app-pages-browser)/./node_modules/next/dist/next-devtools/shared/forward-logs-shared.js:44
[   72924ms] [WARNING] Error while trying to use the following icon from the Manifest: http://localhost:3000/icons/icon-192.png (Download error or resource isn't a valid image) @ http://localhost:3000/login:0
[   72941ms] [LOG] [Fast Refresh] rebuilding @ webpack-internal:///(app-pages-browser)/./node_modules/next/dist/next-devtools/shared/forward-logs-shared.js:44
[   72952ms] [LOG] [Fast Refresh] done in 11ms @ webpack-internal:///(app-pages-browser)/./node_modules/next/dist/next-devtools/shared/forward-logs-shared.js:44
[   72995ms] [LOG] [Fast Refresh] rebuilding @ webpack-internal:///(app-pages-browser)/./node_modules/next/dist/next-devtools/shared/forward-logs-shared.js:44
[   73011ms] [LOG] [Fast Refresh] done in 16ms @ webpack-internal:///(app-pages-browser)/./node_modules/next/dist/next-devtools/shared/forward-logs-shared.js:44
[   73054ms] [LOG] [Fast Refresh] rebuilding @ webpack-internal:///(app-pages-browser)/./node_modules/next/dist/next-devtools/shared/forward-logs-shared.js:44
[   73065ms] [LOG] [Fast Refresh] done in 11ms @ webpack-internal:///(app-pages-browser)/./node_modules/next/dist/next-devtools/shared/forward-logs-shared.js:44
[   73095ms] [WARNING] Error while trying to use the following icon from the Manifest: http://localhost:3000/icons/icon-192.png (Download error or resource isn't a valid image) @ http://localhost:3000/login:0
[   73113ms] [LOG] [Fast Refresh] rebuilding @ webpack-internal:///(app-pages-browser)/./node_modules/next/dist/next-devtools/shared/forward-logs-shared.js:44
[   73128ms] [LOG] [Fast Refresh] done in 16ms @ webpack-internal:///(app-pages-browser)/./node_modules/next/dist/next-devtools/shared/forward-logs-shared.js:44
[   73159ms] [WARNING] Error while trying to use the following icon from the Manifest: http://localhost:3000/icons/icon-192.png (Download error or resource isn't a valid image) @ http://localhost:3000/login:0
[   73176ms] [LOG] [Fast Refresh] rebuilding @ webpack-internal:///(app-pages-browser)/./node_modules/next/dist/next-devtools/shared/forward-logs-shared.js:44
[   73187ms] [LOG] [Fast Refresh] done in 12ms @ webpack-internal:///(app-pages-browser)/./node_modules/next/dist/next-devtools/shared/forward-logs-shared.js:44
[   73215ms] [WARNING] Error while trying to use the following icon from the Manifest: http://localhost:3000/icons/icon-192.png (Download error or resource isn't a valid image) @ http://localhost:3000/login:0
[   73233ms] [LOG] [Fast Refresh] rebuilding @ webpack-internal:///(app-pages-browser)/./node_modules/next/dist/next-devtools/shared/forward-logs-shared.js:44
[   73249ms] [LOG] [Fast Refresh] done in 16ms @ webpack-internal:///(app-pages-browser)/./node_modules/next/dist/next-devtools/shared/forward-logs-shared.js:44
[   73275ms] [WARNING] Error while trying to use the following icon from the Manifest: http://localhost:3000/icons/icon-192.png (Download error or resource isn't a valid image) @ http://localhost:3000/login:0
[   73297ms] [LOG] [Fast Refresh] rebuilding @ webpack-internal:///(app-pages-browser)/./node_modules/next/dist/next-devtools/shared/forward-logs-shared.js:44
[   73308ms] [LOG] [Fast Refresh] done in 11ms @ webpack-internal:///(app-pages-browser)/./node_modules/next/dist/next-devtools/shared/forward-logs-shared.js:44
[   73338ms] [WARNING] Error while trying to use the following icon from the Manifest: http://localhost:3000/icons/icon-192.png (Download error or resource isn't a valid image) @ http://localhost:3000/login:0
[   73356ms] [LOG] [Fast Refresh] rebuilding @ webpack-internal:///(app-pages-browser)/./node_modules/next/dist/next-devtools/shared/forward-logs-shared.js:44
[   73371ms] [LOG] [Fast Refresh] done in 16ms @ webpack-internal:///(app-pages-browser)/./node_modules/next/dist/next-devtools/shared/forward-logs-shared.js:44
[   73402ms] [WARNING] Error while trying to use the following icon from the Manifest: http://localhost:3000/icons/icon-192.png (Download error or resource isn't a valid image) @ http://localhost:3000/login:0
[   73419ms] [LOG] [Fast Refresh] rebuilding @ webpack-internal:///(app-pages-browser)/./node_modules/next/dist/next-devtools/shared/forward-logs-shared.js:44
[   73430ms] [LOG] [Fast Refresh] done in 11ms @ webpack-internal:///(app-pages-browser)/./node_modules/next/dist/next-devtools/shared/forward-logs-shared.js:44
[   73459ms] [WARNING] Error while trying to use the following icon from the Manifest: http://localhost:3000/icons/icon-192.png (Download error or resource isn't a valid image) @ http://localhost:3000/login:0
[   73478ms] [LOG] [Fast Refresh] rebuilding @ webpack-internal:///(app-pages-browser)/./node_modules/next/dist/next-devtools/shared/forward-logs-shared.js:44
[   73494ms] [LOG] [Fast Refresh] done in 16ms @ webpack-internal:///(app-pages-browser)/./node_modules/next/dist/next-devtools/shared/forward-logs-shared.js:44
[   73519ms] [WARNING] Error while trying to use the following icon from the Manifest: http://localhost:3000/icons/icon-192.png (Download error or resource isn't a valid image) @ http://localhost:3000/login:0
[   73539ms] [LOG] [Fast Refresh] rebuilding @ webpack-internal:///(app-pages-browser)/./node_modules/next/dist/next-devtools/shared/forward-logs-shared.js:44
[   73550ms] [LOG] [Fast Refresh] done in 11ms @ webpack-internal:///(app-pages-browser)/./node_modules/next/dist/next-devtools/shared/forward-logs-shared.js:44
[   73579ms] [WARNING] Error while trying to use the following icon from the Manifest: http://localhost:3000/icons/icon-192.png (Download error or resource isn't a valid image) @ http://localhost:3000/login:0
[   73596ms] [LOG] [Fast Refresh] rebuilding @ webpack-internal:///(app-pages-browser)/./node_modules/next/dist/next-devtools/shared/forward-logs-shared.js:44
[   73612ms] [LOG] [Fast Refresh] done in 15ms @ webpack-internal:///(app-pages-browser)/./node_modules/next/dist/next-devtools/shared/forward-logs-shared.js:44
[   73640ms] [WARNING] Error while trying to use the following icon from the Manifest: http://localhost:3000/icons/icon-192.png (Download error or resource isn't a valid image) @ http://localhost:3000/login:0
[   73656ms] [LOG] [Fast Refresh] rebuilding @ webpack-internal:///(app-pages-browser)/./node_modules/next/dist/next-devtools/shared/forward-logs-shared.js:44
[   73668ms] [LOG] [Fast Refresh] done in 12ms @ webpack-internal:///(app-pages-browser)/./node_modules/next/dist/next-devtools/shared/forward-logs-shared.js:44
[   73695ms] [WARNING] Error while trying to use the following icon from the Manifest: http://localhost:3000/icons/icon-192.png (Download error or resource isn't a valid image) @ http://localhost:3000/login:0
[   73713ms] [LOG] [Fast Refresh] rebuilding @ webpack-internal:///(app-pages-browser)/./node_modules/next/dist/next-devtools/shared/forward-logs-shared.js:44
[   73730ms] [LOG] [Fast Refresh] done in 16ms @ webpack-internal:///(app-pages-browser)/./node_modules/next/dist/next-devtools/shared/forward-logs-shared.js:44
[   73759ms] [WARNING] Error while trying to use the following icon from the Manifest: http://localhost:3000/icons/icon-192.png (Download error or resource isn't a valid image) @ http://localhost:3000/login:0
[   73775ms] [LOG] [Fast Refresh] rebuilding @ webpack-internal:///(app-pages-browser)/./node_modules/next/dist/next-devtools/shared/forward-logs-shared.js:44
[   73787ms] [LOG] [Fast Refresh] done in 11ms @ webpack-internal:///(app-pages-browser)/./node_modules/next/dist/next-devtools/shared/forward-logs-shared.js:44
[   73815ms] [WARNING] Error while trying to use the following icon from the Manifest: http://localhost:3000/icons/icon-192.png (Download error or resource isn't a valid image) @ http://localhost:3000/login:0
[   73834ms] [LOG] [Fast Refresh] rebuilding @ webpack-internal:///(app-pages-browser)/./node_modules/next/dist/next-devtools/shared/forward-logs-shared.js:44
[   73849ms] [LOG] [Fast Refresh] done in 16ms @ webpack-internal:///(app-pages-browser)/./node_modules/next/dist/next-devtools/shared/forward-logs-shared.js:44
[   73877ms] [WARNING] Error while trying to use the following icon from the Manifest: http://localhost:3000/icons/icon-192.png (Download error or resource isn't a valid image) @ http://localhost:3000/login:0
[   73894ms] [LOG] [Fast Refresh] rebuilding @ webpack-internal:///(app-pages-browser)/./node_modules/next/dist/next-devtools/shared/forward-logs-shared.js:44
[   73905ms] [LOG] [Fast Refresh] done in 11ms @ webpack-internal:///(app-pages-browser)/./node_modules/next/dist/next-devtools/shared/forward-logs-shared.js:44
[   73933ms] [WARNING] Error while trying to use the following icon from the Manifest: http://localhost:3000/icons/icon-192.png (Download error or resource isn't a valid image) @ http://localhost:3000/login:0
[   73951ms] [LOG] [Fast Refresh] rebuilding @ webpack-internal:///(app-pages-browser)/./node_modules/next/dist/next-devtools/shared/forward-logs-shared.js:44
[   73967ms] [LOG] [Fast Refresh] done in 15ms @ webpack-internal:///(app-pages-browser)/./node_modules/next/dist/next-devtools/shared/forward-logs-shared.js:44
[   73995ms] [WARNING] Error while trying to use the following icon from the Manifest: http://localhost:3000/icons/icon-192.png (Download error or resource isn't a valid image) @ http://localhost:3000/login:0
[   74012ms] [LOG] [Fast Refresh] rebuilding @ webpack-internal:///(app-pages-browser)/./node_modules/next/dist/next-devtools/shared/forward-logs-shared.js:44
[   74023ms] [LOG] [Fast Refresh] done in 11ms @ webpack-internal:///(app-pages-browser)/./node_modules/next/dist/next-devtools/shared/forward-logs-shared.js:44
[   74054ms] [WARNING] Error while trying to use the following icon from the Manifest: http://localhost:3000/icons/icon-192.png (Download error or resource isn't a valid image) @ http://localhost:3000/login:0
[   74072ms] [LOG] [Fast Refresh] rebuilding @ webpack-internal:///(app-pages-browser)/./node_modules/next/dist/next-devtools/shared/forward-logs-shared.js:44
[   74088ms] [LOG] [Fast Refresh] done in 15ms @ webpack-internal:///(app-pages-browser)/./node_modules/next/dist/next-devtools/shared/forward-logs-shared.js:44
[   74117ms] [WARNING] Error while trying to use the following icon from the Manifest: http://localhost:3000/icons/icon-192.png (Download error or resource isn't a valid image) @ http://localhost:3000/login:0
[   74133ms] [LOG] [Fast Refresh] rebuilding @ webpack-internal:///(app-pages-browser)/./node_modules/next/dist/next-devtools/shared/forward-logs-shared.js:44
[   74144ms] [LOG] [Fast Refresh] done in 12ms @ webpack-internal:///(app-pages-browser)/./node_modules/next/dist/next-devtools/shared/forward-logs-shared.js:44
[   74199ms] [WARNING] Error while trying to use the following icon from the Manifest: http://localhost:3000/icons/icon-192.png (Download error or resource isn't a valid image) @ http://localhost:3000/login:0
[   74222ms] [LOG] [Fast Refresh] rebuilding @ webpack-internal:///(app-pages-browser)/./node_modules/next/dist/next-devtools/shared/forward-logs-shared.js:44
[   74238ms] [LOG] [Fast Refresh] done in 16ms @ webpack-internal:///(app-pages-browser)/./node_modules/next/dist/next-devtools/shared/forward-logs-shared.js:44
[   74268ms] [WARNING] Error while trying to use the following icon from the Manifest: http://localhost:3000/icons/icon-192.png (Download error or resource isn't a valid image) @ http://localhost:3000/login:0
[   74286ms] [LOG] [Fast Refresh] rebuilding @ webpack-internal:///(app-pages-browser)/./node_modules/next/dist/next-devtools/shared/forward-logs-shared.js:44
[   74297ms] [LOG] [Fast Refresh] done in 12ms @ webpack-internal:///(app-pages-browser)/./node_modules/next/dist/next-devtools/shared/forward-logs-shared.js:44
[   74326ms] [WARNING] Error while trying to use the following icon from the Manifest: http://localhost:3000/icons/icon-192.png (Download error or resource isn't a valid image) @ http://localhost:3000/login:0
[   74344ms] [LOG] [Fast Refresh] rebuilding @ webpack-internal:///(app-pages-browser)/./node_modules/next/dist/next-devtools/shared/forward-logs-shared.js:44
[   74361ms] [LOG] [Fast Refresh] done in 16ms @ webpack-internal:///(app-pages-browser)/./node_modules/next/dist/next-devtools/shared/forward-logs-shared.js:44
[   74391ms] [WARNING] Error while trying to use the following icon from the Manifest: http://localhost:3000/icons/icon-192.png (Download error or resource isn't a valid image) @ http://localhost:3000/login:0
[   74408ms] [LOG] [Fast Refresh] rebuilding @ webpack-internal:///(app-pages-browser)/./node_modules/next/dist/next-devtools/shared/forward-logs-shared.js:44
[   74420ms] [LOG] [Fast Refresh] done in 12ms @ webpack-internal:///(app-pages-browser)/./node_modules/next/dist/next-devtools/shared/forward-logs-shared.js:44
[   74449ms] [WARNING] Error while trying to use the following icon from the Manifest: http://localhost:3000/icons/icon-192.png (Download error or resource isn't a valid image) @ http://localhost:3000/login:0
[   74468ms] [LOG] [Fast Refresh] rebuilding @ webpack-internal:///(app-pages-browser)/./node_modules/next/dist/next-devtools/shared/forward-logs-shared.js:44
[   74484ms] [LOG] [Fast Refresh] done in 16ms @ webpack-internal:///(app-pages-browser)/./node_modules/next/dist/next-devtools/shared/forward-logs-shared.js:44
[   74514ms] [WARNING] Error while trying to use the following icon from the Manifest: http://localhost:3000/icons/icon-192.png (Download error or resource isn't a valid image) @ http://localhost:3000/login:0
[   74531ms] [LOG] [Fast Refresh] rebuilding @ webpack-internal:///(app-pages-browser)/./node_modules/next/dist/next-devtools/shared/forward-logs-shared.js:44
[   74543ms] [LOG] [Fast Refresh] done in 12ms @ webpack-internal:///(app-pages-browser)/./node_modules/next/dist/next-devtools/shared/forward-logs-shared.js:44
[   74570ms] [WARNING] Error while trying to use the following icon from the Manifest: http://localhost:3000/icons/icon-192.png (Download error or resource isn't a valid image) @ http://localhost:3000/login:0
[   74597ms] [LOG] [Fast Refresh] rebuilding @ webpack-internal:///(app-pages-browser)/./node_modules/next/dist/next-devtools/shared/forward-logs-shared.js:44
[   74618ms] [LOG] [Fast Refresh] done in 21ms @ webpack-internal:///(app-pages-browser)/./node_modules/next/dist/next-devtools/shared/forward-logs-shared.js:44
[   74672ms] [LOG] [Fast Refresh] rebuilding @ webpack-internal:///(app-pages-browser)/./node_modules/next/dist/next-devtools/shared/forward-logs-shared.js:44
[   74686ms] [LOG] [Fast Refresh] done in 15ms @ webpack-internal:///(app-pages-browser)/./node_modules/next/dist/next-devtools/shared/forward-logs-shared.js:44
[   74716ms] [WARNING] Error while trying to use the following icon from the Manifest: http://localhost:3000/icons/icon-192.png (Download error or resource isn't a valid image) @ http://localhost:3000/login:0
[   74734ms] [LOG] [Fast Refresh] rebuilding @ webpack-internal:///(app-pages-browser)/./node_modules/next/dist/next-devtools/shared/forward-logs-shared.js:44
[   74750ms] [LOG] [Fast Refresh] done in 16ms @ webpack-internal:///(app-pages-browser)/./node_modules/next/dist/next-devtools/shared/forward-logs-shared.js:44
[   74779ms] [WARNING] Error while trying to use the following icon from the Manifest: http://localhost:3000/icons/icon-192.png (Download error or resource isn't a valid image) @ http://localhost:3000/login:0
[   74811ms] [LOG] [Fast Refresh] rebuilding @ webpack-internal:///(app-pages-browser)/./node_modules/next/dist/next-devtools/shared/forward-logs-shared.js:44
[   74823ms] [LOG] [Fast Refresh] done in 12ms @ webpack-internal:///(app-pages-browser)/./node_modules/next/dist/next-devtools/shared/forward-logs-shared.js:44
[   74853ms] [WARNING] Error while trying to use the following icon from the Manifest: http://localhost:3000/icons/icon-192.png (Download error or resource isn't a valid image) @ http://localhost:3000/login:0
[   74871ms] [LOG] [Fast Refresh] rebuilding @ webpack-internal:///(app-pages-browser)/./node_modules/next/dist/next-devtools/shared/forward-logs-shared.js:44
[   74887ms] [LOG] [Fast Refresh] done in 16ms @ webpack-internal:///(app-pages-browser)/./node_modules/next/dist/next-devtools/shared/forward-logs-shared.js:44
[   74914ms] [WARNING] Error while trying to use the following icon from the Manifest: http://localhost:3000/icons/icon-192.png (Download error or resource isn't a valid image) @ http://localhost:3000/login:0
[   74933ms] [LOG] [Fast Refresh] rebuilding @ webpack-internal:///(app-pages-browser)/./node_modules/next/dist/next-devtools/shared/forward-logs-shared.js:44
[   74944ms] [LOG] [Fast Refresh] done in 12ms @ webpack-internal:///(app-pages-browser)/./node_modules/next/dist/next-devtools/shared/forward-logs-shared.js:44
[   74974ms] [WARNING] Error while trying to use the following icon from the Manifest: http://localhost:3000/icons/icon-192.png (Download error or resource isn't a valid image) @ http://localhost:3000/login:0
[   74993ms] [LOG] [Fast Refresh] rebuilding @ webpack-internal:///(app-pages-browser)/./node_modules/next/dist/next-devtools/shared/forward-logs-shared.js:44
[   75009ms] [LOG] [Fast Refresh] done in 16ms @ webpack-internal:///(app-pages-browser)/./node_modules/next/dist/next-devtools/shared/forward-logs-shared.js:44
[   75038ms] [WARNING] Error while trying to use the following icon from the Manifest: http://localhost:3000/icons/icon-192.png (Download error or resource isn't a valid image) @ http://localhost:3000/login:0
[   75054ms] [LOG] [Fast Refresh] rebuilding @ webpack-internal:///(app-pages-browser)/./node_modules/next/dist/next-devtools/shared/forward-logs-shared.js:44
[   75065ms] [LOG] [Fast Refresh] done in 11ms @ webpack-internal:///(app-pages-browser)/./node_modules/next/dist/next-devtools/shared/forward-logs-shared.js:44
[   75094ms] [WARNING] Error while trying to use the following icon from the Manifest: http://localhost:3000/icons/icon-192.png (Download error or resource isn't a valid image) @ http://localhost:3000/login:0
[   75112ms] [LOG] [Fast Refresh] rebuilding @ webpack-internal:///(app-pages-browser)/./node_modules/next/dist/next-devtools/shared/forward-logs-shared.js:44
[   75128ms] [LOG] [Fast Refresh] done in 17ms @ webpack-internal:///(app-pages-browser)/./node_modules/next/dist/next-devtools/shared/forward-logs-shared.js:44
[   75157ms] [WARNING] Error while trying to use the following icon from the Manifest: http://localhost:3000/icons/icon-192.png (Download error or resource isn't a valid image) @ http://localhost:3000/login:0
[   75174ms] [LOG] [Fast Refresh] rebuilding @ webpack-internal:///(app-pages-browser)/./node_modules/next/dist/next-devtools/shared/forward-logs-shared.js:44
[   75185ms] [LOG] [Fast Refresh] done in 11ms @ webpack-internal:///(app-pages-browser)/./node_modules/next/dist/next-devtools/shared/forward-logs-shared.js:44
[   75214ms] [WARNING] Error while trying to use the following icon from the Manifest: http://localhost:3000/icons/icon-192.png (Download error or resource isn't a valid image) @ http://localhost:3000/login:0
[   75232ms] [LOG] [Fast Refresh] rebuilding @ webpack-internal:///(app-pages-browser)/./node_modules/next/dist/next-devtools/shared/forward-logs-shared.js:44
[   75247ms] [LOG] [Fast Refresh] done in 16ms @ webpack-internal:///(app-pages-browser)/./node_modules/next/dist/next-devtools/shared/forward-logs-shared.js:44
[   75278ms] [WARNING] Error while trying to use the following icon from the Manifest: http://localhost:3000/icons/icon-192.png (Download error or resource isn't a valid image) @ http://localhost:3000/login:0
[   75296ms] [LOG] [Fast Refresh] rebuilding @ webpack-internal:///(app-pages-browser)/./node_modules/next/dist/next-devtools/shared/forward-logs-shared.js:44
[   75309ms] [LOG] [Fast Refresh] done in 13ms @ webpack-internal:///(app-pages-browser)/./node_modules/next/dist/next-devtools/shared/forward-logs-shared.js:44
[   75336ms] [WARNING] Error while trying to use the following icon from the Manifest: http://localhost:3000/icons/icon-192.png (Download error or resource isn't a valid image) @ http://localhost:3000/login:0
[   75354ms] [LOG] [Fast Refresh] rebuilding @ webpack-internal:///(app-pages-browser)/./node_modules/next/dist/next-devtools/shared/forward-logs-shared.js:44
[   75370ms] [LOG] [Fast Refresh] done in 16ms @ webpack-internal:///(app-pages-browser)/./node_modules/next/dist/next-devtools/shared/forward-logs-shared.js:44
[   75397ms] [WARNING] Error while trying to use the following icon from the Manifest: http://localhost:3000/icons/icon-192.png (Download error or resource isn't a valid image) @ http://localhost:3000/login:0
[   75415ms] [LOG] [Fast Refresh] rebuilding @ webpack-internal:///(app-pages-browser)/./node_modules/next/dist/next-devtools/shared/forward-logs-shared.js:44
[   75428ms] [LOG] [Fast Refresh] done in 13ms @ webpack-internal:///(app-pages-browser)/./node_modules/next/dist/next-devtools/shared/forward-logs-shared.js:44
[   75471ms] [LOG] [Fast Refresh] rebuilding @ webpack-internal:///(app-pages-browser)/./node_modules/next/dist/next-devtools/shared/forward-logs-shared.js:44
[   75486ms] [LOG] [Fast Refresh] done in 15ms @ webpack-internal:///(app-pages-browser)/./node_modules/next/dist/next-devtools/shared/forward-logs-shared.js:44
[   75532ms] [WARNING] Error while trying to use the following icon from the Manifest: http://localhost:3000/icons/icon-192.png (Download error or resource isn't a valid image) @ http://localhost:3000/login:0
[   75560ms] [LOG] [Fast Refresh] rebuilding @ webpack-internal:///(app-pages-browser)/./node_modules/next/dist/next-devtools/shared/forward-logs-shared.js:44
[   75574ms] [LOG] [Fast Refresh] done in 13ms @ webpack-internal:///(app-pages-browser)/./node_modules/next/dist/next-devtools/shared/forward-logs-shared.js:44
[   75603ms] [WARNING] Error while trying to use the following icon from the Manifest: http://localhost:3000/icons/icon-192.png (Download error or resource isn't a valid image) @ http://localhost:3000/login:0
[   75623ms] [LOG] [Fast Refresh] rebuilding @ webpack-internal:///(app-pages-browser)/./node_modules/next/dist/next-devtools/shared/forward-logs-shared.js:44
[   75639ms] [LOG] [Fast Refresh] done in 17ms @ webpack-internal:///(app-pages-browser)/./node_modules/next/dist/next-devtools/shared/forward-logs-shared.js:44
[   75668ms] [WARNING] Error while trying to use the following icon from the Manifest: http://localhost:3000/icons/icon-192.png (Download error or resource isn't a valid image) @ http://localhost:3000/login:0
[   75685ms] [LOG] [Fast Refresh] rebuilding @ webpack-internal:///(app-pages-browser)/./node_modules/next/dist/next-devtools/shared/forward-logs-shared.js:44
[   75696ms] [LOG] [Fast Refresh] done in 11ms @ webpack-internal:///(app-pages-browser)/./node_modules/next/dist/next-devtools/shared/forward-logs-shared.js:44
[   75740ms] [LOG] [Fast Refresh] rebuilding @ webpack-internal:///(app-pages-browser)/./node_modules/next/dist/next-devtools/shared/forward-logs-shared.js:44
[   75755ms] [LOG] [Fast Refresh] done in 16ms @ webpack-internal:///(app-pages-browser)/./node_modules/next/dist/next-devtools/shared/forward-logs-shared.js:44
[   75785ms] [WARNING] Error while trying to use the following icon from the Manifest: http://localhost:3000/icons/icon-192.png (Download error or resource isn't a valid image) @ http://localhost:3000/login:0
[   75801ms] [LOG] [Fast Refresh] rebuilding @ webpack-internal:///(app-pages-browser)/./node_modules/next/dist/next-devtools/shared/forward-logs-shared.js:44
[   75812ms] [LOG] [Fast Refresh] done in 11ms @ webpack-internal:///(app-pages-browser)/./node_modules/next/dist/next-devtools/shared/forward-logs-shared.js:44
[   75840ms] [WARNING] Error while trying to use the following icon from the Manifest: http://localhost:3000/icons/icon-192.png (Download error or resource isn't a valid image) @ http://localhost:3000/login:0
[   75860ms] [LOG] [Fast Refresh] rebuilding @ webpack-internal:///(app-pages-browser)/./node_modules/next/dist/next-devtools/shared/forward-logs-shared.js:44
[   75876ms] [LOG] [Fast Refresh] done in 16ms @ webpack-internal:///(app-pages-browser)/./node_modules/next/dist/next-devtools/shared/forward-logs-shared.js:44
[   75904ms] [WARNING] Error while trying to use the following icon from the Manifest: http://localhost:3000/icons/icon-192.png (Download error or resource isn't a valid image) @ http://localhost:3000/login:0
[   75920ms] [LOG] [Fast Refresh] rebuilding @ webpack-internal:///(app-pages-browser)/./node_modules/next/dist/next-devtools/shared/forward-logs-shared.js:44
[   75931ms] [LOG] [Fast Refresh] done in 11ms @ webpack-internal:///(app-pages-browser)/./node_modules/next/dist/next-devtools/shared/forward-logs-shared.js:44
[   75960ms] [WARNING] Error while trying to use the following icon from the Manifest: http://localhost:3000/icons/icon-192.png (Download error or resource isn't a valid image) @ http://localhost:3000/login:0
[   75977ms] [LOG] [Fast Refresh] rebuilding @ webpack-internal:///(app-pages-browser)/./node_modules/next/dist/next-devtools/shared/forward-logs-shared.js:44
[   75994ms] [LOG] [Fast Refresh] done in 16ms @ webpack-internal:///(app-pages-browser)/./node_modules/next/dist/next-devtools/shared/forward-logs-shared.js:44
[   76019ms] [WARNING] Error while trying to use the following icon from the Manifest: http://localhost:3000/icons/icon-192.png (Download error or resource isn't a valid image) @ http://localhost:3000/login:0
[   76039ms] [LOG] [Fast Refresh] rebuilding @ webpack-internal:///(app-pages-browser)/./node_modules/next/dist/next-devtools/shared/forward-logs-shared.js:44
[   76051ms] [LOG] [Fast Refresh] done in 12ms @ webpack-internal:///(app-pages-browser)/./node_modules/next/dist/next-devtools/shared/forward-logs-shared.js:44
[   76078ms] [WARNING] Error while trying to use the following icon from the Manifest: http://localhost:3000/icons/icon-192.png (Download error or resource isn't a valid image) @ http://localhost:3000/login:0
[   76095ms] [LOG] [Fast Refresh] rebuilding @ webpack-internal:///(app-pages-browser)/./node_modules/next/dist/next-devtools/shared/forward-logs-shared.js:44
[   76111ms] [LOG] [Fast Refresh] done in 15ms @ webpack-internal:///(app-pages-browser)/./node_modules/next/dist/next-devtools/shared/forward-logs-shared.js:44
[   76143ms] [WARNING] Error while trying to use the following icon from the Manifest: http://localhost:3000/icons/icon-192.png (Download error or resource isn't a valid image) @ http://localhost:3000/login:0
[   76162ms] [LOG] [Fast Refresh] rebuilding @ webpack-internal:///(app-pages-browser)/./node_modules/next/dist/next-devtools/shared/forward-logs-shared.js:44
[   76176ms] [LOG] [Fast Refresh] done in 14ms @ webpack-internal:///(app-pages-browser)/./node_modules/next/dist/next-devtools/shared/forward-logs-shared.js:44
[   76207ms] [WARNING] Error while trying to use the following icon from the Manifest: http://localhost:3000/icons/icon-192.png (Download error or resource isn't a valid image) @ http://localhost:3000/login:0
[   76224ms] [LOG] [Fast Refresh] rebuilding @ webpack-internal:///(app-pages-browser)/./node_modules/next/dist/next-devtools/shared/forward-logs-shared.js:44
[   76241ms] [LOG] [Fast Refresh] done in 16ms @ webpack-internal:///(app-pages-browser)/./node_modules/next/dist/next-devtools/shared/forward-logs-shared.js:44
[   76270ms] [WARNING] Error while trying to use the following icon from the Manifest: http://localhost:3000/icons/icon-192.png (Download error or resource isn't a valid image) @ http://localhost:3000/login:0
[   76287ms] [LOG] [Fast Refresh] rebuilding @ webpack-internal:///(app-pages-browser)/./node_modules/next/dist/next-devtools/shared/forward-logs-shared.js:44
[   76298ms] [LOG] [Fast Refresh] done in 11ms @ webpack-internal:///(app-pages-browser)/./node_modules/next/dist/next-devtools/shared/forward-logs-shared.js:44
[   76326ms] [WARNING] Error while trying to use the following icon from the Manifest: http://localhost:3000/icons/icon-192.png (Download error or resource isn't a valid image) @ http://localhost:3000/login:0
[   76344ms] [LOG] [Fast Refresh] rebuilding @ webpack-internal:///(app-pages-browser)/./node_modules/next/dist/next-devtools/shared/forward-logs-shared.js:44
[   76359ms] [LOG] [Fast Refresh] done in 16ms @ webpack-internal:///(app-pages-browser)/./node_modules/next/dist/next-devtools/shared/forward-logs-shared.js:44
[   76387ms] [WARNING] Error while trying to use the following icon from the Manifest: http://localhost:3000/icons/icon-192.png (Download error or resource isn't a valid image) @ http://localhost:3000/login:0
[   76404ms] [LOG] [Fast Refresh] rebuilding @ webpack-internal:///(app-pages-browser)/./node_modules/next/dist/next-devtools/shared/forward-logs-shared.js:44
[   76416ms] [LOG] [Fast Refresh] done in 12ms @ webpack-internal:///(app-pages-browser)/./node_modules/next/dist/next-devtools/shared/forward-logs-shared.js:44
[   76444ms] [WARNING] Error while trying to use the following icon from the Manifest: http://localhost:3000/icons/icon-192.png (Download error or resource isn't a valid image) @ http://localhost:3000/login:0
[   76462ms] [LOG] [Fast Refresh] rebuilding @ webpack-internal:///(app-pages-browser)/./node_modules/next/dist/next-devtools/shared/forward-logs-shared.js:44
[   76478ms] [LOG] [Fast Refresh] done in 16ms @ webpack-internal:///(app-pages-browser)/./node_modules/next/dist/next-devtools/shared/forward-logs-shared.js:44
[   76508ms] [WARNING] Error while trying to use the following icon from the Manifest: http://localhost:3000/icons/icon-192.png (Download error or resource isn't a valid image) @ http://localhost:3000/login:0
[   76525ms] [LOG] [Fast Refresh] rebuilding @ webpack-internal:///(app-pages-browser)/./node_modules/next/dist/next-devtools/shared/forward-logs-shared.js:44
[   76537ms] [LOG] [Fast Refresh] done in 12ms @ webpack-internal:///(app-pages-browser)/./node_modules/next/dist/next-devtools/shared/forward-logs-shared.js:44
[   76566ms] [WARNING] Error while trying to use the following icon from the Manifest: http://localhost:3000/icons/icon-192.png (Download error or resource isn't a valid image) @ http://localhost:3000/login:0
[   76585ms] [LOG] [Fast Refresh] rebuilding @ webpack-internal:///(app-pages-browser)/./node_modules/next/dist/next-devtools/shared/forward-logs-shared.js:44
[   76602ms] [LOG] [Fast Refresh] done in 17ms @ webpack-internal:///(app-pages-browser)/./node_modules/next/dist/next-devtools/shared/forward-logs-shared.js:44
[   76646ms] [LOG] [Fast Refresh] rebuilding @ webpack-internal:///(app-pages-browser)/./node_modules/next/dist/next-devtools/shared/forward-logs-shared.js:44
[   76658ms] [LOG] [Fast Refresh] done in 12ms @ webpack-internal:///(app-pages-browser)/./node_modules/next/dist/next-devtools/shared/forward-logs-shared.js:44
[   76686ms] [WARNING] Error while trying to use the following icon from the Manifest: http://localhost:3000/icons/icon-192.png (Download error or resource isn't a valid image) @ http://localhost:3000/login:0
[   76705ms] [LOG] [Fast Refresh] rebuilding @ webpack-internal:///(app-pages-browser)/./node_modules/next/dist/next-devtools/shared/forward-logs-shared.js:44
[   76722ms] [LOG] [Fast Refresh] done in 16ms @ webpack-internal:///(app-pages-browser)/./node_modules/next/dist/next-devtools/shared/forward-logs-shared.js:44
[   76750ms] [WARNING] Error while trying to use the following icon from the Manifest: http://localhost:3000/icons/icon-192.png (Download error or resource isn't a valid image) @ http://localhost:3000/login:0
[   76767ms] [LOG] [Fast Refresh] rebuilding @ webpack-internal:///(app-pages-browser)/./node_modules/next/dist/next-devtools/shared/forward-logs-shared.js:44
[   76779ms] [LOG] [Fast Refresh] done in 11ms @ webpack-internal:///(app-pages-browser)/./node_modules/next/dist/next-devtools/shared/forward-logs-shared.js:44
[   76807ms] [WARNING] Error while trying to use the following icon from the Manifest: http://localhost:3000/icons/icon-192.png (Download error or resource isn't a valid image) @ http://localhost:3000/login:0
[   76825ms] [LOG] [Fast Refresh] rebuilding @ webpack-internal:///(app-pages-browser)/./node_modules/next/dist/next-devtools/shared/forward-logs-shared.js:44
[   76841ms] [LOG] [Fast Refresh] done in 17ms @ webpack-internal:///(app-pages-browser)/./node_modules/next/dist/next-devtools/shared/forward-logs-shared.js:44
[   76871ms] [WARNING] Error while trying to use the following icon from the Manifest: http://localhost:3000/icons/icon-192.png (Download error or resource isn't a valid image) @ http://localhost:3000/login:0
[   76888ms] [LOG] [Fast Refresh] rebuilding @ webpack-internal:///(app-pages-browser)/./node_modules/next/dist/next-devtools/shared/forward-logs-shared.js:44
[   76900ms] [LOG] [Fast Refresh] done in 13ms @ webpack-internal:///(app-pages-browser)/./node_modules/next/dist/next-devtools/shared/forward-logs-shared.js:44
[   76927ms] [WARNING] Error while trying to use the following icon from the Manifest: http://localhost:3000/icons/icon-192.png (Download error or resource isn't a valid image) @ http://localhost:3000/login:0
[   76945ms] [LOG] [Fast Refresh] rebuilding @ webpack-internal:///(app-pages-browser)/./node_modules/next/dist/next-devtools/shared/forward-logs-shared.js:44
[   76962ms] [LOG] [Fast Refresh] done in 17ms @ webpack-internal:///(app-pages-browser)/./node_modules/next/dist/next-devtools/shared/forward-logs-shared.js:44
[   76992ms] [WARNING] Error while trying to use the following icon from the Manifest: http://localhost:3000/icons/icon-192.png (Download error or resource isn't a valid image) @ http://localhost:3000/login:0
[   77008ms] [LOG] [Fast Refresh] rebuilding @ webpack-internal:///(app-pages-browser)/./node_modules/next/dist/next-devtools/shared/forward-logs-shared.js:44
[   77021ms] [LOG] [Fast Refresh] done in 12ms @ webpack-internal:///(app-pages-browser)/./node_modules/next/dist/next-devtools/shared/forward-logs-shared.js:44
[   77051ms] [WARNING] Error while trying to use the following icon from the Manifest: http://localhost:3000/icons/icon-192.png (Download error or resource isn't a valid image) @ http://localhost:3000/login:0
[   77072ms] [LOG] [Fast Refresh] rebuilding @ webpack-internal:///(app-pages-browser)/./node_modules/next/dist/next-devtools/shared/forward-logs-shared.js:44
[   77088ms] [LOG] [Fast Refresh] done in 16ms @ webpack-internal:///(app-pages-browser)/./node_modules/next/dist/next-devtools/shared/forward-logs-shared.js:44
[   77110ms] [WARNING] Error while trying to use the following icon from the Manifest: http://localhost:3000/icons/icon-192.png (Download error or resource isn't a valid image) @ http://localhost:3000/login:0
[   77132ms] [LOG] [Fast Refresh] rebuilding @ webpack-internal:///(app-pages-browser)/./node_modules/next/dist/next-devtools/shared/forward-logs-shared.js:44
[   77144ms] [LOG] [Fast Refresh] done in 12ms @ webpack-internal:///(app-pages-browser)/./node_modules/next/dist/next-devtools/shared/forward-logs-shared.js:44
[   77178ms] [WARNING] Error while trying to use the following icon from the Manifest: http://localhost:3000/icons/icon-192.png (Download error or resource isn't a valid image) @ http://localhost:3000/login:0
[   77197ms] [LOG] [Fast Refresh] rebuilding @ webpack-internal:///(app-pages-browser)/./node_modules/next/dist/next-devtools/shared/forward-logs-shared.js:44
[   77215ms] [LOG] [Fast Refresh] done in 18ms @ webpack-internal:///(app-pages-browser)/./node_modules/next/dist/next-devtools/shared/forward-logs-shared.js:44
[   77239ms] [WARNING] Error while trying to use the following icon from the Manifest: http://localhost:3000/icons/icon-192.png (Download error or resource isn't a valid image) @ http://localhost:3000/login:0
[   77262ms] [LOG] [Fast Refresh] rebuilding @ webpack-internal:///(app-pages-browser)/./node_modules/next/dist/next-devtools/shared/forward-logs-shared.js:44
[   77274ms] [LOG] [Fast Refresh] done in 13ms @ webpack-internal:///(app-pages-browser)/./node_modules/next/dist/next-devtools/shared/forward-logs-shared.js:44
[   77306ms] [WARNING] Error while trying to use the following icon from the Manifest: http://localhost:3000/icons/icon-192.png (Download error or resource isn't a valid image) @ http://localhost:3000/login:0
[   77324ms] [LOG] [Fast Refresh] rebuilding @ webpack-internal:///(app-pages-browser)/./node_modules/next/dist/next-devtools/shared/forward-logs-shared.js:44
[   77341ms] [LOG] [Fast Refresh] done in 17ms @ webpack-internal:///(app-pages-browser)/./node_modules/next/dist/next-devtools/shared/forward-logs-shared.js:44
[   77370ms] [WARNING] Error while trying to use the following icon from the Manifest: http://localhost:3000/icons/icon-192.png (Download error or resource isn't a valid image) @ http://localhost:3000/login:0
[   77387ms] [LOG] [Fast Refresh] rebuilding @ webpack-internal:///(app-pages-browser)/./node_modules/next/dist/next-devtools/shared/forward-logs-shared.js:44
[   77399ms] [LOG] [Fast Refresh] done in 12ms @ webpack-internal:///(app-pages-browser)/./node_modules/next/dist/next-devtools/shared/forward-logs-shared.js:44
[   77427ms] [WARNING] Error while trying to use the following icon from the Manifest: http://localhost:3000/icons/icon-192.png (Download error or resource isn't a valid image) @ http://localhost:3000/login:0
[   77446ms] [LOG] [Fast Refresh] rebuilding @ webpack-internal:///(app-pages-browser)/./node_modules/next/dist/next-devtools/shared/forward-logs-shared.js:44
[   77463ms] [LOG] [Fast Refresh] done in 16ms @ webpack-internal:///(app-pages-browser)/./node_modules/next/dist/next-devtools/shared/forward-logs-shared.js:44
[   77490ms] [WARNING] Error while trying to use the following icon from the Manifest: http://localhost:3000/icons/icon-192.png (Download error or resource isn't a valid image) @ http://localhost:3000/login:0
[   77508ms] [LOG] [Fast Refresh] rebuilding @ webpack-internal:///(app-pages-browser)/./node_modules/next/dist/next-devtools/shared/forward-logs-shared.js:44
[   77520ms] [LOG] [Fast Refresh] done in 13ms @ webpack-internal:///(app-pages-browser)/./node_modules/next/dist/next-devtools/shared/forward-logs-shared.js:44
[   77548ms] [WARNING] Error while trying to use the following icon from the Manifest: http://localhost:3000/icons/icon-192.png (Download error or resource isn't a valid image) @ http://localhost:3000/login:0
[   77568ms] [LOG] [Fast Refresh] rebuilding @ webpack-internal:///(app-pages-browser)/./node_modules/next/dist/next-devtools/shared/forward-logs-shared.js:44
[   77584ms] [LOG] [Fast Refresh] done in 17ms @ webpack-internal:///(app-pages-browser)/./node_modules/next/dist/next-devtools/shared/forward-logs-shared.js:44
[   77611ms] [WARNING] Error while trying to use the following icon from the Manifest: http://localhost:3000/icons/icon-192.png (Download error or resource isn't a valid image) @ http://localhost:3000/login:0
[   77629ms] [LOG] [Fast Refresh] rebuilding @ webpack-internal:///(app-pages-browser)/./node_modules/next/dist/next-devtools/shared/forward-logs-shared.js:44
[   77642ms] [LOG] [Fast Refresh] done in 12ms @ webpack-internal:///(app-pages-browser)/./node_modules/next/dist/next-devtools/shared/forward-logs-shared.js:44
[   77672ms] [WARNING] Error while trying to use the following icon from the Manifest: http://localhost:3000/icons/icon-192.png (Download error or resource isn't a valid image) @ http://localhost:3000/login:0
[   77691ms] [LOG] [Fast Refresh] rebuilding @ webpack-internal:///(app-pages-browser)/./node_modules/next/dist/next-devtools/shared/forward-logs-shared.js:44
[   77708ms] [LOG] [Fast Refresh] done in 16ms @ webpack-internal:///(app-pages-browser)/./node_modules/next/dist/next-devtools/shared/forward-logs-shared.js:44
[   77737ms] [WARNING] Error while trying to use the following icon from the Manifest: http://localhost:3000/icons/icon-192.png (Download error or resource isn't a valid image) @ http://localhost:3000/login:0
[   77754ms] [LOG] [Fast Refresh] rebuilding @ webpack-internal:///(app-pages-browser)/./node_modules/next/dist/next-devtools/shared/forward-logs-shared.js:44
[   77765ms] [LOG] [Fast Refresh] done in 11ms @ webpack-internal:///(app-pages-browser)/./node_modules/next/dist/next-devtools/shared/forward-logs-shared.js:44
[   77809ms] [LOG] [Fast Refresh] rebuilding @ webpack-internal:///(app-pages-browser)/./node_modules/next/dist/next-devtools/shared/forward-logs-shared.js:44
[   77826ms] [LOG] [Fast Refresh] done in 16ms @ webpack-internal:///(app-pages-browser)/./node_modules/next/dist/next-devtools/shared/forward-logs-shared.js:44
[   77855ms] [WARNING] Error while trying to use the following icon from the Manifest: http://localhost:3000/icons/icon-192.png (Download error or resource isn't a valid image) @ http://localhost:3000/login:0
[   77873ms] [LOG] [Fast Refresh] rebuilding @ webpack-internal:///(app-pages-browser)/./node_modules/next/dist/next-devtools/shared/forward-logs-shared.js:44
[   77885ms] [LOG] [Fast Refresh] done in 12ms @ webpack-internal:///(app-pages-browser)/./node_modules/next/dist/next-devtools/shared/forward-logs-shared.js:44
[   77912ms] [WARNING] Error while trying to use the following icon from the Manifest: http://localhost:3000/icons/icon-192.png (Download error or resource isn't a valid image) @ http://localhost:3000/login:0
[   77932ms] [LOG] [Fast Refresh] rebuilding @ webpack-internal:///(app-pages-browser)/./node_modules/next/dist/next-devtools/shared/forward-logs-shared.js:44
[   77948ms] [LOG] [Fast Refresh] done in 16ms @ webpack-internal:///(app-pages-browser)/./node_modules/next/dist/next-devtools/shared/forward-logs-shared.js:44
[   77976ms] [WARNING] Error while trying to use the following icon from the Manifest: http://localhost:3000/icons/icon-192.png (Download error or resource isn't a valid image) @ http://localhost:3000/login:0
[   77993ms] [LOG] [Fast Refresh] rebuilding @ webpack-internal:///(app-pages-browser)/./node_modules/next/dist/next-devtools/shared/forward-logs-shared.js:44
[   78006ms] [LOG] [Fast Refresh] done in 12ms @ webpack-internal:///(app-pages-browser)/./node_modules/next/dist/next-devtools/shared/forward-logs-shared.js:44
[   78033ms] [WARNING] Error while trying to use the following icon from the Manifest: http://localhost:3000/icons/icon-192.png (Download error or resource isn't a valid image) @ http://localhost:3000/login:0
[   78053ms] [LOG] [Fast Refresh] rebuilding @ webpack-internal:///(app-pages-browser)/./node_modules/next/dist/next-devtools/shared/forward-logs-shared.js:44
[   78072ms] [LOG] [Fast Refresh] done in 18ms @ webpack-internal:///(app-pages-browser)/./node_modules/next/dist/next-devtools/shared/forward-logs-shared.js:44
[   78103ms] [WARNING] Error while trying to use the following icon from the Manifest: http://localhost:3000/icons/icon-192.png (Download error or resource isn't a valid image) @ http://localhost:3000/login:0
[   78126ms] [LOG] [Fast Refresh] rebuilding @ webpack-internal:///(app-pages-browser)/./node_modules/next/dist/next-devtools/shared/forward-logs-shared.js:44
[   78139ms] [LOG] [Fast Refresh] done in 14ms @ webpack-internal:///(app-pages-browser)/./node_modules/next/dist/next-devtools/shared/forward-logs-shared.js:44
[   78172ms] [WARNING] Error while trying to use the following icon from the Manifest: http://localhost:3000/icons/icon-192.png (Download error or resource isn't a valid image) @ http://localhost:3000/login:0
[   78195ms] [LOG] [Fast Refresh] rebuilding @ webpack-internal:///(app-pages-browser)/./node_modules/next/dist/next-devtools/shared/forward-logs-shared.js:44
[   78216ms] [LOG] [Fast Refresh] done in 22ms @ webpack-internal:///(app-pages-browser)/./node_modules/next/dist/next-devtools/shared/forward-logs-shared.js:44
[   78247ms] [WARNING] Error while trying to use the following icon from the Manifest: http://localhost:3000/icons/icon-192.png (Download error or resource isn't a valid image) @ http://localhost:3000/login:0
[   78265ms] [LOG] [Fast Refresh] rebuilding @ webpack-internal:///(app-pages-browser)/./node_modules/next/dist/next-devtools/shared/forward-logs-shared.js:44
[   78287ms] [LOG] [Fast Refresh] done in 22ms @ webpack-internal:///(app-pages-browser)/./node_modules/next/dist/next-devtools/shared/forward-logs-shared.js:44
[   78329ms] [LOG] [Fast Refresh] rebuilding @ webpack-internal:///(app-pages-browser)/./node_modules/next/dist/next-devtools/shared/forward-logs-shared.js:44
[   78346ms] [LOG] [Fast Refresh] done in 17ms @ webpack-internal:///(app-pages-browser)/./node_modules/next/dist/next-devtools/shared/forward-logs-shared.js:44
[   78371ms] [WARNING] Error while trying to use the following icon from the Manifest: http://localhost:3000/icons/icon-192.png (Download error or resource isn't a valid image) @ http://localhost:3000/login:0
[   78393ms] [LOG] [Fast Refresh] rebuilding @ webpack-internal:///(app-pages-browser)/./node_modules/next/dist/next-devtools/shared/forward-logs-shared.js:44
[   78405ms] [LOG] [Fast Refresh] done in 12ms @ webpack-internal:///(app-pages-browser)/./node_modules/next/dist/next-devtools/shared/forward-logs-shared.js:44
[   78436ms] [WARNING] Error while trying to use the following icon from the Manifest: http://localhost:3000/icons/icon-192.png (Download error or resource isn't a valid image) @ http://localhost:3000/login:0
[   78454ms] [LOG] [Fast Refresh] rebuilding @ webpack-internal:///(app-pages-browser)/./node_modules/next/dist/next-devtools/shared/forward-logs-shared.js:44
[   78470ms] [LOG] [Fast Refresh] done in 17ms @ webpack-internal:///(app-pages-browser)/./node_modules/next/dist/next-devtools/shared/forward-logs-shared.js:44
[   78499ms] [WARNING] Error while trying to use the following icon from the Manifest: http://localhost:3000/icons/icon-192.png (Download error or resource isn't a valid image) @ http://localhost:3000/login:0
[   78518ms] [LOG] [Fast Refresh] rebuilding @ webpack-internal:///(app-pages-browser)/./node_modules/next/dist/next-devtools/shared/forward-logs-shared.js:44
[   78532ms] [LOG] [Fast Refresh] done in 13ms @ webpack-internal:///(app-pages-browser)/./node_modules/next/dist/next-devtools/shared/forward-logs-shared.js:44
[   78560ms] [WARNING] Error while trying to use the following icon from the Manifest: http://localhost:3000/icons/icon-192.png (Download error or resource isn't a valid image) @ http://localhost:3000/login:0
[   78579ms] [LOG] [Fast Refresh] rebuilding @ webpack-internal:///(app-pages-browser)/./node_modules/next/dist/next-devtools/shared/forward-logs-shared.js:44
[   78597ms] [LOG] [Fast Refresh] done in 19ms @ webpack-internal:///(app-pages-browser)/./node_modules/next/dist/next-devtools/shared/forward-logs-shared.js:44
[   78627ms] [WARNING] Error while trying to use the following icon from the Manifest: http://localhost:3000/icons/icon-192.png (Download error or resource isn't a valid image) @ http://localhost:3000/login:0
[   78645ms] [LOG] [Fast Refresh] rebuilding @ webpack-internal:///(app-pages-browser)/./node_modules/next/dist/next-devtools/shared/forward-logs-shared.js:44
[   78657ms] [LOG] [Fast Refresh] done in 12ms @ webpack-internal:///(app-pages-browser)/./node_modules/next/dist/next-devtools/shared/forward-logs-shared.js:44
[   78685ms] [WARNING] Error while trying to use the following icon from the Manifest: http://localhost:3000/icons/icon-192.png (Download error or resource isn't a valid image) @ http://localhost:3000/login:0
[   78705ms] [LOG] [Fast Refresh] rebuilding @ webpack-internal:///(app-pages-browser)/./node_modules/next/dist/next-devtools/shared/forward-logs-shared.js:44
[   78727ms] [LOG] [Fast Refresh] done in 22ms @ webpack-internal:///(app-pages-browser)/./node_modules/next/dist/next-devtools/shared/forward-logs-shared.js:44
[   79341ms] [WARNING] Error while trying to use the following icon from the Manifest: http://localhost:3000/icons/icon-192.png (Download error or resource isn't a valid image) @ http://localhost:3000/login:0
[   79375ms] [LOG] [Fast Refresh] rebuilding @ webpack-internal:///(app-pages-browser)/./node_modules/next/dist/next-devtools/shared/forward-logs-shared.js:44
[   79390ms] [LOG] [Fast Refresh] done in 15ms @ webpack-internal:///(app-pages-browser)/./node_modules/next/dist/next-devtools/shared/forward-logs-shared.js:44
[   79445ms] [LOG] [Fast Refresh] rebuilding @ webpack-internal:///(app-pages-browser)/./node_modules/next/dist/next-devtools/shared/forward-logs-shared.js:44
[   79457ms] [LOG] [Fast Refresh] done in 12ms @ webpack-internal:///(app-pages-browser)/./node_modules/next/dist/next-devtools/shared/forward-logs-shared.js:44
[   79486ms] [WARNING] Error while trying to use the following icon from the Manifest: http://localhost:3000/icons/icon-192.png (Download error or resource isn't a valid image) @ http://localhost:3000/login:0
[   79504ms] [LOG] [Fast Refresh] rebuilding @ webpack-internal:///(app-pages-browser)/./node_modules/next/dist/next-devtools/shared/forward-logs-shared.js:44
[   79519ms] [LOG] [Fast Refresh] done in 16ms @ webpack-internal:///(app-pages-browser)/./node_modules/next/dist/next-devtools/shared/forward-logs-shared.js:44
[   79564ms] [WARNING] Error while trying to use the following icon from the Manifest: http://localhost:3000/icons/icon-192.png (Download error or resource isn't a valid image) @ http://localhost:3000/login:0
[   79566ms] [LOG] [Fast Refresh] rebuilding @ webpack-internal:///(app-pages-browser)/./node_modules/next/dist/next-devtools/shared/forward-logs-shared.js:44
[   79578ms] [LOG] [Fast Refresh] done in 11ms @ webpack-internal:///(app-pages-browser)/./node_modules/next/dist/next-devtools/shared/forward-logs-shared.js:44
[   79605ms] [WARNING] Error while trying to use the following icon from the Manifest: http://localhost:3000/icons/icon-192.png (Download error or resource isn't a valid image) @ http://localhost:3000/login:0
[   79623ms] [LOG] [Fast Refresh] rebuilding @ webpack-internal:///(app-pages-browser)/./node_modules/next/dist/next-devtools/shared/forward-logs-shared.js:44
[   79638ms] [LOG] [Fast Refresh] done in 15ms @ webpack-internal:///(app-pages-browser)/./node_modules/next/dist/next-devtools/shared/forward-logs-shared.js:44
[   79690ms] [WARNING] Error while trying to use the following icon from the Manifest: http://localhost:3000/icons/icon-192.png (Download error or resource isn't a valid image) @ http://localhost:3000/login:0
[   79712ms] [LOG] [Fast Refresh] rebuilding @ webpack-internal:///(app-pages-browser)/./node_modules/next/dist/next-devtools/shared/forward-logs-shared.js:44
[   79723ms] [LOG] [Fast Refresh] done in 11ms @ webpack-internal:///(app-pages-browser)/./node_modules/next/dist/next-devtools/shared/forward-logs-shared.js:44
[   79750ms] [WARNING] Error while trying to use the following icon from the Manifest: http://localhost:3000/icons/icon-192.png (Download error or resource isn't a valid image) @ http://localhost:3000/login:0
[   79767ms] [LOG] [Fast Refresh] rebuilding @ webpack-internal:///(app-pages-browser)/./node_modules/next/dist/next-devtools/shared/forward-logs-shared.js:44
[   79785ms] [LOG] [Fast Refresh] done in 17ms @ webpack-internal:///(app-pages-browser)/./node_modules/next/dist/next-devtools/shared/forward-logs-shared.js:44
[   79812ms] [WARNING] Error while trying to use the following icon from the Manifest: http://localhost:3000/icons/icon-192.png (Download error or resource isn't a valid image) @ http://localhost:3000/login:0
[   79829ms] [LOG] [Fast Refresh] rebuilding @ webpack-internal:///(app-pages-browser)/./node_modules/next/dist/next-devtools/shared/forward-logs-shared.js:44
[   79841ms] [LOG] [Fast Refresh] done in 11ms @ webpack-internal:///(app-pages-browser)/./node_modules/next/dist/next-devtools/shared/forward-logs-shared.js:44
[   79870ms] [WARNING] Error while trying to use the following icon from the Manifest: http://localhost:3000/icons/icon-192.png (Download error or resource isn't a valid image) @ http://localhost:3000/login:0
[   79888ms] [LOG] [Fast Refresh] rebuilding @ webpack-internal:///(app-pages-browser)/./node_modules/next/dist/next-devtools/shared/forward-logs-shared.js:44
[   79924ms] [LOG] [Fast Refresh] done in 37ms @ webpack-internal:///(app-pages-browser)/./node_modules/next/dist/next-devtools/shared/forward-logs-shared.js:44
[   79983ms] [WARNING] Error while trying to use the following icon from the Manifest: http://localhost:3000/icons/icon-192.png (Download error or resource isn't a valid image) @ http://localhost:3000/login:0
[   79983ms] [LOG] [Fast Refresh] rebuilding @ webpack-internal:///(app-pages-browser)/./node_modules/next/dist/next-devtools/shared/forward-logs-shared.js:44
[   80001ms] [LOG] [Fast Refresh] done in 18ms @ webpack-internal:///(app-pages-browser)/./node_modules/next/dist/next-devtools/shared/forward-logs-shared.js:44
[   80043ms] [LOG] [Fast Refresh] rebuilding @ webpack-internal:///(app-pages-browser)/./node_modules/next/dist/next-devtools/shared/forward-logs-shared.js:44
[   80044ms] [WARNING] Error while trying to use the following icon from the Manifest: http://localhost:3000/icons/icon-192.png (Download error or resource isn't a valid image) @ http://localhost:3000/login:0
[   80060ms] [LOG] [Fast Refresh] done in 16ms @ webpack-internal:///(app-pages-browser)/./node_modules/next/dist/next-devtools/shared/forward-logs-shared.js:44
[   80090ms] [WARNING] Error while trying to use the following icon from the Manifest: http://localhost:3000/icons/icon-192.png (Download error or resource isn't a valid image) @ http://localhost:3000/login:0
[   80107ms] [LOG] [Fast Refresh] rebuilding @ webpack-internal:///(app-pages-browser)/./node_modules/next/dist/next-devtools/shared/forward-logs-shared.js:44
[   80119ms] [LOG] [Fast Refresh] done in 11ms @ webpack-internal:///(app-pages-browser)/./node_modules/next/dist/next-devtools/shared/forward-logs-shared.js:44
[   80146ms] [WARNING] Error while trying to use the following icon from the Manifest: http://localhost:3000/icons/icon-192.png (Download error or resource isn't a valid image) @ http://localhost:3000/login:0
[   80164ms] [LOG] [Fast Refresh] rebuilding @ webpack-internal:///(app-pages-browser)/./node_modules/next/dist/next-devtools/shared/forward-logs-shared.js:44
[   80179ms] [LOG] [Fast Refresh] done in 15ms @ webpack-internal:///(app-pages-browser)/./node_modules/next/dist/next-devtools/shared/forward-logs-shared.js:44
[   80207ms] [WARNING] Error while trying to use the following icon from the Manifest: http://localhost:3000/icons/icon-192.png (Download error or resource isn't a valid image) @ http://localhost:3000/login:0
[   80223ms] [LOG] [Fast Refresh] rebuilding @ webpack-internal:///(app-pages-browser)/./node_modules/next/dist/next-devtools/shared/forward-logs-shared.js:44
[   80235ms] [LOG] [Fast Refresh] done in 11ms @ webpack-internal:///(app-pages-browser)/./node_modules/next/dist/next-devtools/shared/forward-logs-shared.js:44
[   80260ms] [WARNING] Error while trying to use the following icon from the Manifest: http://localhost:3000/icons/icon-192.png (Download error or resource isn't a valid image) @ http://localhost:3000/login:0
[   80278ms] [LOG] [Fast Refresh] rebuilding @ webpack-internal:///(app-pages-browser)/./node_modules/next/dist/next-devtools/shared/forward-logs-shared.js:44
[   80293ms] [LOG] [Fast Refresh] done in 15ms @ webpack-internal:///(app-pages-browser)/./node_modules/next/dist/next-devtools/shared/forward-logs-shared.js:44
[   80324ms] [WARNING] Error while trying to use the following icon from the Manifest: http://localhost:3000/icons/icon-192.png (Download error or resource isn't a valid image) @ http://localhost:3000/login:0
[   80341ms] [LOG] [Fast Refresh] rebuilding @ webpack-internal:///(app-pages-browser)/./node_modules/next/dist/next-devtools/shared/forward-logs-shared.js:44
[   80352ms] [LOG] [Fast Refresh] done in 11ms @ webpack-internal:///(app-pages-browser)/./node_modules/next/dist/next-devtools/shared/forward-logs-shared.js:44
[   80380ms] [WARNING] Error while trying to use the following icon from the Manifest: http://localhost:3000/icons/icon-192.png (Download error or resource isn't a valid image) @ http://localhost:3000/login:0
[   80398ms] [LOG] [Fast Refresh] rebuilding @ webpack-internal:///(app-pages-browser)/./node_modules/next/dist/next-devtools/shared/forward-logs-shared.js:44
[   80418ms] [LOG] [Fast Refresh] done in 20ms @ webpack-internal:///(app-pages-browser)/./node_modules/next/dist/next-devtools/shared/forward-logs-shared.js:44
[   80447ms] [WARNING] Error while trying to use the following icon from the Manifest: http://localhost:3000/icons/icon-192.png (Download error or resource isn't a valid image) @ http://localhost:3000/login:0
[   80464ms] [LOG] [Fast Refresh] rebuilding @ webpack-internal:///(app-pages-browser)/./node_modules/next/dist/next-devtools/shared/forward-logs-shared.js:44
[   80476ms] [LOG] [Fast Refresh] done in 12ms @ webpack-internal:///(app-pages-browser)/./node_modules/next/dist/next-devtools/shared/forward-logs-shared.js:44
[   80505ms] [WARNING] Error while trying to use the following icon from the Manifest: http://localhost:3000/icons/icon-192.png (Download error or resource isn't a valid image) @ http://localhost:3000/login:0
[   80525ms] [LOG] [Fast Refresh] rebuilding @ webpack-internal:///(app-pages-browser)/./node_modules/next/dist/next-devtools/shared/forward-logs-shared.js:44
[   80541ms] [LOG] [Fast Refresh] done in 17ms @ webpack-internal:///(app-pages-browser)/./node_modules/next/dist/next-devtools/shared/forward-logs-shared.js:44
[   80570ms] [WARNING] Error while trying to use the following icon from the Manifest: http://localhost:3000/icons/icon-192.png (Download error or resource isn't a valid image) @ http://localhost:3000/login:0
[   80587ms] [LOG] [Fast Refresh] rebuilding @ webpack-internal:///(app-pages-browser)/./node_modules/next/dist/next-devtools/shared/forward-logs-shared.js:44
[   80598ms] [LOG] [Fast Refresh] done in 11ms @ webpack-internal:///(app-pages-browser)/./node_modules/next/dist/next-devtools/shared/forward-logs-shared.js:44
[   80627ms] [WARNING] Error while trying to use the following icon from the Manifest: http://localhost:3000/icons/icon-192.png (Download error or resource isn't a valid image) @ http://localhost:3000/login:0
[   80645ms] [LOG] [Fast Refresh] rebuilding @ webpack-internal:///(app-pages-browser)/./node_modules/next/dist/next-devtools/shared/forward-logs-shared.js:44
[   80661ms] [LOG] [Fast Refresh] done in 16ms @ webpack-internal:///(app-pages-browser)/./node_modules/next/dist/next-devtools/shared/forward-logs-shared.js:44
[   80695ms] [WARNING] Error while trying to use the following icon from the Manifest: http://localhost:3000/icons/icon-192.png (Download error or resource isn't a valid image) @ http://localhost:3000/login:0
[   80713ms] [LOG] [Fast Refresh] rebuilding @ webpack-internal:///(app-pages-browser)/./node_modules/next/dist/next-devtools/shared/forward-logs-shared.js:44
[   80724ms] [LOG] [Fast Refresh] done in 11ms @ webpack-internal:///(app-pages-browser)/./node_modules/next/dist/next-devtools/shared/forward-logs-shared.js:44
[   80731ms] [WARNING] Error while trying to use the following icon from the Manifest: http://localhost:3000/icons/icon-192.png (Download error or resource isn't a valid image) @ http://localhost:3000/login:0
[   80772ms] [LOG] [Fast Refresh] rebuilding @ webpack-internal:///(app-pages-browser)/./node_modules/next/dist/next-devtools/shared/forward-logs-shared.js:44
[   80788ms] [LOG] [Fast Refresh] done in 16ms @ webpack-internal:///(app-pages-browser)/./node_modules/next/dist/next-devtools/shared/forward-logs-shared.js:44
[   80818ms] [WARNING] Error while trying to use the following icon from the Manifest: http://localhost:3000/icons/icon-192.png (Download error or resource isn't a valid image) @ http://localhost:3000/login:0
[   80835ms] [LOG] [Fast Refresh] rebuilding @ webpack-internal:///(app-pages-browser)/./node_modules/next/dist/next-devtools/shared/forward-logs-shared.js:44
[   80846ms] [LOG] [Fast Refresh] done in 12ms @ webpack-internal:///(app-pages-browser)/./node_modules/next/dist/next-devtools/shared/forward-logs-shared.js:44
[   80873ms] [WARNING] Error while trying to use the following icon from the Manifest: http://localhost:3000/icons/icon-192.png (Download error or resource isn't a valid image) @ http://localhost:3000/login:0
[   80891ms] [LOG] [Fast Refresh] rebuilding @ webpack-internal:///(app-pages-browser)/./node_modules/next/dist/next-devtools/shared/forward-logs-shared.js:44
[   80908ms] [LOG] [Fast Refresh] done in 17ms @ webpack-internal:///(app-pages-browser)/./node_modules/next/dist/next-devtools/shared/forward-logs-shared.js:44
[   80939ms] [WARNING] Error while trying to use the following icon from the Manifest: http://localhost:3000/icons/icon-192.png (Download error or resource isn't a valid image) @ http://localhost:3000/login:0
[   80956ms] [LOG] [Fast Refresh] rebuilding @ webpack-internal:///(app-pages-browser)/./node_modules/next/dist/next-devtools/shared/forward-logs-shared.js:44
[   80968ms] [LOG] [Fast Refresh] done in 12ms @ webpack-internal:///(app-pages-browser)/./node_modules/next/dist/next-devtools/shared/forward-logs-shared.js:44
[   80995ms] [WARNING] Error while trying to use the following icon from the Manifest: http://localhost:3000/icons/icon-192.png (Download error or resource isn't a valid image) @ http://localhost:3000/login:0
[   81012ms] [LOG] [Fast Refresh] rebuilding @ webpack-internal:///(app-pages-browser)/./node_modules/next/dist/next-devtools/shared/forward-logs-shared.js:44
[   81028ms] [LOG] [Fast Refresh] done in 15ms @ webpack-internal:///(app-pages-browser)/./node_modules/next/dist/next-devtools/shared/forward-logs-shared.js:44
[   81057ms] [WARNING] Error while trying to use the following icon from the Manifest: http://localhost:3000/icons/icon-192.png (Download error or resource isn't a valid image) @ http://localhost:3000/login:0
[   81074ms] [LOG] [Fast Refresh] rebuilding @ webpack-internal:///(app-pages-browser)/./node_modules/next/dist/next-devtools/shared/forward-logs-shared.js:44
[   81085ms] [LOG] [Fast Refresh] done in 12ms @ webpack-internal:///(app-pages-browser)/./node_modules/next/dist/next-devtools/shared/forward-logs-shared.js:44
[   81112ms] [WARNING] Error while trying to use the following icon from the Manifest: http://localhost:3000/icons/icon-192.png (Download error or resource isn't a valid image) @ http://localhost:3000/login:0
[   81130ms] [LOG] [Fast Refresh] rebuilding @ webpack-internal:///(app-pages-browser)/./node_modules/next/dist/next-devtools/shared/forward-logs-shared.js:44
[   81146ms] [LOG] [Fast Refresh] done in 16ms @ webpack-internal:///(app-pages-browser)/./node_modules/next/dist/next-devtools/shared/forward-logs-shared.js:44
[   81175ms] [WARNING] Error while trying to use the following icon from the Manifest: http://localhost:3000/icons/icon-192.png (Download error or resource isn't a valid image) @ http://localhost:3000/login:0
[   81194ms] [LOG] [Fast Refresh] rebuilding @ webpack-internal:///(app-pages-browser)/./node_modules/next/dist/next-devtools/shared/forward-logs-shared.js:44
[   81206ms] [LOG] [Fast Refresh] done in 12ms @ webpack-internal:///(app-pages-browser)/./node_modules/next/dist/next-devtools/shared/forward-logs-shared.js:44
[   81232ms] [WARNING] Error while trying to use the following icon from the Manifest: http://localhost:3000/icons/icon-192.png (Download error or resource isn't a valid image) @ http://localhost:3000/login:0
[   81251ms] [LOG] [Fast Refresh] rebuilding @ webpack-internal:///(app-pages-browser)/./node_modules/next/dist/next-devtools/shared/forward-logs-shared.js:44
[   81271ms] [LOG] [Fast Refresh] done in 19ms @ webpack-internal:///(app-pages-browser)/./node_modules/next/dist/next-devtools/shared/forward-logs-shared.js:44
[   81315ms] [LOG] [Fast Refresh] rebuilding @ webpack-internal:///(app-pages-browser)/./node_modules/next/dist/next-devtools/shared/forward-logs-shared.js:44
[   81328ms] [LOG] [Fast Refresh] done in 12ms @ webpack-internal:///(app-pages-browser)/./node_modules/next/dist/next-devtools/shared/forward-logs-shared.js:44
[   81356ms] [WARNING] Error while trying to use the following icon from the Manifest: http://localhost:3000/icons/icon-192.png (Download error or resource isn't a valid image) @ http://localhost:3000/login:0
[   81374ms] [LOG] [Fast Refresh] rebuilding @ webpack-internal:///(app-pages-browser)/./node_modules/next/dist/next-devtools/shared/forward-logs-shared.js:44
[   81389ms] [LOG] [Fast Refresh] done in 15ms @ webpack-internal:///(app-pages-browser)/./node_modules/next/dist/next-devtools/shared/forward-logs-shared.js:44
[   81412ms] [WARNING] Error while trying to use the following icon from the Manifest: http://localhost:3000/icons/icon-192.png (Download error or resource isn't a valid image) @ http://localhost:3000/login:0
[   81434ms] [LOG] [Fast Refresh] rebuilding @ webpack-internal:///(app-pages-browser)/./node_modules/next/dist/next-devtools/shared/forward-logs-shared.js:44
[   81445ms] [LOG] [Fast Refresh] done in 11ms @ webpack-internal:///(app-pages-browser)/./node_modules/next/dist/next-devtools/shared/forward-logs-shared.js:44
[   81473ms] [WARNING] Error while trying to use the following icon from the Manifest: http://localhost:3000/icons/icon-192.png (Download error or resource isn't a valid image) @ http://localhost:3000/login:0
[   81490ms] [LOG] [Fast Refresh] rebuilding @ webpack-internal:///(app-pages-browser)/./node_modules/next/dist/next-devtools/shared/forward-logs-shared.js:44
[   81506ms] [LOG] [Fast Refresh] done in 15ms @ webpack-internal:///(app-pages-browser)/./node_modules/next/dist/next-devtools/shared/forward-logs-shared.js:44
[   81535ms] [WARNING] Error while trying to use the following icon from the Manifest: http://localhost:3000/icons/icon-192.png (Download error or resource isn't a valid image) @ http://localhost:3000/login:0
[   81554ms] [LOG] [Fast Refresh] rebuilding @ webpack-internal:///(app-pages-browser)/./node_modules/next/dist/next-devtools/shared/forward-logs-shared.js:44
[   81565ms] [LOG] [Fast Refresh] done in 12ms @ webpack-internal:///(app-pages-browser)/./node_modules/next/dist/next-devtools/shared/forward-logs-shared.js:44
[   81592ms] [WARNING] Error while trying to use the following icon from the Manifest: http://localhost:3000/icons/icon-192.png (Download error or resource isn't a valid image) @ http://localhost:3000/login:0
[   81609ms] [LOG] [Fast Refresh] rebuilding @ webpack-internal:///(app-pages-browser)/./node_modules/next/dist/next-devtools/shared/forward-logs-shared.js:44
[   81625ms] [LOG] [Fast Refresh] done in 16ms @ webpack-internal:///(app-pages-browser)/./node_modules/next/dist/next-devtools/shared/forward-logs-shared.js:44
[   81655ms] [WARNING] Error while trying to use the following icon from the Manifest: http://localhost:3000/icons/icon-192.png (Download error or resource isn't a valid image) @ http://localhost:3000/login:0
[   81672ms] [LOG] [Fast Refresh] rebuilding @ webpack-internal:///(app-pages-browser)/./node_modules/next/dist/next-devtools/shared/forward-logs-shared.js:44
[   81682ms] [LOG] [Fast Refresh] done in 10ms @ webpack-internal:///(app-pages-browser)/./node_modules/next/dist/next-devtools/shared/forward-logs-shared.js:44
[   81690ms] [WARNING] Error while trying to use the following icon from the Manifest: http://localhost:3000/icons/icon-192.png (Download error or resource isn't a valid image) @ http://localhost:3000/login:0
[   81732ms] [LOG] [Fast Refresh] rebuilding @ webpack-internal:///(app-pages-browser)/./node_modules/next/dist/next-devtools/shared/forward-logs-shared.js:44
[   81747ms] [LOG] [Fast Refresh] done in 15ms @ webpack-internal:///(app-pages-browser)/./node_modules/next/dist/next-devtools/shared/forward-logs-shared.js:44
[   81774ms] [WARNING] Error while trying to use the following icon from the Manifest: http://localhost:3000/icons/icon-192.png (Download error or resource isn't a valid image) @ http://localhost:3000/login:0
[   81791ms] [LOG] [Fast Refresh] rebuilding @ webpack-internal:///(app-pages-browser)/./node_modules/next/dist/next-devtools/shared/forward-logs-shared.js:44
[   81803ms] [LOG] [Fast Refresh] done in 11ms @ webpack-internal:///(app-pages-browser)/./node_modules/next/dist/next-devtools/shared/forward-logs-shared.js:44
[   81833ms] [WARNING] Error while trying to use the following icon from the Manifest: http://localhost:3000/icons/icon-192.png (Download error or resource isn't a valid image) @ http://localhost:3000/login:0
[   81852ms] [LOG] [Fast Refresh] rebuilding @ webpack-internal:///(app-pages-browser)/./node_modules/next/dist/next-devtools/shared/forward-logs-shared.js:44
[   81870ms] [LOG] [Fast Refresh] done in 17ms @ webpack-internal:///(app-pages-browser)/./node_modules/next/dist/next-devtools/shared/forward-logs-shared.js:44
[   81899ms] [WARNING] Error while trying to use the following icon from the Manifest: http://localhost:3000/icons/icon-192.png (Download error or resource isn't a valid image) @ http://localhost:3000/login:0
[   81916ms] [LOG] [Fast Refresh] rebuilding @ webpack-internal:///(app-pages-browser)/./node_modules/next/dist/next-devtools/shared/forward-logs-shared.js:44
[   81927ms] [LOG] [Fast Refresh] done in 11ms @ webpack-internal:///(app-pages-browser)/./node_modules/next/dist/next-devtools/shared/forward-logs-shared.js:44
[   81956ms] [WARNING] Error while trying to use the following icon from the Manifest: http://localhost:3000/icons/icon-192.png (Download error or resource isn't a valid image) @ http://localhost:3000/login:0
[   81974ms] [LOG] [Fast Refresh] rebuilding @ webpack-internal:///(app-pages-browser)/./node_modules/next/dist/next-devtools/shared/forward-logs-shared.js:44
[   81990ms] [LOG] [Fast Refresh] done in 16ms @ webpack-internal:///(app-pages-browser)/./node_modules/next/dist/next-devtools/shared/forward-logs-shared.js:44
[   82019ms] [WARNING] Error while trying to use the following icon from the Manifest: http://localhost:3000/icons/icon-192.png (Download error or resource isn't a valid image) @ http://localhost:3000/login:0
[   82036ms] [LOG] [Fast Refresh] rebuilding @ webpack-internal:///(app-pages-browser)/./node_modules/next/dist/next-devtools/shared/forward-logs-shared.js:44
[   82047ms] [LOG] [Fast Refresh] done in 11ms @ webpack-internal:///(app-pages-browser)/./node_modules/next/dist/next-devtools/shared/forward-logs-shared.js:44
[   82074ms] [WARNING] Error while trying to use the following icon from the Manifest: http://localhost:3000/icons/icon-192.png (Download error or resource isn't a valid image) @ http://localhost:3000/login:0
[   82092ms] [LOG] [Fast Refresh] rebuilding @ webpack-internal:///(app-pages-browser)/./node_modules/next/dist/next-devtools/shared/forward-logs-shared.js:44
[   82107ms] [LOG] [Fast Refresh] done in 15ms @ webpack-internal:///(app-pages-browser)/./node_modules/next/dist/next-devtools/shared/forward-logs-shared.js:44
[   82136ms] [WARNING] Error while trying to use the following icon from the Manifest: http://localhost:3000/icons/icon-192.png (Download error or resource isn't a valid image) @ http://localhost:3000/login:0
[   82153ms] [LOG] [Fast Refresh] rebuilding @ webpack-internal:///(app-pages-browser)/./node_modules/next/dist/next-devtools/shared/forward-logs-shared.js:44
[   82165ms] [LOG] [Fast Refresh] done in 11ms @ webpack-internal:///(app-pages-browser)/./node_modules/next/dist/next-devtools/shared/forward-logs-shared.js:44
[   82194ms] [WARNING] Error while trying to use the following icon from the Manifest: http://localhost:3000/icons/icon-192.png (Download error or resource isn't a valid image) @ http://localhost:3000/login:0
[   82212ms] [LOG] [Fast Refresh] rebuilding @ webpack-internal:///(app-pages-browser)/./node_modules/next/dist/next-devtools/shared/forward-logs-shared.js:44
[   82229ms] [LOG] [Fast Refresh] done in 16ms @ webpack-internal:///(app-pages-browser)/./node_modules/next/dist/next-devtools/shared/forward-logs-shared.js:44
[   82258ms] [WARNING] Error while trying to use the following icon from the Manifest: http://localhost:3000/icons/icon-192.png (Download error or resource isn't a valid image) @ http://localhost:3000/login:0
[   82276ms] [LOG] [Fast Refresh] rebuilding @ webpack-internal:///(app-pages-browser)/./node_modules/next/dist/next-devtools/shared/forward-logs-shared.js:44
[   82288ms] [LOG] [Fast Refresh] done in 11ms @ webpack-internal:///(app-pages-browser)/./node_modules/next/dist/next-devtools/shared/forward-logs-shared.js:44
[   82315ms] [WARNING] Error while trying to use the following icon from the Manifest: http://localhost:3000/icons/icon-192.png (Download error or resource isn't a valid image) @ http://localhost:3000/login:0
[   82332ms] [LOG] [Fast Refresh] rebuilding @ webpack-internal:///(app-pages-browser)/./node_modules/next/dist/next-devtools/shared/forward-logs-shared.js:44
[   82348ms] [LOG] [Fast Refresh] done in 17ms @ webpack-internal:///(app-pages-browser)/./node_modules/next/dist/next-devtools/shared/forward-logs-shared.js:44
[   82375ms] [WARNING] Error while trying to use the following icon from the Manifest: http://localhost:3000/icons/icon-192.png (Download error or resource isn't a valid image) @ http://localhost:3000/login:0
[   82392ms] [LOG] [Fast Refresh] rebuilding @ webpack-internal:///(app-pages-browser)/./node_modules/next/dist/next-devtools/shared/forward-logs-shared.js:44
[   82403ms] [LOG] [Fast Refresh] done in 12ms @ webpack-internal:///(app-pages-browser)/./node_modules/next/dist/next-devtools/shared/forward-logs-shared.js:44
[   82432ms] [WARNING] Error while trying to use the following icon from the Manifest: http://localhost:3000/icons/icon-192.png (Download error or resource isn't a valid image) @ http://localhost:3000/login:0
[   82450ms] [LOG] [Fast Refresh] rebuilding @ webpack-internal:///(app-pages-browser)/./node_modules/next/dist/next-devtools/shared/forward-logs-shared.js:44
[   82501ms] [LOG] [Fast Refresh] done in 52ms @ webpack-internal:///(app-pages-browser)/./node_modules/next/dist/next-devtools/shared/forward-logs-shared.js:44
[   82545ms] [LOG] [Fast Refresh] rebuilding @ webpack-internal:///(app-pages-browser)/./node_modules/next/dist/next-devtools/shared/forward-logs-shared.js:44
[   82556ms] [LOG] [Fast Refresh] done in 12ms @ webpack-internal:///(app-pages-browser)/./node_modules/next/dist/next-devtools/shared/forward-logs-shared.js:44
[   82585ms] [WARNING] Error while trying to use the following icon from the Manifest: http://localhost:3000/icons/icon-192.png (Download error or resource isn't a valid image) @ http://localhost:3000/login:0
[   82602ms] [LOG] [Fast Refresh] rebuilding @ webpack-internal:///(app-pages-browser)/./node_modules/next/dist/next-devtools/shared/forward-logs-shared.js:44
[   82618ms] [LOG] [Fast Refresh] done in 16ms @ webpack-internal:///(app-pages-browser)/./node_modules/next/dist/next-devtools/shared/forward-logs-shared.js:44
[   82646ms] [WARNING] Error while trying to use the following icon from the Manifest: http://localhost:3000/icons/icon-192.png (Download error or resource isn't a valid image) @ http://localhost:3000/login:0
[   82663ms] [LOG] [Fast Refresh] rebuilding @ webpack-internal:///(app-pages-browser)/./node_modules/next/dist/next-devtools/shared/forward-logs-shared.js:44
[   82675ms] [LOG] [Fast Refresh] done in 11ms @ webpack-internal:///(app-pages-browser)/./node_modules/next/dist/next-devtools/shared/forward-logs-shared.js:44
[   82705ms] [WARNING] Error while trying to use the following icon from the Manifest: http://localhost:3000/icons/icon-192.png (Download error or resource isn't a valid image) @ http://localhost:3000/login:0
[   82722ms] [LOG] [Fast Refresh] rebuilding @ webpack-internal:///(app-pages-browser)/./node_modules/next/dist/next-devtools/shared/forward-logs-shared.js:44
[   82737ms] [LOG] [Fast Refresh] done in 15ms @ webpack-internal:///(app-pages-browser)/./node_modules/next/dist/next-devtools/shared/forward-logs-shared.js:44
[   82765ms] [WARNING] Error while trying to use the following icon from the Manifest: http://localhost:3000/icons/icon-192.png (Download error or resource isn't a valid image) @ http://localhost:3000/login:0
[   82782ms] [LOG] [Fast Refresh] rebuilding @ webpack-internal:///(app-pages-browser)/./node_modules/next/dist/next-devtools/shared/forward-logs-shared.js:44
[   82793ms] [LOG] [Fast Refresh] done in 11ms @ webpack-internal:///(app-pages-browser)/./node_modules/next/dist/next-devtools/shared/forward-logs-shared.js:44
[   82838ms] [LOG] [Fast Refresh] rebuilding @ webpack-internal:///(app-pages-browser)/./node_modules/next/dist/next-devtools/shared/forward-logs-shared.js:44
[   82854ms] [LOG] [Fast Refresh] done in 15ms @ webpack-internal:///(app-pages-browser)/./node_modules/next/dist/next-devtools/shared/forward-logs-shared.js:44
[   82881ms] [WARNING] Error while trying to use the following icon from the Manifest: http://localhost:3000/icons/icon-192.png (Download error or resource isn't a valid image) @ http://localhost:3000/login:0
[   82898ms] [LOG] [Fast Refresh] rebuilding @ webpack-internal:///(app-pages-browser)/./node_modules/next/dist/next-devtools/shared/forward-logs-shared.js:44
[   82910ms] [LOG] [Fast Refresh] done in 11ms @ webpack-internal:///(app-pages-browser)/./node_modules/next/dist/next-devtools/shared/forward-logs-shared.js:44
[   82937ms] [WARNING] Error while trying to use the following icon from the Manifest: http://localhost:3000/icons/icon-192.png (Download error or resource isn't a valid image) @ http://localhost:3000/login:0
[   82955ms] [LOG] [Fast Refresh] rebuilding @ webpack-internal:///(app-pages-browser)/./node_modules/next/dist/next-devtools/shared/forward-logs-shared.js:44
[   82972ms] [LOG] [Fast Refresh] done in 17ms @ webpack-internal:///(app-pages-browser)/./node_modules/next/dist/next-devtools/shared/forward-logs-shared.js:44
[   83000ms] [WARNING] Error while trying to use the following icon from the Manifest: http://localhost:3000/icons/icon-192.png (Download error or resource isn't a valid image) @ http://localhost:3000/login:0
[   83017ms] [LOG] [Fast Refresh] rebuilding @ webpack-internal:///(app-pages-browser)/./node_modules/next/dist/next-devtools/shared/forward-logs-shared.js:44
[   83028ms] [LOG] [Fast Refresh] done in 11ms @ webpack-internal:///(app-pages-browser)/./node_modules/next/dist/next-devtools/shared/forward-logs-shared.js:44
[   83057ms] [WARNING] Error while trying to use the following icon from the Manifest: http://localhost:3000/icons/icon-192.png (Download error or resource isn't a valid image) @ http://localhost:3000/login:0
[   83074ms] [LOG] [Fast Refresh] rebuilding @ webpack-internal:///(app-pages-browser)/./node_modules/next/dist/next-devtools/shared/forward-logs-shared.js:44
[   83090ms] [LOG] [Fast Refresh] done in 15ms @ webpack-internal:///(app-pages-browser)/./node_modules/next/dist/next-devtools/shared/forward-logs-shared.js:44
[   83118ms] [WARNING] Error while trying to use the following icon from the Manifest: http://localhost:3000/icons/icon-192.png (Download error or resource isn't a valid image) @ http://localhost:3000/login:0
[   83136ms] [LOG] [Fast Refresh] rebuilding @ webpack-internal:///(app-pages-browser)/./node_modules/next/dist/next-devtools/shared/forward-logs-shared.js:44
[   83147ms] [LOG] [Fast Refresh] done in 11ms @ webpack-internal:///(app-pages-browser)/./node_modules/next/dist/next-devtools/shared/forward-logs-shared.js:44
[   83173ms] [WARNING] Error while trying to use the following icon from the Manifest: http://localhost:3000/icons/icon-192.png (Download error or resource isn't a valid image) @ http://localhost:3000/login:0
[   83192ms] [LOG] [Fast Refresh] rebuilding @ webpack-internal:///(app-pages-browser)/./node_modules/next/dist/next-devtools/shared/forward-logs-shared.js:44
[   83207ms] [LOG] [Fast Refresh] done in 16ms @ webpack-internal:///(app-pages-browser)/./node_modules/next/dist/next-devtools/shared/forward-logs-shared.js:44
[   83235ms] [WARNING] Error while trying to use the following icon from the Manifest: http://localhost:3000/icons/icon-192.png (Download error or resource isn't a valid image) @ http://localhost:3000/login:0
[   83251ms] [LOG] [Fast Refresh] rebuilding @ webpack-internal:///(app-pages-browser)/./node_modules/next/dist/next-devtools/shared/forward-logs-shared.js:44
[   83263ms] [LOG] [Fast Refresh] done in 11ms @ webpack-internal:///(app-pages-browser)/./node_modules/next/dist/next-devtools/shared/forward-logs-shared.js:44
[   83290ms] [WARNING] Error while trying to use the following icon from the Manifest: http://localhost:3000/icons/icon-192.png (Download error or resource isn't a valid image) @ http://localhost:3000/login:0
[   83308ms] [LOG] [Fast Refresh] rebuilding @ webpack-internal:///(app-pages-browser)/./node_modules/next/dist/next-devtools/shared/forward-logs-shared.js:44
[   83324ms] [LOG] [Fast Refresh] done in 16ms @ webpack-internal:///(app-pages-browser)/./node_modules/next/dist/next-devtools/shared/forward-logs-shared.js:44
[   83354ms] [WARNING] Error while trying to use the following icon from the Manifest: http://localhost:3000/icons/icon-192.png (Download error or resource isn't a valid image) @ http://localhost:3000/login:0
[   83370ms] [LOG] [Fast Refresh] rebuilding @ webpack-internal:///(app-pages-browser)/./node_modules/next/dist/next-devtools/shared/forward-logs-shared.js:44
[   83381ms] [LOG] [Fast Refresh] done in 11ms @ webpack-internal:///(app-pages-browser)/./node_modules/next/dist/next-devtools/shared/forward-logs-shared.js:44
[   83410ms] [WARNING] Error while trying to use the following icon from the Manifest: http://localhost:3000/icons/icon-192.png (Download error or resource isn't a valid image) @ http://localhost:3000/login:0
[   83428ms] [LOG] [Fast Refresh] rebuilding @ webpack-internal:///(app-pages-browser)/./node_modules/next/dist/next-devtools/shared/forward-logs-shared.js:44
[   83445ms] [LOG] [Fast Refresh] done in 16ms @ webpack-internal:///(app-pages-browser)/./node_modules/next/dist/next-devtools/shared/forward-logs-shared.js:44
[   83476ms] [WARNING] Error while trying to use the following icon from the Manifest: http://localhost:3000/icons/icon-192.png (Download error or resource isn't a valid image) @ http://localhost:3000/login:0
[   83493ms] [LOG] [Fast Refresh] rebuilding @ webpack-internal:///(app-pages-browser)/./node_modules/next/dist/next-devtools/shared/forward-logs-shared.js:44
[   83505ms] [LOG] [Fast Refresh] done in 11ms @ webpack-internal:///(app-pages-browser)/./node_modules/next/dist/next-devtools/shared/forward-logs-shared.js:44
[   83533ms] [WARNING] Error while trying to use the following icon from the Manifest: http://localhost:3000/icons/icon-192.png (Download error or resource isn't a valid image) @ http://localhost:3000/login:0
[   83560ms] [LOG] [Fast Refresh] rebuilding @ webpack-internal:///(app-pages-browser)/./node_modules/next/dist/next-devtools/shared/forward-logs-shared.js:44
[   83575ms] [LOG] [Fast Refresh] done in 16ms @ webpack-internal:///(app-pages-browser)/./node_modules/next/dist/next-devtools/shared/forward-logs-shared.js:44
[   83599ms] [WARNING] Error while trying to use the following icon from the Manifest: http://localhost:3000/icons/icon-192.png (Download error or resource isn't a valid image) @ http://localhost:3000/login:0
[   83620ms] [LOG] [Fast Refresh] rebuilding @ webpack-internal:///(app-pages-browser)/./node_modules/next/dist/next-devtools/shared/forward-logs-shared.js:44
[   83632ms] [LOG] [Fast Refresh] done in 11ms @ webpack-internal:///(app-pages-browser)/./node_modules/next/dist/next-devtools/shared/forward-logs-shared.js:44
[   83662ms] [WARNING] Error while trying to use the following icon from the Manifest: http://localhost:3000/icons/icon-192.png (Download error or resource isn't a valid image) @ http://localhost:3000/login:0
[   83681ms] [LOG] [Fast Refresh] rebuilding @ webpack-internal:///(app-pages-browser)/./node_modules/next/dist/next-devtools/shared/forward-logs-shared.js:44
[   83697ms] [LOG] [Fast Refresh] done in 16ms @ webpack-internal:///(app-pages-browser)/./node_modules/next/dist/next-devtools/shared/forward-logs-shared.js:44
[   83725ms] [WARNING] Error while trying to use the following icon from the Manifest: http://localhost:3000/icons/icon-192.png (Download error or resource isn't a valid image) @ http://localhost:3000/login:0
[   83742ms] [LOG] [Fast Refresh] rebuilding @ webpack-internal:///(app-pages-browser)/./node_modules/next/dist/next-devtools/shared/forward-logs-shared.js:44
[   83753ms] [LOG] [Fast Refresh] done in 12ms @ webpack-internal:///(app-pages-browser)/./node_modules/next/dist/next-devtools/shared/forward-logs-shared.js:44
[   83781ms] [WARNING] Error while trying to use the following icon from the Manifest: http://localhost:3000/icons/icon-192.png (Download error or resource isn't a valid image) @ http://localhost:3000/login:0
[   83799ms] [LOG] [Fast Refresh] rebuilding @ webpack-internal:///(app-pages-browser)/./node_modules/next/dist/next-devtools/shared/forward-logs-shared.js:44
[   83814ms] [LOG] [Fast Refresh] done in 16ms @ webpack-internal:///(app-pages-browser)/./node_modules/next/dist/next-devtools/shared/forward-logs-shared.js:44
[   83843ms] [WARNING] Error while trying to use the following icon from the Manifest: http://localhost:3000/icons/icon-192.png (Download error or resource isn't a valid image) @ http://localhost:3000/login:0
[   83860ms] [LOG] [Fast Refresh] rebuilding @ webpack-internal:///(app-pages-browser)/./node_modules/next/dist/next-devtools/shared/forward-logs-shared.js:44
[   83872ms] [LOG] [Fast Refresh] done in 11ms @ webpack-internal:///(app-pages-browser)/./node_modules/next/dist/next-devtools/shared/forward-logs-shared.js:44
[   83898ms] [WARNING] Error while trying to use the following icon from the Manifest: http://localhost:3000/icons/icon-192.png (Download error or resource isn't a valid image) @ http://localhost:3000/login:0
[   83916ms] [LOG] [Fast Refresh] rebuilding @ webpack-internal:///(app-pages-browser)/./node_modules/next/dist/next-devtools/shared/forward-logs-shared.js:44
[   83932ms] [LOG] [Fast Refresh] done in 15ms @ webpack-internal:///(app-pages-browser)/./node_modules/next/dist/next-devtools/shared/forward-logs-shared.js:44
[   83961ms] [WARNING] Error while trying to use the following icon from the Manifest: http://localhost:3000/icons/icon-192.png (Download error or resource isn't a valid image) @ http://localhost:3000/login:0
[   83980ms] [LOG] [Fast Refresh] rebuilding @ webpack-internal:///(app-pages-browser)/./node_modules/next/dist/next-devtools/shared/forward-logs-shared.js:44
[   83992ms] [LOG] [Fast Refresh] done in 12ms @ webpack-internal:///(app-pages-browser)/./node_modules/next/dist/next-devtools/shared/forward-logs-shared.js:44
[   84020ms] [WARNING] Error while trying to use the following icon from the Manifest: http://localhost:3000/icons/icon-192.png (Download error or resource isn't a valid image) @ http://localhost:3000/login:0
[   84038ms] [LOG] [Fast Refresh] rebuilding @ webpack-internal:///(app-pages-browser)/./node_modules/next/dist/next-devtools/shared/forward-logs-shared.js:44
[   84054ms] [LOG] [Fast Refresh] done in 16ms @ webpack-internal:///(app-pages-browser)/./node_modules/next/dist/next-devtools/shared/forward-logs-shared.js:44
[   84082ms] [WARNING] Error while trying to use the following icon from the Manifest: http://localhost:3000/icons/icon-192.png (Download error or resource isn't a valid image) @ http://localhost:3000/login:0
[   84099ms] [LOG] [Fast Refresh] rebuilding @ webpack-internal:///(app-pages-browser)/./node_modules/next/dist/next-devtools/shared/forward-logs-shared.js:44
[   84110ms] [LOG] [Fast Refresh] done in 12ms @ webpack-internal:///(app-pages-browser)/./node_modules/next/dist/next-devtools/shared/forward-logs-shared.js:44
[   84140ms] [WARNING] Error while trying to use the following icon from the Manifest: http://localhost:3000/icons/icon-192.png (Download error or resource isn't a valid image) @ http://localhost:3000/login:0
[   84157ms] [LOG] [Fast Refresh] rebuilding @ webpack-internal:///(app-pages-browser)/./node_modules/next/dist/next-devtools/shared/forward-logs-shared.js:44
[   84172ms] [LOG] [Fast Refresh] done in 16ms @ webpack-internal:///(app-pages-browser)/./node_modules/next/dist/next-devtools/shared/forward-logs-shared.js:44
[   84201ms] [WARNING] Error while trying to use the following icon from the Manifest: http://localhost:3000/icons/icon-192.png (Download error or resource isn't a valid image) @ http://localhost:3000/login:0
[   84219ms] [LOG] [Fast Refresh] rebuilding @ webpack-internal:///(app-pages-browser)/./node_modules/next/dist/next-devtools/shared/forward-logs-shared.js:44
[   84230ms] [LOG] [Fast Refresh] done in 12ms @ webpack-internal:///(app-pages-browser)/./node_modules/next/dist/next-devtools/shared/forward-logs-shared.js:44
[   84258ms] [WARNING] Error while trying to use the following icon from the Manifest: http://localhost:3000/icons/icon-192.png (Download error or resource isn't a valid image) @ http://localhost:3000/login:0
[   84276ms] [LOG] [Fast Refresh] rebuilding @ webpack-internal:///(app-pages-browser)/./node_modules/next/dist/next-devtools/shared/forward-logs-shared.js:44
[   84291ms] [LOG] [Fast Refresh] done in 16ms @ webpack-internal:///(app-pages-browser)/./node_modules/next/dist/next-devtools/shared/forward-logs-shared.js:44
[   84321ms] [WARNING] Error while trying to use the following icon from the Manifest: http://localhost:3000/icons/icon-192.png (Download error or resource isn't a valid image) @ http://localhost:3000/login:0
[   84338ms] [LOG] [Fast Refresh] rebuilding @ webpack-internal:///(app-pages-browser)/./node_modules/next/dist/next-devtools/shared/forward-logs-shared.js:44
[   84349ms] [LOG] [Fast Refresh] done in 11ms @ webpack-internal:///(app-pages-browser)/./node_modules/next/dist/next-devtools/shared/forward-logs-shared.js:44
[   84378ms] [WARNING] Error while trying to use the following icon from the Manifest: http://localhost:3000/icons/icon-192.png (Download error or resource isn't a valid image) @ http://localhost:3000/login:0
[   84395ms] [LOG] [Fast Refresh] rebuilding @ webpack-internal:///(app-pages-browser)/./node_modules/next/dist/next-devtools/shared/forward-logs-shared.js:44
[   84411ms] [LOG] [Fast Refresh] done in 16ms @ webpack-internal:///(app-pages-browser)/./node_modules/next/dist/next-devtools/shared/forward-logs-shared.js:44
[   84442ms] [WARNING] Error while trying to use the following icon from the Manifest: http://localhost:3000/icons/icon-192.png (Download error or resource isn't a valid image) @ http://localhost:3000/login:0
[   84458ms] [LOG] [Fast Refresh] rebuilding @ webpack-internal:///(app-pages-browser)/./node_modules/next/dist/next-devtools/shared/forward-logs-shared.js:44
[   84471ms] [LOG] [Fast Refresh] done in 12ms @ webpack-internal:///(app-pages-browser)/./node_modules/next/dist/next-devtools/shared/forward-logs-shared.js:44
[   84498ms] [WARNING] Error while trying to use the following icon from the Manifest: http://localhost:3000/icons/icon-192.png (Download error or resource isn't a valid image) @ http://localhost:3000/login:0
[   84516ms] [LOG] [Fast Refresh] rebuilding @ webpack-internal:///(app-pages-browser)/./node_modules/next/dist/next-devtools/shared/forward-logs-shared.js:44
[   84532ms] [LOG] [Fast Refresh] done in 16ms @ webpack-internal:///(app-pages-browser)/./node_modules/next/dist/next-devtools/shared/forward-logs-shared.js:44
[   84561ms] [WARNING] Error while trying to use the following icon from the Manifest: http://localhost:3000/icons/icon-192.png (Download error or resource isn't a valid image) @ http://localhost:3000/login:0
[   84578ms] [LOG] [Fast Refresh] rebuilding @ webpack-internal:///(app-pages-browser)/./node_modules/next/dist/next-devtools/shared/forward-logs-shared.js:44
[   84589ms] [LOG] [Fast Refresh] done in 12ms @ webpack-internal:///(app-pages-browser)/./node_modules/next/dist/next-devtools/shared/forward-logs-shared.js:44
[   84623ms] [WARNING] Error while trying to use the following icon from the Manifest: http://localhost:3000/icons/icon-192.png (Download error or resource isn't a valid image) @ http://localhost:3000/login:0
[   84652ms] [LOG] [Fast Refresh] rebuilding @ webpack-internal:///(app-pages-browser)/./node_modules/next/dist/next-devtools/shared/forward-logs-shared.js:44
[   84668ms] [LOG] [Fast Refresh] done in 17ms @ webpack-internal:///(app-pages-browser)/./node_modules/next/dist/next-devtools/shared/forward-logs-shared.js:44
[   84696ms] [WARNING] Error while trying to use the following icon from the Manifest: http://localhost:3000/icons/icon-192.png (Download error or resource isn't a valid image) @ http://localhost:3000/login:0
[   84712ms] [LOG] [Fast Refresh] rebuilding @ webpack-internal:///(app-pages-browser)/./node_modules/next/dist/next-devtools/shared/forward-logs-shared.js:44
[   84724ms] [LOG] [Fast Refresh] done in 12ms @ webpack-internal:///(app-pages-browser)/./node_modules/next/dist/next-devtools/shared/forward-logs-shared.js:44
[   84754ms] [WARNING] Error while trying to use the following icon from the Manifest: http://localhost:3000/icons/icon-192.png (Download error or resource isn't a valid image) @ http://localhost:3000/login:0
[   84773ms] [LOG] [Fast Refresh] rebuilding @ webpack-internal:///(app-pages-browser)/./node_modules/next/dist/next-devtools/shared/forward-logs-shared.js:44
[   84789ms] [LOG] [Fast Refresh] done in 15ms @ webpack-internal:///(app-pages-browser)/./node_modules/next/dist/next-devtools/shared/forward-logs-shared.js:44
[   84816ms] [WARNING] Error while trying to use the following icon from the Manifest: http://localhost:3000/icons/icon-192.png (Download error or resource isn't a valid image) @ http://localhost:3000/login:0
[   84833ms] [LOG] [Fast Refresh] rebuilding @ webpack-internal:///(app-pages-browser)/./node_modules/next/dist/next-devtools/shared/forward-logs-shared.js:44
[   84845ms] [LOG] [Fast Refresh] done in 12ms @ webpack-internal:///(app-pages-browser)/./node_modules/next/dist/next-devtools/shared/forward-logs-shared.js:44
[   84874ms] [WARNING] Error while trying to use the following icon from the Manifest: http://localhost:3000/icons/icon-192.png (Download error or resource isn't a valid image) @ http://localhost:3000/login:0
[   84893ms] [LOG] [Fast Refresh] rebuilding @ webpack-internal:///(app-pages-browser)/./node_modules/next/dist/next-devtools/shared/forward-logs-shared.js:44
[   84909ms] [LOG] [Fast Refresh] done in 16ms @ webpack-internal:///(app-pages-browser)/./node_modules/next/dist/next-devtools/shared/forward-logs-shared.js:44
[   84938ms] [WARNING] Error while trying to use the following icon from the Manifest: http://localhost:3000/icons/icon-192.png (Download error or resource isn't a valid image) @ http://localhost:3000/login:0
[   84955ms] [LOG] [Fast Refresh] rebuilding @ webpack-internal:///(app-pages-browser)/./node_modules/next/dist/next-devtools/shared/forward-logs-shared.js:44
[   84966ms] [LOG] [Fast Refresh] done in 11ms @ webpack-internal:///(app-pages-browser)/./node_modules/next/dist/next-devtools/shared/forward-logs-shared.js:44
[   84995ms] [WARNING] Error while trying to use the following icon from the Manifest: http://localhost:3000/icons/icon-192.png (Download error or resource isn't a valid image) @ http://localhost:3000/login:0
[   85014ms] [LOG] [Fast Refresh] rebuilding @ webpack-internal:///(app-pages-browser)/./node_modules/next/dist/next-devtools/shared/forward-logs-shared.js:44
[   85029ms] [LOG] [Fast Refresh] done in 16ms @ webpack-internal:///(app-pages-browser)/./node_modules/next/dist/next-devtools/shared/forward-logs-shared.js:44
[   85059ms] [WARNING] Error while trying to use the following icon from the Manifest: http://localhost:3000/icons/icon-192.png (Download error or resource isn't a valid image) @ http://localhost:3000/login:0
[   85075ms] [LOG] [Fast Refresh] rebuilding @ webpack-internal:///(app-pages-browser)/./node_modules/next/dist/next-devtools/shared/forward-logs-shared.js:44
[   85087ms] [LOG] [Fast Refresh] done in 11ms @ webpack-internal:///(app-pages-browser)/./node_modules/next/dist/next-devtools/shared/forward-logs-shared.js:44
[   85115ms] [WARNING] Error while trying to use the following icon from the Manifest: http://localhost:3000/icons/icon-192.png (Download error or resource isn't a valid image) @ http://localhost:3000/login:0
[   85133ms] [LOG] [Fast Refresh] rebuilding @ webpack-internal:///(app-pages-browser)/./node_modules/next/dist/next-devtools/shared/forward-logs-shared.js:44
[   85150ms] [LOG] [Fast Refresh] done in 17ms @ webpack-internal:///(app-pages-browser)/./node_modules/next/dist/next-devtools/shared/forward-logs-shared.js:44
[   85177ms] [WARNING] Error while trying to use the following icon from the Manifest: http://localhost:3000/icons/icon-192.png (Download error or resource isn't a valid image) @ http://localhost:3000/login:0
[   85194ms] [LOG] [Fast Refresh] rebuilding @ webpack-internal:///(app-pages-browser)/./node_modules/next/dist/next-devtools/shared/forward-logs-shared.js:44
[   85205ms] [LOG] [Fast Refresh] done in 11ms @ webpack-internal:///(app-pages-browser)/./node_modules/next/dist/next-devtools/shared/forward-logs-shared.js:44
[   85233ms] [WARNING] Error while trying to use the following icon from the Manifest: http://localhost:3000/icons/icon-192.png (Download error or resource isn't a valid image) @ http://localhost:3000/login:0
[   85252ms] [LOG] [Fast Refresh] rebuilding @ webpack-internal:///(app-pages-browser)/./node_modules/next/dist/next-devtools/shared/forward-logs-shared.js:44
[   85268ms] [LOG] [Fast Refresh] done in 16ms @ webpack-internal:///(app-pages-browser)/./node_modules/next/dist/next-devtools/shared/forward-logs-shared.js:44
[   85297ms] [WARNING] Error while trying to use the following icon from the Manifest: http://localhost:3000/icons/icon-192.png (Download error or resource isn't a valid image) @ http://localhost:3000/login:0
[   85314ms] [LOG] [Fast Refresh] rebuilding @ webpack-internal:///(app-pages-browser)/./node_modules/next/dist/next-devtools/shared/forward-logs-shared.js:44
[   85327ms] [LOG] [Fast Refresh] done in 12ms @ webpack-internal:///(app-pages-browser)/./node_modules/next/dist/next-devtools/shared/forward-logs-shared.js:44
[   85355ms] [WARNING] Error while trying to use the following icon from the Manifest: http://localhost:3000/icons/icon-192.png (Download error or resource isn't a valid image) @ http://localhost:3000/login:0
[   85372ms] [LOG] [Fast Refresh] rebuilding @ webpack-internal:///(app-pages-browser)/./node_modules/next/dist/next-devtools/shared/forward-logs-shared.js:44
[   85388ms] [LOG] [Fast Refresh] done in 15ms @ webpack-internal:///(app-pages-browser)/./node_modules/next/dist/next-devtools/shared/forward-logs-shared.js:44
[   85416ms] [WARNING] Error while trying to use the following icon from the Manifest: http://localhost:3000/icons/icon-192.png (Download error or resource isn't a valid image) @ http://localhost:3000/login:0
[   85434ms] [LOG] [Fast Refresh] rebuilding @ webpack-internal:///(app-pages-browser)/./node_modules/next/dist/next-devtools/shared/forward-logs-shared.js:44
[   85445ms] [LOG] [Fast Refresh] done in 12ms @ webpack-internal:///(app-pages-browser)/./node_modules/next/dist/next-devtools/shared/forward-logs-shared.js:44
[   85476ms] [WARNING] Error while trying to use the following icon from the Manifest: http://localhost:3000/icons/icon-192.png (Download error or resource isn't a valid image) @ http://localhost:3000/login:0
[   85493ms] [LOG] [Fast Refresh] rebuilding @ webpack-internal:///(app-pages-browser)/./node_modules/next/dist/next-devtools/shared/forward-logs-shared.js:44
[   85510ms] [LOG] [Fast Refresh] done in 17ms @ webpack-internal:///(app-pages-browser)/./node_modules/next/dist/next-devtools/shared/forward-logs-shared.js:44
[   85556ms] [LOG] [Fast Refresh] rebuilding @ webpack-internal:///(app-pages-browser)/./node_modules/next/dist/next-devtools/shared/forward-logs-shared.js:44
[   85568ms] [LOG] [Fast Refresh] done in 13ms @ webpack-internal:///(app-pages-browser)/./node_modules/next/dist/next-devtools/shared/forward-logs-shared.js:44
[   85615ms] [LOG] [Fast Refresh] rebuilding @ webpack-internal:///(app-pages-browser)/./node_modules/next/dist/next-devtools/shared/forward-logs-shared.js:44
[   85636ms] [LOG] [Fast Refresh] done in 22ms @ webpack-internal:///(app-pages-browser)/./node_modules/next/dist/next-devtools/shared/forward-logs-shared.js:44
[   85682ms] [LOG] [Fast Refresh] rebuilding @ webpack-internal:///(app-pages-browser)/./node_modules/next/dist/next-devtools/shared/forward-logs-shared.js:44
[   85695ms] [LOG] [Fast Refresh] done in 13ms @ webpack-internal:///(app-pages-browser)/./node_modules/next/dist/next-devtools/shared/forward-logs-shared.js:44
[   85725ms] [WARNING] Error while trying to use the following icon from the Manifest: http://localhost:3000/icons/icon-192.png (Download error or resource isn't a valid image) @ http://localhost:3000/login:0
[   85742ms] [LOG] [Fast Refresh] rebuilding @ webpack-internal:///(app-pages-browser)/./node_modules/next/dist/next-devtools/shared/forward-logs-shared.js:44
[   85758ms] [LOG] [Fast Refresh] done in 15ms @ webpack-internal:///(app-pages-browser)/./node_modules/next/dist/next-devtools/shared/forward-logs-shared.js:44
[   85788ms] [WARNING] Error while trying to use the following icon from the Manifest: http://localhost:3000/icons/icon-192.png (Download error or resource isn't a valid image) @ http://localhost:3000/login:0
[   85805ms] [LOG] [Fast Refresh] rebuilding @ webpack-internal:///(app-pages-browser)/./node_modules/next/dist/next-devtools/shared/forward-logs-shared.js:44
[   85817ms] [LOG] [Fast Refresh] done in 13ms @ webpack-internal:///(app-pages-browser)/./node_modules/next/dist/next-devtools/shared/forward-logs-shared.js:44
[   85844ms] [WARNING] Error while trying to use the following icon from the Manifest: http://localhost:3000/icons/icon-192.png (Download error or resource isn't a valid image) @ http://localhost:3000/login:0
[   85861ms] [LOG] [Fast Refresh] rebuilding @ webpack-internal:///(app-pages-browser)/./node_modules/next/dist/next-devtools/shared/forward-logs-shared.js:44
[   85877ms] [LOG] [Fast Refresh] done in 16ms @ webpack-internal:///(app-pages-browser)/./node_modules/next/dist/next-devtools/shared/forward-logs-shared.js:44
[   85908ms] [WARNING] Error while trying to use the following icon from the Manifest: http://localhost:3000/icons/icon-192.png (Download error or resource isn't a valid image) @ http://localhost:3000/login:0
[   85924ms] [LOG] [Fast Refresh] rebuilding @ webpack-internal:///(app-pages-browser)/./node_modules/next/dist/next-devtools/shared/forward-logs-shared.js:44
[   85936ms] [LOG] [Fast Refresh] done in 11ms @ webpack-internal:///(app-pages-browser)/./node_modules/next/dist/next-devtools/shared/forward-logs-shared.js:44
[   85964ms] [WARNING] Error while trying to use the following icon from the Manifest: http://localhost:3000/icons/icon-192.png (Download error or resource isn't a valid image) @ http://localhost:3000/login:0
[   85983ms] [LOG] [Fast Refresh] rebuilding @ webpack-internal:///(app-pages-browser)/./node_modules/next/dist/next-devtools/shared/forward-logs-shared.js:44
[   85999ms] [LOG] [Fast Refresh] done in 16ms @ webpack-internal:///(app-pages-browser)/./node_modules/next/dist/next-devtools/shared/forward-logs-shared.js:44
[   86028ms] [WARNING] Error while trying to use the following icon from the Manifest: http://localhost:3000/icons/icon-192.png (Download error or resource isn't a valid image) @ http://localhost:3000/login:0
[   86045ms] [LOG] [Fast Refresh] rebuilding @ webpack-internal:///(app-pages-browser)/./node_modules/next/dist/next-devtools/shared/forward-logs-shared.js:44
[   86058ms] [LOG] [Fast Refresh] done in 12ms @ webpack-internal:///(app-pages-browser)/./node_modules/next/dist/next-devtools/shared/forward-logs-shared.js:44
[   86086ms] [WARNING] Error while trying to use the following icon from the Manifest: http://localhost:3000/icons/icon-192.png (Download error or resource isn't a valid image) @ http://localhost:3000/login:0
[   86103ms] [LOG] [Fast Refresh] rebuilding @ webpack-internal:///(app-pages-browser)/./node_modules/next/dist/next-devtools/shared/forward-logs-shared.js:44
[   86120ms] [LOG] [Fast Refresh] done in 17ms @ webpack-internal:///(app-pages-browser)/./node_modules/next/dist/next-devtools/shared/forward-logs-shared.js:44
[   86149ms] [WARNING] Error while trying to use the following icon from the Manifest: http://localhost:3000/icons/icon-192.png (Download error or resource isn't a valid image) @ http://localhost:3000/login:0
[   86167ms] [LOG] [Fast Refresh] rebuilding @ webpack-internal:///(app-pages-browser)/./node_modules/next/dist/next-devtools/shared/forward-logs-shared.js:44
[   86179ms] [LOG] [Fast Refresh] done in 11ms @ webpack-internal:///(app-pages-browser)/./node_modules/next/dist/next-devtools/shared/forward-logs-shared.js:44
[   86191ms] [WARNING] Error while trying to use the following icon from the Manifest: http://localhost:3000/icons/icon-192.png (Download error or resource isn't a valid image) @ http://localhost:3000/login:0
[   86230ms] [LOG] [Fast Refresh] rebuilding @ webpack-internal:///(app-pages-browser)/./node_modules/next/dist/next-devtools/shared/forward-logs-shared.js:44
[   86246ms] [LOG] [Fast Refresh] done in 15ms @ webpack-internal:///(app-pages-browser)/./node_modules/next/dist/next-devtools/shared/forward-logs-shared.js:44
[   86275ms] [WARNING] Error while trying to use the following icon from the Manifest: http://localhost:3000/icons/icon-192.png (Download error or resource isn't a valid image) @ http://localhost:3000/login:0
[   86292ms] [LOG] [Fast Refresh] rebuilding @ webpack-internal:///(app-pages-browser)/./node_modules/next/dist/next-devtools/shared/forward-logs-shared.js:44
[   86304ms] [LOG] [Fast Refresh] done in 11ms @ webpack-internal:///(app-pages-browser)/./node_modules/next/dist/next-devtools/shared/forward-logs-shared.js:44
[   86331ms] [WARNING] Error while trying to use the following icon from the Manifest: http://localhost:3000/icons/icon-192.png (Download error or resource isn't a valid image) @ http://localhost:3000/login:0
[   86350ms] [LOG] [Fast Refresh] rebuilding @ webpack-internal:///(app-pages-browser)/./node_modules/next/dist/next-devtools/shared/forward-logs-shared.js:44
[   86366ms] [LOG] [Fast Refresh] done in 15ms @ webpack-internal:///(app-pages-browser)/./node_modules/next/dist/next-devtools/shared/forward-logs-shared.js:44
[   86394ms] [WARNING] Error while trying to use the following icon from the Manifest: http://localhost:3000/icons/icon-192.png (Download error or resource isn't a valid image) @ http://localhost:3000/login:0
[   86410ms] [LOG] [Fast Refresh] rebuilding @ webpack-internal:///(app-pages-browser)/./node_modules/next/dist/next-devtools/shared/forward-logs-shared.js:44
[   86422ms] [LOG] [Fast Refresh] done in 11ms @ webpack-internal:///(app-pages-browser)/./node_modules/next/dist/next-devtools/shared/forward-logs-shared.js:44
[   86450ms] [WARNING] Error while trying to use the following icon from the Manifest: http://localhost:3000/icons/icon-192.png (Download error or resource isn't a valid image) @ http://localhost:3000/login:0
[   86468ms] [LOG] [Fast Refresh] rebuilding @ webpack-internal:///(app-pages-browser)/./node_modules/next/dist/next-devtools/shared/forward-logs-shared.js:44
[   86484ms] [LOG] [Fast Refresh] done in 15ms @ webpack-internal:///(app-pages-browser)/./node_modules/next/dist/next-devtools/shared/forward-logs-shared.js:44
[   86510ms] [WARNING] Error while trying to use the following icon from the Manifest: http://localhost:3000/icons/icon-192.png (Download error or resource isn't a valid image) @ http://localhost:3000/login:0
[   86528ms] [LOG] [Fast Refresh] rebuilding @ webpack-internal:///(app-pages-browser)/./node_modules/next/dist/next-devtools/shared/forward-logs-shared.js:44
[   86540ms] [LOG] [Fast Refresh] done in 13ms @ webpack-internal:///(app-pages-browser)/./node_modules/next/dist/next-devtools/shared/forward-logs-shared.js:44
[   86570ms] [WARNING] Error while trying to use the following icon from the Manifest: http://localhost:3000/icons/icon-192.png (Download error or resource isn't a valid image) @ http://localhost:3000/login:0
[   86587ms] [LOG] [Fast Refresh] rebuilding @ webpack-internal:///(app-pages-browser)/./node_modules/next/dist/next-devtools/shared/forward-logs-shared.js:44
[   86604ms] [LOG] [Fast Refresh] done in 16ms @ webpack-internal:///(app-pages-browser)/./node_modules/next/dist/next-devtools/shared/forward-logs-shared.js:44
[   86634ms] [WARNING] Error while trying to use the following icon from the Manifest: http://localhost:3000/icons/icon-192.png (Download error or resource isn't a valid image) @ http://localhost:3000/login:0
[   86651ms] [LOG] [Fast Refresh] rebuilding @ webpack-internal:///(app-pages-browser)/./node_modules/next/dist/next-devtools/shared/forward-logs-shared.js:44
[   86663ms] [LOG] [Fast Refresh] done in 11ms @ webpack-internal:///(app-pages-browser)/./node_modules/next/dist/next-devtools/shared/forward-logs-shared.js:44
[   86693ms] [WARNING] Error while trying to use the following icon from the Manifest: http://localhost:3000/icons/icon-192.png (Download error or resource isn't a valid image) @ http://localhost:3000/login:0
[   86710ms] [LOG] [Fast Refresh] rebuilding @ webpack-internal:///(app-pages-browser)/./node_modules/next/dist/next-devtools/shared/forward-logs-shared.js:44
[   86726ms] [LOG] [Fast Refresh] done in 15ms @ webpack-internal:///(app-pages-browser)/./node_modules/next/dist/next-devtools/shared/forward-logs-shared.js:44
[   86755ms] [WARNING] Error while trying to use the following icon from the Manifest: http://localhost:3000/icons/icon-192.png (Download error or resource isn't a valid image) @ http://localhost:3000/login:0
[   86773ms] [LOG] [Fast Refresh] rebuilding @ webpack-internal:///(app-pages-browser)/./node_modules/next/dist/next-devtools/shared/forward-logs-shared.js:44
[   86785ms] [LOG] [Fast Refresh] done in 11ms @ webpack-internal:///(app-pages-browser)/./node_modules/next/dist/next-devtools/shared/forward-logs-shared.js:44
[   86830ms] [LOG] [Fast Refresh] rebuilding @ webpack-internal:///(app-pages-browser)/./node_modules/next/dist/next-devtools/shared/forward-logs-shared.js:44
[   86853ms] [LOG] [Fast Refresh] done in 23ms @ webpack-internal:///(app-pages-browser)/./node_modules/next/dist/next-devtools/shared/forward-logs-shared.js:44
[   86894ms] [WARNING] Error while trying to use the following icon from the Manifest: http://localhost:3000/icons/icon-192.png (Download error or resource isn't a valid image) @ http://localhost:3000/login:0
[   86916ms] [LOG] [Fast Refresh] rebuilding @ webpack-internal:///(app-pages-browser)/./node_modules/next/dist/next-devtools/shared/forward-logs-shared.js:44
[   86928ms] [LOG] [Fast Refresh] done in 13ms @ webpack-internal:///(app-pages-browser)/./node_modules/next/dist/next-devtools/shared/forward-logs-shared.js:44
[   86959ms] [WARNING] Error while trying to use the following icon from the Manifest: http://localhost:3000/icons/icon-192.png (Download error or resource isn't a valid image) @ http://localhost:3000/login:0
[   86976ms] [LOG] [Fast Refresh] rebuilding @ webpack-internal:///(app-pages-browser)/./node_modules/next/dist/next-devtools/shared/forward-logs-shared.js:44
[   86987ms] [LOG] [Fast Refresh] done in 11ms @ webpack-internal:///(app-pages-browser)/./node_modules/next/dist/next-devtools/shared/forward-logs-shared.js:44
[   87003ms] [WARNING] Error while trying to use the following icon from the Manifest: http://localhost:3000/icons/icon-192.png (Download error or resource isn't a valid image) @ http://localhost:3000/login:0
[   87039ms] [LOG] [Fast Refresh] rebuilding @ webpack-internal:///(app-pages-browser)/./node_modules/next/dist/next-devtools/shared/forward-logs-shared.js:44
[   87051ms] [LOG] [Fast Refresh] done in 13ms @ webpack-internal:///(app-pages-browser)/./node_modules/next/dist/next-devtools/shared/forward-logs-shared.js:44
[   87094ms] [LOG] [Fast Refresh] rebuilding @ webpack-internal:///(app-pages-browser)/./node_modules/next/dist/next-devtools/shared/forward-logs-shared.js:44
[   87115ms] [LOG] [Fast Refresh] done in 20ms @ webpack-internal:///(app-pages-browser)/./node_modules/next/dist/next-devtools/shared/forward-logs-shared.js:44
[   87138ms] [WARNING] Error while trying to use the following icon from the Manifest: http://localhost:3000/icons/icon-192.png (Download error or resource isn't a valid image) @ http://localhost:3000/login:0
[   87158ms] [LOG] [Fast Refresh] rebuilding @ webpack-internal:///(app-pages-browser)/./node_modules/next/dist/next-devtools/shared/forward-logs-shared.js:44
[   87170ms] [LOG] [Fast Refresh] done in 11ms @ webpack-internal:///(app-pages-browser)/./node_modules/next/dist/next-devtools/shared/forward-logs-shared.js:44
[   87197ms] [WARNING] Error while trying to use the following icon from the Manifest: http://localhost:3000/icons/icon-192.png (Download error or resource isn't a valid image) @ http://localhost:3000/login:0
[   87214ms] [LOG] [Fast Refresh] rebuilding @ webpack-internal:///(app-pages-browser)/./node_modules/next/dist/next-devtools/shared/forward-logs-shared.js:44
[   87229ms] [LOG] [Fast Refresh] done in 16ms @ webpack-internal:///(app-pages-browser)/./node_modules/next/dist/next-devtools/shared/forward-logs-shared.js:44
[   87257ms] [WARNING] Error while trying to use the following icon from the Manifest: http://localhost:3000/icons/icon-192.png (Download error or resource isn't a valid image) @ http://localhost:3000/login:0
[   87273ms] [LOG] [Fast Refresh] rebuilding @ webpack-internal:///(app-pages-browser)/./node_modules/next/dist/next-devtools/shared/forward-logs-shared.js:44
[   87284ms] [LOG] [Fast Refresh] done in 12ms @ webpack-internal:///(app-pages-browser)/./node_modules/next/dist/next-devtools/shared/forward-logs-shared.js:44
[   87314ms] [WARNING] Error while trying to use the following icon from the Manifest: http://localhost:3000/icons/icon-192.png (Download error or resource isn't a valid image) @ http://localhost:3000/login:0
[   87331ms] [LOG] [Fast Refresh] rebuilding @ webpack-internal:///(app-pages-browser)/./node_modules/next/dist/next-devtools/shared/forward-logs-shared.js:44
[   87347ms] [LOG] [Fast Refresh] done in 16ms @ webpack-internal:///(app-pages-browser)/./node_modules/next/dist/next-devtools/shared/forward-logs-shared.js:44
[   87376ms] [WARNING] Error while trying to use the following icon from the Manifest: http://localhost:3000/icons/icon-192.png (Download error or resource isn't a valid image) @ http://localhost:3000/login:0
[   87393ms] [LOG] [Fast Refresh] rebuilding @ webpack-internal:///(app-pages-browser)/./node_modules/next/dist/next-devtools/shared/forward-logs-shared.js:44
[   87404ms] [LOG] [Fast Refresh] done in 12ms @ webpack-internal:///(app-pages-browser)/./node_modules/next/dist/next-devtools/shared/forward-logs-shared.js:44
[   87430ms] [WARNING] Error while trying to use the following icon from the Manifest: http://localhost:3000/icons/icon-192.png (Download error or resource isn't a valid image) @ http://localhost:3000/login:0
[   87448ms] [LOG] [Fast Refresh] rebuilding @ webpack-internal:///(app-pages-browser)/./node_modules/next/dist/next-devtools/shared/forward-logs-shared.js:44
[   87464ms] [LOG] [Fast Refresh] done in 16ms @ webpack-internal:///(app-pages-browser)/./node_modules/next/dist/next-devtools/shared/forward-logs-shared.js:44
[   87486ms] [WARNING] Error while trying to use the following icon from the Manifest: http://localhost:3000/icons/icon-192.png (Download error or resource isn't a valid image) @ http://localhost:3000/login:0
[   87507ms] [LOG] [Fast Refresh] rebuilding @ webpack-internal:///(app-pages-browser)/./node_modules/next/dist/next-devtools/shared/forward-logs-shared.js:44
[   87518ms] [LOG] [Fast Refresh] done in 12ms @ webpack-internal:///(app-pages-browser)/./node_modules/next/dist/next-devtools/shared/forward-logs-shared.js:44
[   87544ms] [WARNING] Error while trying to use the following icon from the Manifest: http://localhost:3000/icons/icon-192.png (Download error or resource isn't a valid image) @ http://localhost:3000/login:0
[   87563ms] [LOG] [Fast Refresh] rebuilding @ webpack-internal:///(app-pages-browser)/./node_modules/next/dist/next-devtools/shared/forward-logs-shared.js:44
[   87619ms] [LOG] [Fast Refresh] done in 56ms @ webpack-internal:///(app-pages-browser)/./node_modules/next/dist/next-devtools/shared/forward-logs-shared.js:44
[   88144ms] [WARNING] Error while trying to use the following icon from the Manifest: http://localhost:3000/icons/icon-192.png (Download error or resource isn't a valid image) @ http://localhost:3000/login:0
[   88174ms] [LOG] [Fast Refresh] rebuilding @ webpack-internal:///(app-pages-browser)/./node_modules/next/dist/next-devtools/shared/forward-logs-shared.js:44
[   88189ms] [LOG] [Fast Refresh] done in 15ms @ webpack-internal:///(app-pages-browser)/./node_modules/next/dist/next-devtools/shared/forward-logs-shared.js:44
[   88223ms] [WARNING] Error while trying to use the following icon from the Manifest: http://localhost:3000/icons/icon-192.png (Download error or resource isn't a valid image) @ http://localhost:3000/login:0
[   88243ms] [LOG] [Fast Refresh] rebuilding @ webpack-internal:///(app-pages-browser)/./node_modules/next/dist/next-devtools/shared/forward-logs-shared.js:44
[   88255ms] [LOG] [Fast Refresh] done in 12ms @ webpack-internal:///(app-pages-browser)/./node_modules/next/dist/next-devtools/shared/forward-logs-shared.js:44
[   88284ms] [WARNING] Error while trying to use the following icon from the Manifest: http://localhost:3000/icons/icon-192.png (Download error or resource isn't a valid image) @ http://localhost:3000/login:0
[   88304ms] [LOG] [Fast Refresh] rebuilding @ webpack-internal:///(app-pages-browser)/./node_modules/next/dist/next-devtools/shared/forward-logs-shared.js:44
[   88319ms] [LOG] [Fast Refresh] done in 16ms @ webpack-internal:///(app-pages-browser)/./node_modules/next/dist/next-devtools/shared/forward-logs-shared.js:44
[   88349ms] [WARNING] Error while trying to use the following icon from the Manifest: http://localhost:3000/icons/icon-192.png (Download error or resource isn't a valid image) @ http://localhost:3000/login:0
[   88366ms] [LOG] [Fast Refresh] rebuilding @ webpack-internal:///(app-pages-browser)/./node_modules/next/dist/next-devtools/shared/forward-logs-shared.js:44
[   88377ms] [LOG] [Fast Refresh] done in 12ms @ webpack-internal:///(app-pages-browser)/./node_modules/next/dist/next-devtools/shared/forward-logs-shared.js:44
[   88404ms] [WARNING] Error while trying to use the following icon from the Manifest: http://localhost:3000/icons/icon-192.png (Download error or resource isn't a valid image) @ http://localhost:3000/login:0
[   88424ms] [LOG] [Fast Refresh] rebuilding @ webpack-internal:///(app-pages-browser)/./node_modules/next/dist/next-devtools/shared/forward-logs-shared.js:44
[   88439ms] [LOG] [Fast Refresh] done in 15ms @ webpack-internal:///(app-pages-browser)/./node_modules/next/dist/next-devtools/shared/forward-logs-shared.js:44
[   88468ms] [WARNING] Error while trying to use the following icon from the Manifest: http://localhost:3000/icons/icon-192.png (Download error or resource isn't a valid image) @ http://localhost:3000/login:0
[   88485ms] [LOG] [Fast Refresh] rebuilding @ webpack-internal:///(app-pages-browser)/./node_modules/next/dist/next-devtools/shared/forward-logs-shared.js:44
[   88496ms] [LOG] [Fast Refresh] done in 11ms @ webpack-internal:///(app-pages-browser)/./node_modules/next/dist/next-devtools/shared/forward-logs-shared.js:44
[   88524ms] [WARNING] Error while trying to use the following icon from the Manifest: http://localhost:3000/icons/icon-192.png (Download error or resource isn't a valid image) @ http://localhost:3000/login:0
[   88542ms] [LOG] [Fast Refresh] rebuilding @ webpack-internal:///(app-pages-browser)/./node_modules/next/dist/next-devtools/shared/forward-logs-shared.js:44
[   88558ms] [LOG] [Fast Refresh] done in 17ms @ webpack-internal:///(app-pages-browser)/./node_modules/next/dist/next-devtools/shared/forward-logs-shared.js:44
[   88586ms] [WARNING] Error while trying to use the following icon from the Manifest: http://localhost:3000/icons/icon-192.png (Download error or resource isn't a valid image) @ http://localhost:3000/login:0
[   88602ms] [LOG] [Fast Refresh] rebuilding @ webpack-internal:///(app-pages-browser)/./node_modules/next/dist/next-devtools/shared/forward-logs-shared.js:44
[   88613ms] [LOG] [Fast Refresh] done in 10ms @ webpack-internal:///(app-pages-browser)/./node_modules/next/dist/next-devtools/shared/forward-logs-shared.js:44
[   88643ms] [WARNING] Error while trying to use the following icon from the Manifest: http://localhost:3000/icons/icon-192.png (Download error or resource isn't a valid image) @ http://localhost:3000/login:0
[   88660ms] [LOG] [Fast Refresh] rebuilding @ webpack-internal:///(app-pages-browser)/./node_modules/next/dist/next-devtools/shared/forward-logs-shared.js:44
[   88675ms] [LOG] [Fast Refresh] done in 15ms @ webpack-internal:///(app-pages-browser)/./node_modules/next/dist/next-devtools/shared/forward-logs-shared.js:44
[   88705ms] [WARNING] Error while trying to use the following icon from the Manifest: http://localhost:3000/icons/icon-192.png (Download error or resource isn't a valid image) @ http://localhost:3000/login:0
[   88722ms] [LOG] [Fast Refresh] rebuilding @ webpack-internal:///(app-pages-browser)/./node_modules/next/dist/next-devtools/shared/forward-logs-shared.js:44
[   88733ms] [LOG] [Fast Refresh] done in 11ms @ webpack-internal:///(app-pages-browser)/./node_modules/next/dist/next-devtools/shared/forward-logs-shared.js:44
[   88761ms] [WARNING] Error while trying to use the following icon from the Manifest: http://localhost:3000/icons/icon-192.png (Download error or resource isn't a valid image) @ http://localhost:3000/login:0
[   88779ms] [LOG] [Fast Refresh] rebuilding @ webpack-internal:///(app-pages-browser)/./node_modules/next/dist/next-devtools/shared/forward-logs-shared.js:44
[   88795ms] [LOG] [Fast Refresh] done in 16ms @ webpack-internal:///(app-pages-browser)/./node_modules/next/dist/next-devtools/shared/forward-logs-shared.js:44
[   88824ms] [WARNING] Error while trying to use the following icon from the Manifest: http://localhost:3000/icons/icon-192.png (Download error or resource isn't a valid image) @ http://localhost:3000/login:0
[   88841ms] [LOG] [Fast Refresh] rebuilding @ webpack-internal:///(app-pages-browser)/./node_modules/next/dist/next-devtools/shared/forward-logs-shared.js:44
[   88852ms] [LOG] [Fast Refresh] done in 11ms @ webpack-internal:///(app-pages-browser)/./node_modules/next/dist/next-devtools/shared/forward-logs-shared.js:44
[   88897ms] [LOG] [Fast Refresh] rebuilding @ webpack-internal:///(app-pages-browser)/./node_modules/next/dist/next-devtools/shared/forward-logs-shared.js:44
[   88913ms] [LOG] [Fast Refresh] done in 15ms @ webpack-internal:///(app-pages-browser)/./node_modules/next/dist/next-devtools/shared/forward-logs-shared.js:44
[   88942ms] [WARNING] Error while trying to use the following icon from the Manifest: http://localhost:3000/icons/icon-192.png (Download error or resource isn't a valid image) @ http://localhost:3000/login:0
[   88961ms] [LOG] [Fast Refresh] rebuilding @ webpack-internal:///(app-pages-browser)/./node_modules/next/dist/next-devtools/shared/forward-logs-shared.js:44
[   88972ms] [LOG] [Fast Refresh] done in 11ms @ webpack-internal:///(app-pages-browser)/./node_modules/next/dist/next-devtools/shared/forward-logs-shared.js:44
[   89001ms] [WARNING] Error while trying to use the following icon from the Manifest: http://localhost:3000/icons/icon-192.png (Download error or resource isn't a valid image) @ http://localhost:3000/login:0
[   89018ms] [LOG] [Fast Refresh] rebuilding @ webpack-internal:///(app-pages-browser)/./node_modules/next/dist/next-devtools/shared/forward-logs-shared.js:44
[   89033ms] [LOG] [Fast Refresh] done in 14ms @ webpack-internal:///(app-pages-browser)/./node_modules/next/dist/next-devtools/shared/forward-logs-shared.js:44
[   89060ms] [WARNING] Error while trying to use the following icon from the Manifest: http://localhost:3000/icons/icon-192.png (Download error or resource isn't a valid image) @ http://localhost:3000/login:0
[   89078ms] [LOG] [Fast Refresh] rebuilding @ webpack-internal:///(app-pages-browser)/./node_modules/next/dist/next-devtools/shared/forward-logs-shared.js:44
[   89089ms] [LOG] [Fast Refresh] done in 11ms @ webpack-internal:///(app-pages-browser)/./node_modules/next/dist/next-devtools/shared/forward-logs-shared.js:44
[   89118ms] [WARNING] Error while trying to use the following icon from the Manifest: http://localhost:3000/icons/icon-192.png (Download error or resource isn't a valid image) @ http://localhost:3000/login:0
[   89136ms] [LOG] [Fast Refresh] rebuilding @ webpack-internal:///(app-pages-browser)/./node_modules/next/dist/next-devtools/shared/forward-logs-shared.js:44
[   89151ms] [LOG] [Fast Refresh] done in 16ms @ webpack-internal:///(app-pages-browser)/./node_modules/next/dist/next-devtools/shared/forward-logs-shared.js:44
[   89181ms] [WARNING] Error while trying to use the following icon from the Manifest: http://localhost:3000/icons/icon-192.png (Download error or resource isn't a valid image) @ http://localhost:3000/login:0
[   89198ms] [LOG] [Fast Refresh] rebuilding @ webpack-internal:///(app-pages-browser)/./node_modules/next/dist/next-devtools/shared/forward-logs-shared.js:44
[   89210ms] [LOG] [Fast Refresh] done in 11ms @ webpack-internal:///(app-pages-browser)/./node_modules/next/dist/next-devtools/shared/forward-logs-shared.js:44
[   89240ms] [WARNING] Error while trying to use the following icon from the Manifest: http://localhost:3000/icons/icon-192.png (Download error or resource isn't a valid image) @ http://localhost:3000/login:0
[   89257ms] [LOG] [Fast Refresh] rebuilding @ webpack-internal:///(app-pages-browser)/./node_modules/next/dist/next-devtools/shared/forward-logs-shared.js:44
[   89273ms] [LOG] [Fast Refresh] done in 15ms @ webpack-internal:///(app-pages-browser)/./node_modules/next/dist/next-devtools/shared/forward-logs-shared.js:44
[   89315ms] [LOG] [Fast Refresh] rebuilding @ webpack-internal:///(app-pages-browser)/./node_modules/next/dist/next-devtools/shared/forward-logs-shared.js:44
[   89327ms] [LOG] [Fast Refresh] done in 11ms @ webpack-internal:///(app-pages-browser)/./node_modules/next/dist/next-devtools/shared/forward-logs-shared.js:44
[   89358ms] [WARNING] Error while trying to use the following icon from the Manifest: http://localhost:3000/icons/icon-192.png (Download error or resource isn't a valid image) @ http://localhost:3000/login:0
[   89397ms] [LOG] [Fast Refresh] rebuilding @ webpack-internal:///(app-pages-browser)/./node_modules/next/dist/next-devtools/shared/forward-logs-shared.js:44
[   89414ms] [LOG] [Fast Refresh] done in 18ms @ webpack-internal:///(app-pages-browser)/./node_modules/next/dist/next-devtools/shared/forward-logs-shared.js:44
[   89443ms] [WARNING] Error while trying to use the following icon from the Manifest: http://localhost:3000/icons/icon-192.png (Download error or resource isn't a valid image) @ http://localhost:3000/login:0
[   89460ms] [LOG] [Fast Refresh] rebuilding @ webpack-internal:///(app-pages-browser)/./node_modules/next/dist/next-devtools/shared/forward-logs-shared.js:44
[   89471ms] [LOG] [Fast Refresh] done in 11ms @ webpack-internal:///(app-pages-browser)/./node_modules/next/dist/next-devtools/shared/forward-logs-shared.js:44
[   89499ms] [WARNING] Error while trying to use the following icon from the Manifest: http://localhost:3000/icons/icon-192.png (Download error or resource isn't a valid image) @ http://localhost:3000/login:0
[   89516ms] [LOG] [Fast Refresh] rebuilding @ webpack-internal:///(app-pages-browser)/./node_modules/next/dist/next-devtools/shared/forward-logs-shared.js:44
[   89530ms] [LOG] [Fast Refresh] done in 15ms @ webpack-internal:///(app-pages-browser)/./node_modules/next/dist/next-devtools/shared/forward-logs-shared.js:44
[   89558ms] [WARNING] Error while trying to use the following icon from the Manifest: http://localhost:3000/icons/icon-192.png (Download error or resource isn't a valid image) @ http://localhost:3000/login:0
[   89575ms] [LOG] [Fast Refresh] rebuilding @ webpack-internal:///(app-pages-browser)/./node_modules/next/dist/next-devtools/shared/forward-logs-shared.js:44
[   89586ms] [LOG] [Fast Refresh] done in 11ms @ webpack-internal:///(app-pages-browser)/./node_modules/next/dist/next-devtools/shared/forward-logs-shared.js:44
[   89613ms] [WARNING] Error while trying to use the following icon from the Manifest: http://localhost:3000/icons/icon-192.png (Download error or resource isn't a valid image) @ http://localhost:3000/login:0
[   89630ms] [LOG] [Fast Refresh] rebuilding @ webpack-internal:///(app-pages-browser)/./node_modules/next/dist/next-devtools/shared/forward-logs-shared.js:44
[   89647ms] [LOG] [Fast Refresh] done in 17ms @ webpack-internal:///(app-pages-browser)/./node_modules/next/dist/next-devtools/shared/forward-logs-shared.js:44
[   89676ms] [WARNING] Error while trying to use the following icon from the Manifest: http://localhost:3000/icons/icon-192.png (Download error or resource isn't a valid image) @ http://localhost:3000/login:0
[   89694ms] [LOG] [Fast Refresh] rebuilding @ webpack-internal:///(app-pages-browser)/./node_modules/next/dist/next-devtools/shared/forward-logs-shared.js:44
[   89706ms] [LOG] [Fast Refresh] done in 12ms @ webpack-internal:///(app-pages-browser)/./node_modules/next/dist/next-devtools/shared/forward-logs-shared.js:44
[   89733ms] [WARNING] Error while trying to use the following icon from the Manifest: http://localhost:3000/icons/icon-192.png (Download error or resource isn't a valid image) @ http://localhost:3000/login:0
[   89753ms] [LOG] [Fast Refresh] rebuilding @ webpack-internal:///(app-pages-browser)/./node_modules/next/dist/next-devtools/shared/forward-logs-shared.js:44
[   89769ms] [LOG] [Fast Refresh] done in 16ms @ webpack-internal:///(app-pages-browser)/./node_modules/next/dist/next-devtools/shared/forward-logs-shared.js:44
[   89813ms] [LOG] [Fast Refresh] rebuilding @ webpack-internal:///(app-pages-browser)/./node_modules/next/dist/next-devtools/shared/forward-logs-shared.js:44
[   89826ms] [LOG] [Fast Refresh] done in 13ms @ webpack-internal:///(app-pages-browser)/./node_modules/next/dist/next-devtools/shared/forward-logs-shared.js:44
[   89856ms] [WARNING] Error while trying to use the following icon from the Manifest: http://localhost:3000/icons/icon-192.png (Download error or resource isn't a valid image) @ http://localhost:3000/login:0
[   89873ms] [LOG] [Fast Refresh] rebuilding @ webpack-internal:///(app-pages-browser)/./node_modules/next/dist/next-devtools/shared/forward-logs-shared.js:44
[   89888ms] [LOG] [Fast Refresh] done in 16ms @ webpack-internal:///(app-pages-browser)/./node_modules/next/dist/next-devtools/shared/forward-logs-shared.js:44
[   89917ms] [WARNING] Error while trying to use the following icon from the Manifest: http://localhost:3000/icons/icon-192.png (Download error or resource isn't a valid image) @ http://localhost:3000/login:0
[   89934ms] [LOG] [Fast Refresh] rebuilding @ webpack-internal:///(app-pages-browser)/./node_modules/next/dist/next-devtools/shared/forward-logs-shared.js:44
[   89945ms] [LOG] [Fast Refresh] done in 11ms @ webpack-internal:///(app-pages-browser)/./node_modules/next/dist/next-devtools/shared/forward-logs-shared.js:44
[   89973ms] [WARNING] Error while trying to use the following icon from the Manifest: http://localhost:3000/icons/icon-192.png (Download error or resource isn't a valid image) @ http://localhost:3000/login:0
[   89991ms] [LOG] [Fast Refresh] rebuilding @ webpack-internal:///(app-pages-browser)/./node_modules/next/dist/next-devtools/shared/forward-logs-shared.js:44
[   90006ms] [LOG] [Fast Refresh] done in 15ms @ webpack-internal:///(app-pages-browser)/./node_modules/next/dist/next-devtools/shared/forward-logs-shared.js:44
[   90035ms] [WARNING] Error while trying to use the following icon from the Manifest: http://localhost:3000/icons/icon-192.png (Download error or resource isn't a valid image) @ http://localhost:3000/login:0
[   90052ms] [LOG] [Fast Refresh] rebuilding @ webpack-internal:///(app-pages-browser)/./node_modules/next/dist/next-devtools/shared/forward-logs-shared.js:44
[   90063ms] [LOG] [Fast Refresh] done in 12ms @ webpack-internal:///(app-pages-browser)/./node_modules/next/dist/next-devtools/shared/forward-logs-shared.js:44
[   90126ms] [WARNING] Error while trying to use the following icon from the Manifest: http://localhost:3000/icons/icon-192.png (Download error or resource isn't a valid image) @ http://localhost:3000/login:0
[   90146ms] [LOG] [Fast Refresh] rebuilding @ webpack-internal:///(app-pages-browser)/./node_modules/next/dist/next-devtools/shared/forward-logs-shared.js:44
[   90162ms] [LOG] [Fast Refresh] done in 15ms @ webpack-internal:///(app-pages-browser)/./node_modules/next/dist/next-devtools/shared/forward-logs-shared.js:44
[   90189ms] [WARNING] Error while trying to use the following icon from the Manifest: http://localhost:3000/icons/icon-192.png (Download error or resource isn't a valid image) @ http://localhost:3000/login:0
[   90206ms] [LOG] [Fast Refresh] rebuilding @ webpack-internal:///(app-pages-browser)/./node_modules/next/dist/next-devtools/shared/forward-logs-shared.js:44
[   90218ms] [LOG] [Fast Refresh] done in 12ms @ webpack-internal:///(app-pages-browser)/./node_modules/next/dist/next-devtools/shared/forward-logs-shared.js:44
[   90246ms] [WARNING] Error while trying to use the following icon from the Manifest: http://localhost:3000/icons/icon-192.png (Download error or resource isn't a valid image) @ http://localhost:3000/login:0
[   90265ms] [LOG] [Fast Refresh] rebuilding @ webpack-internal:///(app-pages-browser)/./node_modules/next/dist/next-devtools/shared/forward-logs-shared.js:44
[   90281ms] [LOG] [Fast Refresh] done in 16ms @ webpack-internal:///(app-pages-browser)/./node_modules/next/dist/next-devtools/shared/forward-logs-shared.js:44
[   90310ms] [WARNING] Error while trying to use the following icon from the Manifest: http://localhost:3000/icons/icon-192.png (Download error or resource isn't a valid image) @ http://localhost:3000/login:0
[   90327ms] [LOG] [Fast Refresh] rebuilding @ webpack-internal:///(app-pages-browser)/./node_modules/next/dist/next-devtools/shared/forward-logs-shared.js:44
[   90338ms] [LOG] [Fast Refresh] done in 12ms @ webpack-internal:///(app-pages-browser)/./node_modules/next/dist/next-devtools/shared/forward-logs-shared.js:44
[   90368ms] [WARNING] Error while trying to use the following icon from the Manifest: http://localhost:3000/icons/icon-192.png (Download error or resource isn't a valid image) @ http://localhost:3000/login:0
[   90385ms] [LOG] [Fast Refresh] rebuilding @ webpack-internal:///(app-pages-browser)/./node_modules/next/dist/next-devtools/shared/forward-logs-shared.js:44
[   90402ms] [LOG] [Fast Refresh] done in 16ms @ webpack-internal:///(app-pages-browser)/./node_modules/next/dist/next-devtools/shared/forward-logs-shared.js:44
[   90425ms] [WARNING] Error while trying to use the following icon from the Manifest: http://localhost:3000/icons/icon-192.png (Download error or resource isn't a valid image) @ http://localhost:3000/login:0
[   90447ms] [LOG] [Fast Refresh] rebuilding @ webpack-internal:///(app-pages-browser)/./node_modules/next/dist/next-devtools/shared/forward-logs-shared.js:44
[   90458ms] [LOG] [Fast Refresh] done in 12ms @ webpack-internal:///(app-pages-browser)/./node_modules/next/dist/next-devtools/shared/forward-logs-shared.js:44
[   90486ms] [WARNING] Error while trying to use the following icon from the Manifest: http://localhost:3000/icons/icon-192.png (Download error or resource isn't a valid image) @ http://localhost:3000/login:0
[   90504ms] [LOG] [Fast Refresh] rebuilding @ webpack-internal:///(app-pages-browser)/./node_modules/next/dist/next-devtools/shared/forward-logs-shared.js:44
[   90520ms] [LOG] [Fast Refresh] done in 15ms @ webpack-internal:///(app-pages-browser)/./node_modules/next/dist/next-devtools/shared/forward-logs-shared.js:44
[   90552ms] [WARNING] Error while trying to use the following icon from the Manifest: http://localhost:3000/icons/icon-192.png (Download error or resource isn't a valid image) @ http://localhost:3000/login:0
[   90573ms] [LOG] [Fast Refresh] rebuilding @ webpack-internal:///(app-pages-browser)/./node_modules/next/dist/next-devtools/shared/forward-logs-shared.js:44
[   90589ms] [LOG] [Fast Refresh] done in 16ms @ webpack-internal:///(app-pages-browser)/./node_modules/next/dist/next-devtools/shared/forward-logs-shared.js:44
[   90632ms] [WARNING] Error while trying to use the following icon from the Manifest: http://localhost:3000/icons/icon-192.png (Download error or resource isn't a valid image) @ http://localhost:3000/login:0
[   90651ms] [LOG] [Fast Refresh] rebuilding @ webpack-internal:///(app-pages-browser)/./node_modules/next/dist/next-devtools/shared/forward-logs-shared.js:44
[   90666ms] [LOG] [Fast Refresh] done in 15ms @ webpack-internal:///(app-pages-browser)/./node_modules/next/dist/next-devtools/shared/forward-logs-shared.js:44
[   90695ms] [WARNING] Error while trying to use the following icon from the Manifest: http://localhost:3000/icons/icon-192.png (Download error or resource isn't a valid image) @ http://localhost:3000/login:0
[   90712ms] [LOG] [Fast Refresh] rebuilding @ webpack-internal:///(app-pages-browser)/./node_modules/next/dist/next-devtools/shared/forward-logs-shared.js:44
[   90723ms] [LOG] [Fast Refresh] done in 12ms @ webpack-internal:///(app-pages-browser)/./node_modules/next/dist/next-devtools/shared/forward-logs-shared.js:44
[   90753ms] [WARNING] Error while trying to use the following icon from the Manifest: http://localhost:3000/icons/icon-192.png (Download error or resource isn't a valid image) @ http://localhost:3000/login:0
[   90771ms] [LOG] [Fast Refresh] rebuilding @ webpack-internal:///(app-pages-browser)/./node_modules/next/dist/next-devtools/shared/forward-logs-shared.js:44
[   90787ms] [LOG] [Fast Refresh] done in 16ms @ webpack-internal:///(app-pages-browser)/./node_modules/next/dist/next-devtools/shared/forward-logs-shared.js:44
[   90816ms] [WARNING] Error while trying to use the following icon from the Manifest: http://localhost:3000/icons/icon-192.png (Download error or resource isn't a valid image) @ http://localhost:3000/login:0
[   90833ms] [LOG] [Fast Refresh] rebuilding @ webpack-internal:///(app-pages-browser)/./node_modules/next/dist/next-devtools/shared/forward-logs-shared.js:44
[   90844ms] [LOG] [Fast Refresh] done in 12ms @ webpack-internal:///(app-pages-browser)/./node_modules/next/dist/next-devtools/shared/forward-logs-shared.js:44
[   90872ms] [WARNING] Error while trying to use the following icon from the Manifest: http://localhost:3000/icons/icon-192.png (Download error or resource isn't a valid image) @ http://localhost:3000/login:0
[   90890ms] [LOG] [Fast Refresh] rebuilding @ webpack-internal:///(app-pages-browser)/./node_modules/next/dist/next-devtools/shared/forward-logs-shared.js:44
[   90906ms] [LOG] [Fast Refresh] done in 15ms @ webpack-internal:///(app-pages-browser)/./node_modules/next/dist/next-devtools/shared/forward-logs-shared.js:44
[   90934ms] [WARNING] Error while trying to use the following icon from the Manifest: http://localhost:3000/icons/icon-192.png (Download error or resource isn't a valid image) @ http://localhost:3000/login:0
[   90951ms] [LOG] [Fast Refresh] rebuilding @ webpack-internal:///(app-pages-browser)/./node_modules/next/dist/next-devtools/shared/forward-logs-shared.js:44
[   90962ms] [LOG] [Fast Refresh] done in 11ms @ webpack-internal:///(app-pages-browser)/./node_modules/next/dist/next-devtools/shared/forward-logs-shared.js:44
[   90990ms] [WARNING] Error while trying to use the following icon from the Manifest: http://localhost:3000/icons/icon-192.png (Download error or resource isn't a valid image) @ http://localhost:3000/login:0
[   91010ms] [LOG] [Fast Refresh] rebuilding @ webpack-internal:///(app-pages-browser)/./node_modules/next/dist/next-devtools/shared/forward-logs-shared.js:44
[   91028ms] [LOG] [Fast Refresh] done in 18ms @ webpack-internal:///(app-pages-browser)/./node_modules/next/dist/next-devtools/shared/forward-logs-shared.js:44
[   91077ms] [WARNING] Error while trying to use the following icon from the Manifest: http://localhost:3000/icons/icon-192.png (Download error or resource isn't a valid image) @ http://localhost:3000/login:0
[   91081ms] [LOG] [Fast Refresh] rebuilding @ webpack-internal:///(app-pages-browser)/./node_modules/next/dist/next-devtools/shared/forward-logs-shared.js:44
[   91096ms] [LOG] [Fast Refresh] done in 15ms @ webpack-internal:///(app-pages-browser)/./node_modules/next/dist/next-devtools/shared/forward-logs-shared.js:44
[   91131ms] [WARNING] Error while trying to use the following icon from the Manifest: http://localhost:3000/icons/icon-192.png (Download error or resource isn't a valid image) @ http://localhost:3000/login:0
[   91153ms] [LOG] [Fast Refresh] rebuilding @ webpack-internal:///(app-pages-browser)/./node_modules/next/dist/next-devtools/shared/forward-logs-shared.js:44
[   91174ms] [LOG] [Fast Refresh] done in 21ms @ webpack-internal:///(app-pages-browser)/./node_modules/next/dist/next-devtools/shared/forward-logs-shared.js:44
[   91204ms] [WARNING] Error while trying to use the following icon from the Manifest: http://localhost:3000/icons/icon-192.png (Download error or resource isn't a valid image) @ http://localhost:3000/login:0
[   91221ms] [LOG] [Fast Refresh] rebuilding @ webpack-internal:///(app-pages-browser)/./node_modules/next/dist/next-devtools/shared/forward-logs-shared.js:44
[   91235ms] [LOG] [Fast Refresh] done in 13ms @ webpack-internal:///(app-pages-browser)/./node_modules/next/dist/next-devtools/shared/forward-logs-shared.js:44
[   91264ms] [WARNING] Error while trying to use the following icon from the Manifest: http://localhost:3000/icons/icon-192.png (Download error or resource isn't a valid image) @ http://localhost:3000/login:0
[   91282ms] [LOG] [Fast Refresh] rebuilding @ webpack-internal:///(app-pages-browser)/./node_modules/next/dist/next-devtools/shared/forward-logs-shared.js:44
[   91297ms] [LOG] [Fast Refresh] done in 16ms @ webpack-internal:///(app-pages-browser)/./node_modules/next/dist/next-devtools/shared/forward-logs-shared.js:44
[   91325ms] [WARNING] Error while trying to use the following icon from the Manifest: http://localhost:3000/icons/icon-192.png (Download error or resource isn't a valid image) @ http://localhost:3000/login:0
[   91342ms] [LOG] [Fast Refresh] rebuilding @ webpack-internal:///(app-pages-browser)/./node_modules/next/dist/next-devtools/shared/forward-logs-shared.js:44
[   91353ms] [LOG] [Fast Refresh] done in 11ms @ webpack-internal:///(app-pages-browser)/./node_modules/next/dist/next-devtools/shared/forward-logs-shared.js:44
[   91381ms] [WARNING] Error while trying to use the following icon from the Manifest: http://localhost:3000/icons/icon-192.png (Download error or resource isn't a valid image) @ http://localhost:3000/login:0
[   91400ms] [LOG] [Fast Refresh] rebuilding @ webpack-internal:///(app-pages-browser)/./node_modules/next/dist/next-devtools/shared/forward-logs-shared.js:44
[   91417ms] [LOG] [Fast Refresh] done in 18ms @ webpack-internal:///(app-pages-browser)/./node_modules/next/dist/next-devtools/shared/forward-logs-shared.js:44
[   91443ms] [WARNING] Error while trying to use the following icon from the Manifest: http://localhost:3000/icons/icon-192.png (Download error or resource isn't a valid image) @ http://localhost:3000/login:0
[   91460ms] [LOG] [Fast Refresh] rebuilding @ webpack-internal:///(app-pages-browser)/./node_modules/next/dist/next-devtools/shared/forward-logs-shared.js:44
[   91472ms] [LOG] [Fast Refresh] done in 12ms @ webpack-internal:///(app-pages-browser)/./node_modules/next/dist/next-devtools/shared/forward-logs-shared.js:44
[   91500ms] [WARNING] Error while trying to use the following icon from the Manifest: http://localhost:3000/icons/icon-192.png (Download error or resource isn't a valid image) @ http://localhost:3000/login:0
[   91518ms] [LOG] [Fast Refresh] rebuilding @ webpack-internal:///(app-pages-browser)/./node_modules/next/dist/next-devtools/shared/forward-logs-shared.js:44
[   91535ms] [LOG] [Fast Refresh] done in 16ms @ webpack-internal:///(app-pages-browser)/./node_modules/next/dist/next-devtools/shared/forward-logs-shared.js:44
[   91565ms] [WARNING] Error while trying to use the following icon from the Manifest: http://localhost:3000/icons/icon-192.png (Download error or resource isn't a valid image) @ http://localhost:3000/login:0
[   91585ms] [LOG] [Fast Refresh] rebuilding @ webpack-internal:///(app-pages-browser)/./node_modules/next/dist/next-devtools/shared/forward-logs-shared.js:44
[   91597ms] [LOG] [Fast Refresh] done in 12ms @ webpack-internal:///(app-pages-browser)/./node_modules/next/dist/next-devtools/shared/forward-logs-shared.js:44
[   91627ms] [WARNING] Error while trying to use the following icon from the Manifest: http://localhost:3000/icons/icon-192.png (Download error or resource isn't a valid image) @ http://localhost:3000/login:0
[   91645ms] [LOG] [Fast Refresh] rebuilding @ webpack-internal:///(app-pages-browser)/./node_modules/next/dist/next-devtools/shared/forward-logs-shared.js:44
[   91661ms] [LOG] [Fast Refresh] done in 16ms @ webpack-internal:///(app-pages-browser)/./node_modules/next/dist/next-devtools/shared/forward-logs-shared.js:44
[   91687ms] [WARNING] Error while trying to use the following icon from the Manifest: http://localhost:3000/icons/icon-192.png (Download error or resource isn't a valid image) @ http://localhost:3000/login:0
[   91716ms] [LOG] [Fast Refresh] rebuilding @ webpack-internal:///(app-pages-browser)/./node_modules/next/dist/next-devtools/shared/forward-logs-shared.js:44
[   91731ms] [LOG] [Fast Refresh] done in 15ms @ webpack-internal:///(app-pages-browser)/./node_modules/next/dist/next-devtools/shared/forward-logs-shared.js:44
[   91783ms] [LOG] [Fast Refresh] rebuilding @ webpack-internal:///(app-pages-browser)/./node_modules/next/dist/next-devtools/shared/forward-logs-shared.js:44
[   91806ms] [LOG] [Fast Refresh] done in 22ms @ webpack-internal:///(app-pages-browser)/./node_modules/next/dist/next-devtools/shared/forward-logs-shared.js:44
[   91841ms] [WARNING] Error while trying to use the following icon from the Manifest: http://localhost:3000/icons/icon-192.png (Download error or resource isn't a valid image) @ http://localhost:3000/login:0
[   91861ms] [LOG] [Fast Refresh] rebuilding @ webpack-internal:///(app-pages-browser)/./node_modules/next/dist/next-devtools/shared/forward-logs-shared.js:44
[   91875ms] [LOG] [Fast Refresh] done in 14ms @ webpack-internal:///(app-pages-browser)/./node_modules/next/dist/next-devtools/shared/forward-logs-shared.js:44
[   91928ms] [LOG] [Fast Refresh] rebuilding @ webpack-internal:///(app-pages-browser)/./node_modules/next/dist/next-devtools/shared/forward-logs-shared.js:44
[   91941ms] [LOG] [Fast Refresh] done in 13ms @ webpack-internal:///(app-pages-browser)/./node_modules/next/dist/next-devtools/shared/forward-logs-shared.js:44
[   91973ms] [WARNING] Error while trying to use the following icon from the Manifest: http://localhost:3000/icons/icon-192.png (Download error or resource isn't a valid image) @ http://localhost:3000/login:0
[   92002ms] [LOG] [Fast Refresh] rebuilding @ webpack-internal:///(app-pages-browser)/./node_modules/next/dist/next-devtools/shared/forward-logs-shared.js:44
[   92017ms] [LOG] [Fast Refresh] done in 16ms @ webpack-internal:///(app-pages-browser)/./node_modules/next/dist/next-devtools/shared/forward-logs-shared.js:44
[   92052ms] [WARNING] Error while trying to use the following icon from the Manifest: http://localhost:3000/icons/icon-192.png (Download error or resource isn't a valid image) @ http://localhost:3000/login:0
[   92075ms] [LOG] [Fast Refresh] rebuilding @ webpack-internal:///(app-pages-browser)/./node_modules/next/dist/next-devtools/shared/forward-logs-shared.js:44
[   92095ms] [LOG] [Fast Refresh] done in 20ms @ webpack-internal:///(app-pages-browser)/./node_modules/next/dist/next-devtools/shared/forward-logs-shared.js:44
[   92132ms] [WARNING] Error while trying to use the following icon from the Manifest: http://localhost:3000/icons/icon-192.png (Download error or resource isn't a valid image) @ http://localhost:3000/login:0
[   92156ms] [LOG] [Fast Refresh] rebuilding @ webpack-internal:///(app-pages-browser)/./node_modules/next/dist/next-devtools/shared/forward-logs-shared.js:44
[   92171ms] [LOG] [Fast Refresh] done in 16ms @ webpack-internal:///(app-pages-browser)/./node_modules/next/dist/next-devtools/shared/forward-logs-shared.js:44
[   92205ms] [WARNING] Error while trying to use the following icon from the Manifest: http://localhost:3000/icons/icon-192.png (Download error or resource isn't a valid image) @ http://localhost:3000/login:0
[   92226ms] [LOG] [Fast Refresh] rebuilding @ webpack-internal:///(app-pages-browser)/./node_modules/next/dist/next-devtools/shared/forward-logs-shared.js:44
[   92246ms] [LOG] [Fast Refresh] done in 20ms @ webpack-internal:///(app-pages-browser)/./node_modules/next/dist/next-devtools/shared/forward-logs-shared.js:44
[   92276ms] [WARNING] Error while trying to use the following icon from the Manifest: http://localhost:3000/icons/icon-192.png (Download error or resource isn't a valid image) @ http://localhost:3000/login:0
[   92303ms] [LOG] [Fast Refresh] rebuilding @ webpack-internal:///(app-pages-browser)/./node_modules/next/dist/next-devtools/shared/forward-logs-shared.js:44
[   92321ms] [LOG] [Fast Refresh] done in 18ms @ webpack-internal:///(app-pages-browser)/./node_modules/next/dist/next-devtools/shared/forward-logs-shared.js:44
[   92356ms] [WARNING] Error while trying to use the following icon from the Manifest: http://localhost:3000/icons/icon-192.png (Download error or resource isn't a valid image) @ http://localhost:3000/login:0
[   92374ms] [LOG] [Fast Refresh] rebuilding @ webpack-internal:///(app-pages-browser)/./node_modules/next/dist/next-devtools/shared/forward-logs-shared.js:44
[   92391ms] [LOG] [Fast Refresh] done in 16ms @ webpack-internal:///(app-pages-browser)/./node_modules/next/dist/next-devtools/shared/forward-logs-shared.js:44
[   92420ms] [WARNING] Error while trying to use the following icon from the Manifest: http://localhost:3000/icons/icon-192.png (Download error or resource isn't a valid image) @ http://localhost:3000/login:0
[   92437ms] [LOG] [Fast Refresh] rebuilding @ webpack-internal:///(app-pages-browser)/./node_modules/next/dist/next-devtools/shared/forward-logs-shared.js:44
[   92449ms] [LOG] [Fast Refresh] done in 11ms @ webpack-internal:///(app-pages-browser)/./node_modules/next/dist/next-devtools/shared/forward-logs-shared.js:44
[   92477ms] [WARNING] Error while trying to use the following icon from the Manifest: http://localhost:3000/icons/icon-192.png (Download error or resource isn't a valid image) @ http://localhost:3000/login:0
[   92494ms] [LOG] [Fast Refresh] rebuilding @ webpack-internal:///(app-pages-browser)/./node_modules/next/dist/next-devtools/shared/forward-logs-shared.js:44
[   92513ms] [LOG] [Fast Refresh] done in 18ms @ webpack-internal:///(app-pages-browser)/./node_modules/next/dist/next-devtools/shared/forward-logs-shared.js:44
[   92542ms] [WARNING] Error while trying to use the following icon from the Manifest: http://localhost:3000/icons/icon-192.png (Download error or resource isn't a valid image) @ http://localhost:3000/login:0
[   92558ms] [LOG] [Fast Refresh] rebuilding @ webpack-internal:///(app-pages-browser)/./node_modules/next/dist/next-devtools/shared/forward-logs-shared.js:44
[   92577ms] [LOG] [Fast Refresh] done in 19ms @ webpack-internal:///(app-pages-browser)/./node_modules/next/dist/next-devtools/shared/forward-logs-shared.js:44
[   92619ms] [WARNING] Error while trying to use the following icon from the Manifest: http://localhost:3000/icons/icon-192.png (Download error or resource isn't a valid image) @ http://localhost:3000/login:0
[   92622ms] [LOG] [Fast Refresh] rebuilding @ webpack-internal:///(app-pages-browser)/./node_modules/next/dist/next-devtools/shared/forward-logs-shared.js:44
[   92646ms] [LOG] [Fast Refresh] done in 25ms @ webpack-internal:///(app-pages-browser)/./node_modules/next/dist/next-devtools/shared/forward-logs-shared.js:44
[   92678ms] [WARNING] Error while trying to use the following icon from the Manifest: http://localhost:3000/icons/icon-192.png (Download error or resource isn't a valid image) @ http://localhost:3000/login:0
[   92696ms] [LOG] [Fast Refresh] rebuilding @ webpack-internal:///(app-pages-browser)/./node_modules/next/dist/next-devtools/shared/forward-logs-shared.js:44
[   92709ms] [LOG] [Fast Refresh] done in 13ms @ webpack-internal:///(app-pages-browser)/./node_modules/next/dist/next-devtools/shared/forward-logs-shared.js:44
[   92738ms] [WARNING] Error while trying to use the following icon from the Manifest: http://localhost:3000/icons/icon-192.png (Download error or resource isn't a valid image) @ http://localhost:3000/login:0
[   92758ms] [LOG] [Fast Refresh] rebuilding @ webpack-internal:///(app-pages-browser)/./node_modules/next/dist/next-devtools/shared/forward-logs-shared.js:44
[   92777ms] [LOG] [Fast Refresh] done in 18ms @ webpack-internal:///(app-pages-browser)/./node_modules/next/dist/next-devtools/shared/forward-logs-shared.js:44
[   92806ms] [WARNING] Error while trying to use the following icon from the Manifest: http://localhost:3000/icons/icon-192.png (Download error or resource isn't a valid image) @ http://localhost:3000/login:0
[   92823ms] [LOG] [Fast Refresh] rebuilding @ webpack-internal:///(app-pages-browser)/./node_modules/next/dist/next-devtools/shared/forward-logs-shared.js:44
[   92835ms] [LOG] [Fast Refresh] done in 12ms @ webpack-internal:///(app-pages-browser)/./node_modules/next/dist/next-devtools/shared/forward-logs-shared.js:44
[   92863ms] [WARNING] Error while trying to use the following icon from the Manifest: http://localhost:3000/icons/icon-192.png (Download error or resource isn't a valid image) @ http://localhost:3000/login:0
[   92880ms] [LOG] [Fast Refresh] rebuilding @ webpack-internal:///(app-pages-browser)/./node_modules/next/dist/next-devtools/shared/forward-logs-shared.js:44
[   92898ms] [LOG] [Fast Refresh] done in 18ms @ webpack-internal:///(app-pages-browser)/./node_modules/next/dist/next-devtools/shared/forward-logs-shared.js:44
[   92921ms] [WARNING] Error while trying to use the following icon from the Manifest: http://localhost:3000/icons/icon-192.png (Download error or resource isn't a valid image) @ http://localhost:3000/login:0
[   92942ms] [LOG] [Fast Refresh] rebuilding @ webpack-internal:///(app-pages-browser)/./node_modules/next/dist/next-devtools/shared/forward-logs-shared.js:44
[   92954ms] [LOG] [Fast Refresh] done in 12ms @ webpack-internal:///(app-pages-browser)/./node_modules/next/dist/next-devtools/shared/forward-logs-shared.js:44
[   92982ms] [WARNING] Error while trying to use the following icon from the Manifest: http://localhost:3000/icons/icon-192.png (Download error or resource isn't a valid image) @ http://localhost:3000/login:0
[   93001ms] [LOG] [Fast Refresh] rebuilding @ webpack-internal:///(app-pages-browser)/./node_modules/next/dist/next-devtools/shared/forward-logs-shared.js:44
[   93016ms] [LOG] [Fast Refresh] done in 15ms @ webpack-internal:///(app-pages-browser)/./node_modules/next/dist/next-devtools/shared/forward-logs-shared.js:44
[   93045ms] [WARNING] Error while trying to use the following icon from the Manifest: http://localhost:3000/icons/icon-192.png (Download error or resource isn't a valid image) @ http://localhost:3000/login:0
[   93064ms] [LOG] [Fast Refresh] rebuilding @ webpack-internal:///(app-pages-browser)/./node_modules/next/dist/next-devtools/shared/forward-logs-shared.js:44
[   93076ms] [LOG] [Fast Refresh] done in 13ms @ webpack-internal:///(app-pages-browser)/./node_modules/next/dist/next-devtools/shared/forward-logs-shared.js:44
[   93106ms] [WARNING] Error while trying to use the following icon from the Manifest: http://localhost:3000/icons/icon-192.png (Download error or resource isn't a valid image) @ http://localhost:3000/login:0
[   93128ms] [LOG] [Fast Refresh] rebuilding @ webpack-internal:///(app-pages-browser)/./node_modules/next/dist/next-devtools/shared/forward-logs-shared.js:44
[   93147ms] [LOG] [Fast Refresh] done in 20ms @ webpack-internal:///(app-pages-browser)/./node_modules/next/dist/next-devtools/shared/forward-logs-shared.js:44
[   93193ms] [LOG] [Fast Refresh] rebuilding @ webpack-internal:///(app-pages-browser)/./node_modules/next/dist/next-devtools/shared/forward-logs-shared.js:44
[   93205ms] [LOG] [Fast Refresh] done in 12ms @ webpack-internal:///(app-pages-browser)/./node_modules/next/dist/next-devtools/shared/forward-logs-shared.js:44
[   93233ms] [WARNING] Error while trying to use the following icon from the Manifest: http://localhost:3000/icons/icon-192.png (Download error or resource isn't a valid image) @ http://localhost:3000/login:0
[   93252ms] [LOG] [Fast Refresh] rebuilding @ webpack-internal:///(app-pages-browser)/./node_modules/next/dist/next-devtools/shared/forward-logs-shared.js:44
[   93269ms] [LOG] [Fast Refresh] done in 16ms @ webpack-internal:///(app-pages-browser)/./node_modules/next/dist/next-devtools/shared/forward-logs-shared.js:44
[   93296ms] [WARNING] Error while trying to use the following icon from the Manifest: http://localhost:3000/icons/icon-192.png (Download error or resource isn't a valid image) @ http://localhost:3000/login:0
[   93313ms] [LOG] [Fast Refresh] rebuilding @ webpack-internal:///(app-pages-browser)/./node_modules/next/dist/next-devtools/shared/forward-logs-shared.js:44
[   93325ms] [LOG] [Fast Refresh] done in 12ms @ webpack-internal:///(app-pages-browser)/./node_modules/next/dist/next-devtools/shared/forward-logs-shared.js:44
[   93354ms] [WARNING] Error while trying to use the following icon from the Manifest: http://localhost:3000/icons/icon-192.png (Download error or resource isn't a valid image) @ http://localhost:3000/login:0
[   93372ms] [LOG] [Fast Refresh] rebuilding @ webpack-internal:///(app-pages-browser)/./node_modules/next/dist/next-devtools/shared/forward-logs-shared.js:44
[   93388ms] [LOG] [Fast Refresh] done in 16ms @ webpack-internal:///(app-pages-browser)/./node_modules/next/dist/next-devtools/shared/forward-logs-shared.js:44
[   93415ms] [WARNING] Error while trying to use the following icon from the Manifest: http://localhost:3000/icons/icon-192.png (Download error or resource isn't a valid image) @ http://localhost:3000/login:0
[   93432ms] [LOG] [Fast Refresh] rebuilding @ webpack-internal:///(app-pages-browser)/./node_modules/next/dist/next-devtools/shared/forward-logs-shared.js:44
[   93444ms] [LOG] [Fast Refresh] done in 13ms @ webpack-internal:///(app-pages-browser)/./node_modules/next/dist/next-devtools/shared/forward-logs-shared.js:44
[   93473ms] [WARNING] Error while trying to use the following icon from the Manifest: http://localhost:3000/icons/icon-192.png (Download error or resource isn't a valid image) @ http://localhost:3000/login:0
[   93491ms] [LOG] [Fast Refresh] rebuilding @ webpack-internal:///(app-pages-browser)/./node_modules/next/dist/next-devtools/shared/forward-logs-shared.js:44
[   93507ms] [LOG] [Fast Refresh] done in 16ms @ webpack-internal:///(app-pages-browser)/./node_modules/next/dist/next-devtools/shared/forward-logs-shared.js:44
[   93536ms] [WARNING] Error while trying to use the following icon from the Manifest: http://localhost:3000/icons/icon-192.png (Download error or resource isn't a valid image) @ http://localhost:3000/login:0
[   93554ms] [LOG] [Fast Refresh] rebuilding @ webpack-internal:///(app-pages-browser)/./node_modules/next/dist/next-devtools/shared/forward-logs-shared.js:44
[   93565ms] [LOG] [Fast Refresh] done in 12ms @ webpack-internal:///(app-pages-browser)/./node_modules/next/dist/next-devtools/shared/forward-logs-shared.js:44
[   93594ms] [WARNING] Error while trying to use the following icon from the Manifest: http://localhost:3000/icons/icon-192.png (Download error or resource isn't a valid image) @ http://localhost:3000/login:0
[   93615ms] [LOG] [Fast Refresh] rebuilding @ webpack-internal:///(app-pages-browser)/./node_modules/next/dist/next-devtools/shared/forward-logs-shared.js:44
[   93632ms] [LOG] [Fast Refresh] done in 17ms @ webpack-internal:///(app-pages-browser)/./node_modules/next/dist/next-devtools/shared/forward-logs-shared.js:44
[   93658ms] [WARNING] Error while trying to use the following icon from the Manifest: http://localhost:3000/icons/icon-192.png (Download error or resource isn't a valid image) @ http://localhost:3000/login:0
[   93680ms] [LOG] [Fast Refresh] rebuilding @ webpack-internal:///(app-pages-browser)/./node_modules/next/dist/next-devtools/shared/forward-logs-shared.js:44
[   93693ms] [LOG] [Fast Refresh] done in 13ms @ webpack-internal:///(app-pages-browser)/./node_modules/next/dist/next-devtools/shared/forward-logs-shared.js:44
[   93722ms] [WARNING] Error while trying to use the following icon from the Manifest: http://localhost:3000/icons/icon-192.png (Download error or resource isn't a valid image) @ http://localhost:3000/login:0
[   93742ms] [LOG] [Fast Refresh] rebuilding @ webpack-internal:///(app-pages-browser)/./node_modules/next/dist/next-devtools/shared/forward-logs-shared.js:44
[   93759ms] [LOG] [Fast Refresh] done in 17ms @ webpack-internal:///(app-pages-browser)/./node_modules/next/dist/next-devtools/shared/forward-logs-shared.js:44
[   93790ms] [WARNING] Error while trying to use the following icon from the Manifest: http://localhost:3000/icons/icon-192.png (Download error or resource isn't a valid image) @ http://localhost:3000/login:0
[   93807ms] [LOG] [Fast Refresh] rebuilding @ webpack-internal:///(app-pages-browser)/./node_modules/next/dist/next-devtools/shared/forward-logs-shared.js:44
[   93819ms] [LOG] [Fast Refresh] done in 13ms @ webpack-internal:///(app-pages-browser)/./node_modules/next/dist/next-devtools/shared/forward-logs-shared.js:44
[   93865ms] [LOG] [Fast Refresh] rebuilding @ webpack-internal:///(app-pages-browser)/./node_modules/next/dist/next-devtools/shared/forward-logs-shared.js:44
[   93882ms] [LOG] [Fast Refresh] done in 16ms @ webpack-internal:///(app-pages-browser)/./node_modules/next/dist/next-devtools/shared/forward-logs-shared.js:44
[   93913ms] [WARNING] Error while trying to use the following icon from the Manifest: http://localhost:3000/icons/icon-192.png (Download error or resource isn't a valid image) @ http://localhost:3000/login:0
[   93930ms] [LOG] [Fast Refresh] rebuilding @ webpack-internal:///(app-pages-browser)/./node_modules/next/dist/next-devtools/shared/forward-logs-shared.js:44
[   93942ms] [LOG] [Fast Refresh] done in 12ms @ webpack-internal:///(app-pages-browser)/./node_modules/next/dist/next-devtools/shared/forward-logs-shared.js:44
[   93972ms] [WARNING] Error while trying to use the following icon from the Manifest: http://localhost:3000/icons/icon-192.png (Download error or resource isn't a valid image) @ http://localhost:3000/login:0
[   93991ms] [LOG] [Fast Refresh] rebuilding @ webpack-internal:///(app-pages-browser)/./node_modules/next/dist/next-devtools/shared/forward-logs-shared.js:44
[   94006ms] [LOG] [Fast Refresh] done in 15ms @ webpack-internal:///(app-pages-browser)/./node_modules/next/dist/next-devtools/shared/forward-logs-shared.js:44
[   94037ms] [WARNING] Error while trying to use the following icon from the Manifest: http://localhost:3000/icons/icon-192.png (Download error or resource isn't a valid image) @ http://localhost:3000/login:0
[   94054ms] [LOG] [Fast Refresh] rebuilding @ webpack-internal:///(app-pages-browser)/./node_modules/next/dist/next-devtools/shared/forward-logs-shared.js:44
[   94066ms] [LOG] [Fast Refresh] done in 12ms @ webpack-internal:///(app-pages-browser)/./node_modules/next/dist/next-devtools/shared/forward-logs-shared.js:44
[   94095ms] [WARNING] Error while trying to use the following icon from the Manifest: http://localhost:3000/icons/icon-192.png (Download error or resource isn't a valid image) @ http://localhost:3000/login:0
[   94115ms] [LOG] [Fast Refresh] rebuilding @ webpack-internal:///(app-pages-browser)/./node_modules/next/dist/next-devtools/shared/forward-logs-shared.js:44
[   94131ms] [LOG] [Fast Refresh] done in 16ms @ webpack-internal:///(app-pages-browser)/./node_modules/next/dist/next-devtools/shared/forward-logs-shared.js:44
[   94161ms] [WARNING] Error while trying to use the following icon from the Manifest: http://localhost:3000/icons/icon-192.png (Download error or resource isn't a valid image) @ http://localhost:3000/login:0
[   94179ms] [LOG] [Fast Refresh] rebuilding @ webpack-internal:///(app-pages-browser)/./node_modules/next/dist/next-devtools/shared/forward-logs-shared.js:44
[   94193ms] [LOG] [Fast Refresh] done in 14ms @ webpack-internal:///(app-pages-browser)/./node_modules/next/dist/next-devtools/shared/forward-logs-shared.js:44
[   94223ms] [WARNING] Error while trying to use the following icon from the Manifest: http://localhost:3000/icons/icon-192.png (Download error or resource isn't a valid image) @ http://localhost:3000/login:0
[   94241ms] [LOG] [Fast Refresh] rebuilding @ webpack-internal:///(app-pages-browser)/./node_modules/next/dist/next-devtools/shared/forward-logs-shared.js:44
[   94257ms] [LOG] [Fast Refresh] done in 16ms @ webpack-internal:///(app-pages-browser)/./node_modules/next/dist/next-devtools/shared/forward-logs-shared.js:44
[   94301ms] [WARNING] Error while trying to use the following icon from the Manifest: http://localhost:3000/icons/icon-192.png (Download error or resource isn't a valid image) @ http://localhost:3000/login:0
[   94304ms] [LOG] [Fast Refresh] rebuilding @ webpack-internal:///(app-pages-browser)/./node_modules/next/dist/next-devtools/shared/forward-logs-shared.js:44
[   94315ms] [LOG] [Fast Refresh] done in 11ms @ webpack-internal:///(app-pages-browser)/./node_modules/next/dist/next-devtools/shared/forward-logs-shared.js:44
[   94347ms] [WARNING] Error while trying to use the following icon from the Manifest: http://localhost:3000/icons/icon-192.png (Download error or resource isn't a valid image) @ http://localhost:3000/login:0
[   94365ms] [LOG] [Fast Refresh] rebuilding @ webpack-internal:///(app-pages-browser)/./node_modules/next/dist/next-devtools/shared/forward-logs-shared.js:44
[   94382ms] [LOG] [Fast Refresh] done in 16ms @ webpack-internal:///(app-pages-browser)/./node_modules/next/dist/next-devtools/shared/forward-logs-shared.js:44
[   94409ms] [WARNING] Error while trying to use the following icon from the Manifest: http://localhost:3000/icons/icon-192.png (Download error or resource isn't a valid image) @ http://localhost:3000/login:0
[   94427ms] [LOG] [Fast Refresh] rebuilding @ webpack-internal:///(app-pages-browser)/./node_modules/next/dist/next-devtools/shared/forward-logs-shared.js:44
[   94439ms] [LOG] [Fast Refresh] done in 12ms @ webpack-internal:///(app-pages-browser)/./node_modules/next/dist/next-devtools/shared/forward-logs-shared.js:44
[   94468ms] [WARNING] Error while trying to use the following icon from the Manifest: http://localhost:3000/icons/icon-192.png (Download error or resource isn't a valid image) @ http://localhost:3000/login:0
[   94487ms] [LOG] [Fast Refresh] rebuilding @ webpack-internal:///(app-pages-browser)/./node_modules/next/dist/next-devtools/shared/forward-logs-shared.js:44
[   94503ms] [LOG] [Fast Refresh] done in 17ms @ webpack-internal:///(app-pages-browser)/./node_modules/next/dist/next-devtools/shared/forward-logs-shared.js:44
[   94530ms] [WARNING] Error while trying to use the following icon from the Manifest: http://localhost:3000/icons/icon-192.png (Download error or resource isn't a valid image) @ http://localhost:3000/login:0
[   94548ms] [LOG] [Fast Refresh] rebuilding @ webpack-internal:///(app-pages-browser)/./node_modules/next/dist/next-devtools/shared/forward-logs-shared.js:44
[   94559ms] [LOG] [Fast Refresh] done in 11ms @ webpack-internal:///(app-pages-browser)/./node_modules/next/dist/next-devtools/shared/forward-logs-shared.js:44
[   94589ms] [WARNING] Error while trying to use the following icon from the Manifest: http://localhost:3000/icons/icon-192.png (Download error or resource isn't a valid image) @ http://localhost:3000/login:0
[   94606ms] [LOG] [Fast Refresh] rebuilding @ webpack-internal:///(app-pages-browser)/./node_modules/next/dist/next-devtools/shared/forward-logs-shared.js:44
[   94622ms] [LOG] [Fast Refresh] done in 15ms @ webpack-internal:///(app-pages-browser)/./node_modules/next/dist/next-devtools/shared/forward-logs-shared.js:44
[   94648ms] [WARNING] Error while trying to use the following icon from the Manifest: http://localhost:3000/icons/icon-192.png (Download error or resource isn't a valid image) @ http://localhost:3000/login:0
[   94667ms] [LOG] [Fast Refresh] rebuilding @ webpack-internal:///(app-pages-browser)/./node_modules/next/dist/next-devtools/shared/forward-logs-shared.js:44
[   94679ms] [LOG] [Fast Refresh] done in 12ms @ webpack-internal:///(app-pages-browser)/./node_modules/next/dist/next-devtools/shared/forward-logs-shared.js:44
[   94709ms] [WARNING] Error while trying to use the following icon from the Manifest: http://localhost:3000/icons/icon-192.png (Download error or resource isn't a valid image) @ http://localhost:3000/login:0
[   94728ms] [LOG] [Fast Refresh] rebuilding @ webpack-internal:///(app-pages-browser)/./node_modules/next/dist/next-devtools/shared/forward-logs-shared.js:44
[   94743ms] [LOG] [Fast Refresh] done in 16ms @ webpack-internal:///(app-pages-browser)/./node_modules/next/dist/next-devtools/shared/forward-logs-shared.js:44
[   94773ms] [WARNING] Error while trying to use the following icon from the Manifest: http://localhost:3000/icons/icon-192.png (Download error or resource isn't a valid image) @ http://localhost:3000/login:0
[   94789ms] [LOG] [Fast Refresh] rebuilding @ webpack-internal:///(app-pages-browser)/./node_modules/next/dist/next-devtools/shared/forward-logs-shared.js:44
[   94802ms] [LOG] [Fast Refresh] done in 12ms @ webpack-internal:///(app-pages-browser)/./node_modules/next/dist/next-devtools/shared/forward-logs-shared.js:44
[   94833ms] [WARNING] Error while trying to use the following icon from the Manifest: http://localhost:3000/icons/icon-192.png (Download error or resource isn't a valid image) @ http://localhost:3000/login:0
[   94851ms] [LOG] [Fast Refresh] rebuilding @ webpack-internal:///(app-pages-browser)/./node_modules/next/dist/next-devtools/shared/forward-logs-shared.js:44
[   94869ms] [LOG] [Fast Refresh] done in 19ms @ webpack-internal:///(app-pages-browser)/./node_modules/next/dist/next-devtools/shared/forward-logs-shared.js:44
[   94898ms] [WARNING] Error while trying to use the following icon from the Manifest: http://localhost:3000/icons/icon-192.png (Download error or resource isn't a valid image) @ http://localhost:3000/login:0
[   94916ms] [LOG] [Fast Refresh] rebuilding @ webpack-internal:///(app-pages-browser)/./node_modules/next/dist/next-devtools/shared/forward-logs-shared.js:44
[   94928ms] [LOG] [Fast Refresh] done in 13ms @ webpack-internal:///(app-pages-browser)/./node_modules/next/dist/next-devtools/shared/forward-logs-shared.js:44
[   94958ms] [WARNING] Error while trying to use the following icon from the Manifest: http://localhost:3000/icons/icon-192.png (Download error or resource isn't a valid image) @ http://localhost:3000/login:0
[   94977ms] [LOG] [Fast Refresh] rebuilding @ webpack-internal:///(app-pages-browser)/./node_modules/next/dist/next-devtools/shared/forward-logs-shared.js:44
[   94994ms] [LOG] [Fast Refresh] done in 16ms @ webpack-internal:///(app-pages-browser)/./node_modules/next/dist/next-devtools/shared/forward-logs-shared.js:44
[   95017ms] [WARNING] Error while trying to use the following icon from the Manifest: http://localhost:3000/icons/icon-192.png (Download error or resource isn't a valid image) @ http://localhost:3000/login:0
[   95040ms] [LOG] [Fast Refresh] rebuilding @ webpack-internal:///(app-pages-browser)/./node_modules/next/dist/next-devtools/shared/forward-logs-shared.js:44
[   95052ms] [LOG] [Fast Refresh] done in 12ms @ webpack-internal:///(app-pages-browser)/./node_modules/next/dist/next-devtools/shared/forward-logs-shared.js:44
[   95079ms] [WARNING] Error while trying to use the following icon from the Manifest: http://localhost:3000/icons/icon-192.png (Download error or resource isn't a valid image) @ http://localhost:3000/login:0
[   95100ms] [LOG] [Fast Refresh] rebuilding @ webpack-internal:///(app-pages-browser)/./node_modules/next/dist/next-devtools/shared/forward-logs-shared.js:44
[   95118ms] [LOG] [Fast Refresh] done in 17ms @ webpack-internal:///(app-pages-browser)/./node_modules/next/dist/next-devtools/shared/forward-logs-shared.js:44
[   95145ms] [WARNING] Error while trying to use the following icon from the Manifest: http://localhost:3000/icons/icon-192.png (Download error or resource isn't a valid image) @ http://localhost:3000/login:0
[   95163ms] [LOG] [Fast Refresh] rebuilding @ webpack-internal:///(app-pages-browser)/./node_modules/next/dist/next-devtools/shared/forward-logs-shared.js:44
[   95174ms] [LOG] [Fast Refresh] done in 11ms @ webpack-internal:///(app-pages-browser)/./node_modules/next/dist/next-devtools/shared/forward-logs-shared.js:44
[   95182ms] [WARNING] Error while trying to use the following icon from the Manifest: http://localhost:3000/icons/icon-192.png (Download error or resource isn't a valid image) @ http://localhost:3000/login:0
[   95226ms] [LOG] [Fast Refresh] rebuilding @ webpack-internal:///(app-pages-browser)/./node_modules/next/dist/next-devtools/shared/forward-logs-shared.js:44
[   95243ms] [LOG] [Fast Refresh] done in 17ms @ webpack-internal:///(app-pages-browser)/./node_modules/next/dist/next-devtools/shared/forward-logs-shared.js:44
[   95298ms] [WARNING] Error while trying to use the following icon from the Manifest: http://localhost:3000/icons/icon-192.png (Download error or resource isn't a valid image) @ http://localhost:3000/login:0
[   95321ms] [LOG] [Fast Refresh] rebuilding @ webpack-internal:///(app-pages-browser)/./node_modules/next/dist/next-devtools/shared/forward-logs-shared.js:44
[   95332ms] [LOG] [Fast Refresh] done in 12ms @ webpack-internal:///(app-pages-browser)/./node_modules/next/dist/next-devtools/shared/forward-logs-shared.js:44
[   95362ms] [WARNING] Error while trying to use the following icon from the Manifest: http://localhost:3000/icons/icon-192.png (Download error or resource isn't a valid image) @ http://localhost:3000/login:0
[   95381ms] [LOG] [Fast Refresh] rebuilding @ webpack-internal:///(app-pages-browser)/./node_modules/next/dist/next-devtools/shared/forward-logs-shared.js:44
[   95397ms] [LOG] [Fast Refresh] done in 16ms @ webpack-internal:///(app-pages-browser)/./node_modules/next/dist/next-devtools/shared/forward-logs-shared.js:44
[   95420ms] [WARNING] Error while trying to use the following icon from the Manifest: http://localhost:3000/icons/icon-192.png (Download error or resource isn't a valid image) @ http://localhost:3000/login:0
[   95443ms] [LOG] [Fast Refresh] rebuilding @ webpack-internal:///(app-pages-browser)/./node_modules/next/dist/next-devtools/shared/forward-logs-shared.js:44
[   95454ms] [LOG] [Fast Refresh] done in 12ms @ webpack-internal:///(app-pages-browser)/./node_modules/next/dist/next-devtools/shared/forward-logs-shared.js:44
[   95481ms] [WARNING] Error while trying to use the following icon from the Manifest: http://localhost:3000/icons/icon-192.png (Download error or resource isn't a valid image) @ http://localhost:3000/login:0
[   95500ms] [LOG] [Fast Refresh] rebuilding @ webpack-internal:///(app-pages-browser)/./node_modules/next/dist/next-devtools/shared/forward-logs-shared.js:44
[   95515ms] [LOG] [Fast Refresh] done in 16ms @ webpack-internal:///(app-pages-browser)/./node_modules/next/dist/next-devtools/shared/forward-logs-shared.js:44
[   95544ms] [WARNING] Error while trying to use the following icon from the Manifest: http://localhost:3000/icons/icon-192.png (Download error or resource isn't a valid image) @ http://localhost:3000/login:0
[   95563ms] [LOG] [Fast Refresh] rebuilding @ webpack-internal:///(app-pages-browser)/./node_modules/next/dist/next-devtools/shared/forward-logs-shared.js:44
[   95574ms] [LOG] [Fast Refresh] done in 12ms @ webpack-internal:///(app-pages-browser)/./node_modules/next/dist/next-devtools/shared/forward-logs-shared.js:44
[   95605ms] [WARNING] Error while trying to use the following icon from the Manifest: http://localhost:3000/icons/icon-192.png (Download error or resource isn't a valid image) @ http://localhost:3000/login:0
[   95622ms] [LOG] [Fast Refresh] rebuilding @ webpack-internal:///(app-pages-browser)/./node_modules/next/dist/next-devtools/shared/forward-logs-shared.js:44
[   95638ms] [LOG] [Fast Refresh] done in 16ms @ webpack-internal:///(app-pages-browser)/./node_modules/next/dist/next-devtools/shared/forward-logs-shared.js:44
[   95665ms] [WARNING] Error while trying to use the following icon from the Manifest: http://localhost:3000/icons/icon-192.png (Download error or resource isn't a valid image) @ http://localhost:3000/login:0
[   95682ms] [LOG] [Fast Refresh] rebuilding @ webpack-internal:///(app-pages-browser)/./node_modules/next/dist/next-devtools/shared/forward-logs-shared.js:44
[   95695ms] [LOG] [Fast Refresh] done in 12ms @ webpack-internal:///(app-pages-browser)/./node_modules/next/dist/next-devtools/shared/forward-logs-shared.js:44
[   95725ms] [WARNING] Error while trying to use the following icon from the Manifest: http://localhost:3000/icons/icon-192.png (Download error or resource isn't a valid image) @ http://localhost:3000/login:0
[   95743ms] [LOG] [Fast Refresh] rebuilding @ webpack-internal:///(app-pages-browser)/./node_modules/next/dist/next-devtools/shared/forward-logs-shared.js:44
[   95760ms] [LOG] [Fast Refresh] done in 16ms @ webpack-internal:///(app-pages-browser)/./node_modules/next/dist/next-devtools/shared/forward-logs-shared.js:44
[   95789ms] [WARNING] Error while trying to use the following icon from the Manifest: http://localhost:3000/icons/icon-192.png (Download error or resource isn't a valid image) @ http://localhost:3000/login:0
[   95807ms] [LOG] [Fast Refresh] rebuilding @ webpack-internal:///(app-pages-browser)/./node_modules/next/dist/next-devtools/shared/forward-logs-shared.js:44
[   95819ms] [LOG] [Fast Refresh] done in 13ms @ webpack-internal:///(app-pages-browser)/./node_modules/next/dist/next-devtools/shared/forward-logs-shared.js:44
[   95863ms] [LOG] [Fast Refresh] rebuilding @ webpack-internal:///(app-pages-browser)/./node_modules/next/dist/next-devtools/shared/forward-logs-shared.js:44
[   95880ms] [LOG] [Fast Refresh] done in 17ms @ webpack-internal:///(app-pages-browser)/./node_modules/next/dist/next-devtools/shared/forward-logs-shared.js:44
[   95905ms] [WARNING] Error while trying to use the following icon from the Manifest: http://localhost:3000/icons/icon-192.png (Download error or resource isn't a valid image) @ http://localhost:3000/login:0
[   95929ms] [LOG] [Fast Refresh] rebuilding @ webpack-internal:///(app-pages-browser)/./node_modules/next/dist/next-devtools/shared/forward-logs-shared.js:44
[   95941ms] [LOG] [Fast Refresh] done in 12ms @ webpack-internal:///(app-pages-browser)/./node_modules/next/dist/next-devtools/shared/forward-logs-shared.js:44
[   95968ms] [WARNING] Error while trying to use the following icon from the Manifest: http://localhost:3000/icons/icon-192.png (Download error or resource isn't a valid image) @ http://localhost:3000/login:0
[   95988ms] [LOG] [Fast Refresh] rebuilding @ webpack-internal:///(app-pages-browser)/./node_modules/next/dist/next-devtools/shared/forward-logs-shared.js:44
[   96004ms] [LOG] [Fast Refresh] done in 15ms @ webpack-internal:///(app-pages-browser)/./node_modules/next/dist/next-devtools/shared/forward-logs-shared.js:44
[   96031ms] [WARNING] Error while trying to use the following icon from the Manifest: http://localhost:3000/icons/icon-192.png (Download error or resource isn't a valid image) @ http://localhost:3000/login:0
[   96052ms] [LOG] [Fast Refresh] rebuilding @ webpack-internal:///(app-pages-browser)/./node_modules/next/dist/next-devtools/shared/forward-logs-shared.js:44
[   96068ms] [LOG] [Fast Refresh] done in 16ms @ webpack-internal:///(app-pages-browser)/./node_modules/next/dist/next-devtools/shared/forward-logs-shared.js:44
[   96098ms] [WARNING] Error while trying to use the following icon from the Manifest: http://localhost:3000/icons/icon-192.png (Download error or resource isn't a valid image) @ http://localhost:3000/login:0
[   96117ms] [LOG] [Fast Refresh] rebuilding @ webpack-internal:///(app-pages-browser)/./node_modules/next/dist/next-devtools/shared/forward-logs-shared.js:44
[   96143ms] [LOG] [Fast Refresh] done in 26ms @ webpack-internal:///(app-pages-browser)/./node_modules/next/dist/next-devtools/shared/forward-logs-shared.js:44
[   96188ms] [LOG] [Fast Refresh] rebuilding @ webpack-internal:///(app-pages-browser)/./node_modules/next/dist/next-devtools/shared/forward-logs-shared.js:44
[   96201ms] [LOG] [Fast Refresh] done in 13ms @ webpack-internal:///(app-pages-browser)/./node_modules/next/dist/next-devtools/shared/forward-logs-shared.js:44
[   96230ms] [WARNING] Error while trying to use the following icon from the Manifest: http://localhost:3000/icons/icon-192.png (Download error or resource isn't a valid image) @ http://localhost:3000/login:0
[   96248ms] [LOG] [Fast Refresh] rebuilding @ webpack-internal:///(app-pages-browser)/./node_modules/next/dist/next-devtools/shared/forward-logs-shared.js:44
[   96264ms] [LOG] [Fast Refresh] done in 16ms @ webpack-internal:///(app-pages-browser)/./node_modules/next/dist/next-devtools/shared/forward-logs-shared.js:44
[   96294ms] [WARNING] Error while trying to use the following icon from the Manifest: http://localhost:3000/icons/icon-192.png (Download error or resource isn't a valid image) @ http://localhost:3000/login:0
[   96313ms] [LOG] [Fast Refresh] rebuilding @ webpack-internal:///(app-pages-browser)/./node_modules/next/dist/next-devtools/shared/forward-logs-shared.js:44
[   96326ms] [LOG] [Fast Refresh] done in 12ms @ webpack-internal:///(app-pages-browser)/./node_modules/next/dist/next-devtools/shared/forward-logs-shared.js:44
[   96356ms] [WARNING] Error while trying to use the following icon from the Manifest: http://localhost:3000/icons/icon-192.png (Download error or resource isn't a valid image) @ http://localhost:3000/login:0
[   96375ms] [LOG] [Fast Refresh] rebuilding @ webpack-internal:///(app-pages-browser)/./node_modules/next/dist/next-devtools/shared/forward-logs-shared.js:44
[   96396ms] [LOG] [Fast Refresh] done in 20ms @ webpack-internal:///(app-pages-browser)/./node_modules/next/dist/next-devtools/shared/forward-logs-shared.js:44
[   96440ms] [LOG] [Fast Refresh] rebuilding @ webpack-internal:///(app-pages-browser)/./node_modules/next/dist/next-devtools/shared/forward-logs-shared.js:44
[   96452ms] [LOG] [Fast Refresh] done in 13ms @ webpack-internal:///(app-pages-browser)/./node_modules/next/dist/next-devtools/shared/forward-logs-shared.js:44
[   96481ms] [WARNING] Error while trying to use the following icon from the Manifest: http://localhost:3000/icons/icon-192.png (Download error or resource isn't a valid image) @ http://localhost:3000/login:0
[   96499ms] [LOG] [Fast Refresh] rebuilding @ webpack-internal:///(app-pages-browser)/./node_modules/next/dist/next-devtools/shared/forward-logs-shared.js:44
[   96530ms] [LOG] [Fast Refresh] done in 31ms @ webpack-internal:///(app-pages-browser)/./node_modules/next/dist/next-devtools/shared/forward-logs-shared.js:44
[   96555ms] [WARNING] Error while trying to use the following icon from the Manifest: http://localhost:3000/icons/icon-192.png (Download error or resource isn't a valid image) @ http://localhost:3000/login:0
[   96572ms] [LOG] [Fast Refresh] rebuilding @ webpack-internal:///(app-pages-browser)/./node_modules/next/dist/next-devtools/shared/forward-logs-shared.js:44
[   96585ms] [LOG] [Fast Refresh] done in 13ms @ webpack-internal:///(app-pages-browser)/./node_modules/next/dist/next-devtools/shared/forward-logs-shared.js:44
[   96611ms] [WARNING] Error while trying to use the following icon from the Manifest: http://localhost:3000/icons/icon-192.png (Download error or resource isn't a valid image) @ http://localhost:3000/login:0
[   96634ms] [LOG] [Fast Refresh] rebuilding @ webpack-internal:///(app-pages-browser)/./node_modules/next/dist/next-devtools/shared/forward-logs-shared.js:44
[   96662ms] [LOG] [Fast Refresh] done in 29ms @ webpack-internal:///(app-pages-browser)/./node_modules/next/dist/next-devtools/shared/forward-logs-shared.js:44
[   97309ms] [WARNING] Error while trying to use the following icon from the Manifest: http://localhost:3000/icons/icon-192.png (Download error or resource isn't a valid image) @ http://localhost:3000/login:0
[   97360ms] [LOG] [Fast Refresh] rebuilding @ webpack-internal:///(app-pages-browser)/./node_modules/next/dist/next-devtools/shared/forward-logs-shared.js:44
[   97380ms] [LOG] [Fast Refresh] done in 21ms @ webpack-internal:///(app-pages-browser)/./node_modules/next/dist/next-devtools/shared/forward-logs-shared.js:44
[   97410ms] [WARNING] Error while trying to use the following icon from the Manifest: http://localhost:3000/icons/icon-192.png (Download error or resource isn't a valid image) @ http://localhost:3000/login:0
[   97429ms] [LOG] [Fast Refresh] rebuilding @ webpack-internal:///(app-pages-browser)/./node_modules/next/dist/next-devtools/shared/forward-logs-shared.js:44
[   97447ms] [LOG] [Fast Refresh] done in 18ms @ webpack-internal:///(app-pages-browser)/./node_modules/next/dist/next-devtools/shared/forward-logs-shared.js:44
[   97492ms] [LOG] [Fast Refresh] rebuilding @ webpack-internal:///(app-pages-browser)/./node_modules/next/dist/next-devtools/shared/forward-logs-shared.js:44
[   97503ms] [LOG] [Fast Refresh] done in 11ms @ webpack-internal:///(app-pages-browser)/./node_modules/next/dist/next-devtools/shared/forward-logs-shared.js:44
[   97531ms] [WARNING] Error while trying to use the following icon from the Manifest: http://localhost:3000/icons/icon-192.png (Download error or resource isn't a valid image) @ http://localhost:3000/login:0
[   97550ms] [LOG] [Fast Refresh] rebuilding @ webpack-internal:///(app-pages-browser)/./node_modules/next/dist/next-devtools/shared/forward-logs-shared.js:44
[   97565ms] [LOG] [Fast Refresh] done in 14ms @ webpack-internal:///(app-pages-browser)/./node_modules/next/dist/next-devtools/shared/forward-logs-shared.js:44
[   97593ms] [WARNING] Error while trying to use the following icon from the Manifest: http://localhost:3000/icons/icon-192.png (Download error or resource isn't a valid image) @ http://localhost:3000/login:0
[   97610ms] [LOG] [Fast Refresh] rebuilding @ webpack-internal:///(app-pages-browser)/./node_modules/next/dist/next-devtools/shared/forward-logs-shared.js:44
[   97622ms] [LOG] [Fast Refresh] done in 11ms @ webpack-internal:///(app-pages-browser)/./node_modules/next/dist/next-devtools/shared/forward-logs-shared.js:44
[   97650ms] [WARNING] Error while trying to use the following icon from the Manifest: http://localhost:3000/icons/icon-192.png (Download error or resource isn't a valid image) @ http://localhost:3000/login:0
[   97668ms] [LOG] [Fast Refresh] rebuilding @ webpack-internal:///(app-pages-browser)/./node_modules/next/dist/next-devtools/shared/forward-logs-shared.js:44
[   97684ms] [LOG] [Fast Refresh] done in 16ms @ webpack-internal:///(app-pages-browser)/./node_modules/next/dist/next-devtools/shared/forward-logs-shared.js:44
[   97712ms] [WARNING] Error while trying to use the following icon from the Manifest: http://localhost:3000/icons/icon-192.png (Download error or resource isn't a valid image) @ http://localhost:3000/login:0
[   97731ms] [LOG] [Fast Refresh] rebuilding @ webpack-internal:///(app-pages-browser)/./node_modules/next/dist/next-devtools/shared/forward-logs-shared.js:44
[   97742ms] [LOG] [Fast Refresh] done in 12ms @ webpack-internal:///(app-pages-browser)/./node_modules/next/dist/next-devtools/shared/forward-logs-shared.js:44
[   97772ms] [WARNING] Error while trying to use the following icon from the Manifest: http://localhost:3000/icons/icon-192.png (Download error or resource isn't a valid image) @ http://localhost:3000/login:0
[   97790ms] [LOG] [Fast Refresh] rebuilding @ webpack-internal:///(app-pages-browser)/./node_modules/next/dist/next-devtools/shared/forward-logs-shared.js:44
[   97805ms] [LOG] [Fast Refresh] done in 15ms @ webpack-internal:///(app-pages-browser)/./node_modules/next/dist/next-devtools/shared/forward-logs-shared.js:44
[   97833ms] [WARNING] Error while trying to use the following icon from the Manifest: http://localhost:3000/icons/icon-192.png (Download error or resource isn't a valid image) @ http://localhost:3000/login:0
[   97851ms] [LOG] [Fast Refresh] rebuilding @ webpack-internal:///(app-pages-browser)/./node_modules/next/dist/next-devtools/shared/forward-logs-shared.js:44
[   97862ms] [LOG] [Fast Refresh] done in 11ms @ webpack-internal:///(app-pages-browser)/./node_modules/next/dist/next-devtools/shared/forward-logs-shared.js:44
[   97906ms] [LOG] [Fast Refresh] rebuilding @ webpack-internal:///(app-pages-browser)/./node_modules/next/dist/next-devtools/shared/forward-logs-shared.js:44
[   97921ms] [LOG] [Fast Refresh] done in 16ms @ webpack-internal:///(app-pages-browser)/./node_modules/next/dist/next-devtools/shared/forward-logs-shared.js:44
[   97951ms] [WARNING] Error while trying to use the following icon from the Manifest: http://localhost:3000/icons/icon-192.png (Download error or resource isn't a valid image) @ http://localhost:3000/login:0
[   97969ms] [LOG] [Fast Refresh] rebuilding @ webpack-internal:///(app-pages-browser)/./node_modules/next/dist/next-devtools/shared/forward-logs-shared.js:44
[   97980ms] [LOG] [Fast Refresh] done in 12ms @ webpack-internal:///(app-pages-browser)/./node_modules/next/dist/next-devtools/shared/forward-logs-shared.js:44
[   98006ms] [WARNING] Error while trying to use the following icon from the Manifest: http://localhost:3000/icons/icon-192.png (Download error or resource isn't a valid image) @ http://localhost:3000/login:0
[   98025ms] [LOG] [Fast Refresh] rebuilding @ webpack-internal:///(app-pages-browser)/./node_modules/next/dist/next-devtools/shared/forward-logs-shared.js:44
[   98041ms] [LOG] [Fast Refresh] done in 15ms @ webpack-internal:///(app-pages-browser)/./node_modules/next/dist/next-devtools/shared/forward-logs-shared.js:44
[   98068ms] [WARNING] Error while trying to use the following icon from the Manifest: http://localhost:3000/icons/icon-192.png (Download error or resource isn't a valid image) @ http://localhost:3000/login:0
[   98085ms] [LOG] [Fast Refresh] rebuilding @ webpack-internal:///(app-pages-browser)/./node_modules/next/dist/next-devtools/shared/forward-logs-shared.js:44
[   98096ms] [LOG] [Fast Refresh] done in 11ms @ webpack-internal:///(app-pages-browser)/./node_modules/next/dist/next-devtools/shared/forward-logs-shared.js:44
[   98123ms] [WARNING] Error while trying to use the following icon from the Manifest: http://localhost:3000/icons/icon-192.png (Download error or resource isn't a valid image) @ http://localhost:3000/login:0
[   98140ms] [LOG] [Fast Refresh] rebuilding @ webpack-internal:///(app-pages-browser)/./node_modules/next/dist/next-devtools/shared/forward-logs-shared.js:44
[   98155ms] [LOG] [Fast Refresh] done in 15ms @ webpack-internal:///(app-pages-browser)/./node_modules/next/dist/next-devtools/shared/forward-logs-shared.js:44
[   98184ms] [WARNING] Error while trying to use the following icon from the Manifest: http://localhost:3000/icons/icon-192.png (Download error or resource isn't a valid image) @ http://localhost:3000/login:0
[   98201ms] [LOG] [Fast Refresh] rebuilding @ webpack-internal:///(app-pages-browser)/./node_modules/next/dist/next-devtools/shared/forward-logs-shared.js:44
[   98212ms] [LOG] [Fast Refresh] done in 11ms @ webpack-internal:///(app-pages-browser)/./node_modules/next/dist/next-devtools/shared/forward-logs-shared.js:44
[   98241ms] [WARNING] Error while trying to use the following icon from the Manifest: http://localhost:3000/icons/icon-192.png (Download error or resource isn't a valid image) @ http://localhost:3000/login:0
[   98258ms] [LOG] [Fast Refresh] rebuilding @ webpack-internal:///(app-pages-browser)/./node_modules/next/dist/next-devtools/shared/forward-logs-shared.js:44
[   98274ms] [LOG] [Fast Refresh] done in 16ms @ webpack-internal:///(app-pages-browser)/./node_modules/next/dist/next-devtools/shared/forward-logs-shared.js:44
[   98304ms] [WARNING] Error while trying to use the following icon from the Manifest: http://localhost:3000/icons/icon-192.png (Download error or resource isn't a valid image) @ http://localhost:3000/login:0
[   98321ms] [LOG] [Fast Refresh] rebuilding @ webpack-internal:///(app-pages-browser)/./node_modules/next/dist/next-devtools/shared/forward-logs-shared.js:44
[   98333ms] [LOG] [Fast Refresh] done in 11ms @ webpack-internal:///(app-pages-browser)/./node_modules/next/dist/next-devtools/shared/forward-logs-shared.js:44
[   98361ms] [WARNING] Error while trying to use the following icon from the Manifest: http://localhost:3000/icons/icon-192.png (Download error or resource isn't a valid image) @ http://localhost:3000/login:0
[   98378ms] [LOG] [Fast Refresh] rebuilding @ webpack-internal:///(app-pages-browser)/./node_modules/next/dist/next-devtools/shared/forward-logs-shared.js:44
[   98394ms] [LOG] [Fast Refresh] done in 16ms @ webpack-internal:///(app-pages-browser)/./node_modules/next/dist/next-devtools/shared/forward-logs-shared.js:44
[   98503ms] [LOG] [Fast Refresh] rebuilding @ webpack-internal:///(app-pages-browser)/./node_modules/next/dist/next-devtools/shared/forward-logs-shared.js:44
[   98516ms] [WARNING] Error while trying to use the following icon from the Manifest: http://localhost:3000/icons/icon-192.png (Download error or resource isn't a valid image) @ http://localhost:3000/login:0
[   98550ms] [LOG] [Fast Refresh] done in 46ms @ webpack-internal:///(app-pages-browser)/./node_modules/next/dist/next-devtools/shared/forward-logs-shared.js:44
[   98578ms] [LOG] [Fast Refresh] rebuilding @ webpack-internal:///(app-pages-browser)/./node_modules/next/dist/next-devtools/shared/forward-logs-shared.js:44
[   98579ms] [WARNING] Error while trying to use the following icon from the Manifest: http://localhost:3000/icons/icon-192.png (Download error or resource isn't a valid image) @ http://localhost:3000/login:0
[   98610ms] [LOG] [Fast Refresh] done in 32ms @ webpack-internal:///(app-pages-browser)/./node_modules/next/dist/next-devtools/shared/forward-logs-shared.js:44
[   98649ms] [LOG] [Fast Refresh] rebuilding @ webpack-internal:///(app-pages-browser)/./node_modules/next/dist/next-devtools/shared/forward-logs-shared.js:44
[   98654ms] [WARNING] Error while trying to use the following icon from the Manifest: http://localhost:3000/icons/icon-192.png (Download error or resource isn't a valid image) @ http://localhost:3000/login:0
[   98672ms] [LOG] [Fast Refresh] done in 23ms @ webpack-internal:///(app-pages-browser)/./node_modules/next/dist/next-devtools/shared/forward-logs-shared.js:44
[   98708ms] [WARNING] Error while trying to use the following icon from the Manifest: http://localhost:3000/icons/icon-192.png (Download error or resource isn't a valid image) @ http://localhost:3000/login:0
[   98711ms] [LOG] [Fast Refresh] rebuilding @ webpack-internal:///(app-pages-browser)/./node_modules/next/dist/next-devtools/shared/forward-logs-shared.js:44
[   98727ms] [LOG] [Fast Refresh] done in 16ms @ webpack-internal:///(app-pages-browser)/./node_modules/next/dist/next-devtools/shared/forward-logs-shared.js:44
[   98755ms] [WARNING] Error while trying to use the following icon from the Manifest: http://localhost:3000/icons/icon-192.png (Download error or resource isn't a valid image) @ http://localhost:3000/login:0
[   98772ms] [LOG] [Fast Refresh] rebuilding @ webpack-internal:///(app-pages-browser)/./node_modules/next/dist/next-devtools/shared/forward-logs-shared.js:44
[   98783ms] [LOG] [Fast Refresh] done in 11ms @ webpack-internal:///(app-pages-browser)/./node_modules/next/dist/next-devtools/shared/forward-logs-shared.js:44
[   98812ms] [WARNING] Error while trying to use the following icon from the Manifest: http://localhost:3000/icons/icon-192.png (Download error or resource isn't a valid image) @ http://localhost:3000/login:0
[   98831ms] [LOG] [Fast Refresh] rebuilding @ webpack-internal:///(app-pages-browser)/./node_modules/next/dist/next-devtools/shared/forward-logs-shared.js:44
[   98848ms] [LOG] [Fast Refresh] done in 17ms @ webpack-internal:///(app-pages-browser)/./node_modules/next/dist/next-devtools/shared/forward-logs-shared.js:44
[   98878ms] [WARNING] Error while trying to use the following icon from the Manifest: http://localhost:3000/icons/icon-192.png (Download error or resource isn't a valid image) @ http://localhost:3000/login:0
[   98896ms] [LOG] [Fast Refresh] rebuilding @ webpack-internal:///(app-pages-browser)/./node_modules/next/dist/next-devtools/shared/forward-logs-shared.js:44
[   98908ms] [LOG] [Fast Refresh] done in 12ms @ webpack-internal:///(app-pages-browser)/./node_modules/next/dist/next-devtools/shared/forward-logs-shared.js:44
[   98938ms] [WARNING] Error while trying to use the following icon from the Manifest: http://localhost:3000/icons/icon-192.png (Download error or resource isn't a valid image) @ http://localhost:3000/login:0
[   98957ms] [LOG] [Fast Refresh] rebuilding @ webpack-internal:///(app-pages-browser)/./node_modules/next/dist/next-devtools/shared/forward-logs-shared.js:44
[   98973ms] [LOG] [Fast Refresh] done in 16ms @ webpack-internal:///(app-pages-browser)/./node_modules/next/dist/next-devtools/shared/forward-logs-shared.js:44
[   99003ms] [WARNING] Error while trying to use the following icon from the Manifest: http://localhost:3000/icons/icon-192.png (Download error or resource isn't a valid image) @ http://localhost:3000/login:0
[   99021ms] [LOG] [Fast Refresh] rebuilding @ webpack-internal:///(app-pages-browser)/./node_modules/next/dist/next-devtools/shared/forward-logs-shared.js:44
[   99035ms] [LOG] [Fast Refresh] done in 13ms @ webpack-internal:///(app-pages-browser)/./node_modules/next/dist/next-devtools/shared/forward-logs-shared.js:44
[   99065ms] [WARNING] Error while trying to use the following icon from the Manifest: http://localhost:3000/icons/icon-192.png (Download error or resource isn't a valid image) @ http://localhost:3000/login:0
[   99083ms] [LOG] [Fast Refresh] rebuilding @ webpack-internal:///(app-pages-browser)/./node_modules/next/dist/next-devtools/shared/forward-logs-shared.js:44
[   99102ms] [LOG] [Fast Refresh] done in 19ms @ webpack-internal:///(app-pages-browser)/./node_modules/next/dist/next-devtools/shared/forward-logs-shared.js:44
[   99131ms] [WARNING] Error while trying to use the following icon from the Manifest: http://localhost:3000/icons/icon-192.png (Download error or resource isn't a valid image) @ http://localhost:3000/login:0
[   99149ms] [LOG] [Fast Refresh] rebuilding @ webpack-internal:///(app-pages-browser)/./node_modules/next/dist/next-devtools/shared/forward-logs-shared.js:44
[   99173ms] [LOG] [Fast Refresh] done in 24ms @ webpack-internal:///(app-pages-browser)/./node_modules/next/dist/next-devtools/shared/forward-logs-shared.js:44
[   99190ms] [WARNING] Error while trying to use the following icon from the Manifest: http://localhost:3000/icons/icon-192.png (Download error or resource isn't a valid image) @ http://localhost:3000/login:0
[   99208ms] [LOG] [Fast Refresh] rebuilding @ webpack-internal:///(app-pages-browser)/./node_modules/next/dist/next-devtools/shared/forward-logs-shared.js:44
[   99224ms] [LOG] [Fast Refresh] done in 16ms @ webpack-internal:///(app-pages-browser)/./node_modules/next/dist/next-devtools/shared/forward-logs-shared.js:44
[   99254ms] [WARNING] Error while trying to use the following icon from the Manifest: http://localhost:3000/icons/icon-192.png (Download error or resource isn't a valid image) @ http://localhost:3000/login:0
[   99271ms] [LOG] [Fast Refresh] rebuilding @ webpack-internal:///(app-pages-browser)/./node_modules/next/dist/next-devtools/shared/forward-logs-shared.js:44
[   99282ms] [LOG] [Fast Refresh] done in 12ms @ webpack-internal:///(app-pages-browser)/./node_modules/next/dist/next-devtools/shared/forward-logs-shared.js:44
[   99312ms] [WARNING] Error while trying to use the following icon from the Manifest: http://localhost:3000/icons/icon-192.png (Download error or resource isn't a valid image) @ http://localhost:3000/login:0
[   99331ms] [LOG] [Fast Refresh] rebuilding @ webpack-internal:///(app-pages-browser)/./node_modules/next/dist/next-devtools/shared/forward-logs-shared.js:44
[   99346ms] [LOG] [Fast Refresh] done in 15ms @ webpack-internal:///(app-pages-browser)/./node_modules/next/dist/next-devtools/shared/forward-logs-shared.js:44
[   99377ms] [WARNING] Error while trying to use the following icon from the Manifest: http://localhost:3000/icons/icon-192.png (Download error or resource isn't a valid image) @ http://localhost:3000/login:0
[   99394ms] [LOG] [Fast Refresh] rebuilding @ webpack-internal:///(app-pages-browser)/./node_modules/next/dist/next-devtools/shared/forward-logs-shared.js:44
[   99405ms] [LOG] [Fast Refresh] done in 11ms @ webpack-internal:///(app-pages-browser)/./node_modules/next/dist/next-devtools/shared/forward-logs-shared.js:44
[   99413ms] [WARNING] Error while trying to use the following icon from the Manifest: http://localhost:3000/icons/icon-192.png (Download error or resource isn't a valid image) @ http://localhost:3000/login:0
[   99457ms] [LOG] [Fast Refresh] rebuilding @ webpack-internal:///(app-pages-browser)/./node_modules/next/dist/next-devtools/shared/forward-logs-shared.js:44
[   99474ms] [LOG] [Fast Refresh] done in 17ms @ webpack-internal:///(app-pages-browser)/./node_modules/next/dist/next-devtools/shared/forward-logs-shared.js:44
[   99505ms] [WARNING] Error while trying to use the following icon from the Manifest: http://localhost:3000/icons/icon-192.png (Download error or resource isn't a valid image) @ http://localhost:3000/login:0
[   99522ms] [LOG] [Fast Refresh] rebuilding @ webpack-internal:///(app-pages-browser)/./node_modules/next/dist/next-devtools/shared/forward-logs-shared.js:44
[   99534ms] [LOG] [Fast Refresh] done in 13ms @ webpack-internal:///(app-pages-browser)/./node_modules/next/dist/next-devtools/shared/forward-logs-shared.js:44
[   99564ms] [WARNING] Error while trying to use the following icon from the Manifest: http://localhost:3000/icons/icon-192.png (Download error or resource isn't a valid image) @ http://localhost:3000/login:0
[   99582ms] [LOG] [Fast Refresh] rebuilding @ webpack-internal:///(app-pages-browser)/./node_modules/next/dist/next-devtools/shared/forward-logs-shared.js:44
[   99599ms] [LOG] [Fast Refresh] done in 16ms @ webpack-internal:///(app-pages-browser)/./node_modules/next/dist/next-devtools/shared/forward-logs-shared.js:44
[   99626ms] [WARNING] Error while trying to use the following icon from the Manifest: http://localhost:3000/icons/icon-192.png (Download error or resource isn't a valid image) @ http://localhost:3000/login:0
[   99644ms] [LOG] [Fast Refresh] rebuilding @ webpack-internal:///(app-pages-browser)/./node_modules/next/dist/next-devtools/shared/forward-logs-shared.js:44
[   99657ms] [LOG] [Fast Refresh] done in 13ms @ webpack-internal:///(app-pages-browser)/./node_modules/next/dist/next-devtools/shared/forward-logs-shared.js:44
[   99688ms] [WARNING] Error while trying to use the following icon from the Manifest: http://localhost:3000/icons/icon-192.png (Download error or resource isn't a valid image) @ http://localhost:3000/login:0
[   99707ms] [LOG] [Fast Refresh] rebuilding @ webpack-internal:///(app-pages-browser)/./node_modules/next/dist/next-devtools/shared/forward-logs-shared.js:44
[   99724ms] [LOG] [Fast Refresh] done in 16ms @ webpack-internal:///(app-pages-browser)/./node_modules/next/dist/next-devtools/shared/forward-logs-shared.js:44
[   99749ms] [WARNING] Error while trying to use the following icon from the Manifest: http://localhost:3000/icons/icon-192.png (Download error or resource isn't a valid image) @ http://localhost:3000/login:0
[   99770ms] [LOG] [Fast Refresh] rebuilding @ webpack-internal:///(app-pages-browser)/./node_modules/next/dist/next-devtools/shared/forward-logs-shared.js:44
[   99782ms] [LOG] [Fast Refresh] done in 11ms @ webpack-internal:///(app-pages-browser)/./node_modules/next/dist/next-devtools/shared/forward-logs-shared.js:44
[   99809ms] [WARNING] Error while trying to use the following icon from the Manifest: http://localhost:3000/icons/icon-192.png (Download error or resource isn't a valid image) @ http://localhost:3000/login:0
[   99827ms] [LOG] [Fast Refresh] rebuilding @ webpack-internal:///(app-pages-browser)/./node_modules/next/dist/next-devtools/shared/forward-logs-shared.js:44
[   99844ms] [LOG] [Fast Refresh] done in 16ms @ webpack-internal:///(app-pages-browser)/./node_modules/next/dist/next-devtools/shared/forward-logs-shared.js:44
[   99874ms] [WARNING] Error while trying to use the following icon from the Manifest: http://localhost:3000/icons/icon-192.png (Download error or resource isn't a valid image) @ http://localhost:3000/login:0
[   99891ms] [LOG] [Fast Refresh] rebuilding @ webpack-internal:///(app-pages-browser)/./node_modules/next/dist/next-devtools/shared/forward-logs-shared.js:44
[   99905ms] [LOG] [Fast Refresh] done in 13ms @ webpack-internal:///(app-pages-browser)/./node_modules/next/dist/next-devtools/shared/forward-logs-shared.js:44
[   99934ms] [WARNING] Error while trying to use the following icon from the Manifest: http://localhost:3000/icons/icon-192.png (Download error or resource isn't a valid image) @ http://localhost:3000/login:0
[   99953ms] [LOG] [Fast Refresh] rebuilding @ webpack-internal:///(app-pages-browser)/./node_modules/next/dist/next-devtools/shared/forward-logs-shared.js:44
[   99969ms] [LOG] [Fast Refresh] done in 15ms @ webpack-internal:///(app-pages-browser)/./node_modules/next/dist/next-devtools/shared/forward-logs-shared.js:44
[   99998ms] [WARNING] Error while trying to use the following icon from the Manifest: http://localhost:3000/icons/icon-192.png (Download error or resource isn't a valid image) @ http://localhost:3000/login:0
[  100015ms] [LOG] [Fast Refresh] rebuilding @ webpack-internal:///(app-pages-browser)/./node_modules/next/dist/next-devtools/shared/forward-logs-shared.js:44
[  100027ms] [LOG] [Fast Refresh] done in 12ms @ webpack-internal:///(app-pages-browser)/./node_modules/next/dist/next-devtools/shared/forward-logs-shared.js:44
[  100056ms] [WARNING] Error while trying to use the following icon from the Manifest: http://localhost:3000/icons/icon-192.png (Download error or resource isn't a valid image) @ http://localhost:3000/login:0
[  100074ms] [LOG] [Fast Refresh] rebuilding @ webpack-internal:///(app-pages-browser)/./node_modules/next/dist/next-devtools/shared/forward-logs-shared.js:44
[  100090ms] [LOG] [Fast Refresh] done in 16ms @ webpack-internal:///(app-pages-browser)/./node_modules/next/dist/next-devtools/shared/forward-logs-shared.js:44
[  100119ms] [WARNING] Error while trying to use the following icon from the Manifest: http://localhost:3000/icons/icon-192.png (Download error or resource isn't a valid image) @ http://localhost:3000/login:0
[  100136ms] [LOG] [Fast Refresh] rebuilding @ webpack-internal:///(app-pages-browser)/./node_modules/next/dist/next-devtools/shared/forward-logs-shared.js:44
[  100148ms] [LOG] [Fast Refresh] done in 11ms @ webpack-internal:///(app-pages-browser)/./node_modules/next/dist/next-devtools/shared/forward-logs-shared.js:44
[  100178ms] [WARNING] Error while trying to use the following icon from the Manifest: http://localhost:3000/icons/icon-192.png (Download error or resource isn't a valid image) @ http://localhost:3000/login:0
[  100195ms] [LOG] [Fast Refresh] rebuilding @ webpack-internal:///(app-pages-browser)/./node_modules/next/dist/next-devtools/shared/forward-logs-shared.js:44
[  100211ms] [LOG] [Fast Refresh] done in 16ms @ webpack-internal:///(app-pages-browser)/./node_modules/next/dist/next-devtools/shared/forward-logs-shared.js:44
[  100240ms] [WARNING] Error while trying to use the following icon from the Manifest: http://localhost:3000/icons/icon-192.png (Download error or resource isn't a valid image) @ http://localhost:3000/login:0
[  100257ms] [LOG] [Fast Refresh] rebuilding @ webpack-internal:///(app-pages-browser)/./node_modules/next/dist/next-devtools/shared/forward-logs-shared.js:44
[  100268ms] [LOG] [Fast Refresh] done in 12ms @ webpack-internal:///(app-pages-browser)/./node_modules/next/dist/next-devtools/shared/forward-logs-shared.js:44
[  100295ms] [WARNING] Error while trying to use the following icon from the Manifest: http://localhost:3000/icons/icon-192.png (Download error or resource isn't a valid image) @ http://localhost:3000/login:0
[  100315ms] [LOG] [Fast Refresh] rebuilding @ webpack-internal:///(app-pages-browser)/./node_modules/next/dist/next-devtools/shared/forward-logs-shared.js:44
[  100331ms] [LOG] [Fast Refresh] done in 16ms @ webpack-internal:///(app-pages-browser)/./node_modules/next/dist/next-devtools/shared/forward-logs-shared.js:44
[  100359ms] [WARNING] Error while trying to use the following icon from the Manifest: http://localhost:3000/icons/icon-192.png (Download error or resource isn't a valid image) @ http://localhost:3000/login:0
[  100377ms] [LOG] [Fast Refresh] rebuilding @ webpack-internal:///(app-pages-browser)/./node_modules/next/dist/next-devtools/shared/forward-logs-shared.js:44
[  100388ms] [LOG] [Fast Refresh] done in 12ms @ webpack-internal:///(app-pages-browser)/./node_modules/next/dist/next-devtools/shared/forward-logs-shared.js:44
[  100416ms] [WARNING] Error while trying to use the following icon from the Manifest: http://localhost:3000/icons/icon-192.png (Download error or resource isn't a valid image) @ http://localhost:3000/login:0
[  100435ms] [LOG] [Fast Refresh] rebuilding @ webpack-internal:///(app-pages-browser)/./node_modules/next/dist/next-devtools/shared/forward-logs-shared.js:44
[  100451ms] [LOG] [Fast Refresh] done in 17ms @ webpack-internal:///(app-pages-browser)/./node_modules/next/dist/next-devtools/shared/forward-logs-shared.js:44
[  100499ms] [LOG] [Fast Refresh] rebuilding @ webpack-internal:///(app-pages-browser)/./node_modules/next/dist/next-devtools/shared/forward-logs-shared.js:44
[  100512ms] [LOG] [Fast Refresh] done in 13ms @ webpack-internal:///(app-pages-browser)/./node_modules/next/dist/next-devtools/shared/forward-logs-shared.js:44
[  100540ms] [WARNING] Error while trying to use the following icon from the Manifest: http://localhost:3000/icons/icon-192.png (Download error or resource isn't a valid image) @ http://localhost:3000/login:0
[  100559ms] [LOG] [Fast Refresh] rebuilding @ webpack-internal:///(app-pages-browser)/./node_modules/next/dist/next-devtools/shared/forward-logs-shared.js:44
[  100574ms] [LOG] [Fast Refresh] done in 16ms @ webpack-internal:///(app-pages-browser)/./node_modules/next/dist/next-devtools/shared/forward-logs-shared.js:44
[  100620ms] [LOG] [Fast Refresh] rebuilding @ webpack-internal:///(app-pages-browser)/./node_modules/next/dist/next-devtools/shared/forward-logs-shared.js:44
[  100632ms] [LOG] [Fast Refresh] done in 11ms @ webpack-internal:///(app-pages-browser)/./node_modules/next/dist/next-devtools/shared/forward-logs-shared.js:44
[  100660ms] [WARNING] Error while trying to use the following icon from the Manifest: http://localhost:3000/icons/icon-192.png (Download error or resource isn't a valid image) @ http://localhost:3000/login:0
[  100679ms] [LOG] [Fast Refresh] rebuilding @ webpack-internal:///(app-pages-browser)/./node_modules/next/dist/next-devtools/shared/forward-logs-shared.js:44
[  100696ms] [LOG] [Fast Refresh] done in 16ms @ webpack-internal:///(app-pages-browser)/./node_modules/next/dist/next-devtools/shared/forward-logs-shared.js:44
[  100726ms] [WARNING] Error while trying to use the following icon from the Manifest: http://localhost:3000/icons/icon-192.png (Download error or resource isn't a valid image) @ http://localhost:3000/login:0
[  100743ms] [LOG] [Fast Refresh] rebuilding @ webpack-internal:///(app-pages-browser)/./node_modules/next/dist/next-devtools/shared/forward-logs-shared.js:44
[  100754ms] [LOG] [Fast Refresh] done in 12ms @ webpack-internal:///(app-pages-browser)/./node_modules/next/dist/next-devtools/shared/forward-logs-shared.js:44
[  100783ms] [WARNING] Error while trying to use the following icon from the Manifest: http://localhost:3000/icons/icon-192.png (Download error or resource isn't a valid image) @ http://localhost:3000/login:0
[  100802ms] [LOG] [Fast Refresh] rebuilding @ webpack-internal:///(app-pages-browser)/./node_modules/next/dist/next-devtools/shared/forward-logs-shared.js:44
[  100818ms] [LOG] [Fast Refresh] done in 15ms @ webpack-internal:///(app-pages-browser)/./node_modules/next/dist/next-devtools/shared/forward-logs-shared.js:44
[  100846ms] [WARNING] Error while trying to use the following icon from the Manifest: http://localhost:3000/icons/icon-192.png (Download error or resource isn't a valid image) @ http://localhost:3000/login:0
[  100864ms] [LOG] [Fast Refresh] rebuilding @ webpack-internal:///(app-pages-browser)/./node_modules/next/dist/next-devtools/shared/forward-logs-shared.js:44
[  100877ms] [LOG] [Fast Refresh] done in 13ms @ webpack-internal:///(app-pages-browser)/./node_modules/next/dist/next-devtools/shared/forward-logs-shared.js:44
[  100908ms] [WARNING] Error while trying to use the following icon from the Manifest: http://localhost:3000/icons/icon-192.png (Download error or resource isn't a valid image) @ http://localhost:3000/login:0
[  100927ms] [LOG] [Fast Refresh] rebuilding @ webpack-internal:///(app-pages-browser)/./node_modules/next/dist/next-devtools/shared/forward-logs-shared.js:44
[  100945ms] [LOG] [Fast Refresh] done in 17ms @ webpack-internal:///(app-pages-browser)/./node_modules/next/dist/next-devtools/shared/forward-logs-shared.js:44
[  101010ms] [WARNING] Error while trying to use the following icon from the Manifest: http://localhost:3000/icons/icon-192.png (Download error or resource isn't a valid image) @ http://localhost:3000/login:0
[  101030ms] [LOG] [Fast Refresh] rebuilding @ webpack-internal:///(app-pages-browser)/./node_modules/next/dist/next-devtools/shared/forward-logs-shared.js:44
[  101041ms] [LOG] [Fast Refresh] done in 11ms @ webpack-internal:///(app-pages-browser)/./node_modules/next/dist/next-devtools/shared/forward-logs-shared.js:44
[  101070ms] [WARNING] Error while trying to use the following icon from the Manifest: http://localhost:3000/icons/icon-192.png (Download error or resource isn't a valid image) @ http://localhost:3000/login:0
[  101089ms] [LOG] [Fast Refresh] rebuilding @ webpack-internal:///(app-pages-browser)/./node_modules/next/dist/next-devtools/shared/forward-logs-shared.js:44
[  101106ms] [LOG] [Fast Refresh] done in 17ms @ webpack-internal:///(app-pages-browser)/./node_modules/next/dist/next-devtools/shared/forward-logs-shared.js:44
[  101134ms] [WARNING] Error while trying to use the following icon from the Manifest: http://localhost:3000/icons/icon-192.png (Download error or resource isn't a valid image) @ http://localhost:3000/login:0
[  101151ms] [LOG] [Fast Refresh] rebuilding @ webpack-internal:///(app-pages-browser)/./node_modules/next/dist/next-devtools/shared/forward-logs-shared.js:44
[  101164ms] [LOG] [Fast Refresh] done in 13ms @ webpack-internal:///(app-pages-browser)/./node_modules/next/dist/next-devtools/shared/forward-logs-shared.js:44
[  101197ms] [WARNING] Error while trying to use the following icon from the Manifest: http://localhost:3000/icons/icon-192.png (Download error or resource isn't a valid image) @ http://localhost:3000/login:0
[  101214ms] [LOG] [Fast Refresh] rebuilding @ webpack-internal:///(app-pages-browser)/./node_modules/next/dist/next-devtools/shared/forward-logs-shared.js:44
[  101230ms] [LOG] [Fast Refresh] done in 16ms @ webpack-internal:///(app-pages-browser)/./node_modules/next/dist/next-devtools/shared/forward-logs-shared.js:44
[  101262ms] [WARNING] Error while trying to use the following icon from the Manifest: http://localhost:3000/icons/icon-192.png (Download error or resource isn't a valid image) @ http://localhost:3000/login:0
[  101282ms] [LOG] [Fast Refresh] rebuilding @ webpack-internal:///(app-pages-browser)/./node_modules/next/dist/next-devtools/shared/forward-logs-shared.js:44
[  101297ms] [LOG] [Fast Refresh] done in 15ms @ webpack-internal:///(app-pages-browser)/./node_modules/next/dist/next-devtools/shared/forward-logs-shared.js:44
[  101326ms] [WARNING] Error while trying to use the following icon from the Manifest: http://localhost:3000/icons/icon-192.png (Download error or resource isn't a valid image) @ http://localhost:3000/login:0
[  101343ms] [LOG] [Fast Refresh] rebuilding @ webpack-internal:///(app-pages-browser)/./node_modules/next/dist/next-devtools/shared/forward-logs-shared.js:44
[  101360ms] [LOG] [Fast Refresh] done in 17ms @ webpack-internal:///(app-pages-browser)/./node_modules/next/dist/next-devtools/shared/forward-logs-shared.js:44
[  101390ms] [WARNING] Error while trying to use the following icon from the Manifest: http://localhost:3000/icons/icon-192.png (Download error or resource isn't a valid image) @ http://localhost:3000/login:0
[  101407ms] [LOG] [Fast Refresh] rebuilding @ webpack-internal:///(app-pages-browser)/./node_modules/next/dist/next-devtools/shared/forward-logs-shared.js:44
[  101420ms] [LOG] [Fast Refresh] done in 12ms @ webpack-internal:///(app-pages-browser)/./node_modules/next/dist/next-devtools/shared/forward-logs-shared.js:44
[  101447ms] [WARNING] Error while trying to use the following icon from the Manifest: http://localhost:3000/icons/icon-192.png (Download error or resource isn't a valid image) @ http://localhost:3000/login:0
[  101466ms] [LOG] [Fast Refresh] rebuilding @ webpack-internal:///(app-pages-browser)/./node_modules/next/dist/next-devtools/shared/forward-logs-shared.js:44
[  101483ms] [LOG] [Fast Refresh] done in 16ms @ webpack-internal:///(app-pages-browser)/./node_modules/next/dist/next-devtools/shared/forward-logs-shared.js:44
[  101535ms] [LOG] [Fast Refresh] rebuilding @ webpack-internal:///(app-pages-browser)/./node_modules/next/dist/next-devtools/shared/forward-logs-shared.js:44
[  101548ms] [LOG] [Fast Refresh] done in 13ms @ webpack-internal:///(app-pages-browser)/./node_modules/next/dist/next-devtools/shared/forward-logs-shared.js:44
[  101575ms] [WARNING] Error while trying to use the following icon from the Manifest: http://localhost:3000/icons/icon-192.png (Download error or resource isn't a valid image) @ http://localhost:3000/login:0
[  101595ms] [LOG] [Fast Refresh] rebuilding @ webpack-internal:///(app-pages-browser)/./node_modules/next/dist/next-devtools/shared/forward-logs-shared.js:44
[  101613ms] [LOG] [Fast Refresh] done in 18ms @ webpack-internal:///(app-pages-browser)/./node_modules/next/dist/next-devtools/shared/forward-logs-shared.js:44
[  101643ms] [WARNING] Error while trying to use the following icon from the Manifest: http://localhost:3000/icons/icon-192.png (Download error or resource isn't a valid image) @ http://localhost:3000/login:0
[  101660ms] [LOG] [Fast Refresh] rebuilding @ webpack-internal:///(app-pages-browser)/./node_modules/next/dist/next-devtools/shared/forward-logs-shared.js:44
[  101672ms] [LOG] [Fast Refresh] done in 11ms @ webpack-internal:///(app-pages-browser)/./node_modules/next/dist/next-devtools/shared/forward-logs-shared.js:44
[  101702ms] [WARNING] Error while trying to use the following icon from the Manifest: http://localhost:3000/icons/icon-192.png (Download error or resource isn't a valid image) @ http://localhost:3000/login:0
[  101720ms] [LOG] [Fast Refresh] rebuilding @ webpack-internal:///(app-pages-browser)/./node_modules/next/dist/next-devtools/shared/forward-logs-shared.js:44
[  101736ms] [LOG] [Fast Refresh] done in 16ms @ webpack-internal:///(app-pages-browser)/./node_modules/next/dist/next-devtools/shared/forward-logs-shared.js:44
[  101759ms] [WARNING] Error while trying to use the following icon from the Manifest: http://localhost:3000/icons/icon-192.png (Download error or resource isn't a valid image) @ http://localhost:3000/login:0
[  101782ms] [LOG] [Fast Refresh] rebuilding @ webpack-internal:///(app-pages-browser)/./node_modules/next/dist/next-devtools/shared/forward-logs-shared.js:44
[  101793ms] [LOG] [Fast Refresh] done in 12ms @ webpack-internal:///(app-pages-browser)/./node_modules/next/dist/next-devtools/shared/forward-logs-shared.js:44
[  101825ms] [WARNING] Error while trying to use the following icon from the Manifest: http://localhost:3000/icons/icon-192.png (Download error or resource isn't a valid image) @ http://localhost:3000/login:0
[  101843ms] [LOG] [Fast Refresh] rebuilding @ webpack-internal:///(app-pages-browser)/./node_modules/next/dist/next-devtools/shared/forward-logs-shared.js:44
[  101859ms] [LOG] [Fast Refresh] done in 17ms @ webpack-internal:///(app-pages-browser)/./node_modules/next/dist/next-devtools/shared/forward-logs-shared.js:44
[  101889ms] [WARNING] Error while trying to use the following icon from the Manifest: http://localhost:3000/icons/icon-192.png (Download error or resource isn't a valid image) @ http://localhost:3000/login:0
[  101906ms] [LOG] [Fast Refresh] rebuilding @ webpack-internal:///(app-pages-browser)/./node_modules/next/dist/next-devtools/shared/forward-logs-shared.js:44
[  101919ms] [LOG] [Fast Refresh] done in 12ms @ webpack-internal:///(app-pages-browser)/./node_modules/next/dist/next-devtools/shared/forward-logs-shared.js:44
[  101948ms] [WARNING] Error while trying to use the following icon from the Manifest: http://localhost:3000/icons/icon-192.png (Download error or resource isn't a valid image) @ http://localhost:3000/login:0
[  101966ms] [LOG] [Fast Refresh] rebuilding @ webpack-internal:///(app-pages-browser)/./node_modules/next/dist/next-devtools/shared/forward-logs-shared.js:44
[  101982ms] [LOG] [Fast Refresh] done in 17ms @ webpack-internal:///(app-pages-browser)/./node_modules/next/dist/next-devtools/shared/forward-logs-shared.js:44
[  102027ms] [LOG] [Fast Refresh] rebuilding @ webpack-internal:///(app-pages-browser)/./node_modules/next/dist/next-devtools/shared/forward-logs-shared.js:44
[  102039ms] [LOG] [Fast Refresh] done in 12ms @ webpack-internal:///(app-pages-browser)/./node_modules/next/dist/next-devtools/shared/forward-logs-shared.js:44
[  102072ms] [WARNING] Error while trying to use the following icon from the Manifest: http://localhost:3000/icons/icon-192.png (Download error or resource isn't a valid image) @ http://localhost:3000/login:0
[  102090ms] [LOG] [Fast Refresh] rebuilding @ webpack-internal:///(app-pages-browser)/./node_modules/next/dist/next-devtools/shared/forward-logs-shared.js:44
[  102106ms] [LOG] [Fast Refresh] done in 16ms @ webpack-internal:///(app-pages-browser)/./node_modules/next/dist/next-devtools/shared/forward-logs-shared.js:44
[  102149ms] [WARNING] Error while trying to use the following icon from the Manifest: http://localhost:3000/icons/icon-192.png (Download error or resource isn't a valid image) @ http://localhost:3000/login:0
[  102152ms] [LOG] [Fast Refresh] rebuilding @ webpack-internal:///(app-pages-browser)/./node_modules/next/dist/next-devtools/shared/forward-logs-shared.js:44
[  102164ms] [LOG] [Fast Refresh] done in 11ms @ webpack-internal:///(app-pages-browser)/./node_modules/next/dist/next-devtools/shared/forward-logs-shared.js:44
[  102193ms] [WARNING] Error while trying to use the following icon from the Manifest: http://localhost:3000/icons/icon-192.png (Download error or resource isn't a valid image) @ http://localhost:3000/login:0
[  102211ms] [LOG] [Fast Refresh] rebuilding @ webpack-internal:///(app-pages-browser)/./node_modules/next/dist/next-devtools/shared/forward-logs-shared.js:44
[  102227ms] [LOG] [Fast Refresh] done in 16ms @ webpack-internal:///(app-pages-browser)/./node_modules/next/dist/next-devtools/shared/forward-logs-shared.js:44
[  102257ms] [WARNING] Error while trying to use the following icon from the Manifest: http://localhost:3000/icons/icon-192.png (Download error or resource isn't a valid image) @ http://localhost:3000/login:0
[  102273ms] [LOG] [Fast Refresh] rebuilding @ webpack-internal:///(app-pages-browser)/./node_modules/next/dist/next-devtools/shared/forward-logs-shared.js:44
[  102284ms] [LOG] [Fast Refresh] done in 12ms @ webpack-internal:///(app-pages-browser)/./node_modules/next/dist/next-devtools/shared/forward-logs-shared.js:44
[  102314ms] [WARNING] Error while trying to use the following icon from the Manifest: http://localhost:3000/icons/icon-192.png (Download error or resource isn't a valid image) @ http://localhost:3000/login:0
[  102332ms] [LOG] [Fast Refresh] rebuilding @ webpack-internal:///(app-pages-browser)/./node_modules/next/dist/next-devtools/shared/forward-logs-shared.js:44
[  102342ms] [LOG] [Fast Refresh] done in 11ms @ webpack-internal:///(app-pages-browser)/./node_modules/next/dist/next-devtools/shared/forward-logs-shared.js:44
[  102370ms] [WARNING] Error while trying to use the following icon from the Manifest: http://localhost:3000/icons/icon-192.png (Download error or resource isn't a valid image) @ http://localhost:3000/login:0
[  102393ms] [LOG] [Fast Refresh] rebuilding @ webpack-internal:///(app-pages-browser)/./node_modules/next/dist/next-devtools/shared/forward-logs-shared.js:44
[  102405ms] [LOG] [Fast Refresh] done in 11ms @ webpack-internal:///(app-pages-browser)/./node_modules/next/dist/next-devtools/shared/forward-logs-shared.js:44
[  102433ms] [WARNING] Error while trying to use the following icon from the Manifest: http://localhost:3000/icons/icon-192.png (Download error or resource isn't a valid image) @ http://localhost:3000/login:0
[  102453ms] [LOG] [Fast Refresh] rebuilding @ webpack-internal:///(app-pages-browser)/./node_modules/next/dist/next-devtools/shared/forward-logs-shared.js:44
[  102468ms] [LOG] [Fast Refresh] done in 16ms @ webpack-internal:///(app-pages-browser)/./node_modules/next/dist/next-devtools/shared/forward-logs-shared.js:44
[  102493ms] [WARNING] Error while trying to use the following icon from the Manifest: http://localhost:3000/icons/icon-192.png (Download error or resource isn't a valid image) @ http://localhost:3000/login:0
[  102515ms] [LOG] [Fast Refresh] rebuilding @ webpack-internal:///(app-pages-browser)/./node_modules/next/dist/next-devtools/shared/forward-logs-shared.js:44
[  102527ms] [LOG] [Fast Refresh] done in 11ms @ webpack-internal:///(app-pages-browser)/./node_modules/next/dist/next-devtools/shared/forward-logs-shared.js:44
[  102556ms] [WARNING] Error while trying to use the following icon from the Manifest: http://localhost:3000/icons/icon-192.png (Download error or resource isn't a valid image) @ http://localhost:3000/login:0
[  102574ms] [LOG] [Fast Refresh] rebuilding @ webpack-internal:///(app-pages-browser)/./node_modules/next/dist/next-devtools/shared/forward-logs-shared.js:44
[  102589ms] [LOG] [Fast Refresh] done in 16ms @ webpack-internal:///(app-pages-browser)/./node_modules/next/dist/next-devtools/shared/forward-logs-shared.js:44
[  102618ms] [WARNING] Error while trying to use the following icon from the Manifest: http://localhost:3000/icons/icon-192.png (Download error or resource isn't a valid image) @ http://localhost:3000/login:0
[  102635ms] [LOG] [Fast Refresh] rebuilding @ webpack-internal:///(app-pages-browser)/./node_modules/next/dist/next-devtools/shared/forward-logs-shared.js:44
[  102647ms] [LOG] [Fast Refresh] done in 11ms @ webpack-internal:///(app-pages-browser)/./node_modules/next/dist/next-devtools/shared/forward-logs-shared.js:44
[  102677ms] [WARNING] Error while trying to use the following icon from the Manifest: http://localhost:3000/icons/icon-192.png (Download error or resource isn't a valid image) @ http://localhost:3000/login:0
[  102695ms] [LOG] [Fast Refresh] rebuilding @ webpack-internal:///(app-pages-browser)/./node_modules/next/dist/next-devtools/shared/forward-logs-shared.js:44
[  102711ms] [LOG] [Fast Refresh] done in 16ms @ webpack-internal:///(app-pages-browser)/./node_modules/next/dist/next-devtools/shared/forward-logs-shared.js:44
[  102756ms] [LOG] [Fast Refresh] rebuilding @ webpack-internal:///(app-pages-browser)/./node_modules/next/dist/next-devtools/shared/forward-logs-shared.js:44
[  102768ms] [LOG] [Fast Refresh] done in 13ms @ webpack-internal:///(app-pages-browser)/./node_modules/next/dist/next-devtools/shared/forward-logs-shared.js:44
[  102795ms] [WARNING] Error while trying to use the following icon from the Manifest: http://localhost:3000/icons/icon-192.png (Download error or resource isn't a valid image) @ http://localhost:3000/login:0
[  102812ms] [LOG] [Fast Refresh] rebuilding @ webpack-internal:///(app-pages-browser)/./node_modules/next/dist/next-devtools/shared/forward-logs-shared.js:44
[  102828ms] [LOG] [Fast Refresh] done in 15ms @ webpack-internal:///(app-pages-browser)/./node_modules/next/dist/next-devtools/shared/forward-logs-shared.js:44
[  102874ms] [LOG] [Fast Refresh] rebuilding @ webpack-internal:///(app-pages-browser)/./node_modules/next/dist/next-devtools/shared/forward-logs-shared.js:44
[  102886ms] [LOG] [Fast Refresh] done in 12ms @ webpack-internal:///(app-pages-browser)/./node_modules/next/dist/next-devtools/shared/forward-logs-shared.js:44
[  102913ms] [WARNING] Error while trying to use the following icon from the Manifest: http://localhost:3000/icons/icon-192.png (Download error or resource isn't a valid image) @ http://localhost:3000/login:0
[  102930ms] [LOG] [Fast Refresh] rebuilding @ webpack-internal:///(app-pages-browser)/./node_modules/next/dist/next-devtools/shared/forward-logs-shared.js:44
[  102946ms] [LOG] [Fast Refresh] done in 16ms @ webpack-internal:///(app-pages-browser)/./node_modules/next/dist/next-devtools/shared/forward-logs-shared.js:44
[  102977ms] [WARNING] Error while trying to use the following icon from the Manifest: http://localhost:3000/icons/icon-192.png (Download error or resource isn't a valid image) @ http://localhost:3000/login:0
[  102993ms] [LOG] [Fast Refresh] rebuilding @ webpack-internal:///(app-pages-browser)/./node_modules/next/dist/next-devtools/shared/forward-logs-shared.js:44
[  103005ms] [LOG] [Fast Refresh] done in 11ms @ webpack-internal:///(app-pages-browser)/./node_modules/next/dist/next-devtools/shared/forward-logs-shared.js:44
[  103034ms] [WARNING] Error while trying to use the following icon from the Manifest: http://localhost:3000/icons/icon-192.png (Download error or resource isn't a valid image) @ http://localhost:3000/login:0
[  103052ms] [LOG] [Fast Refresh] rebuilding @ webpack-internal:///(app-pages-browser)/./node_modules/next/dist/next-devtools/shared/forward-logs-shared.js:44
[  103068ms] [LOG] [Fast Refresh] done in 16ms @ webpack-internal:///(app-pages-browser)/./node_modules/next/dist/next-devtools/shared/forward-logs-shared.js:44
[  103098ms] [WARNING] Error while trying to use the following icon from the Manifest: http://localhost:3000/icons/icon-192.png (Download error or resource isn't a valid image) @ http://localhost:3000/login:0
[  103116ms] [LOG] [Fast Refresh] rebuilding @ webpack-internal:///(app-pages-browser)/./node_modules/next/dist/next-devtools/shared/forward-logs-shared.js:44
[  103128ms] [LOG] [Fast Refresh] done in 12ms @ webpack-internal:///(app-pages-browser)/./node_modules/next/dist/next-devtools/shared/forward-logs-shared.js:44
[  103157ms] [WARNING] Error while trying to use the following icon from the Manifest: http://localhost:3000/icons/icon-192.png (Download error or resource isn't a valid image) @ http://localhost:3000/login:0
[  103175ms] [LOG] [Fast Refresh] rebuilding @ webpack-internal:///(app-pages-browser)/./node_modules/next/dist/next-devtools/shared/forward-logs-shared.js:44
[  103190ms] [LOG] [Fast Refresh] done in 16ms @ webpack-internal:///(app-pages-browser)/./node_modules/next/dist/next-devtools/shared/forward-logs-shared.js:44
[  103219ms] [WARNING] Error while trying to use the following icon from the Manifest: http://localhost:3000/icons/icon-192.png (Download error or resource isn't a valid image) @ http://localhost:3000/login:0
[  103235ms] [LOG] [Fast Refresh] rebuilding @ webpack-internal:///(app-pages-browser)/./node_modules/next/dist/next-devtools/shared/forward-logs-shared.js:44
[  103247ms] [LOG] [Fast Refresh] done in 11ms @ webpack-internal:///(app-pages-browser)/./node_modules/next/dist/next-devtools/shared/forward-logs-shared.js:44
[  103275ms] [WARNING] Error while trying to use the following icon from the Manifest: http://localhost:3000/icons/icon-192.png (Download error or resource isn't a valid image) @ http://localhost:3000/login:0
[  103293ms] [LOG] [Fast Refresh] rebuilding @ webpack-internal:///(app-pages-browser)/./node_modules/next/dist/next-devtools/shared/forward-logs-shared.js:44
[  103309ms] [LOG] [Fast Refresh] done in 15ms @ webpack-internal:///(app-pages-browser)/./node_modules/next/dist/next-devtools/shared/forward-logs-shared.js:44
[  103339ms] [WARNING] Error while trying to use the following icon from the Manifest: http://localhost:3000/icons/icon-192.png (Download error or resource isn't a valid image) @ http://localhost:3000/login:0
[  103356ms] [LOG] [Fast Refresh] rebuilding @ webpack-internal:///(app-pages-browser)/./node_modules/next/dist/next-devtools/shared/forward-logs-shared.js:44
[  103369ms] [LOG] [Fast Refresh] done in 12ms @ webpack-internal:///(app-pages-browser)/./node_modules/next/dist/next-devtools/shared/forward-logs-shared.js:44
[  103407ms] [WARNING] Error while trying to use the following icon from the Manifest: http://localhost:3000/icons/icon-192.png (Download error or resource isn't a valid image) @ http://localhost:3000/login:0
[  103437ms] [LOG] [Fast Refresh] rebuilding @ webpack-internal:///(app-pages-browser)/./node_modules/next/dist/next-devtools/shared/forward-logs-shared.js:44
[  103460ms] [LOG] [Fast Refresh] done in 24ms @ webpack-internal:///(app-pages-browser)/./node_modules/next/dist/next-devtools/shared/forward-logs-shared.js:44
[  103496ms] [WARNING] Error while trying to use the following icon from the Manifest: http://localhost:3000/icons/icon-192.png (Download error or resource isn't a valid image) @ http://localhost:3000/login:0
[  103514ms] [LOG] [Fast Refresh] rebuilding @ webpack-internal:///(app-pages-browser)/./node_modules/next/dist/next-devtools/shared/forward-logs-shared.js:44
[  103527ms] [LOG] [Fast Refresh] done in 12ms @ webpack-internal:///(app-pages-browser)/./node_modules/next/dist/next-devtools/shared/forward-logs-shared.js:44
[  103557ms] [WARNING] Error while trying to use the following icon from the Manifest: http://localhost:3000/icons/icon-192.png (Download error or resource isn't a valid image) @ http://localhost:3000/login:0
[  103577ms] [LOG] [Fast Refresh] rebuilding @ webpack-internal:///(app-pages-browser)/./node_modules/next/dist/next-devtools/shared/forward-logs-shared.js:44
[  103593ms] [LOG] [Fast Refresh] done in 17ms @ webpack-internal:///(app-pages-browser)/./node_modules/next/dist/next-devtools/shared/forward-logs-shared.js:44
[  103622ms] [WARNING] Error while trying to use the following icon from the Manifest: http://localhost:3000/icons/icon-192.png (Download error or resource isn't a valid image) @ http://localhost:3000/login:0
[  103638ms] [LOG] [Fast Refresh] rebuilding @ webpack-internal:///(app-pages-browser)/./node_modules/next/dist/next-devtools/shared/forward-logs-shared.js:44
[  103652ms] [LOG] [Fast Refresh] done in 14ms @ webpack-internal:///(app-pages-browser)/./node_modules/next/dist/next-devtools/shared/forward-logs-shared.js:44
[  103696ms] [LOG] [Fast Refresh] rebuilding @ webpack-internal:///(app-pages-browser)/./node_modules/next/dist/next-devtools/shared/forward-logs-shared.js:44
[  103713ms] [LOG] [Fast Refresh] done in 16ms @ webpack-internal:///(app-pages-browser)/./node_modules/next/dist/next-devtools/shared/forward-logs-shared.js:44
[  103738ms] [WARNING] Error while trying to use the following icon from the Manifest: http://localhost:3000/icons/icon-192.png (Download error or resource isn't a valid image) @ http://localhost:3000/login:0
[  103761ms] [LOG] [Fast Refresh] rebuilding @ webpack-internal:///(app-pages-browser)/./node_modules/next/dist/next-devtools/shared/forward-logs-shared.js:44
[  103774ms] [LOG] [Fast Refresh] done in 12ms @ webpack-internal:///(app-pages-browser)/./node_modules/next/dist/next-devtools/shared/forward-logs-shared.js:44
[  103804ms] [WARNING] Error while trying to use the following icon from the Manifest: http://localhost:3000/icons/icon-192.png (Download error or resource isn't a valid image) @ http://localhost:3000/login:0
[  103825ms] [LOG] [Fast Refresh] rebuilding @ webpack-internal:///(app-pages-browser)/./node_modules/next/dist/next-devtools/shared/forward-logs-shared.js:44
[  103841ms] [LOG] [Fast Refresh] done in 16ms @ webpack-internal:///(app-pages-browser)/./node_modules/next/dist/next-devtools/shared/forward-logs-shared.js:44
[  103871ms] [WARNING] Error while trying to use the following icon from the Manifest: http://localhost:3000/icons/icon-192.png (Download error or resource isn't a valid image) @ http://localhost:3000/login:0
[  103888ms] [LOG] [Fast Refresh] rebuilding @ webpack-internal:///(app-pages-browser)/./node_modules/next/dist/next-devtools/shared/forward-logs-shared.js:44
[  103899ms] [LOG] [Fast Refresh] done in 11ms @ webpack-internal:///(app-pages-browser)/./node_modules/next/dist/next-devtools/shared/forward-logs-shared.js:44
[  103927ms] [WARNING] Error while trying to use the following icon from the Manifest: http://localhost:3000/icons/icon-192.png (Download error or resource isn't a valid image) @ http://localhost:3000/login:0
[  103944ms] [LOG] [Fast Refresh] rebuilding @ webpack-internal:///(app-pages-browser)/./node_modules/next/dist/next-devtools/shared/forward-logs-shared.js:44
[  103960ms] [LOG] [Fast Refresh] done in 15ms @ webpack-internal:///(app-pages-browser)/./node_modules/next/dist/next-devtools/shared/forward-logs-shared.js:44
[  103988ms] [WARNING] Error while trying to use the following icon from the Manifest: http://localhost:3000/icons/icon-192.png (Download error or resource isn't a valid image) @ http://localhost:3000/login:0
[  104005ms] [LOG] [Fast Refresh] rebuilding @ webpack-internal:///(app-pages-browser)/./node_modules/next/dist/next-devtools/shared/forward-logs-shared.js:44
[  104017ms] [LOG] [Fast Refresh] done in 12ms @ webpack-internal:///(app-pages-browser)/./node_modules/next/dist/next-devtools/shared/forward-logs-shared.js:44
[  104046ms] [WARNING] Error while trying to use the following icon from the Manifest: http://localhost:3000/icons/icon-192.png (Download error or resource isn't a valid image) @ http://localhost:3000/login:0
[  104068ms] [LOG] [Fast Refresh] rebuilding @ webpack-internal:///(app-pages-browser)/./node_modules/next/dist/next-devtools/shared/forward-logs-shared.js:44
[  104086ms] [LOG] [Fast Refresh] done in 18ms @ webpack-internal:///(app-pages-browser)/./node_modules/next/dist/next-devtools/shared/forward-logs-shared.js:44
[  104114ms] [WARNING] Error while trying to use the following icon from the Manifest: http://localhost:3000/icons/icon-192.png (Download error or resource isn't a valid image) @ http://localhost:3000/login:0
[  104131ms] [LOG] [Fast Refresh] rebuilding @ webpack-internal:///(app-pages-browser)/./node_modules/next/dist/next-devtools/shared/forward-logs-shared.js:44
[  104144ms] [LOG] [Fast Refresh] done in 12ms @ webpack-internal:///(app-pages-browser)/./node_modules/next/dist/next-devtools/shared/forward-logs-shared.js:44
[  104175ms] [WARNING] Error while trying to use the following icon from the Manifest: http://localhost:3000/icons/icon-192.png (Download error or resource isn't a valid image) @ http://localhost:3000/login:0
[  104193ms] [LOG] [Fast Refresh] rebuilding @ webpack-internal:///(app-pages-browser)/./node_modules/next/dist/next-devtools/shared/forward-logs-shared.js:44
[  104210ms] [LOG] [Fast Refresh] done in 17ms @ webpack-internal:///(app-pages-browser)/./node_modules/next/dist/next-devtools/shared/forward-logs-shared.js:44
[  104240ms] [WARNING] Error while trying to use the following icon from the Manifest: http://localhost:3000/icons/icon-192.png (Download error or resource isn't a valid image) @ http://localhost:3000/login:0
[  104257ms] [LOG] [Fast Refresh] rebuilding @ webpack-internal:///(app-pages-browser)/./node_modules/next/dist/next-devtools/shared/forward-logs-shared.js:44
[  104269ms] [LOG] [Fast Refresh] done in 12ms @ webpack-internal:///(app-pages-browser)/./node_modules/next/dist/next-devtools/shared/forward-logs-shared.js:44
[  104297ms] [WARNING] Error while trying to use the following icon from the Manifest: http://localhost:3000/icons/icon-192.png (Download error or resource isn't a valid image) @ http://localhost:3000/login:0
[  104315ms] [LOG] [Fast Refresh] rebuilding @ webpack-internal:///(app-pages-browser)/./node_modules/next/dist/next-devtools/shared/forward-logs-shared.js:44
[  104331ms] [LOG] [Fast Refresh] done in 15ms @ webpack-internal:///(app-pages-browser)/./node_modules/next/dist/next-devtools/shared/forward-logs-shared.js:44
[  104360ms] [WARNING] Error while trying to use the following icon from the Manifest: http://localhost:3000/icons/icon-192.png (Download error or resource isn't a valid image) @ http://localhost:3000/login:0
[  104377ms] [LOG] [Fast Refresh] rebuilding @ webpack-internal:///(app-pages-browser)/./node_modules/next/dist/next-devtools/shared/forward-logs-shared.js:44
[  104388ms] [LOG] [Fast Refresh] done in 12ms @ webpack-internal:///(app-pages-browser)/./node_modules/next/dist/next-devtools/shared/forward-logs-shared.js:44
[  104419ms] [WARNING] Error while trying to use the following icon from the Manifest: http://localhost:3000/icons/icon-192.png (Download error or resource isn't a valid image) @ http://localhost:3000/login:0
[  104437ms] [LOG] [Fast Refresh] rebuilding @ webpack-internal:///(app-pages-browser)/./node_modules/next/dist/next-devtools/shared/forward-logs-shared.js:44
[  104455ms] [LOG] [Fast Refresh] done in 19ms @ webpack-internal:///(app-pages-browser)/./node_modules/next/dist/next-devtools/shared/forward-logs-shared.js:44
[  104470ms] [WARNING] Error while trying to use the following icon from the Manifest: http://localhost:3000/icons/icon-192.png (Download error or resource isn't a valid image) @ http://localhost:3000/login:0
[  104508ms] [LOG] [Fast Refresh] rebuilding @ webpack-internal:///(app-pages-browser)/./node_modules/next/dist/next-devtools/shared/forward-logs-shared.js:44
[  104521ms] [LOG] [Fast Refresh] done in 12ms @ webpack-internal:///(app-pages-browser)/./node_modules/next/dist/next-devtools/shared/forward-logs-shared.js:44
[  104549ms] [WARNING] Error while trying to use the following icon from the Manifest: http://localhost:3000/icons/icon-192.png (Download error or resource isn't a valid image) @ http://localhost:3000/login:0
[  104568ms] [LOG] [Fast Refresh] rebuilding @ webpack-internal:///(app-pages-browser)/./node_modules/next/dist/next-devtools/shared/forward-logs-shared.js:44
[  104584ms] [LOG] [Fast Refresh] done in 17ms @ webpack-internal:///(app-pages-browser)/./node_modules/next/dist/next-devtools/shared/forward-logs-shared.js:44
[  104612ms] [WARNING] Error while trying to use the following icon from the Manifest: http://localhost:3000/icons/icon-192.png (Download error or resource isn't a valid image) @ http://localhost:3000/login:0
[  104629ms] [LOG] [Fast Refresh] rebuilding @ webpack-internal:///(app-pages-browser)/./node_modules/next/dist/next-devtools/shared/forward-logs-shared.js:44
[  104642ms] [LOG] [Fast Refresh] done in 12ms @ webpack-internal:///(app-pages-browser)/./node_modules/next/dist/next-devtools/shared/forward-logs-shared.js:44
[  104672ms] [WARNING] Error while trying to use the following icon from the Manifest: http://localhost:3000/icons/icon-192.png (Download error or resource isn't a valid image) @ http://localhost:3000/login:0
[  104690ms] [LOG] [Fast Refresh] rebuilding @ webpack-internal:///(app-pages-browser)/./node_modules/next/dist/next-devtools/shared/forward-logs-shared.js:44
[  104707ms] [LOG] [Fast Refresh] done in 17ms @ webpack-internal:///(app-pages-browser)/./node_modules/next/dist/next-devtools/shared/forward-logs-shared.js:44
[  104736ms] [WARNING] Error while trying to use the following icon from the Manifest: http://localhost:3000/icons/icon-192.png (Download error or resource isn't a valid image) @ http://localhost:3000/login:0
[  104752ms] [LOG] [Fast Refresh] rebuilding @ webpack-internal:///(app-pages-browser)/./node_modules/next/dist/next-devtools/shared/forward-logs-shared.js:44
[  104764ms] [LOG] [Fast Refresh] done in 12ms @ webpack-internal:///(app-pages-browser)/./node_modules/next/dist/next-devtools/shared/forward-logs-shared.js:44
[  104794ms] [WARNING] Error while trying to use the following icon from the Manifest: http://localhost:3000/icons/icon-192.png (Download error or resource isn't a valid image) @ http://localhost:3000/login:0
[  104812ms] [LOG] [Fast Refresh] rebuilding @ webpack-internal:///(app-pages-browser)/./node_modules/next/dist/next-devtools/shared/forward-logs-shared.js:44
[  104829ms] [LOG] [Fast Refresh] done in 17ms @ webpack-internal:///(app-pages-browser)/./node_modules/next/dist/next-devtools/shared/forward-logs-shared.js:44
[  104857ms] [WARNING] Error while trying to use the following icon from the Manifest: http://localhost:3000/icons/icon-192.png (Download error or resource isn't a valid image) @ http://localhost:3000/login:0
[  104874ms] [LOG] [Fast Refresh] rebuilding @ webpack-internal:///(app-pages-browser)/./node_modules/next/dist/next-devtools/shared/forward-logs-shared.js:44
[  104886ms] [LOG] [Fast Refresh] done in 12ms @ webpack-internal:///(app-pages-browser)/./node_modules/next/dist/next-devtools/shared/forward-logs-shared.js:44
[  104917ms] [WARNING] Error while trying to use the following icon from the Manifest: http://localhost:3000/icons/icon-192.png (Download error or resource isn't a valid image) @ http://localhost:3000/login:0
[  104935ms] [LOG] [Fast Refresh] rebuilding @ webpack-internal:///(app-pages-browser)/./node_modules/next/dist/next-devtools/shared/forward-logs-shared.js:44
[  104951ms] [LOG] [Fast Refresh] done in 16ms @ webpack-internal:///(app-pages-browser)/./node_modules/next/dist/next-devtools/shared/forward-logs-shared.js:44
[  104979ms] [WARNING] Error while trying to use the following icon from the Manifest: http://localhost:3000/icons/icon-192.png (Download error or resource isn't a valid image) @ http://localhost:3000/login:0
[  104996ms] [LOG] [Fast Refresh] rebuilding @ webpack-internal:///(app-pages-browser)/./node_modules/next/dist/next-devtools/shared/forward-logs-shared.js:44
[  105008ms] [LOG] [Fast Refresh] done in 12ms @ webpack-internal:///(app-pages-browser)/./node_modules/next/dist/next-devtools/shared/forward-logs-shared.js:44
[  105038ms] [WARNING] Error while trying to use the following icon from the Manifest: http://localhost:3000/icons/icon-192.png (Download error or resource isn't a valid image) @ http://localhost:3000/login:0
[  105056ms] [LOG] [Fast Refresh] rebuilding @ webpack-internal:///(app-pages-browser)/./node_modules/next/dist/next-devtools/shared/forward-logs-shared.js:44
[  105073ms] [LOG] [Fast Refresh] done in 17ms @ webpack-internal:///(app-pages-browser)/./node_modules/next/dist/next-devtools/shared/forward-logs-shared.js:44
[  105100ms] [WARNING] Error while trying to use the following icon from the Manifest: http://localhost:3000/icons/icon-192.png (Download error or resource isn't a valid image) @ http://localhost:3000/login:0
[  105118ms] [LOG] [Fast Refresh] rebuilding @ webpack-internal:///(app-pages-browser)/./node_modules/next/dist/next-devtools/shared/forward-logs-shared.js:44
[  105130ms] [LOG] [Fast Refresh] done in 13ms @ webpack-internal:///(app-pages-browser)/./node_modules/next/dist/next-devtools/shared/forward-logs-shared.js:44
[  105157ms] [WARNING] Error while trying to use the following icon from the Manifest: http://localhost:3000/icons/icon-192.png (Download error or resource isn't a valid image) @ http://localhost:3000/login:0
[  105176ms] [LOG] [Fast Refresh] rebuilding @ webpack-internal:///(app-pages-browser)/./node_modules/next/dist/next-devtools/shared/forward-logs-shared.js:44
[  105197ms] [LOG] [Fast Refresh] done in 22ms @ webpack-internal:///(app-pages-browser)/./node_modules/next/dist/next-devtools/shared/forward-logs-shared.js:44
[  105227ms] [WARNING] Error while trying to use the following icon from the Manifest: http://localhost:3000/icons/icon-192.png (Download error or resource isn't a valid image) @ http://localhost:3000/login:0
[  105245ms] [LOG] [Fast Refresh] rebuilding @ webpack-internal:///(app-pages-browser)/./node_modules/next/dist/next-devtools/shared/forward-logs-shared.js:44
[  105257ms] [LOG] [Fast Refresh] done in 12ms @ webpack-internal:///(app-pages-browser)/./node_modules/next/dist/next-devtools/shared/forward-logs-shared.js:44
[  105285ms] [WARNING] Error while trying to use the following icon from the Manifest: http://localhost:3000/icons/icon-192.png (Download error or resource isn't a valid image) @ http://localhost:3000/login:0
[  105305ms] [LOG] [Fast Refresh] rebuilding @ webpack-internal:///(app-pages-browser)/./node_modules/next/dist/next-devtools/shared/forward-logs-shared.js:44
[  105320ms] [LOG] [Fast Refresh] done in 16ms @ webpack-internal:///(app-pages-browser)/./node_modules/next/dist/next-devtools/shared/forward-logs-shared.js:44
[  105349ms] [WARNING] Error while trying to use the following icon from the Manifest: http://localhost:3000/icons/icon-192.png (Download error or resource isn't a valid image) @ http://localhost:3000/login:0
[  105366ms] [LOG] [Fast Refresh] rebuilding @ webpack-internal:///(app-pages-browser)/./node_modules/next/dist/next-devtools/shared/forward-logs-shared.js:44
[  105378ms] [LOG] [Fast Refresh] done in 12ms @ webpack-internal:///(app-pages-browser)/./node_modules/next/dist/next-devtools/shared/forward-logs-shared.js:44
[  105406ms] [WARNING] Error while trying to use the following icon from the Manifest: http://localhost:3000/icons/icon-192.png (Download error or resource isn't a valid image) @ http://localhost:3000/login:0
[  105424ms] [LOG] [Fast Refresh] rebuilding @ webpack-internal:///(app-pages-browser)/./node_modules/next/dist/next-devtools/shared/forward-logs-shared.js:44
[  105439ms] [LOG] [Fast Refresh] done in 16ms @ webpack-internal:///(app-pages-browser)/./node_modules/next/dist/next-devtools/shared/forward-logs-shared.js:44
[  105467ms] [WARNING] Error while trying to use the following icon from the Manifest: http://localhost:3000/icons/icon-192.png (Download error or resource isn't a valid image) @ http://localhost:3000/login:0
[  105484ms] [LOG] [Fast Refresh] rebuilding @ webpack-internal:///(app-pages-browser)/./node_modules/next/dist/next-devtools/shared/forward-logs-shared.js:44
[  105496ms] [LOG] [Fast Refresh] done in 11ms @ webpack-internal:///(app-pages-browser)/./node_modules/next/dist/next-devtools/shared/forward-logs-shared.js:44
[  105525ms] [WARNING] Error while trying to use the following icon from the Manifest: http://localhost:3000/icons/icon-192.png (Download error or resource isn't a valid image) @ http://localhost:3000/login:0
[  105543ms] [LOG] [Fast Refresh] rebuilding @ webpack-internal:///(app-pages-browser)/./node_modules/next/dist/next-devtools/shared/forward-logs-shared.js:44
[  105560ms] [LOG] [Fast Refresh] done in 16ms @ webpack-internal:///(app-pages-browser)/./node_modules/next/dist/next-devtools/shared/forward-logs-shared.js:44
[  105591ms] [WARNING] Error while trying to use the following icon from the Manifest: http://localhost:3000/icons/icon-192.png (Download error or resource isn't a valid image) @ http://localhost:3000/login:0
[  105608ms] [LOG] [Fast Refresh] rebuilding @ webpack-internal:///(app-pages-browser)/./node_modules/next/dist/next-devtools/shared/forward-logs-shared.js:44
[  105620ms] [LOG] [Fast Refresh] done in 13ms @ webpack-internal:///(app-pages-browser)/./node_modules/next/dist/next-devtools/shared/forward-logs-shared.js:44
[  105647ms] [WARNING] Error while trying to use the following icon from the Manifest: http://localhost:3000/icons/icon-192.png (Download error or resource isn't a valid image) @ http://localhost:3000/login:0
[  105665ms] [LOG] [Fast Refresh] rebuilding @ webpack-internal:///(app-pages-browser)/./node_modules/next/dist/next-devtools/shared/forward-logs-shared.js:44
[  105681ms] [LOG] [Fast Refresh] done in 16ms @ webpack-internal:///(app-pages-browser)/./node_modules/next/dist/next-devtools/shared/forward-logs-shared.js:44
[  105711ms] [WARNING] Error while trying to use the following icon from the Manifest: http://localhost:3000/icons/icon-192.png (Download error or resource isn't a valid image) @ http://localhost:3000/login:0
[  105728ms] [LOG] [Fast Refresh] rebuilding @ webpack-internal:///(app-pages-browser)/./node_modules/next/dist/next-devtools/shared/forward-logs-shared.js:44
[  105750ms] [LOG] [Fast Refresh] done in 22ms @ webpack-internal:///(app-pages-browser)/./node_modules/next/dist/next-devtools/shared/forward-logs-shared.js:44
[  106482ms] [WARNING] Error while trying to use the following icon from the Manifest: http://localhost:3000/icons/icon-192.png (Download error or resource isn't a valid image) @ http://localhost:3000/login:0
[  106520ms] [LOG] [Fast Refresh] rebuilding @ webpack-internal:///(app-pages-browser)/./node_modules/next/dist/next-devtools/shared/forward-logs-shared.js:44
[  106536ms] [LOG] [Fast Refresh] done in 17ms @ webpack-internal:///(app-pages-browser)/./node_modules/next/dist/next-devtools/shared/forward-logs-shared.js:44
[  106568ms] [WARNING] Error while trying to use the following icon from the Manifest: http://localhost:3000/icons/icon-192.png (Download error or resource isn't a valid image) @ http://localhost:3000/login:0
[  106589ms] [LOG] [Fast Refresh] rebuilding @ webpack-internal:///(app-pages-browser)/./node_modules/next/dist/next-devtools/shared/forward-logs-shared.js:44
[  106605ms] [LOG] [Fast Refresh] done in 16ms @ webpack-internal:///(app-pages-browser)/./node_modules/next/dist/next-devtools/shared/forward-logs-shared.js:44
[  106633ms] [WARNING] Error while trying to use the following icon from the Manifest: http://localhost:3000/icons/icon-192.png (Download error or resource isn't a valid image) @ http://localhost:3000/login:0
[  106656ms] [LOG] [Fast Refresh] rebuilding @ webpack-internal:///(app-pages-browser)/./node_modules/next/dist/next-devtools/shared/forward-logs-shared.js:44
[  106682ms] [LOG] [Fast Refresh] done in 25ms @ webpack-internal:///(app-pages-browser)/./node_modules/next/dist/next-devtools/shared/forward-logs-shared.js:44
[  106758ms] [LOG] [Fast Refresh] rebuilding @ webpack-internal:///(app-pages-browser)/./node_modules/next/dist/next-devtools/shared/forward-logs-shared.js:44
[  106765ms] [LOG] [Fast Refresh] done in 7ms @ webpack-internal:///(app-pages-browser)/./node_modules/next/dist/next-devtools/shared/forward-logs-shared.js:44
[  107440ms] [WARNING] Error while trying to use the following icon from the Manifest: http://localhost:3000/icons/icon-192.png (Download error or resource isn't a valid image) @ http://localhost:3000/login:0
[  107926ms] [LOG] [Fast Refresh] done in 1168ms @ webpack-internal:///(app-pages-browser)/./node_modules/next/dist/next-devtools/shared/forward-logs-shared.js:44
[  107960ms] [LOG] [Fast Refresh] rebuilding @ webpack-internal:///(app-pages-browser)/./node_modules/next/dist/next-devtools/shared/forward-logs-shared.js:44
[  107967ms] [WARNING] Error while trying to use the following icon from the Manifest: http://localhost:3000/icons/icon-192.png (Download error or resource isn't a valid image) @ http://localhost:3000/login:0
[  108022ms] [LOG] [Fast Refresh] rebuilding @ webpack-internal:///(app-pages-browser)/./node_modules/next/dist/next-devtools/shared/forward-logs-shared.js:44
[  108037ms] [LOG] [Fast Refresh] done in 16ms @ webpack-internal:///(app-pages-browser)/./node_modules/next/dist/next-devtools/shared/forward-logs-shared.js:44
[  108086ms] [WARNING] Error while trying to use the following icon from the Manifest: http://localhost:3000/icons/icon-192.png (Download error or resource isn't a valid image) @ http://localhost:3000/login:0
[  108089ms] [LOG] [Fast Refresh] rebuilding @ webpack-internal:///(app-pages-browser)/./node_modules/next/dist/next-devtools/shared/forward-logs-shared.js:44
[  108108ms] [LOG] [Fast Refresh] done in 18ms @ webpack-internal:///(app-pages-browser)/./node_modules/next/dist/next-devtools/shared/forward-logs-shared.js:44
[  108140ms] [WARNING] Error while trying to use the following icon from the Manifest: http://localhost:3000/icons/icon-192.png (Download error or resource isn't a valid image) @ http://localhost:3000/login:0
[  108162ms] [LOG] [Fast Refresh] rebuilding @ webpack-internal:///(app-pages-browser)/./node_modules/next/dist/next-devtools/shared/forward-logs-shared.js:44
[  108177ms] [LOG] [Fast Refresh] done in 15ms @ webpack-internal:///(app-pages-browser)/./node_modules/next/dist/next-devtools/shared/forward-logs-shared.js:44
[  108227ms] [LOG] [Fast Refresh] rebuilding @ webpack-internal:///(app-pages-browser)/./node_modules/next/dist/next-devtools/shared/forward-logs-shared.js:44
[  108245ms] [LOG] [Fast Refresh] done in 17ms @ webpack-internal:///(app-pages-browser)/./node_modules/next/dist/next-devtools/shared/forward-logs-shared.js:44
[  108281ms] [WARNING] Error while trying to use the following icon from the Manifest: http://localhost:3000/icons/icon-192.png (Download error or resource isn't a valid image) @ http://localhost:3000/login:0
[  108301ms] [LOG] [Fast Refresh] rebuilding @ webpack-internal:///(app-pages-browser)/./node_modules/next/dist/next-devtools/shared/forward-logs-shared.js:44
[  108314ms] [LOG] [Fast Refresh] done in 14ms @ webpack-internal:///(app-pages-browser)/./node_modules/next/dist/next-devtools/shared/forward-logs-shared.js:44
[  108345ms] [WARNING] Error while trying to use the following icon from the Manifest: http://localhost:3000/icons/icon-192.png (Download error or resource isn't a valid image) @ http://localhost:3000/login:0
[  108366ms] [LOG] [Fast Refresh] rebuilding @ webpack-internal:///(app-pages-browser)/./node_modules/next/dist/next-devtools/shared/forward-logs-shared.js:44
[  108383ms] [LOG] [Fast Refresh] done in 18ms @ webpack-internal:///(app-pages-browser)/./node_modules/next/dist/next-devtools/shared/forward-logs-shared.js:44
[  108437ms] [LOG] [Fast Refresh] rebuilding @ webpack-internal:///(app-pages-browser)/./node_modules/next/dist/next-devtools/shared/forward-logs-shared.js:44
[  108452ms] [LOG] [Fast Refresh] done in 14ms @ webpack-internal:///(app-pages-browser)/./node_modules/next/dist/next-devtools/shared/forward-logs-shared.js:44
[  108483ms] [WARNING] Error while trying to use the following icon from the Manifest: http://localhost:3000/icons/icon-192.png (Download error or resource isn't a valid image) @ http://localhost:3000/login:0
[  108505ms] [LOG] [Fast Refresh] rebuilding @ webpack-internal:///(app-pages-browser)/./node_modules/next/dist/next-devtools/shared/forward-logs-shared.js:44
[  108523ms] [LOG] [Fast Refresh] done in 18ms @ webpack-internal:///(app-pages-browser)/./node_modules/next/dist/next-devtools/shared/forward-logs-shared.js:44
[  108553ms] [WARNING] Error while trying to use the following icon from the Manifest: http://localhost:3000/icons/icon-192.png (Download error or resource isn't a valid image) @ http://localhost:3000/login:0
[  108571ms] [LOG] [Fast Refresh] rebuilding @ webpack-internal:///(app-pages-browser)/./node_modules/next/dist/next-devtools/shared/forward-logs-shared.js:44
[  108585ms] [LOG] [Fast Refresh] done in 14ms @ webpack-internal:///(app-pages-browser)/./node_modules/next/dist/next-devtools/shared/forward-logs-shared.js:44
[  108617ms] [WARNING] Error while trying to use the following icon from the Manifest: http://localhost:3000/icons/icon-192.png (Download error or resource isn't a valid image) @ http://localhost:3000/login:0
[  108638ms] [LOG] [Fast Refresh] rebuilding @ webpack-internal:///(app-pages-browser)/./node_modules/next/dist/next-devtools/shared/forward-logs-shared.js:44
[  108655ms] [LOG] [Fast Refresh] done in 16ms @ webpack-internal:///(app-pages-browser)/./node_modules/next/dist/next-devtools/shared/forward-logs-shared.js:44
[  108687ms] [WARNING] Error while trying to use the following icon from the Manifest: http://localhost:3000/icons/icon-192.png (Download error or resource isn't a valid image) @ http://localhost:3000/login:0
[  108707ms] [LOG] [Fast Refresh] rebuilding @ webpack-internal:///(app-pages-browser)/./node_modules/next/dist/next-devtools/shared/forward-logs-shared.js:44
[  108720ms] [LOG] [Fast Refresh] done in 13ms @ webpack-internal:///(app-pages-browser)/./node_modules/next/dist/next-devtools/shared/forward-logs-shared.js:44
[  108752ms] [WARNING] Error while trying to use the following icon from the Manifest: http://localhost:3000/icons/icon-192.png (Download error or resource isn't a valid image) @ http://localhost:3000/login:0
[  108773ms] [LOG] [Fast Refresh] rebuilding @ webpack-internal:///(app-pages-browser)/./node_modules/next/dist/next-devtools/shared/forward-logs-shared.js:44
[  108791ms] [LOG] [Fast Refresh] done in 18ms @ webpack-internal:///(app-pages-browser)/./node_modules/next/dist/next-devtools/shared/forward-logs-shared.js:44
[  108821ms] [WARNING] Error while trying to use the following icon from the Manifest: http://localhost:3000/icons/icon-192.png (Download error or resource isn't a valid image) @ http://localhost:3000/login:0
[  108839ms] [LOG] [Fast Refresh] rebuilding @ webpack-internal:///(app-pages-browser)/./node_modules/next/dist/next-devtools/shared/forward-logs-shared.js:44
[  108853ms] [LOG] [Fast Refresh] done in 14ms @ webpack-internal:///(app-pages-browser)/./node_modules/next/dist/next-devtools/shared/forward-logs-shared.js:44
[  108884ms] [WARNING] Error while trying to use the following icon from the Manifest: http://localhost:3000/icons/icon-192.png (Download error or resource isn't a valid image) @ http://localhost:3000/login:0
[  108904ms] [LOG] [Fast Refresh] rebuilding @ webpack-internal:///(app-pages-browser)/./node_modules/next/dist/next-devtools/shared/forward-logs-shared.js:44
[  108921ms] [LOG] [Fast Refresh] done in 17ms @ webpack-internal:///(app-pages-browser)/./node_modules/next/dist/next-devtools/shared/forward-logs-shared.js:44
[  109042ms] [LOG] [Fast Refresh] rebuilding @ webpack-internal:///(app-pages-browser)/./node_modules/next/dist/next-devtools/shared/forward-logs-shared.js:44
[  109058ms] [LOG] [Fast Refresh] done in 16ms @ webpack-internal:///(app-pages-browser)/./node_modules/next/dist/next-devtools/shared/forward-logs-shared.js:44
[  109091ms] [WARNING] Error while trying to use the following icon from the Manifest: http://localhost:3000/icons/icon-192.png (Download error or resource isn't a valid image) @ http://localhost:3000/login:0
[  109112ms] [LOG] [Fast Refresh] rebuilding @ webpack-internal:///(app-pages-browser)/./node_modules/next/dist/next-devtools/shared/forward-logs-shared.js:44
[  109129ms] [LOG] [Fast Refresh] done in 17ms @ webpack-internal:///(app-pages-browser)/./node_modules/next/dist/next-devtools/shared/forward-logs-shared.js:44
[  109175ms] [LOG] [Fast Refresh] rebuilding @ webpack-internal:///(app-pages-browser)/./node_modules/next/dist/next-devtools/shared/forward-logs-shared.js:44
[  109187ms] [LOG] [Fast Refresh] done in 11ms @ webpack-internal:///(app-pages-browser)/./node_modules/next/dist/next-devtools/shared/forward-logs-shared.js:44
[  109217ms] [WARNING] Error while trying to use the following icon from the Manifest: http://localhost:3000/icons/icon-192.png (Download error or resource isn't a valid image) @ http://localhost:3000/login:0
[  109236ms] [LOG] [Fast Refresh] rebuilding @ webpack-internal:///(app-pages-browser)/./node_modules/next/dist/next-devtools/shared/forward-logs-shared.js:44
[  109253ms] [LOG] [Fast Refresh] done in 18ms @ webpack-internal:///(app-pages-browser)/./node_modules/next/dist/next-devtools/shared/forward-logs-shared.js:44
[  109284ms] [WARNING] Error while trying to use the following icon from the Manifest: http://localhost:3000/icons/icon-192.png (Download error or resource isn't a valid image) @ http://localhost:3000/login:0
[  109308ms] [LOG] [Fast Refresh] rebuilding @ webpack-internal:///(app-pages-browser)/./node_modules/next/dist/next-devtools/shared/forward-logs-shared.js:44
[  109330ms] [LOG] [Fast Refresh] done in 23ms @ webpack-internal:///(app-pages-browser)/./node_modules/next/dist/next-devtools/shared/forward-logs-shared.js:44
[  109367ms] [WARNING] Error while trying to use the following icon from the Manifest: http://localhost:3000/icons/icon-192.png (Download error or resource isn't a valid image) @ http://localhost:3000/login:0
[  109431ms] [LOG] [Fast Refresh] rebuilding @ webpack-internal:///(app-pages-browser)/./node_modules/next/dist/next-devtools/shared/forward-logs-shared.js:44
[  109488ms] [LOG] [Fast Refresh] done in 58ms @ webpack-internal:///(app-pages-browser)/./node_modules/next/dist/next-devtools/shared/forward-logs-shared.js:44
[  109540ms] [WARNING] Error while trying to use the following icon from the Manifest: http://localhost:3000/icons/icon-192.png (Download error or resource isn't a valid image) @ http://localhost:3000/login:0
[  109561ms] [LOG] [Fast Refresh] rebuilding @ webpack-internal:///(app-pages-browser)/./node_modules/next/dist/next-devtools/shared/forward-logs-shared.js:44
[  109574ms] [LOG] [Fast Refresh] done in 13ms @ webpack-internal:///(app-pages-browser)/./node_modules/next/dist/next-devtools/shared/forward-logs-shared.js:44
[  109611ms] [WARNING] Error while trying to use the following icon from the Manifest: http://localhost:3000/icons/icon-192.png (Download error or resource isn't a valid image) @ http://localhost:3000/login:0
[  109630ms] [LOG] [Fast Refresh] rebuilding @ webpack-internal:///(app-pages-browser)/./node_modules/next/dist/next-devtools/shared/forward-logs-shared.js:44
[  109647ms] [LOG] [Fast Refresh] done in 17ms @ webpack-internal:///(app-pages-browser)/./node_modules/next/dist/next-devtools/shared/forward-logs-shared.js:44
[  109676ms] [WARNING] Error while trying to use the following icon from the Manifest: http://localhost:3000/icons/icon-192.png (Download error or resource isn't a valid image) @ http://localhost:3000/login:0
[  109695ms] [LOG] [Fast Refresh] rebuilding @ webpack-internal:///(app-pages-browser)/./node_modules/next/dist/next-devtools/shared/forward-logs-shared.js:44
[  109711ms] [LOG] [Fast Refresh] done in 17ms @ webpack-internal:///(app-pages-browser)/./node_modules/next/dist/next-devtools/shared/forward-logs-shared.js:44
[  109744ms] [WARNING] Error while trying to use the following icon from the Manifest: http://localhost:3000/icons/icon-192.png (Download error or resource isn't a valid image) @ http://localhost:3000/login:0
[  109764ms] [LOG] [Fast Refresh] rebuilding @ webpack-internal:///(app-pages-browser)/./node_modules/next/dist/next-devtools/shared/forward-logs-shared.js:44
[  109780ms] [LOG] [Fast Refresh] done in 17ms @ webpack-internal:///(app-pages-browser)/./node_modules/next/dist/next-devtools/shared/forward-logs-shared.js:44
[  109813ms] [WARNING] Error while trying to use the following icon from the Manifest: http://localhost:3000/icons/icon-192.png (Download error or resource isn't a valid image) @ http://localhost:3000/login:0
[  109830ms] [LOG] [Fast Refresh] rebuilding @ webpack-internal:///(app-pages-browser)/./node_modules/next/dist/next-devtools/shared/forward-logs-shared.js:44
[  109842ms] [LOG] [Fast Refresh] done in 12ms @ webpack-internal:///(app-pages-browser)/./node_modules/next/dist/next-devtools/shared/forward-logs-shared.js:44
[  109890ms] [LOG] [Fast Refresh] rebuilding @ webpack-internal:///(app-pages-browser)/./node_modules/next/dist/next-devtools/shared/forward-logs-shared.js:44
[  109913ms] [LOG] [Fast Refresh] done in 22ms @ webpack-internal:///(app-pages-browser)/./node_modules/next/dist/next-devtools/shared/forward-logs-shared.js:44
[  109942ms] [WARNING] Error while trying to use the following icon from the Manifest: http://localhost:3000/icons/icon-192.png (Download error or resource isn't a valid image) @ http://localhost:3000/login:0
[  109965ms] [LOG] [Fast Refresh] rebuilding @ webpack-internal:///(app-pages-browser)/./node_modules/next/dist/next-devtools/shared/forward-logs-shared.js:44
[  109981ms] [LOG] [Fast Refresh] done in 16ms @ webpack-internal:///(app-pages-browser)/./node_modules/next/dist/next-devtools/shared/forward-logs-shared.js:44
[  110010ms] [WARNING] Error while trying to use the following icon from the Manifest: http://localhost:3000/icons/icon-192.png (Download error or resource isn't a valid image) @ http://localhost:3000/login:0
[  110029ms] [LOG] [Fast Refresh] rebuilding @ webpack-internal:///(app-pages-browser)/./node_modules/next/dist/next-devtools/shared/forward-logs-shared.js:44
[  110046ms] [LOG] [Fast Refresh] done in 17ms @ webpack-internal:///(app-pages-browser)/./node_modules/next/dist/next-devtools/shared/forward-logs-shared.js:44
[  110076ms] [WARNING] Error while trying to use the following icon from the Manifest: http://localhost:3000/icons/icon-192.png (Download error or resource isn't a valid image) @ http://localhost:3000/login:0
[  110093ms] [LOG] [Fast Refresh] rebuilding @ webpack-internal:///(app-pages-browser)/./node_modules/next/dist/next-devtools/shared/forward-logs-shared.js:44
[  110106ms] [LOG] [Fast Refresh] done in 13ms @ webpack-internal:///(app-pages-browser)/./node_modules/next/dist/next-devtools/shared/forward-logs-shared.js:44
[  110133ms] [WARNING] Error while trying to use the following icon from the Manifest: http://localhost:3000/icons/icon-192.png (Download error or resource isn't a valid image) @ http://localhost:3000/login:0
[  110152ms] [LOG] [Fast Refresh] rebuilding @ webpack-internal:///(app-pages-browser)/./node_modules/next/dist/next-devtools/shared/forward-logs-shared.js:44
[  110169ms] [LOG] [Fast Refresh] done in 17ms @ webpack-internal:///(app-pages-browser)/./node_modules/next/dist/next-devtools/shared/forward-logs-shared.js:44
[  110199ms] [WARNING] Error while trying to use the following icon from the Manifest: http://localhost:3000/icons/icon-192.png (Download error or resource isn't a valid image) @ http://localhost:3000/login:0
[  110220ms] [LOG] [Fast Refresh] rebuilding @ webpack-internal:///(app-pages-browser)/./node_modules/next/dist/next-devtools/shared/forward-logs-shared.js:44
[  110237ms] [LOG] [Fast Refresh] done in 17ms @ webpack-internal:///(app-pages-browser)/./node_modules/next/dist/next-devtools/shared/forward-logs-shared.js:44
[  110278ms] [LOG] [Fast Refresh] rebuilding @ webpack-internal:///(app-pages-browser)/./node_modules/next/dist/next-devtools/shared/forward-logs-shared.js:44
[  110294ms] [LOG] [Fast Refresh] done in 17ms @ webpack-internal:///(app-pages-browser)/./node_modules/next/dist/next-devtools/shared/forward-logs-shared.js:44
[  110358ms] [WARNING] Error while trying to use the following icon from the Manifest: http://localhost:3000/icons/icon-192.png (Download error or resource isn't a valid image) @ http://localhost:3000/login:0
[  110376ms] [LOG] [Fast Refresh] rebuilding @ webpack-internal:///(app-pages-browser)/./node_modules/next/dist/next-devtools/shared/forward-logs-shared.js:44
[  110387ms] [LOG] [Fast Refresh] done in 12ms @ webpack-internal:///(app-pages-browser)/./node_modules/next/dist/next-devtools/shared/forward-logs-shared.js:44
[  110414ms] [WARNING] Error while trying to use the following icon from the Manifest: http://localhost:3000/icons/icon-192.png (Download error or resource isn't a valid image) @ http://localhost:3000/login:0
[  110433ms] [LOG] [Fast Refresh] rebuilding @ webpack-internal:///(app-pages-browser)/./node_modules/next/dist/next-devtools/shared/forward-logs-shared.js:44
[  110448ms] [LOG] [Fast Refresh] done in 16ms @ webpack-internal:///(app-pages-browser)/./node_modules/next/dist/next-devtools/shared/forward-logs-shared.js:44
[  110477ms] [WARNING] Error while trying to use the following icon from the Manifest: http://localhost:3000/icons/icon-192.png (Download error or resource isn't a valid image) @ http://localhost:3000/login:0
[  110494ms] [LOG] [Fast Refresh] rebuilding @ webpack-internal:///(app-pages-browser)/./node_modules/next/dist/next-devtools/shared/forward-logs-shared.js:44
[  110504ms] [LOG] [Fast Refresh] done in 10ms @ webpack-internal:///(app-pages-browser)/./node_modules/next/dist/next-devtools/shared/forward-logs-shared.js:44
[  110511ms] [WARNING] Error while trying to use the following icon from the Manifest: http://localhost:3000/icons/icon-192.png (Download error or resource isn't a valid image) @ http://localhost:3000/login:0
[  110553ms] [LOG] [Fast Refresh] rebuilding @ webpack-internal:///(app-pages-browser)/./node_modules/next/dist/next-devtools/shared/forward-logs-shared.js:44
[  110569ms] [LOG] [Fast Refresh] done in 16ms @ webpack-internal:///(app-pages-browser)/./node_modules/next/dist/next-devtools/shared/forward-logs-shared.js:44
[  110597ms] [WARNING] Error while trying to use the following icon from the Manifest: http://localhost:3000/icons/icon-192.png (Download error or resource isn't a valid image) @ http://localhost:3000/login:0
[  110614ms] [LOG] [Fast Refresh] rebuilding @ webpack-internal:///(app-pages-browser)/./node_modules/next/dist/next-devtools/shared/forward-logs-shared.js:44
[  110625ms] [LOG] [Fast Refresh] done in 11ms @ webpack-internal:///(app-pages-browser)/./node_modules/next/dist/next-devtools/shared/forward-logs-shared.js:44
[  110656ms] [WARNING] Error while trying to use the following icon from the Manifest: http://localhost:3000/icons/icon-192.png (Download error or resource isn't a valid image) @ http://localhost:3000/login:0
[  110674ms] [LOG] [Fast Refresh] rebuilding @ webpack-internal:///(app-pages-browser)/./node_modules/next/dist/next-devtools/shared/forward-logs-shared.js:44
[  110689ms] [LOG] [Fast Refresh] done in 16ms @ webpack-internal:///(app-pages-browser)/./node_modules/next/dist/next-devtools/shared/forward-logs-shared.js:44
[  110717ms] [WARNING] Error while trying to use the following icon from the Manifest: http://localhost:3000/icons/icon-192.png (Download error or resource isn't a valid image) @ http://localhost:3000/login:0
[  110735ms] [LOG] [Fast Refresh] rebuilding @ webpack-internal:///(app-pages-browser)/./node_modules/next/dist/next-devtools/shared/forward-logs-shared.js:44
[  110746ms] [LOG] [Fast Refresh] done in 10ms @ webpack-internal:///(app-pages-browser)/./node_modules/next/dist/next-devtools/shared/forward-logs-shared.js:44
[  110775ms] [WARNING] Error while trying to use the following icon from the Manifest: http://localhost:3000/icons/icon-192.png (Download error or resource isn't a valid image) @ http://localhost:3000/login:0
[  110794ms] [LOG] [Fast Refresh] rebuilding @ webpack-internal:///(app-pages-browser)/./node_modules/next/dist/next-devtools/shared/forward-logs-shared.js:44
[  110816ms] [LOG] [Fast Refresh] done in 21ms @ webpack-internal:///(app-pages-browser)/./node_modules/next/dist/next-devtools/shared/forward-logs-shared.js:44
[  110849ms] [WARNING] Error while trying to use the following icon from the Manifest: http://localhost:3000/icons/icon-192.png (Download error or resource isn't a valid image) @ http://localhost:3000/login:0
[  110866ms] [LOG] [Fast Refresh] rebuilding @ webpack-internal:///(app-pages-browser)/./node_modules/next/dist/next-devtools/shared/forward-logs-shared.js:44
[  110879ms] [LOG] [Fast Refresh] done in 13ms @ webpack-internal:///(app-pages-browser)/./node_modules/next/dist/next-devtools/shared/forward-logs-shared.js:44
[  110908ms] [WARNING] Error while trying to use the following icon from the Manifest: http://localhost:3000/icons/icon-192.png (Download error or resource isn't a valid image) @ http://localhost:3000/login:0
[  110925ms] [LOG] [Fast Refresh] rebuilding @ webpack-internal:///(app-pages-browser)/./node_modules/next/dist/next-devtools/shared/forward-logs-shared.js:44
[  110940ms] [LOG] [Fast Refresh] done in 16ms @ webpack-internal:///(app-pages-browser)/./node_modules/next/dist/next-devtools/shared/forward-logs-shared.js:44
[  110986ms] [LOG] [Fast Refresh] rebuilding @ webpack-internal:///(app-pages-browser)/./node_modules/next/dist/next-devtools/shared/forward-logs-shared.js:44
[  110997ms] [LOG] [Fast Refresh] done in 12ms @ webpack-internal:///(app-pages-browser)/./node_modules/next/dist/next-devtools/shared/forward-logs-shared.js:44
[  111026ms] [WARNING] Error while trying to use the following icon from the Manifest: http://localhost:3000/icons/icon-192.png (Download error or resource isn't a valid image) @ http://localhost:3000/login:0
[  111044ms] [LOG] [Fast Refresh] rebuilding @ webpack-internal:///(app-pages-browser)/./node_modules/next/dist/next-devtools/shared/forward-logs-shared.js:44
[  111060ms] [LOG] [Fast Refresh] done in 16ms @ webpack-internal:///(app-pages-browser)/./node_modules/next/dist/next-devtools/shared/forward-logs-shared.js:44
[  111090ms] [WARNING] Error while trying to use the following icon from the Manifest: http://localhost:3000/icons/icon-192.png (Download error or resource isn't a valid image) @ http://localhost:3000/login:0
[  111107ms] [LOG] [Fast Refresh] rebuilding @ webpack-internal:///(app-pages-browser)/./node_modules/next/dist/next-devtools/shared/forward-logs-shared.js:44
[  111118ms] [LOG] [Fast Refresh] done in 12ms @ webpack-internal:///(app-pages-browser)/./node_modules/next/dist/next-devtools/shared/forward-logs-shared.js:44
[  111145ms] [WARNING] Error while trying to use the following icon from the Manifest: http://localhost:3000/icons/icon-192.png (Download error or resource isn't a valid image) @ http://localhost:3000/login:0
[  111164ms] [LOG] [Fast Refresh] rebuilding @ webpack-internal:///(app-pages-browser)/./node_modules/next/dist/next-devtools/shared/forward-logs-shared.js:44
[  111181ms] [LOG] [Fast Refresh] done in 18ms @ webpack-internal:///(app-pages-browser)/./node_modules/next/dist/next-devtools/shared/forward-logs-shared.js:44
[  111209ms] [WARNING] Error while trying to use the following icon from the Manifest: http://localhost:3000/icons/icon-192.png (Download error or resource isn't a valid image) @ http://localhost:3000/login:0
[  111226ms] [LOG] [Fast Refresh] rebuilding @ webpack-internal:///(app-pages-browser)/./node_modules/next/dist/next-devtools/shared/forward-logs-shared.js:44
[  111238ms] [LOG] [Fast Refresh] done in 11ms @ webpack-internal:///(app-pages-browser)/./node_modules/next/dist/next-devtools/shared/forward-logs-shared.js:44
[  111265ms] [WARNING] Error while trying to use the following icon from the Manifest: http://localhost:3000/icons/icon-192.png (Download error or resource isn't a valid image) @ http://localhost:3000/login:0
[  111283ms] [LOG] [Fast Refresh] rebuilding @ webpack-internal:///(app-pages-browser)/./node_modules/next/dist/next-devtools/shared/forward-logs-shared.js:44
[  111299ms] [LOG] [Fast Refresh] done in 16ms @ webpack-internal:///(app-pages-browser)/./node_modules/next/dist/next-devtools/shared/forward-logs-shared.js:44
[  111331ms] [WARNING] Error while trying to use the following icon from the Manifest: http://localhost:3000/icons/icon-192.png (Download error or resource isn't a valid image) @ http://localhost:3000/login:0
[  111347ms] [LOG] [Fast Refresh] rebuilding @ webpack-internal:///(app-pages-browser)/./node_modules/next/dist/next-devtools/shared/forward-logs-shared.js:44
[  111359ms] [LOG] [Fast Refresh] done in 11ms @ webpack-internal:///(app-pages-browser)/./node_modules/next/dist/next-devtools/shared/forward-logs-shared.js:44
[  111389ms] [WARNING] Error while trying to use the following icon from the Manifest: http://localhost:3000/icons/icon-192.png (Download error or resource isn't a valid image) @ http://localhost:3000/login:0
[  111407ms] [LOG] [Fast Refresh] rebuilding @ webpack-internal:///(app-pages-browser)/./node_modules/next/dist/next-devtools/shared/forward-logs-shared.js:44
[  111422ms] [LOG] [Fast Refresh] done in 16ms @ webpack-internal:///(app-pages-browser)/./node_modules/next/dist/next-devtools/shared/forward-logs-shared.js:44
[  111452ms] [WARNING] Error while trying to use the following icon from the Manifest: http://localhost:3000/icons/icon-192.png (Download error or resource isn't a valid image) @ http://localhost:3000/login:0
[  111469ms] [LOG] [Fast Refresh] rebuilding @ webpack-internal:///(app-pages-browser)/./node_modules/next/dist/next-devtools/shared/forward-logs-shared.js:44
[  111480ms] [LOG] [Fast Refresh] done in 11ms @ webpack-internal:///(app-pages-browser)/./node_modules/next/dist/next-devtools/shared/forward-logs-shared.js:44
[  111507ms] [WARNING] Error while trying to use the following icon from the Manifest: http://localhost:3000/icons/icon-192.png (Download error or resource isn't a valid image) @ http://localhost:3000/login:0
[  111526ms] [LOG] [Fast Refresh] rebuilding @ webpack-internal:///(app-pages-browser)/./node_modules/next/dist/next-devtools/shared/forward-logs-shared.js:44
[  111541ms] [LOG] [Fast Refresh] done in 16ms @ webpack-internal:///(app-pages-browser)/./node_modules/next/dist/next-devtools/shared/forward-logs-shared.js:44
[  111573ms] [WARNING] Error while trying to use the following icon from the Manifest: http://localhost:3000/icons/icon-192.png (Download error or resource isn't a valid image) @ http://localhost:3000/login:0
[  111590ms] [LOG] [Fast Refresh] rebuilding @ webpack-internal:///(app-pages-browser)/./node_modules/next/dist/next-devtools/shared/forward-logs-shared.js:44
[  111602ms] [LOG] [Fast Refresh] done in 12ms @ webpack-internal:///(app-pages-browser)/./node_modules/next/dist/next-devtools/shared/forward-logs-shared.js:44
[  111630ms] [WARNING] Error while trying to use the following icon from the Manifest: http://localhost:3000/icons/icon-192.png (Download error or resource isn't a valid image) @ http://localhost:3000/login:0
[  111647ms] [LOG] [Fast Refresh] rebuilding @ webpack-internal:///(app-pages-browser)/./node_modules/next/dist/next-devtools/shared/forward-logs-shared.js:44
[  111664ms] [LOG] [Fast Refresh] done in 18ms @ webpack-internal:///(app-pages-browser)/./node_modules/next/dist/next-devtools/shared/forward-logs-shared.js:44
[  111691ms] [WARNING] Error while trying to use the following icon from the Manifest: http://localhost:3000/icons/icon-192.png (Download error or resource isn't a valid image) @ http://localhost:3000/login:0
[  111708ms] [LOG] [Fast Refresh] rebuilding @ webpack-internal:///(app-pages-browser)/./node_modules/next/dist/next-devtools/shared/forward-logs-shared.js:44
[  111720ms] [LOG] [Fast Refresh] done in 12ms @ webpack-internal:///(app-pages-browser)/./node_modules/next/dist/next-devtools/shared/forward-logs-shared.js:44
[  111748ms] [WARNING] Error while trying to use the following icon from the Manifest: http://localhost:3000/icons/icon-192.png (Download error or resource isn't a valid image) @ http://localhost:3000/login:0
[  111767ms] [LOG] [Fast Refresh] rebuilding @ webpack-internal:///(app-pages-browser)/./node_modules/next/dist/next-devtools/shared/forward-logs-shared.js:44
[  111782ms] [LOG] [Fast Refresh] done in 16ms @ webpack-internal:///(app-pages-browser)/./node_modules/next/dist/next-devtools/shared/forward-logs-shared.js:44
[  111811ms] [WARNING] Error while trying to use the following icon from the Manifest: http://localhost:3000/icons/icon-192.png (Download error or resource isn't a valid image) @ http://localhost:3000/login:0
[  111829ms] [LOG] [Fast Refresh] rebuilding @ webpack-internal:///(app-pages-browser)/./node_modules/next/dist/next-devtools/shared/forward-logs-shared.js:44
[  111841ms] [LOG] [Fast Refresh] done in 12ms @ webpack-internal:///(app-pages-browser)/./node_modules/next/dist/next-devtools/shared/forward-logs-shared.js:44
[  111873ms] [WARNING] Error while trying to use the following icon from the Manifest: http://localhost:3000/icons/icon-192.png (Download error or resource isn't a valid image) @ http://localhost:3000/login:0
[  111891ms] [LOG] [Fast Refresh] rebuilding @ webpack-internal:///(app-pages-browser)/./node_modules/next/dist/next-devtools/shared/forward-logs-shared.js:44
[  111907ms] [LOG] [Fast Refresh] done in 16ms @ webpack-internal:///(app-pages-browser)/./node_modules/next/dist/next-devtools/shared/forward-logs-shared.js:44
[  111935ms] [WARNING] Error while trying to use the following icon from the Manifest: http://localhost:3000/icons/icon-192.png (Download error or resource isn't a valid image) @ http://localhost:3000/login:0
[  111952ms] [LOG] [Fast Refresh] rebuilding @ webpack-internal:///(app-pages-browser)/./node_modules/next/dist/next-devtools/shared/forward-logs-shared.js:44
[  111963ms] [LOG] [Fast Refresh] done in 11ms @ webpack-internal:///(app-pages-browser)/./node_modules/next/dist/next-devtools/shared/forward-logs-shared.js:44
[  112008ms] [LOG] [Fast Refresh] rebuilding @ webpack-internal:///(app-pages-browser)/./node_modules/next/dist/next-devtools/shared/forward-logs-shared.js:44
[  112024ms] [LOG] [Fast Refresh] done in 15ms @ webpack-internal:///(app-pages-browser)/./node_modules/next/dist/next-devtools/shared/forward-logs-shared.js:44
[  112067ms] [WARNING] Error while trying to use the following icon from the Manifest: http://localhost:3000/icons/icon-192.png (Download error or resource isn't a valid image) @ http://localhost:3000/login:0
[  112070ms] [LOG] [Fast Refresh] rebuilding @ webpack-internal:///(app-pages-browser)/./node_modules/next/dist/next-devtools/shared/forward-logs-shared.js:44
[  112082ms] [LOG] [Fast Refresh] done in 12ms @ webpack-internal:///(app-pages-browser)/./node_modules/next/dist/next-devtools/shared/forward-logs-shared.js:44
[  112125ms] [LOG] [Fast Refresh] rebuilding @ webpack-internal:///(app-pages-browser)/./node_modules/next/dist/next-devtools/shared/forward-logs-shared.js:44
[  112140ms] [LOG] [Fast Refresh] done in 15ms @ webpack-internal:///(app-pages-browser)/./node_modules/next/dist/next-devtools/shared/forward-logs-shared.js:44
[  112170ms] [WARNING] Error while trying to use the following icon from the Manifest: http://localhost:3000/icons/icon-192.png (Download error or resource isn't a valid image) @ http://localhost:3000/login:0
[  112190ms] [LOG] [Fast Refresh] rebuilding @ webpack-internal:///(app-pages-browser)/./node_modules/next/dist/next-devtools/shared/forward-logs-shared.js:44
[  112202ms] [LOG] [Fast Refresh] done in 12ms @ webpack-internal:///(app-pages-browser)/./node_modules/next/dist/next-devtools/shared/forward-logs-shared.js:44
[  112232ms] [WARNING] Error while trying to use the following icon from the Manifest: http://localhost:3000/icons/icon-192.png (Download error or resource isn't a valid image) @ http://localhost:3000/login:0
[  112251ms] [LOG] [Fast Refresh] rebuilding @ webpack-internal:///(app-pages-browser)/./node_modules/next/dist/next-devtools/shared/forward-logs-shared.js:44
[  112266ms] [LOG] [Fast Refresh] done in 16ms @ webpack-internal:///(app-pages-browser)/./node_modules/next/dist/next-devtools/shared/forward-logs-shared.js:44
[  112296ms] [WARNING] Error while trying to use the following icon from the Manifest: http://localhost:3000/icons/icon-192.png (Download error or resource isn't a valid image) @ http://localhost:3000/login:0
[  112313ms] [LOG] [Fast Refresh] rebuilding @ webpack-internal:///(app-pages-browser)/./node_modules/next/dist/next-devtools/shared/forward-logs-shared.js:44
[  112325ms] [LOG] [Fast Refresh] done in 12ms @ webpack-internal:///(app-pages-browser)/./node_modules/next/dist/next-devtools/shared/forward-logs-shared.js:44
[  112370ms] [WARNING] Error while trying to use the following icon from the Manifest: http://localhost:3000/icons/icon-192.png (Download error or resource isn't a valid image) @ http://localhost:3000/login:0
[  112373ms] [LOG] [Fast Refresh] rebuilding @ webpack-internal:///(app-pages-browser)/./node_modules/next/dist/next-devtools/shared/forward-logs-shared.js:44
[  112389ms] [LOG] [Fast Refresh] done in 16ms @ webpack-internal:///(app-pages-browser)/./node_modules/next/dist/next-devtools/shared/forward-logs-shared.js:44
[  112418ms] [WARNING] Error while trying to use the following icon from the Manifest: http://localhost:3000/icons/icon-192.png (Download error or resource isn't a valid image) @ http://localhost:3000/login:0
[  112435ms] [LOG] [Fast Refresh] rebuilding @ webpack-internal:///(app-pages-browser)/./node_modules/next/dist/next-devtools/shared/forward-logs-shared.js:44
[  112445ms] [LOG] [Fast Refresh] done in 11ms @ webpack-internal:///(app-pages-browser)/./node_modules/next/dist/next-devtools/shared/forward-logs-shared.js:44
[  112475ms] [WARNING] Error while trying to use the following icon from the Manifest: http://localhost:3000/icons/icon-192.png (Download error or resource isn't a valid image) @ http://localhost:3000/login:0
[  112494ms] [LOG] [Fast Refresh] rebuilding @ webpack-internal:///(app-pages-browser)/./node_modules/next/dist/next-devtools/shared/forward-logs-shared.js:44
[  112509ms] [LOG] [Fast Refresh] done in 16ms @ webpack-internal:///(app-pages-browser)/./node_modules/next/dist/next-devtools/shared/forward-logs-shared.js:44
[  112539ms] [WARNING] Error while trying to use the following icon from the Manifest: http://localhost:3000/icons/icon-192.png (Download error or resource isn't a valid image) @ http://localhost:3000/login:0
[  112555ms] [LOG] [Fast Refresh] rebuilding @ webpack-internal:///(app-pages-browser)/./node_modules/next/dist/next-devtools/shared/forward-logs-shared.js:44
[  112566ms] [LOG] [Fast Refresh] done in 11ms @ webpack-internal:///(app-pages-browser)/./node_modules/next/dist/next-devtools/shared/forward-logs-shared.js:44
[  112597ms] [WARNING] Error while trying to use the following icon from the Manifest: http://localhost:3000/icons/icon-192.png (Download error or resource isn't a valid image) @ http://localhost:3000/login:0
[  112615ms] [LOG] [Fast Refresh] rebuilding @ webpack-internal:///(app-pages-browser)/./node_modules/next/dist/next-devtools/shared/forward-logs-shared.js:44
[  112631ms] [LOG] [Fast Refresh] done in 16ms @ webpack-internal:///(app-pages-browser)/./node_modules/next/dist/next-devtools/shared/forward-logs-shared.js:44
[  112659ms] [WARNING] Error while trying to use the following icon from the Manifest: http://localhost:3000/icons/icon-192.png (Download error or resource isn't a valid image) @ http://localhost:3000/login:0
[  112677ms] [LOG] [Fast Refresh] rebuilding @ webpack-internal:///(app-pages-browser)/./node_modules/next/dist/next-devtools/shared/forward-logs-shared.js:44
[  112689ms] [LOG] [Fast Refresh] done in 11ms @ webpack-internal:///(app-pages-browser)/./node_modules/next/dist/next-devtools/shared/forward-logs-shared.js:44
[  112716ms] [WARNING] Error while trying to use the following icon from the Manifest: http://localhost:3000/icons/icon-192.png (Download error or resource isn't a valid image) @ http://localhost:3000/login:0
[  112734ms] [LOG] [Fast Refresh] rebuilding @ webpack-internal:///(app-pages-browser)/./node_modules/next/dist/next-devtools/shared/forward-logs-shared.js:44
[  112752ms] [LOG] [Fast Refresh] done in 17ms @ webpack-internal:///(app-pages-browser)/./node_modules/next/dist/next-devtools/shared/forward-logs-shared.js:44
[  112778ms] [WARNING] Error while trying to use the following icon from the Manifest: http://localhost:3000/icons/icon-192.png (Download error or resource isn't a valid image) @ http://localhost:3000/login:0
[  112797ms] [LOG] [Fast Refresh] rebuilding @ webpack-internal:///(app-pages-browser)/./node_modules/next/dist/next-devtools/shared/forward-logs-shared.js:44
[  112808ms] [LOG] [Fast Refresh] done in 12ms @ webpack-internal:///(app-pages-browser)/./node_modules/next/dist/next-devtools/shared/forward-logs-shared.js:44
[  112835ms] [WARNING] Error while trying to use the following icon from the Manifest: http://localhost:3000/icons/icon-192.png (Download error or resource isn't a valid image) @ http://localhost:3000/login:0
[  112854ms] [LOG] [Fast Refresh] rebuilding @ webpack-internal:///(app-pages-browser)/./node_modules/next/dist/next-devtools/shared/forward-logs-shared.js:44
[  112869ms] [LOG] [Fast Refresh] done in 15ms @ webpack-internal:///(app-pages-browser)/./node_modules/next/dist/next-devtools/shared/forward-logs-shared.js:44
[  112898ms] [WARNING] Error while trying to use the following icon from the Manifest: http://localhost:3000/icons/icon-192.png (Download error or resource isn't a valid image) @ http://localhost:3000/login:0
[  112915ms] [LOG] [Fast Refresh] rebuilding @ webpack-internal:///(app-pages-browser)/./node_modules/next/dist/next-devtools/shared/forward-logs-shared.js:44
[  112926ms] [LOG] [Fast Refresh] done in 11ms @ webpack-internal:///(app-pages-browser)/./node_modules/next/dist/next-devtools/shared/forward-logs-shared.js:44
[  112955ms] [WARNING] Error while trying to use the following icon from the Manifest: http://localhost:3000/icons/icon-192.png (Download error or resource isn't a valid image) @ http://localhost:3000/login:0
[  112973ms] [LOG] [Fast Refresh] rebuilding @ webpack-internal:///(app-pages-browser)/./node_modules/next/dist/next-devtools/shared/forward-logs-shared.js:44
[  112988ms] [LOG] [Fast Refresh] done in 15ms @ webpack-internal:///(app-pages-browser)/./node_modules/next/dist/next-devtools/shared/forward-logs-shared.js:44
[  113014ms] [WARNING] Error while trying to use the following icon from the Manifest: http://localhost:3000/icons/icon-192.png (Download error or resource isn't a valid image) @ http://localhost:3000/login:0
[  113030ms] [LOG] [Fast Refresh] rebuilding @ webpack-internal:///(app-pages-browser)/./node_modules/next/dist/next-devtools/shared/forward-logs-shared.js:44
[  113042ms] [LOG] [Fast Refresh] done in 11ms @ webpack-internal:///(app-pages-browser)/./node_modules/next/dist/next-devtools/shared/forward-logs-shared.js:44
[  113068ms] [WARNING] Error while trying to use the following icon from the Manifest: http://localhost:3000/icons/icon-192.png (Download error or resource isn't a valid image) @ http://localhost:3000/login:0
[  113086ms] [LOG] [Fast Refresh] rebuilding @ webpack-internal:///(app-pages-browser)/./node_modules/next/dist/next-devtools/shared/forward-logs-shared.js:44
[  113102ms] [LOG] [Fast Refresh] done in 15ms @ webpack-internal:///(app-pages-browser)/./node_modules/next/dist/next-devtools/shared/forward-logs-shared.js:44
[  113144ms] [LOG] [Fast Refresh] rebuilding @ webpack-internal:///(app-pages-browser)/./node_modules/next/dist/next-devtools/shared/forward-logs-shared.js:44
[  113156ms] [LOG] [Fast Refresh] done in 11ms @ webpack-internal:///(app-pages-browser)/./node_modules/next/dist/next-devtools/shared/forward-logs-shared.js:44
[  113183ms] [WARNING] Error while trying to use the following icon from the Manifest: http://localhost:3000/icons/icon-192.png (Download error or resource isn't a valid image) @ http://localhost:3000/login:0
[  113201ms] [LOG] [Fast Refresh] rebuilding @ webpack-internal:///(app-pages-browser)/./node_modules/next/dist/next-devtools/shared/forward-logs-shared.js:44
[  113216ms] [LOG] [Fast Refresh] done in 14ms @ webpack-internal:///(app-pages-browser)/./node_modules/next/dist/next-devtools/shared/forward-logs-shared.js:44
[  113246ms] [WARNING] Error while trying to use the following icon from the Manifest: http://localhost:3000/icons/icon-192.png (Download error or resource isn't a valid image) @ http://localhost:3000/login:0
[  113262ms] [LOG] [Fast Refresh] rebuilding @ webpack-internal:///(app-pages-browser)/./node_modules/next/dist/next-devtools/shared/forward-logs-shared.js:44
[  113321ms] [LOG] [Fast Refresh] done in 58ms @ webpack-internal:///(app-pages-browser)/./node_modules/next/dist/next-devtools/shared/forward-logs-shared.js:44
[  113889ms] [LOG] [Fast Refresh] rebuilding @ webpack-internal:///(app-pages-browser)/./node_modules/next/dist/next-devtools/shared/forward-logs-shared.js:44
[  113889ms] [WARNING] Error while trying to use the following icon from the Manifest: http://localhost:3000/icons/icon-192.png (Download error or resource isn't a valid image) @ http://localhost:3000/login:0
[  113906ms] [LOG] [Fast Refresh] done in 17ms @ webpack-internal:///(app-pages-browser)/./node_modules/next/dist/next-devtools/shared/forward-logs-shared.js:44
[  113938ms] [WARNING] Error while trying to use the following icon from the Manifest: http://localhost:3000/icons/icon-192.png (Download error or resource isn't a valid image) @ http://localhost:3000/login:0
[  113961ms] [LOG] [Fast Refresh] rebuilding @ webpack-internal:///(app-pages-browser)/./node_modules/next/dist/next-devtools/shared/forward-logs-shared.js:44
[  113972ms] [LOG] [Fast Refresh] done in 11ms @ webpack-internal:///(app-pages-browser)/./node_modules/next/dist/next-devtools/shared/forward-logs-shared.js:44
[  113999ms] [WARNING] Error while trying to use the following icon from the Manifest: http://localhost:3000/icons/icon-192.png (Download error or resource isn't a valid image) @ http://localhost:3000/login:0
[  114019ms] [LOG] [Fast Refresh] rebuilding @ webpack-internal:///(app-pages-browser)/./node_modules/next/dist/next-devtools/shared/forward-logs-shared.js:44
[  114037ms] [LOG] [Fast Refresh] done in 18ms @ webpack-internal:///(app-pages-browser)/./node_modules/next/dist/next-devtools/shared/forward-logs-shared.js:44
[  114070ms] [WARNING] Error while trying to use the following icon from the Manifest: http://localhost:3000/icons/icon-192.png (Download error or resource isn't a valid image) @ http://localhost:3000/login:0
[  114087ms] [LOG] [Fast Refresh] rebuilding @ webpack-internal:///(app-pages-browser)/./node_modules/next/dist/next-devtools/shared/forward-logs-shared.js:44
[  114098ms] [LOG] [Fast Refresh] done in 11ms @ webpack-internal:///(app-pages-browser)/./node_modules/next/dist/next-devtools/shared/forward-logs-shared.js:44
[  114126ms] [WARNING] Error while trying to use the following icon from the Manifest: http://localhost:3000/icons/icon-192.png (Download error or resource isn't a valid image) @ http://localhost:3000/login:0
[  114144ms] [LOG] [Fast Refresh] rebuilding @ webpack-internal:///(app-pages-browser)/./node_modules/next/dist/next-devtools/shared/forward-logs-shared.js:44
[  114159ms] [LOG] [Fast Refresh] done in 16ms @ webpack-internal:///(app-pages-browser)/./node_modules/next/dist/next-devtools/shared/forward-logs-shared.js:44
[  114186ms] [WARNING] Error while trying to use the following icon from the Manifest: http://localhost:3000/icons/icon-192.png (Download error or resource isn't a valid image) @ http://localhost:3000/login:0
[  114204ms] [LOG] [Fast Refresh] rebuilding @ webpack-internal:///(app-pages-browser)/./node_modules/next/dist/next-devtools/shared/forward-logs-shared.js:44
[  114214ms] [LOG] [Fast Refresh] done in 11ms @ webpack-internal:///(app-pages-browser)/./node_modules/next/dist/next-devtools/shared/forward-logs-shared.js:44
[  114241ms] [WARNING] Error while trying to use the following icon from the Manifest: http://localhost:3000/icons/icon-192.png (Download error or resource isn't a valid image) @ http://localhost:3000/login:0
[  114258ms] [LOG] [Fast Refresh] rebuilding @ webpack-internal:///(app-pages-browser)/./node_modules/next/dist/next-devtools/shared/forward-logs-shared.js:44
[  114274ms] [LOG] [Fast Refresh] done in 15ms @ webpack-internal:///(app-pages-browser)/./node_modules/next/dist/next-devtools/shared/forward-logs-shared.js:44
[  114302ms] [WARNING] Error while trying to use the following icon from the Manifest: http://localhost:3000/icons/icon-192.png (Download error or resource isn't a valid image) @ http://localhost:3000/login:0
[  114318ms] [LOG] [Fast Refresh] rebuilding @ webpack-internal:///(app-pages-browser)/./node_modules/next/dist/next-devtools/shared/forward-logs-shared.js:44
[  114330ms] [LOG] [Fast Refresh] done in 11ms @ webpack-internal:///(app-pages-browser)/./node_modules/next/dist/next-devtools/shared/forward-logs-shared.js:44
[  114360ms] [WARNING] Error while trying to use the following icon from the Manifest: http://localhost:3000/icons/icon-192.png (Download error or resource isn't a valid image) @ http://localhost:3000/login:0
[  114376ms] [LOG] [Fast Refresh] rebuilding @ webpack-internal:///(app-pages-browser)/./node_modules/next/dist/next-devtools/shared/forward-logs-shared.js:44
[  114392ms] [LOG] [Fast Refresh] done in 16ms @ webpack-internal:///(app-pages-browser)/./node_modules/next/dist/next-devtools/shared/forward-logs-shared.js:44
[  114424ms] [WARNING] Error while trying to use the following icon from the Manifest: http://localhost:3000/icons/icon-192.png (Download error or resource isn't a valid image) @ http://localhost:3000/login:0
[  114442ms] [LOG] [Fast Refresh] rebuilding @ webpack-internal:///(app-pages-browser)/./node_modules/next/dist/next-devtools/shared/forward-logs-shared.js:44
[  114453ms] [LOG] [Fast Refresh] done in 11ms @ webpack-internal:///(app-pages-browser)/./node_modules/next/dist/next-devtools/shared/forward-logs-shared.js:44
[  114479ms] [WARNING] Error while trying to use the following icon from the Manifest: http://localhost:3000/icons/icon-192.png (Download error or resource isn't a valid image) @ http://localhost:3000/login:0
[  114496ms] [LOG] [Fast Refresh] rebuilding @ webpack-internal:///(app-pages-browser)/./node_modules/next/dist/next-devtools/shared/forward-logs-shared.js:44
[  114510ms] [LOG] [Fast Refresh] done in 15ms @ webpack-internal:///(app-pages-browser)/./node_modules/next/dist/next-devtools/shared/forward-logs-shared.js:44
[  114539ms] [WARNING] Error while trying to use the following icon from the Manifest: http://localhost:3000/icons/icon-192.png (Download error or resource isn't a valid image) @ http://localhost:3000/login:0
[  114556ms] [LOG] [Fast Refresh] rebuilding @ webpack-internal:///(app-pages-browser)/./node_modules/next/dist/next-devtools/shared/forward-logs-shared.js:44
[  114568ms] [LOG] [Fast Refresh] done in 11ms @ webpack-internal:///(app-pages-browser)/./node_modules/next/dist/next-devtools/shared/forward-logs-shared.js:44
[  114595ms] [WARNING] Error while trying to use the following icon from the Manifest: http://localhost:3000/icons/icon-192.png (Download error or resource isn't a valid image) @ http://localhost:3000/login:0
[  114612ms] [LOG] [Fast Refresh] rebuilding @ webpack-internal:///(app-pages-browser)/./node_modules/next/dist/next-devtools/shared/forward-logs-shared.js:44
[  114629ms] [LOG] [Fast Refresh] done in 17ms @ webpack-internal:///(app-pages-browser)/./node_modules/next/dist/next-devtools/shared/forward-logs-shared.js:44
[  114656ms] [WARNING] Error while trying to use the following icon from the Manifest: http://localhost:3000/icons/icon-192.png (Download error or resource isn't a valid image) @ http://localhost:3000/login:0
[  114673ms] [LOG] [Fast Refresh] rebuilding @ webpack-internal:///(app-pages-browser)/./node_modules/next/dist/next-devtools/shared/forward-logs-shared.js:44
[  114688ms] [LOG] [Fast Refresh] done in 16ms @ webpack-internal:///(app-pages-browser)/./node_modules/next/dist/next-devtools/shared/forward-logs-shared.js:44
[  114714ms] [WARNING] Error while trying to use the following icon from the Manifest: http://localhost:3000/icons/icon-192.png (Download error or resource isn't a valid image) @ http://localhost:3000/login:0
[  114731ms] [LOG] [Fast Refresh] rebuilding @ webpack-internal:///(app-pages-browser)/./node_modules/next/dist/next-devtools/shared/forward-logs-shared.js:44
[  114747ms] [LOG] [Fast Refresh] done in 16ms @ webpack-internal:///(app-pages-browser)/./node_modules/next/dist/next-devtools/shared/forward-logs-shared.js:44
[  114774ms] [WARNING] Error while trying to use the following icon from the Manifest: http://localhost:3000/icons/icon-192.png (Download error or resource isn't a valid image) @ http://localhost:3000/login:0
[  114790ms] [LOG] [Fast Refresh] rebuilding @ webpack-internal:///(app-pages-browser)/./node_modules/next/dist/next-devtools/shared/forward-logs-shared.js:44
[  114803ms] [LOG] [Fast Refresh] done in 13ms @ webpack-internal:///(app-pages-browser)/./node_modules/next/dist/next-devtools/shared/forward-logs-shared.js:44
[  114829ms] [WARNING] Error while trying to use the following icon from the Manifest: http://localhost:3000/icons/icon-192.png (Download error or resource isn't a valid image) @ http://localhost:3000/login:0
[  114848ms] [LOG] [Fast Refresh] rebuilding @ webpack-internal:///(app-pages-browser)/./node_modules/next/dist/next-devtools/shared/forward-logs-shared.js:44
[  114864ms] [LOG] [Fast Refresh] done in 16ms @ webpack-internal:///(app-pages-browser)/./node_modules/next/dist/next-devtools/shared/forward-logs-shared.js:44
[  114902ms] [WARNING] Error while trying to use the following icon from the Manifest: http://localhost:3000/icons/icon-192.png (Download error or resource isn't a valid image) @ http://localhost:3000/login:0
[  114919ms] [LOG] [Fast Refresh] rebuilding @ webpack-internal:///(app-pages-browser)/./node_modules/next/dist/next-devtools/shared/forward-logs-shared.js:44
[  114930ms] [LOG] [Fast Refresh] done in 11ms @ webpack-internal:///(app-pages-browser)/./node_modules/next/dist/next-devtools/shared/forward-logs-shared.js:44
[  114957ms] [WARNING] Error while trying to use the following icon from the Manifest: http://localhost:3000/icons/icon-192.png (Download error or resource isn't a valid image) @ http://localhost:3000/login:0
[  114974ms] [LOG] [Fast Refresh] rebuilding @ webpack-internal:///(app-pages-browser)/./node_modules/next/dist/next-devtools/shared/forward-logs-shared.js:44
[  114990ms] [LOG] [Fast Refresh] done in 16ms @ webpack-internal:///(app-pages-browser)/./node_modules/next/dist/next-devtools/shared/forward-logs-shared.js:44
[  115019ms] [WARNING] Error while trying to use the following icon from the Manifest: http://localhost:3000/icons/icon-192.png (Download error or resource isn't a valid image) @ http://localhost:3000/login:0
[  115035ms] [LOG] [Fast Refresh] rebuilding @ webpack-internal:///(app-pages-browser)/./node_modules/next/dist/next-devtools/shared/forward-logs-shared.js:44
[  115045ms] [LOG] [Fast Refresh] done in 11ms @ webpack-internal:///(app-pages-browser)/./node_modules/next/dist/next-devtools/shared/forward-logs-shared.js:44
[  115074ms] [WARNING] Error while trying to use the following icon from the Manifest: http://localhost:3000/icons/icon-192.png (Download error or resource isn't a valid image) @ http://localhost:3000/login:0
[  115091ms] [LOG] [Fast Refresh] rebuilding @ webpack-internal:///(app-pages-browser)/./node_modules/next/dist/next-devtools/shared/forward-logs-shared.js:44
[  115106ms] [LOG] [Fast Refresh] done in 15ms @ webpack-internal:///(app-pages-browser)/./node_modules/next/dist/next-devtools/shared/forward-logs-shared.js:44
[  115135ms] [WARNING] Error while trying to use the following icon from the Manifest: http://localhost:3000/icons/icon-192.png (Download error or resource isn't a valid image) @ http://localhost:3000/login:0
[  115151ms] [LOG] [Fast Refresh] rebuilding @ webpack-internal:///(app-pages-browser)/./node_modules/next/dist/next-devtools/shared/forward-logs-shared.js:44
[  115162ms] [LOG] [Fast Refresh] done in 11ms @ webpack-internal:///(app-pages-browser)/./node_modules/next/dist/next-devtools/shared/forward-logs-shared.js:44
[  115204ms] [LOG] [Fast Refresh] rebuilding @ webpack-internal:///(app-pages-browser)/./node_modules/next/dist/next-devtools/shared/forward-logs-shared.js:44
[  115220ms] [LOG] [Fast Refresh] done in 15ms @ webpack-internal:///(app-pages-browser)/./node_modules/next/dist/next-devtools/shared/forward-logs-shared.js:44
[  115249ms] [WARNING] Error while trying to use the following icon from the Manifest: http://localhost:3000/icons/icon-192.png (Download error or resource isn't a valid image) @ http://localhost:3000/login:0
[  115269ms] [LOG] [Fast Refresh] rebuilding @ webpack-internal:///(app-pages-browser)/./node_modules/next/dist/next-devtools/shared/forward-logs-shared.js:44
[  115282ms] [LOG] [Fast Refresh] done in 13ms @ webpack-internal:///(app-pages-browser)/./node_modules/next/dist/next-devtools/shared/forward-logs-shared.js:44
[  115340ms] [WARNING] Error while trying to use the following icon from the Manifest: http://localhost:3000/icons/icon-192.png (Download error or resource isn't a valid image) @ http://localhost:3000/login:0
[  115372ms] [LOG] [Fast Refresh] rebuilding @ webpack-internal:///(app-pages-browser)/./node_modules/next/dist/next-devtools/shared/forward-logs-shared.js:44
[  115388ms] [LOG] [Fast Refresh] done in 15ms @ webpack-internal:///(app-pages-browser)/./node_modules/next/dist/next-devtools/shared/forward-logs-shared.js:44
[  115413ms] [WARNING] Error while trying to use the following icon from the Manifest: http://localhost:3000/icons/icon-192.png (Download error or resource isn't a valid image) @ http://localhost:3000/login:0
[  115430ms] [LOG] [Fast Refresh] rebuilding @ webpack-internal:///(app-pages-browser)/./node_modules/next/dist/next-devtools/shared/forward-logs-shared.js:44
[  115441ms] [LOG] [Fast Refresh] done in 11ms @ webpack-internal:///(app-pages-browser)/./node_modules/next/dist/next-devtools/shared/forward-logs-shared.js:44
[  115470ms] [WARNING] Error while trying to use the following icon from the Manifest: http://localhost:3000/icons/icon-192.png (Download error or resource isn't a valid image) @ http://localhost:3000/login:0
[  115487ms] [LOG] [Fast Refresh] rebuilding @ webpack-internal:///(app-pages-browser)/./node_modules/next/dist/next-devtools/shared/forward-logs-shared.js:44
[  115503ms] [LOG] [Fast Refresh] done in 16ms @ webpack-internal:///(app-pages-browser)/./node_modules/next/dist/next-devtools/shared/forward-logs-shared.js:44
[  115531ms] [WARNING] Error while trying to use the following icon from the Manifest: http://localhost:3000/icons/icon-192.png (Download error or resource isn't a valid image) @ http://localhost:3000/login:0
[  115547ms] [LOG] [Fast Refresh] rebuilding @ webpack-internal:///(app-pages-browser)/./node_modules/next/dist/next-devtools/shared/forward-logs-shared.js:44
[  115558ms] [LOG] [Fast Refresh] done in 11ms @ webpack-internal:///(app-pages-browser)/./node_modules/next/dist/next-devtools/shared/forward-logs-shared.js:44
[  115586ms] [WARNING] Error while trying to use the following icon from the Manifest: http://localhost:3000/icons/icon-192.png (Download error or resource isn't a valid image) @ http://localhost:3000/login:0
[  115603ms] [LOG] [Fast Refresh] rebuilding @ webpack-internal:///(app-pages-browser)/./node_modules/next/dist/next-devtools/shared/forward-logs-shared.js:44
[  115618ms] [LOG] [Fast Refresh] done in 16ms @ webpack-internal:///(app-pages-browser)/./node_modules/next/dist/next-devtools/shared/forward-logs-shared.js:44
[  115647ms] [WARNING] Error while trying to use the following icon from the Manifest: http://localhost:3000/icons/icon-192.png (Download error or resource isn't a valid image) @ http://localhost:3000/login:0
[  115663ms] [LOG] [Fast Refresh] rebuilding @ webpack-internal:///(app-pages-browser)/./node_modules/next/dist/next-devtools/shared/forward-logs-shared.js:44
[  115675ms] [LOG] [Fast Refresh] done in 11ms @ webpack-internal:///(app-pages-browser)/./node_modules/next/dist/next-devtools/shared/forward-logs-shared.js:44
[  115699ms] [WARNING] Error while trying to use the following icon from the Manifest: http://localhost:3000/icons/icon-192.png (Download error or resource isn't a valid image) @ http://localhost:3000/login:0
[  115719ms] [LOG] [Fast Refresh] rebuilding @ webpack-internal:///(app-pages-browser)/./node_modules/next/dist/next-devtools/shared/forward-logs-shared.js:44
[  115733ms] [LOG] [Fast Refresh] done in 15ms @ webpack-internal:///(app-pages-browser)/./node_modules/next/dist/next-devtools/shared/forward-logs-shared.js:44
[  115761ms] [WARNING] Error while trying to use the following icon from the Manifest: http://localhost:3000/icons/icon-192.png (Download error or resource isn't a valid image) @ http://localhost:3000/login:0
[  115779ms] [LOG] [Fast Refresh] rebuilding @ webpack-internal:///(app-pages-browser)/./node_modules/next/dist/next-devtools/shared/forward-logs-shared.js:44
[  115790ms] [LOG] [Fast Refresh] done in 12ms @ webpack-internal:///(app-pages-browser)/./node_modules/next/dist/next-devtools/shared/forward-logs-shared.js:44
[  115834ms] [LOG] [Fast Refresh] rebuilding @ webpack-internal:///(app-pages-browser)/./node_modules/next/dist/next-devtools/shared/forward-logs-shared.js:44
[  115848ms] [LOG] [Fast Refresh] done in 14ms @ webpack-internal:///(app-pages-browser)/./node_modules/next/dist/next-devtools/shared/forward-logs-shared.js:44
[  115876ms] [WARNING] Error while trying to use the following icon from the Manifest: http://localhost:3000/icons/icon-192.png (Download error or resource isn't a valid image) @ http://localhost:3000/login:0
[  115891ms] [LOG] [Fast Refresh] rebuilding @ webpack-internal:///(app-pages-browser)/./node_modules/next/dist/next-devtools/shared/forward-logs-shared.js:44
[  115902ms] [LOG] [Fast Refresh] done in 11ms @ webpack-internal:///(app-pages-browser)/./node_modules/next/dist/next-devtools/shared/forward-logs-shared.js:44
[  115928ms] [WARNING] Error while trying to use the following icon from the Manifest: http://localhost:3000/icons/icon-192.png (Download error or resource isn't a valid image) @ http://localhost:3000/login:0
[  115947ms] [LOG] [Fast Refresh] rebuilding @ webpack-internal:///(app-pages-browser)/./node_modules/next/dist/next-devtools/shared/forward-logs-shared.js:44
[  115964ms] [LOG] [Fast Refresh] done in 17ms @ webpack-internal:///(app-pages-browser)/./node_modules/next/dist/next-devtools/shared/forward-logs-shared.js:44
[  116006ms] [LOG] [Fast Refresh] rebuilding @ webpack-internal:///(app-pages-browser)/./node_modules/next/dist/next-devtools/shared/forward-logs-shared.js:44
[  116018ms] [LOG] [Fast Refresh] done in 12ms @ webpack-internal:///(app-pages-browser)/./node_modules/next/dist/next-devtools/shared/forward-logs-shared.js:44
[  116043ms] [WARNING] Error while trying to use the following icon from the Manifest: http://localhost:3000/icons/icon-192.png (Download error or resource isn't a valid image) @ http://localhost:3000/login:0
[  116062ms] [LOG] [Fast Refresh] rebuilding @ webpack-internal:///(app-pages-browser)/./node_modules/next/dist/next-devtools/shared/forward-logs-shared.js:44
[  116078ms] [LOG] [Fast Refresh] done in 16ms @ webpack-internal:///(app-pages-browser)/./node_modules/next/dist/next-devtools/shared/forward-logs-shared.js:44
[  116110ms] [WARNING] Error while trying to use the following icon from the Manifest: http://localhost:3000/icons/icon-192.png (Download error or resource isn't a valid image) @ http://localhost:3000/login:0
[  116126ms] [LOG] [Fast Refresh] rebuilding @ webpack-internal:///(app-pages-browser)/./node_modules/next/dist/next-devtools/shared/forward-logs-shared.js:44
[  116138ms] [LOG] [Fast Refresh] done in 11ms @ webpack-internal:///(app-pages-browser)/./node_modules/next/dist/next-devtools/shared/forward-logs-shared.js:44
[  116183ms] [LOG] [Fast Refresh] rebuilding @ webpack-internal:///(app-pages-browser)/./node_modules/next/dist/next-devtools/shared/forward-logs-shared.js:44
[  116199ms] [LOG] [Fast Refresh] done in 16ms @ webpack-internal:///(app-pages-browser)/./node_modules/next/dist/next-devtools/shared/forward-logs-shared.js:44
[  116227ms] [WARNING] Error while trying to use the following icon from the Manifest: http://localhost:3000/icons/icon-192.png (Download error or resource isn't a valid image) @ http://localhost:3000/login:0
[  116244ms] [LOG] [Fast Refresh] rebuilding @ webpack-internal:///(app-pages-browser)/./node_modules/next/dist/next-devtools/shared/forward-logs-shared.js:44
[  116255ms] [LOG] [Fast Refresh] done in 11ms @ webpack-internal:///(app-pages-browser)/./node_modules/next/dist/next-devtools/shared/forward-logs-shared.js:44
[  116283ms] [WARNING] Error while trying to use the following icon from the Manifest: http://localhost:3000/icons/icon-192.png (Download error or resource isn't a valid image) @ http://localhost:3000/login:0
[  116301ms] [LOG] [Fast Refresh] rebuilding @ webpack-internal:///(app-pages-browser)/./node_modules/next/dist/next-devtools/shared/forward-logs-shared.js:44
[  116317ms] [LOG] [Fast Refresh] done in 16ms @ webpack-internal:///(app-pages-browser)/./node_modules/next/dist/next-devtools/shared/forward-logs-shared.js:44
[  116360ms] [LOG] [Fast Refresh] rebuilding @ webpack-internal:///(app-pages-browser)/./node_modules/next/dist/next-devtools/shared/forward-logs-shared.js:44
[  116371ms] [LOG] [Fast Refresh] done in 11ms @ webpack-internal:///(app-pages-browser)/./node_modules/next/dist/next-devtools/shared/forward-logs-shared.js:44
[  116399ms] [WARNING] Error while trying to use the following icon from the Manifest: http://localhost:3000/icons/icon-192.png (Download error or resource isn't a valid image) @ http://localhost:3000/login:0
[  116417ms] [LOG] [Fast Refresh] rebuilding @ webpack-internal:///(app-pages-browser)/./node_modules/next/dist/next-devtools/shared/forward-logs-shared.js:44
[  116432ms] [LOG] [Fast Refresh] done in 15ms @ webpack-internal:///(app-pages-browser)/./node_modules/next/dist/next-devtools/shared/forward-logs-shared.js:44
[  116460ms] [WARNING] Error while trying to use the following icon from the Manifest: http://localhost:3000/icons/icon-192.png (Download error or resource isn't a valid image) @ http://localhost:3000/login:0
[  116476ms] [LOG] [Fast Refresh] rebuilding @ webpack-internal:///(app-pages-browser)/./node_modules/next/dist/next-devtools/shared/forward-logs-shared.js:44
[  116488ms] [LOG] [Fast Refresh] done in 11ms @ webpack-internal:///(app-pages-browser)/./node_modules/next/dist/next-devtools/shared/forward-logs-shared.js:44
[  116514ms] [WARNING] Error while trying to use the following icon from the Manifest: http://localhost:3000/icons/icon-192.png (Download error or resource isn't a valid image) @ http://localhost:3000/login:0
[  116531ms] [LOG] [Fast Refresh] rebuilding @ webpack-internal:///(app-pages-browser)/./node_modules/next/dist/next-devtools/shared/forward-logs-shared.js:44
[  116547ms] [LOG] [Fast Refresh] done in 16ms @ webpack-internal:///(app-pages-browser)/./node_modules/next/dist/next-devtools/shared/forward-logs-shared.js:44
[  116589ms] [LOG] [Fast Refresh] rebuilding @ webpack-internal:///(app-pages-browser)/./node_modules/next/dist/next-devtools/shared/forward-logs-shared.js:44
[  116600ms] [LOG] [Fast Refresh] done in 11ms @ webpack-internal:///(app-pages-browser)/./node_modules/next/dist/next-devtools/shared/forward-logs-shared.js:44
[  116628ms] [WARNING] Error while trying to use the following icon from the Manifest: http://localhost:3000/icons/icon-192.png (Download error or resource isn't a valid image) @ http://localhost:3000/login:0
[  116645ms] [LOG] [Fast Refresh] rebuilding @ webpack-internal:///(app-pages-browser)/./node_modules/next/dist/next-devtools/shared/forward-logs-shared.js:44
[  116661ms] [LOG] [Fast Refresh] done in 16ms @ webpack-internal:///(app-pages-browser)/./node_modules/next/dist/next-devtools/shared/forward-logs-shared.js:44
[  116690ms] [WARNING] Error while trying to use the following icon from the Manifest: http://localhost:3000/icons/icon-192.png (Download error or resource isn't a valid image) @ http://localhost:3000/login:0
[  116706ms] [LOG] [Fast Refresh] rebuilding @ webpack-internal:///(app-pages-browser)/./node_modules/next/dist/next-devtools/shared/forward-logs-shared.js:44
[  116719ms] [LOG] [Fast Refresh] done in 12ms @ webpack-internal:///(app-pages-browser)/./node_modules/next/dist/next-devtools/shared/forward-logs-shared.js:44
[  116746ms] [WARNING] Error while trying to use the following icon from the Manifest: http://localhost:3000/icons/icon-192.png (Download error or resource isn't a valid image) @ http://localhost:3000/login:0
[  116764ms] [LOG] [Fast Refresh] rebuilding @ webpack-internal:///(app-pages-browser)/./node_modules/next/dist/next-devtools/shared/forward-logs-shared.js:44
[  116780ms] [LOG] [Fast Refresh] done in 15ms @ webpack-internal:///(app-pages-browser)/./node_modules/next/dist/next-devtools/shared/forward-logs-shared.js:44
[  116810ms] [WARNING] Error while trying to use the following icon from the Manifest: http://localhost:3000/icons/icon-192.png (Download error or resource isn't a valid image) @ http://localhost:3000/login:0
[  116828ms] [LOG] [Fast Refresh] rebuilding @ webpack-internal:///(app-pages-browser)/./node_modules/next/dist/next-devtools/shared/forward-logs-shared.js:44
[  116839ms] [LOG] [Fast Refresh] done in 12ms @ webpack-internal:///(app-pages-browser)/./node_modules/next/dist/next-devtools/shared/forward-logs-shared.js:44
[  116868ms] [WARNING] Error while trying to use the following icon from the Manifest: http://localhost:3000/icons/icon-192.png (Download error or resource isn't a valid image) @ http://localhost:3000/login:0
[  116887ms] [LOG] [Fast Refresh] rebuilding @ webpack-internal:///(app-pages-browser)/./node_modules/next/dist/next-devtools/shared/forward-logs-shared.js:44
[  116910ms] [LOG] [Fast Refresh] done in 23ms @ webpack-internal:///(app-pages-browser)/./node_modules/next/dist/next-devtools/shared/forward-logs-shared.js:44
[  116939ms] [WARNING] Error while trying to use the following icon from the Manifest: http://localhost:3000/icons/icon-192.png (Download error or resource isn't a valid image) @ http://localhost:3000/login:0
[  116957ms] [LOG] [Fast Refresh] rebuilding @ webpack-internal:///(app-pages-browser)/./node_modules/next/dist/next-devtools/shared/forward-logs-shared.js:44
[  116970ms] [LOG] [Fast Refresh] done in 13ms @ webpack-internal:///(app-pages-browser)/./node_modules/next/dist/next-devtools/shared/forward-logs-shared.js:44
[  116997ms] [WARNING] Error while trying to use the following icon from the Manifest: http://localhost:3000/icons/icon-192.png (Download error or resource isn't a valid image) @ http://localhost:3000/login:0
[  117015ms] [LOG] [Fast Refresh] rebuilding @ webpack-internal:///(app-pages-browser)/./node_modules/next/dist/next-devtools/shared/forward-logs-shared.js:44
[  117032ms] [LOG] [Fast Refresh] done in 16ms @ webpack-internal:///(app-pages-browser)/./node_modules/next/dist/next-devtools/shared/forward-logs-shared.js:44
[  117061ms] [WARNING] Error while trying to use the following icon from the Manifest: http://localhost:3000/icons/icon-192.png (Download error or resource isn't a valid image) @ http://localhost:3000/login:0
[  117080ms] [LOG] [Fast Refresh] rebuilding @ webpack-internal:///(app-pages-browser)/./node_modules/next/dist/next-devtools/shared/forward-logs-shared.js:44
[  117092ms] [LOG] [Fast Refresh] done in 11ms @ webpack-internal:///(app-pages-browser)/./node_modules/next/dist/next-devtools/shared/forward-logs-shared.js:44
[  117121ms] [WARNING] Error while trying to use the following icon from the Manifest: http://localhost:3000/icons/icon-192.png (Download error or resource isn't a valid image) @ http://localhost:3000/login:0
[  117138ms] [LOG] [Fast Refresh] rebuilding @ webpack-internal:///(app-pages-browser)/./node_modules/next/dist/next-devtools/shared/forward-logs-shared.js:44
[  117153ms] [LOG] [Fast Refresh] done in 15ms @ webpack-internal:///(app-pages-browser)/./node_modules/next/dist/next-devtools/shared/forward-logs-shared.js:44
[  117182ms] [WARNING] Error while trying to use the following icon from the Manifest: http://localhost:3000/icons/icon-192.png (Download error or resource isn't a valid image) @ http://localhost:3000/login:0
[  117200ms] [LOG] [Fast Refresh] rebuilding @ webpack-internal:///(app-pages-browser)/./node_modules/next/dist/next-devtools/shared/forward-logs-shared.js:44
[  117211ms] [LOG] [Fast Refresh] done in 12ms @ webpack-internal:///(app-pages-browser)/./node_modules/next/dist/next-devtools/shared/forward-logs-shared.js:44
[  117239ms] [WARNING] Error while trying to use the following icon from the Manifest: http://localhost:3000/icons/icon-192.png (Download error or resource isn't a valid image) @ http://localhost:3000/login:0
[  117257ms] [LOG] [Fast Refresh] rebuilding @ webpack-internal:///(app-pages-browser)/./node_modules/next/dist/next-devtools/shared/forward-logs-shared.js:44
[  117273ms] [LOG] [Fast Refresh] done in 17ms @ webpack-internal:///(app-pages-browser)/./node_modules/next/dist/next-devtools/shared/forward-logs-shared.js:44
[  117300ms] [WARNING] Error while trying to use the following icon from the Manifest: http://localhost:3000/icons/icon-192.png (Download error or resource isn't a valid image) @ http://localhost:3000/login:0
[  117318ms] [LOG] [Fast Refresh] rebuilding @ webpack-internal:///(app-pages-browser)/./node_modules/next/dist/next-devtools/shared/forward-logs-shared.js:44
[  117330ms] [LOG] [Fast Refresh] done in 12ms @ webpack-internal:///(app-pages-browser)/./node_modules/next/dist/next-devtools/shared/forward-logs-shared.js:44
[  117359ms] [WARNING] Error while trying to use the following icon from the Manifest: http://localhost:3000/icons/icon-192.png (Download error or resource isn't a valid image) @ http://localhost:3000/login:0
[  117376ms] [LOG] [Fast Refresh] rebuilding @ webpack-internal:///(app-pages-browser)/./node_modules/next/dist/next-devtools/shared/forward-logs-shared.js:44
[  117391ms] [LOG] [Fast Refresh] done in 15ms @ webpack-internal:///(app-pages-browser)/./node_modules/next/dist/next-devtools/shared/forward-logs-shared.js:44
[  117419ms] [WARNING] Error while trying to use the following icon from the Manifest: http://localhost:3000/icons/icon-192.png (Download error or resource isn't a valid image) @ http://localhost:3000/login:0
[  117435ms] [LOG] [Fast Refresh] rebuilding @ webpack-internal:///(app-pages-browser)/./node_modules/next/dist/next-devtools/shared/forward-logs-shared.js:44
[  117446ms] [LOG] [Fast Refresh] done in 10ms @ webpack-internal:///(app-pages-browser)/./node_modules/next/dist/next-devtools/shared/forward-logs-shared.js:44
[  117474ms] [WARNING] Error while trying to use the following icon from the Manifest: http://localhost:3000/icons/icon-192.png (Download error or resource isn't a valid image) @ http://localhost:3000/login:0
[  117491ms] [LOG] [Fast Refresh] rebuilding @ webpack-internal:///(app-pages-browser)/./node_modules/next/dist/next-devtools/shared/forward-logs-shared.js:44
[  117506ms] [LOG] [Fast Refresh] done in 16ms @ webpack-internal:///(app-pages-browser)/./node_modules/next/dist/next-devtools/shared/forward-logs-shared.js:44
[  117533ms] [WARNING] Error while trying to use the following icon from the Manifest: http://localhost:3000/icons/icon-192.png (Download error or resource isn't a valid image) @ http://localhost:3000/login:0
[  117550ms] [LOG] [Fast Refresh] rebuilding @ webpack-internal:///(app-pages-browser)/./node_modules/next/dist/next-devtools/shared/forward-logs-shared.js:44
[  117561ms] [LOG] [Fast Refresh] done in 11ms @ webpack-internal:///(app-pages-browser)/./node_modules/next/dist/next-devtools/shared/forward-logs-shared.js:44
[  117590ms] [WARNING] Error while trying to use the following icon from the Manifest: http://localhost:3000/icons/icon-192.png (Download error or resource isn't a valid image) @ http://localhost:3000/login:0
[  117607ms] [LOG] [Fast Refresh] rebuilding @ webpack-internal:///(app-pages-browser)/./node_modules/next/dist/next-devtools/shared/forward-logs-shared.js:44
[  117622ms] [LOG] [Fast Refresh] done in 16ms @ webpack-internal:///(app-pages-browser)/./node_modules/next/dist/next-devtools/shared/forward-logs-shared.js:44
[  117653ms] [WARNING] Error while trying to use the following icon from the Manifest: http://localhost:3000/icons/icon-192.png (Download error or resource isn't a valid image) @ http://localhost:3000/login:0
[  117670ms] [LOG] [Fast Refresh] rebuilding @ webpack-internal:///(app-pages-browser)/./node_modules/next/dist/next-devtools/shared/forward-logs-shared.js:44
[  117679ms] [LOG] [Fast Refresh] done in 9ms @ webpack-internal:///(app-pages-browser)/./node_modules/next/dist/next-devtools/shared/forward-logs-shared.js:44
[  117690ms] [WARNING] Error while trying to use the following icon from the Manifest: http://localhost:3000/icons/icon-192.png (Download error or resource isn't a valid image) @ http://localhost:3000/login:0
[  117730ms] [LOG] [Fast Refresh] rebuilding @ webpack-internal:///(app-pages-browser)/./node_modules/next/dist/next-devtools/shared/forward-logs-shared.js:44
[  117746ms] [LOG] [Fast Refresh] done in 15ms @ webpack-internal:///(app-pages-browser)/./node_modules/next/dist/next-devtools/shared/forward-logs-shared.js:44
[  117772ms] [WARNING] Error while trying to use the following icon from the Manifest: http://localhost:3000/icons/icon-192.png (Download error or resource isn't a valid image) @ http://localhost:3000/login:0
[  117788ms] [LOG] [Fast Refresh] rebuilding @ webpack-internal:///(app-pages-browser)/./node_modules/next/dist/next-devtools/shared/forward-logs-shared.js:44
[  117799ms] [LOG] [Fast Refresh] done in 11ms @ webpack-internal:///(app-pages-browser)/./node_modules/next/dist/next-devtools/shared/forward-logs-shared.js:44
[  117828ms] [WARNING] Error while trying to use the following icon from the Manifest: http://localhost:3000/icons/icon-192.png (Download error or resource isn't a valid image) @ http://localhost:3000/login:0
[  117847ms] [LOG] [Fast Refresh] rebuilding @ webpack-internal:///(app-pages-browser)/./node_modules/next/dist/next-devtools/shared/forward-logs-shared.js:44
[  117863ms] [LOG] [Fast Refresh] done in 16ms @ webpack-internal:///(app-pages-browser)/./node_modules/next/dist/next-devtools/shared/forward-logs-shared.js:44
[  117889ms] [WARNING] Error while trying to use the following icon from the Manifest: http://localhost:3000/icons/icon-192.png (Download error or resource isn't a valid image) @ http://localhost:3000/login:0
[  117907ms] [LOG] [Fast Refresh] rebuilding @ webpack-internal:///(app-pages-browser)/./node_modules/next/dist/next-devtools/shared/forward-logs-shared.js:44
[  117918ms] [LOG] [Fast Refresh] done in 12ms @ webpack-internal:///(app-pages-browser)/./node_modules/next/dist/next-devtools/shared/forward-logs-shared.js:44
[  117943ms] [WARNING] Error while trying to use the following icon from the Manifest: http://localhost:3000/icons/icon-192.png (Download error or resource isn't a valid image) @ http://localhost:3000/login:0
[  117963ms] [LOG] [Fast Refresh] rebuilding @ webpack-internal:///(app-pages-browser)/./node_modules/next/dist/next-devtools/shared/forward-logs-shared.js:44
[  117979ms] [LOG] [Fast Refresh] done in 16ms @ webpack-internal:///(app-pages-browser)/./node_modules/next/dist/next-devtools/shared/forward-logs-shared.js:44
[  118022ms] [LOG] [Fast Refresh] rebuilding @ webpack-internal:///(app-pages-browser)/./node_modules/next/dist/next-devtools/shared/forward-logs-shared.js:44
[  118033ms] [LOG] [Fast Refresh] done in 12ms @ webpack-internal:///(app-pages-browser)/./node_modules/next/dist/next-devtools/shared/forward-logs-shared.js:44
[  118060ms] [WARNING] Error while trying to use the following icon from the Manifest: http://localhost:3000/icons/icon-192.png (Download error or resource isn't a valid image) @ http://localhost:3000/login:0
[  118078ms] [LOG] [Fast Refresh] rebuilding @ webpack-internal:///(app-pages-browser)/./node_modules/next/dist/next-devtools/shared/forward-logs-shared.js:44
[  118094ms] [LOG] [Fast Refresh] done in 17ms @ webpack-internal:///(app-pages-browser)/./node_modules/next/dist/next-devtools/shared/forward-logs-shared.js:44
[  118123ms] [WARNING] Error while trying to use the following icon from the Manifest: http://localhost:3000/icons/icon-192.png (Download error or resource isn't a valid image) @ http://localhost:3000/login:0
[  118140ms] [LOG] [Fast Refresh] rebuilding @ webpack-internal:///(app-pages-browser)/./node_modules/next/dist/next-devtools/shared/forward-logs-shared.js:44
[  118152ms] [LOG] [Fast Refresh] done in 12ms @ webpack-internal:///(app-pages-browser)/./node_modules/next/dist/next-devtools/shared/forward-logs-shared.js:44
[  118179ms] [WARNING] Error while trying to use the following icon from the Manifest: http://localhost:3000/icons/icon-192.png (Download error or resource isn't a valid image) @ http://localhost:3000/login:0
[  118197ms] [LOG] [Fast Refresh] rebuilding @ webpack-internal:///(app-pages-browser)/./node_modules/next/dist/next-devtools/shared/forward-logs-shared.js:44
[  118212ms] [LOG] [Fast Refresh] done in 16ms @ webpack-internal:///(app-pages-browser)/./node_modules/next/dist/next-devtools/shared/forward-logs-shared.js:44
[  118243ms] [WARNING] Error while trying to use the following icon from the Manifest: http://localhost:3000/icons/icon-192.png (Download error or resource isn't a valid image) @ http://localhost:3000/login:0
[  118277ms] [LOG] [Fast Refresh] rebuilding @ webpack-internal:///(app-pages-browser)/./node_modules/next/dist/next-devtools/shared/forward-logs-shared.js:44
[  118289ms] [LOG] [Fast Refresh] done in 13ms @ webpack-internal:///(app-pages-browser)/./node_modules/next/dist/next-devtools/shared/forward-logs-shared.js:44
[  118315ms] [WARNING] Error while trying to use the following icon from the Manifest: http://localhost:3000/icons/icon-192.png (Download error or resource isn't a valid image) @ http://localhost:3000/login:0
[  118332ms] [LOG] [Fast Refresh] rebuilding @ webpack-internal:///(app-pages-browser)/./node_modules/next/dist/next-devtools/shared/forward-logs-shared.js:44
[  118348ms] [LOG] [Fast Refresh] done in 16ms @ webpack-internal:///(app-pages-browser)/./node_modules/next/dist/next-devtools/shared/forward-logs-shared.js:44
[  118378ms] [WARNING] Error while trying to use the following icon from the Manifest: http://localhost:3000/icons/icon-192.png (Download error or resource isn't a valid image) @ http://localhost:3000/login:0
[  118395ms] [LOG] [Fast Refresh] rebuilding @ webpack-internal:///(app-pages-browser)/./node_modules/next/dist/next-devtools/shared/forward-logs-shared.js:44
[  118406ms] [LOG] [Fast Refresh] done in 11ms @ webpack-internal:///(app-pages-browser)/./node_modules/next/dist/next-devtools/shared/forward-logs-shared.js:44
[  118432ms] [WARNING] Error while trying to use the following icon from the Manifest: http://localhost:3000/icons/icon-192.png (Download error or resource isn't a valid image) @ http://localhost:3000/login:0
[  118450ms] [LOG] [Fast Refresh] rebuilding @ webpack-internal:///(app-pages-browser)/./node_modules/next/dist/next-devtools/shared/forward-logs-shared.js:44
[  118464ms] [ERROR] Failed to load resource: net::ERR_INCOMPLETE_CHUNKED_ENCODING @ http://localhost:3000/login?_rsc=FvtgsHCa47O2et-1:0
[  118465ms] [ERROR] Failed to load resource: net::ERR_CONNECTION_REFUSED @ http://localhost:3000/_next/static/webpack/webpack.9bb9845204163e07.hot-update.js:0
[  118465ms] [WARNING] [Fast Refresh] performing full reload

Fast Refresh will perform a full reload when you edit a file that's imported by modules outside of the React rendering tree.
You might have a file which exports a React component but also exports a value that is imported by a non-React component file.
Consider migrating the non-React component export to a separate file and importing it into both files.

It is also possible the parent component of the component you edited is a class component, which disables Fast Refresh.
Fast Refresh requires at least one parent function component in your React tree. @ webpack-internal:///(app-pages-browser)/./node_modules/next/dist/next-devtools/shared/forward-logs-shared.js:44
