[      22ms] [WARNING] Error while trying to use the following icon from the Manifest: http://localhost:3000/icons/icon-192.png (Download error or resource isn't a valid image) @ http://localhost:3000/login:0
[     425ms] [INFO] %cDownload the React DevTools for a better development experience: https://react.dev/link/react-devtools font-weight:bold @ webpack-internal:///(app-pages-browser)/./node_modules/next/dist/next-devtools/shared/forward-logs-shared.js:44
[     441ms] [LOG] [HMR] connected @ webpack-internal:///(app-pages-browser)/./node_modules/next/dist/next-devtools/shared/forward-logs-shared.js:44
[     450ms] [LOG] [Fast Refresh] rebuilding @ webpack-internal:///(app-pages-browser)/./node_modules/next/dist/next-devtools/shared/forward-logs-shared.js:44
[     477ms] [WARNING] Error while trying to use the following icon from the Manifest: http://localhost:3000/icons/icon-192.png (Download error or resource isn't a valid image) @ http://localhost:3000/login:0
[     505ms] [LOG] [Fast Refresh] rebuilding @ webpack-internal:///(app-pages-browser)/./node_modules/next/dist/next-devtools/shared/forward-logs-shared.js:44
[     570ms] [LOG] [Fast Refresh] done in 65ms @ webpack-internal:///(app-pages-browser)/./node_modules/next/dist/next-devtools/shared/forward-logs-shared.js:44
[     591ms] [LOG] [Fast Refresh] rebuilding @ webpack-internal:///(app-pages-browser)/./node_modules/next/dist/next-devtools/shared/forward-logs-shared.js:44
[     592ms] [WARNING] Error while trying to use the following icon from the Manifest: http://localhost:3000/icons/icon-192.png (Download error or resource isn't a valid image) @ http://localhost:3000/login:0
[     604ms] [LOG] [Fast Refresh] done in 14ms @ webpack-internal:///(app-pages-browser)/./node_modules/next/dist/next-devtools/shared/forward-logs-shared.js:44
[     646ms] [WARNING] Error while trying to use the following icon from the Manifest: http://localhost:3000/icons/icon-192.png (Download error or resource isn't a valid image) @ http://localhost:3000/login:0
[     673ms] [LOG] [Fast Refresh] rebuilding @ webpack-internal:///(app-pages-browser)/./node_modules/next/dist/next-devtools/shared/forward-logs-shared.js:44
[     691ms] [LOG] [Fast Refresh] done in 17ms @ webpack-internal:///(app-pages-browser)/./node_modules/next/dist/next-devtools/shared/forward-logs-shared.js:44
[     722ms] [WARNING] Error while trying to use the following icon from the Manifest: http://localhost:3000/icons/icon-192.png (Download error or resource isn't a valid image) @ http://localhost:3000/login:0
[     740ms] [LOG] [Fast Refresh] rebuilding @ webpack-internal:///(app-pages-browser)/./node_modules/next/dist/next-devtools/shared/forward-logs-shared.js:44
[     750ms] [LOG] [Fast Refresh] done in 11ms @ webpack-internal:///(app-pages-browser)/./node_modules/next/dist/next-devtools/shared/forward-logs-shared.js:44
[     762ms] [WARNING] Error while trying to use the following icon from the Manifest: http://localhost:3000/icons/icon-192.png (Download error or resource isn't a valid image) @ http://localhost:3000/login:0
[     802ms] [LOG] [Fast Refresh] rebuilding @ webpack-internal:///(app-pages-browser)/./node_modules/next/dist/next-devtools/shared/forward-logs-shared.js:44
[     819ms] [LOG] [Fast Refresh] done in 17ms @ webpack-internal:///(app-pages-browser)/./node_modules/next/dist/next-devtools/shared/forward-logs-shared.js:44
[     845ms] [WARNING] Error while trying to use the following icon from the Manifest: http://localhost:3000/icons/icon-192.png (Download error or resource isn't a valid image) @ http://localhost:3000/login:0
[     867ms] [LOG] [Fast Refresh] rebuilding @ webpack-internal:///(app-pages-browser)/./node_modules/next/dist/next-devtools/shared/forward-logs-shared.js:44
[     879ms] [LOG] [Fast Refresh] done in 13ms @ webpack-internal:///(app-pages-browser)/./node_modules/next/dist/next-devtools/shared/forward-logs-shared.js:44
[     909ms] [WARNING] Error while trying to use the following icon from the Manifest: http://localhost:3000/icons/icon-192.png (Download error or resource isn't a valid image) @ http://localhost:3000/login:0
[     927ms] [LOG] [Fast Refresh] rebuilding @ webpack-internal:///(app-pages-browser)/./node_modules/next/dist/next-devtools/shared/forward-logs-shared.js:44
[     943ms] [LOG] [Fast Refresh] done in 16ms @ webpack-internal:///(app-pages-browser)/./node_modules/next/dist/next-devtools/shared/forward-logs-shared.js:44
[     989ms] [LOG] [Fast Refresh] rebuilding @ webpack-internal:///(app-pages-browser)/./node_modules/next/dist/next-devtools/shared/forward-logs-shared.js:44
[    1005ms] [LOG] [Fast Refresh] done in 17ms @ webpack-internal:///(app-pages-browser)/./node_modules/next/dist/next-devtools/shared/forward-logs-shared.js:44
[    1047ms] [LOG] [Fast Refresh] rebuilding @ webpack-internal:///(app-pages-browser)/./node_modules/next/dist/next-devtools/shared/forward-logs-shared.js:44
[    1049ms] [WARNING] Error while trying to use the following icon from the Manifest: http://localhost:3000/icons/icon-192.png (Download error or resource isn't a valid image) @ http://localhost:3000/login:0
[    1064ms] [LOG] [Fast Refresh] done in 18ms @ webpack-internal:///(app-pages-browser)/./node_modules/next/dist/next-devtools/shared/forward-logs-shared.js:44
[    1095ms] [WARNING] Error while trying to use the following icon from the Manifest: http://localhost:3000/icons/icon-192.png (Download error or resource isn't a valid image) @ http://localhost:3000/login:0
[    1111ms] [LOG] [Fast Refresh] rebuilding @ webpack-internal:///(app-pages-browser)/./node_modules/next/dist/next-devtools/shared/forward-logs-shared.js:44
[    1122ms] [LOG] [Fast Refresh] done in 11ms @ webpack-internal:///(app-pages-browser)/./node_modules/next/dist/next-devtools/shared/forward-logs-shared.js:44
[    1154ms] [WARNING] Error while trying to use the following icon from the Manifest: http://localhost:3000/icons/icon-192.png (Download error or resource isn't a valid image) @ http://localhost:3000/login:0
[    1171ms] [LOG] [Fast Refresh] rebuilding @ webpack-internal:///(app-pages-browser)/./node_modules/next/dist/next-devtools/shared/forward-logs-shared.js:44
[    1187ms] [LOG] [Fast Refresh] done in 16ms @ webpack-internal:///(app-pages-browser)/./node_modules/next/dist/next-devtools/shared/forward-logs-shared.js:44
[    1216ms] [WARNING] Error while trying to use the following icon from the Manifest: http://localhost:3000/icons/icon-192.png (Download error or resource isn't a valid image) @ http://localhost:3000/login:0
[    1233ms] [LOG] [Fast Refresh] rebuilding @ webpack-internal:///(app-pages-browser)/./node_modules/next/dist/next-devtools/shared/forward-logs-shared.js:44
[    1244ms] [LOG] [Fast Refresh] done in 11ms @ webpack-internal:///(app-pages-browser)/./node_modules/next/dist/next-devtools/shared/forward-logs-shared.js:44
[    1271ms] [WARNING] Error while trying to use the following icon from the Manifest: http://localhost:3000/icons/icon-192.png (Download error or resource isn't a valid image) @ http://localhost:3000/login:0
[    1290ms] [LOG] [Fast Refresh] rebuilding @ webpack-internal:///(app-pages-browser)/./node_modules/next/dist/next-devtools/shared/forward-logs-shared.js:44
[    1306ms] [LOG] [Fast Refresh] done in 15ms @ webpack-internal:///(app-pages-browser)/./node_modules/next/dist/next-devtools/shared/forward-logs-shared.js:44
[    1339ms] [WARNING] Error while trying to use the following icon from the Manifest: http://localhost:3000/icons/icon-192.png (Download error or resource isn't a valid image) @ http://localhost:3000/login:0
[    1357ms] [LOG] [Fast Refresh] rebuilding @ webpack-internal:///(app-pages-browser)/./node_modules/next/dist/next-devtools/shared/forward-logs-shared.js:44
[    1368ms] [LOG] [Fast Refresh] done in 12ms @ webpack-internal:///(app-pages-browser)/./node_modules/next/dist/next-devtools/shared/forward-logs-shared.js:44
[    1399ms] [WARNING] Error while trying to use the following icon from the Manifest: http://localhost:3000/icons/icon-192.png (Download error or resource isn't a valid image) @ http://localhost:3000/login:0
[    1416ms] [LOG] [Fast Refresh] rebuilding @ webpack-internal:///(app-pages-browser)/./node_modules/next/dist/next-devtools/shared/forward-logs-shared.js:44
[    1433ms] [LOG] [Fast Refresh] done in 17ms @ webpack-internal:///(app-pages-browser)/./node_modules/next/dist/next-devtools/shared/forward-logs-shared.js:44
[    1462ms] [WARNING] Error while trying to use the following icon from the Manifest: http://localhost:3000/icons/icon-192.png (Download error or resource isn't a valid image) @ http://localhost:3000/login:0
[    1479ms] [LOG] [Fast Refresh] rebuilding @ webpack-internal:///(app-pages-browser)/./node_modules/next/dist/next-devtools/shared/forward-logs-shared.js:44
[    1491ms] [LOG] [Fast Refresh] done in 13ms @ webpack-internal:///(app-pages-browser)/./node_modules/next/dist/next-devtools/shared/forward-logs-shared.js:44
[    1520ms] [WARNING] Error while trying to use the following icon from the Manifest: http://localhost:3000/icons/icon-192.png (Download error or resource isn't a valid image) @ http://localhost:3000/login:0
[    1539ms] [LOG] [Fast Refresh] rebuilding @ webpack-internal:///(app-pages-browser)/./node_modules/next/dist/next-devtools/shared/forward-logs-shared.js:44
[    1556ms] [LOG] [Fast Refresh] done in 16ms @ webpack-internal:///(app-pages-browser)/./node_modules/next/dist/next-devtools/shared/forward-logs-shared.js:44
[    1587ms] [WARNING] Error while trying to use the following icon from the Manifest: http://localhost:3000/icons/icon-192.png (Download error or resource isn't a valid image) @ http://localhost:3000/login:0
[    1604ms] [LOG] [Fast Refresh] rebuilding @ webpack-internal:///(app-pages-browser)/./node_modules/next/dist/next-devtools/shared/forward-logs-shared.js:44
[    1616ms] [LOG] [Fast Refresh] done in 12ms @ webpack-internal:///(app-pages-browser)/./node_modules/next/dist/next-devtools/shared/forward-logs-shared.js:44
[    1643ms] [WARNING] Error while trying to use the following icon from the Manifest: http://localhost:3000/icons/icon-192.png (Download error or resource isn't a valid image) @ http://localhost:3000/login:0
[    1662ms] [LOG] [Fast Refresh] rebuilding @ webpack-internal:///(app-pages-browser)/./node_modules/next/dist/next-devtools/shared/forward-logs-shared.js:44
[    1679ms] [LOG] [Fast Refresh] done in 17ms @ webpack-internal:///(app-pages-browser)/./node_modules/next/dist/next-devtools/shared/forward-logs-shared.js:44
[    1709ms] [WARNING] Error while trying to use the following icon from the Manifest: http://localhost:3000/icons/icon-192.png (Download error or resource isn't a valid image) @ http://localhost:3000/login:0
[    1726ms] [LOG] [Fast Refresh] rebuilding @ webpack-internal:///(app-pages-browser)/./node_modules/next/dist/next-devtools/shared/forward-logs-shared.js:44
[    1738ms] [LOG] [Fast Refresh] done in 11ms @ webpack-internal:///(app-pages-browser)/./node_modules/next/dist/next-devtools/shared/forward-logs-shared.js:44
[    1767ms] [WARNING] Error while trying to use the following icon from the Manifest: http://localhost:3000/icons/icon-192.png (Download error or resource isn't a valid image) @ http://localhost:3000/login:0
[    1786ms] [LOG] [Fast Refresh] rebuilding @ webpack-internal:///(app-pages-browser)/./node_modules/next/dist/next-devtools/shared/forward-logs-shared.js:44
[    1801ms] [LOG] [Fast Refresh] done in 16ms @ webpack-internal:///(app-pages-browser)/./node_modules/next/dist/next-devtools/shared/forward-logs-shared.js:44
[    1830ms] [WARNING] Error while trying to use the following icon from the Manifest: http://localhost:3000/icons/icon-192.png (Download error or resource isn't a valid image) @ http://localhost:3000/login:0
[    1847ms] [LOG] [Fast Refresh] rebuilding @ webpack-internal:///(app-pages-browser)/./node_modules/next/dist/next-devtools/shared/forward-logs-shared.js:44
[    1859ms] [LOG] [Fast Refresh] done in 12ms @ webpack-internal:///(app-pages-browser)/./node_modules/next/dist/next-devtools/shared/forward-logs-shared.js:44
[    1890ms] [WARNING] Error while trying to use the following icon from the Manifest: http://localhost:3000/icons/icon-192.png (Download error or resource isn't a valid image) @ http://localhost:3000/login:0
[    1908ms] [LOG] [Fast Refresh] rebuilding @ webpack-internal:///(app-pages-browser)/./node_modules/next/dist/next-devtools/shared/forward-logs-shared.js:44
[    1926ms] [LOG] [Fast Refresh] done in 18ms @ webpack-internal:///(app-pages-browser)/./node_modules/next/dist/next-devtools/shared/forward-logs-shared.js:44
[    1955ms] [WARNING] Error while trying to use the following icon from the Manifest: http://localhost:3000/icons/icon-192.png (Download error or resource isn't a valid image) @ http://localhost:3000/login:0
[    1972ms] [LOG] [Fast Refresh] rebuilding @ webpack-internal:///(app-pages-browser)/./node_modules/next/dist/next-devtools/shared/forward-logs-shared.js:44
[    1984ms] [LOG] [Fast Refresh] done in 12ms @ webpack-internal:///(app-pages-browser)/./node_modules/next/dist/next-devtools/shared/forward-logs-shared.js:44
[    2011ms] [WARNING] Error while trying to use the following icon from the Manifest: http://localhost:3000/icons/icon-192.png (Download error or resource isn't a valid image) @ http://localhost:3000/login:0
[    2030ms] [LOG] [Fast Refresh] rebuilding @ webpack-internal:///(app-pages-browser)/./node_modules/next/dist/next-devtools/shared/forward-logs-shared.js:44
[    2046ms] [LOG] [Fast Refresh] done in 16ms @ webpack-internal:///(app-pages-browser)/./node_modules/next/dist/next-devtools/shared/forward-logs-shared.js:44
[    2075ms] [WARNING] Error while trying to use the following icon from the Manifest: http://localhost:3000/icons/icon-192.png (Download error or resource isn't a valid image) @ http://localhost:3000/login:0
[    2092ms] [LOG] [Fast Refresh] rebuilding @ webpack-internal:///(app-pages-browser)/./node_modules/next/dist/next-devtools/shared/forward-logs-shared.js:44
[    2104ms] [LOG] [Fast Refresh] done in 11ms @ webpack-internal:///(app-pages-browser)/./node_modules/next/dist/next-devtools/shared/forward-logs-shared.js:44
[    2132ms] [WARNING] Error while trying to use the following icon from the Manifest: http://localhost:3000/icons/icon-192.png (Download error or resource isn't a valid image) @ http://localhost:3000/login:0
[    2149ms] [LOG] [Fast Refresh] rebuilding @ webpack-internal:///(app-pages-browser)/./node_modules/next/dist/next-devtools/shared/forward-logs-shared.js:44
[    2164ms] [LOG] [Fast Refresh] done in 15ms @ webpack-internal:///(app-pages-browser)/./node_modules/next/dist/next-devtools/shared/forward-logs-shared.js:44
[    2193ms] [WARNING] Error while trying to use the following icon from the Manifest: http://localhost:3000/icons/icon-192.png (Download error or resource isn't a valid image) @ http://localhost:3000/login:0
[    2210ms] [LOG] [Fast Refresh] rebuilding @ webpack-internal:///(app-pages-browser)/./node_modules/next/dist/next-devtools/shared/forward-logs-shared.js:44
[    2223ms] [LOG] [Fast Refresh] done in 12ms @ webpack-internal:///(app-pages-browser)/./node_modules/next/dist/next-devtools/shared/forward-logs-shared.js:44
[    2251ms] [WARNING] Error while trying to use the following icon from the Manifest: http://localhost:3000/icons/icon-192.png (Download error or resource isn't a valid image) @ http://localhost:3000/login:0
[    2269ms] [LOG] [Fast Refresh] rebuilding @ webpack-internal:///(app-pages-browser)/./node_modules/next/dist/next-devtools/shared/forward-logs-shared.js:44
[    2285ms] [LOG] [Fast Refresh] done in 15ms @ webpack-internal:///(app-pages-browser)/./node_modules/next/dist/next-devtools/shared/forward-logs-shared.js:44
[    2316ms] [WARNING] Error while trying to use the following icon from the Manifest: http://localhost:3000/icons/icon-192.png (Download error or resource isn't a valid image) @ http://localhost:3000/login:0
[    2336ms] [LOG] [Fast Refresh] rebuilding @ webpack-internal:///(app-pages-browser)/./node_modules/next/dist/next-devtools/shared/forward-logs-shared.js:44
[    2349ms] [LOG] [Fast Refresh] done in 13ms @ webpack-internal:///(app-pages-browser)/./node_modules/next/dist/next-devtools/shared/forward-logs-shared.js:44
[    2398ms] [LOG] [Fast Refresh] rebuilding @ webpack-internal:///(app-pages-browser)/./node_modules/next/dist/next-devtools/shared/forward-logs-shared.js:44
[    2414ms] [LOG] [Fast Refresh] done in 17ms @ webpack-internal:///(app-pages-browser)/./node_modules/next/dist/next-devtools/shared/forward-logs-shared.js:44
[    2445ms] [WARNING] Error while trying to use the following icon from the Manifest: http://localhost:3000/icons/icon-192.png (Download error or resource isn't a valid image) @ http://localhost:3000/login:0
[    2462ms] [LOG] [Fast Refresh] rebuilding @ webpack-internal:///(app-pages-browser)/./node_modules/next/dist/next-devtools/shared/forward-logs-shared.js:44
[    2473ms] [LOG] [Fast Refresh] done in 12ms @ webpack-internal:///(app-pages-browser)/./node_modules/next/dist/next-devtools/shared/forward-logs-shared.js:44
[    2502ms] [WARNING] Error while trying to use the following icon from the Manifest: http://localhost:3000/icons/icon-192.png (Download error or resource isn't a valid image) @ http://localhost:3000/login:0
[    2519ms] [LOG] [Fast Refresh] rebuilding @ webpack-internal:///(app-pages-browser)/./node_modules/next/dist/next-devtools/shared/forward-logs-shared.js:44
[    2535ms] [LOG] [Fast Refresh] done in 17ms @ webpack-internal:///(app-pages-browser)/./node_modules/next/dist/next-devtools/shared/forward-logs-shared.js:44
[    2563ms] [WARNING] Error while trying to use the following icon from the Manifest: http://localhost:3000/icons/icon-192.png (Download error or resource isn't a valid image) @ http://localhost:3000/login:0
[    2580ms] [LOG] [Fast Refresh] rebuilding @ webpack-internal:///(app-pages-browser)/./node_modules/next/dist/next-devtools/shared/forward-logs-shared.js:44
[    2591ms] [LOG] [Fast Refresh] done in 12ms @ webpack-internal:///(app-pages-browser)/./node_modules/next/dist/next-devtools/shared/forward-logs-shared.js:44
[    2620ms] [WARNING] Error while trying to use the following icon from the Manifest: http://localhost:3000/icons/icon-192.png (Download error or resource isn't a valid image) @ http://localhost:3000/login:0
[    2637ms] [LOG] [Fast Refresh] rebuilding @ webpack-internal:///(app-pages-browser)/./node_modules/next/dist/next-devtools/shared/forward-logs-shared.js:44
[    2653ms] [LOG] [Fast Refresh] done in 17ms @ webpack-internal:///(app-pages-browser)/./node_modules/next/dist/next-devtools/shared/forward-logs-shared.js:44
[    2684ms] [WARNING] Error while trying to use the following icon from the Manifest: http://localhost:3000/icons/icon-192.png (Download error or resource isn't a valid image) @ http://localhost:3000/login:0
[    2702ms] [LOG] [Fast Refresh] rebuilding @ webpack-internal:///(app-pages-browser)/./node_modules/next/dist/next-devtools/shared/forward-logs-shared.js:44
[    2714ms] [LOG] [Fast Refresh] done in 12ms @ webpack-internal:///(app-pages-browser)/./node_modules/next/dist/next-devtools/shared/forward-logs-shared.js:44
[    2743ms] [WARNING] Error while trying to use the following icon from the Manifest: http://localhost:3000/icons/icon-192.png (Download error or resource isn't a valid image) @ http://localhost:3000/login:0
[    2764ms] [LOG] [Fast Refresh] rebuilding @ webpack-internal:///(app-pages-browser)/./node_modules/next/dist/next-devtools/shared/forward-logs-shared.js:44
[    2797ms] [LOG] [Fast Refresh] done in 33ms @ webpack-internal:///(app-pages-browser)/./node_modules/next/dist/next-devtools/shared/forward-logs-shared.js:44
[    2827ms] [WARNING] Error while trying to use the following icon from the Manifest: http://localhost:3000/icons/icon-192.png (Download error or resource isn't a valid image) @ http://localhost:3000/login:0
[    2867ms] [LOG] [Fast Refresh] rebuilding @ webpack-internal:///(app-pages-browser)/./node_modules/next/dist/next-devtools/shared/forward-logs-shared.js:44
[    2890ms] [LOG] [Fast Refresh] done in 22ms @ webpack-internal:///(app-pages-browser)/./node_modules/next/dist/next-devtools/shared/forward-logs-shared.js:44
[    3158ms] [LOG] [Fast Refresh] rebuilding @ webpack-internal:///(app-pages-browser)/./node_modules/next/dist/next-devtools/shared/forward-logs-shared.js:44
[    3175ms] [LOG] [Fast Refresh] done in 17ms @ webpack-internal:///(app-pages-browser)/./node_modules/next/dist/next-devtools/shared/forward-logs-shared.js:44
[    3204ms] [WARNING] Error while trying to use the following icon from the Manifest: http://localhost:3000/icons/icon-192.png (Download error or resource isn't a valid image) @ http://localhost:3000/login:0
[    3224ms] [LOG] [Fast Refresh] rebuilding @ webpack-internal:///(app-pages-browser)/./node_modules/next/dist/next-devtools/shared/forward-logs-shared.js:44
[    3236ms] [LOG] [Fast Refresh] done in 11ms @ webpack-internal:///(app-pages-browser)/./node_modules/next/dist/next-devtools/shared/forward-logs-shared.js:44
[    3263ms] [WARNING] Error while trying to use the following icon from the Manifest: http://localhost:3000/icons/icon-192.png (Download error or resource isn't a valid image) @ http://localhost:3000/login:0
[    3284ms] [LOG] [Fast Refresh] rebuilding @ webpack-internal:///(app-pages-browser)/./node_modules/next/dist/next-devtools/shared/forward-logs-shared.js:44
[    3296ms] [LOG] [Fast Refresh] done in 11ms @ webpack-internal:///(app-pages-browser)/./node_modules/next/dist/next-devtools/shared/forward-logs-shared.js:44
[    3339ms] [LOG] [Fast Refresh] rebuilding @ webpack-internal:///(app-pages-browser)/./node_modules/next/dist/next-devtools/shared/forward-logs-shared.js:44
[    3354ms] [LOG] [Fast Refresh] done in 15ms @ webpack-internal:///(app-pages-browser)/./node_modules/next/dist/next-devtools/shared/forward-logs-shared.js:44
[    3384ms] [WARNING] Error while trying to use the following icon from the Manifest: http://localhost:3000/icons/icon-192.png (Download error or resource isn't a valid image) @ http://localhost:3000/login:0
[    3401ms] [LOG] [Fast Refresh] rebuilding @ webpack-internal:///(app-pages-browser)/./node_modules/next/dist/next-devtools/shared/forward-logs-shared.js:44
[    3412ms] [LOG] [Fast Refresh] done in 11ms @ webpack-internal:///(app-pages-browser)/./node_modules/next/dist/next-devtools/shared/forward-logs-shared.js:44
[    3442ms] [WARNING] Error while trying to use the following icon from the Manifest: http://localhost:3000/icons/icon-192.png (Download error or resource isn't a valid image) @ http://localhost:3000/login:0
[    3459ms] [LOG] [Fast Refresh] rebuilding @ webpack-internal:///(app-pages-browser)/./node_modules/next/dist/next-devtools/shared/forward-logs-shared.js:44
[    3473ms] [LOG] [Fast Refresh] done in 14ms @ webpack-internal:///(app-pages-browser)/./node_modules/next/dist/next-devtools/shared/forward-logs-shared.js:44
[    3485ms] [WARNING] Error while trying to use the following icon from the Manifest: http://localhost:3000/icons/icon-192.png (Download error or resource isn't a valid image) @ http://localhost:3000/login:0
[    3519ms] [LOG] [Fast Refresh] rebuilding @ webpack-internal:///(app-pages-browser)/./node_modules/next/dist/next-devtools/shared/forward-logs-shared.js:44
[    3531ms] [LOG] [Fast Refresh] done in 11ms @ webpack-internal:///(app-pages-browser)/./node_modules/next/dist/next-devtools/shared/forward-logs-shared.js:44
[    3560ms] [WARNING] Error while trying to use the following icon from the Manifest: http://localhost:3000/icons/icon-192.png (Download error or resource isn't a valid image) @ http://localhost:3000/login:0
[    3576ms] [LOG] [Fast Refresh] rebuilding @ webpack-internal:///(app-pages-browser)/./node_modules/next/dist/next-devtools/shared/forward-logs-shared.js:44
[    3591ms] [LOG] [Fast Refresh] done in 16ms @ webpack-internal:///(app-pages-browser)/./node_modules/next/dist/next-devtools/shared/forward-logs-shared.js:44
[    3620ms] [WARNING] Error while trying to use the following icon from the Manifest: http://localhost:3000/icons/icon-192.png (Download error or resource isn't a valid image) @ http://localhost:3000/login:0
[    3637ms] [LOG] [Fast Refresh] rebuilding @ webpack-internal:///(app-pages-browser)/./node_modules/next/dist/next-devtools/shared/forward-logs-shared.js:44
[    3648ms] [LOG] [Fast Refresh] done in 11ms @ webpack-internal:///(app-pages-browser)/./node_modules/next/dist/next-devtools/shared/forward-logs-shared.js:44
[    3676ms] [WARNING] Error while trying to use the following icon from the Manifest: http://localhost:3000/icons/icon-192.png (Download error or resource isn't a valid image) @ http://localhost:3000/login:0
[    3694ms] [LOG] [Fast Refresh] rebuilding @ webpack-internal:///(app-pages-browser)/./node_modules/next/dist/next-devtools/shared/forward-logs-shared.js:44
[    3709ms] [LOG] [Fast Refresh] done in 15ms @ webpack-internal:///(app-pages-browser)/./node_modules/next/dist/next-devtools/shared/forward-logs-shared.js:44
[    3739ms] [WARNING] Error while trying to use the following icon from the Manifest: http://localhost:3000/icons/icon-192.png (Download error or resource isn't a valid image) @ http://localhost:3000/login:0
[    3757ms] [LOG] [Fast Refresh] rebuilding @ webpack-internal:///(app-pages-browser)/./node_modules/next/dist/next-devtools/shared/forward-logs-shared.js:44
[    3770ms] [LOG] [Fast Refresh] done in 13ms @ webpack-internal:///(app-pages-browser)/./node_modules/next/dist/next-devtools/shared/forward-logs-shared.js:44
[    3799ms] [WARNING] Error while trying to use the following icon from the Manifest: http://localhost:3000/icons/icon-192.png (Download error or resource isn't a valid image) @ http://localhost:3000/login:0
[    3831ms] [LOG] [Fast Refresh] rebuilding @ webpack-internal:///(app-pages-browser)/./node_modules/next/dist/next-devtools/shared/forward-logs-shared.js:44
[    3850ms] [LOG] [Fast Refresh] done in 18ms @ webpack-internal:///(app-pages-browser)/./node_modules/next/dist/next-devtools/shared/forward-logs-shared.js:44
[    3876ms] [WARNING] Error while trying to use the following icon from the Manifest: http://localhost:3000/icons/icon-192.png (Download error or resource isn't a valid image) @ http://localhost:3000/login:0
[    3893ms] [LOG] [Fast Refresh] rebuilding @ webpack-internal:///(app-pages-browser)/./node_modules/next/dist/next-devtools/shared/forward-logs-shared.js:44
[    3905ms] [LOG] [Fast Refresh] done in 13ms @ webpack-internal:///(app-pages-browser)/./node_modules/next/dist/next-devtools/shared/forward-logs-shared.js:44
[    3936ms] [WARNING] Error while trying to use the following icon from the Manifest: http://localhost:3000/icons/icon-192.png (Download error or resource isn't a valid image) @ http://localhost:3000/login:0
[    3953ms] [LOG] [Fast Refresh] rebuilding @ webpack-internal:///(app-pages-browser)/./node_modules/next/dist/next-devtools/shared/forward-logs-shared.js:44
[    3968ms] [LOG] [Fast Refresh] done in 15ms @ webpack-internal:///(app-pages-browser)/./node_modules/next/dist/next-devtools/shared/forward-logs-shared.js:44
[    4013ms] [LOG] [Fast Refresh] rebuilding @ webpack-internal:///(app-pages-browser)/./node_modules/next/dist/next-devtools/shared/forward-logs-shared.js:44
[    4024ms] [LOG] [Fast Refresh] done in 12ms @ webpack-internal:///(app-pages-browser)/./node_modules/next/dist/next-devtools/shared/forward-logs-shared.js:44
[    4054ms] [WARNING] Error while trying to use the following icon from the Manifest: http://localhost:3000/icons/icon-192.png (Download error or resource isn't a valid image) @ http://localhost:3000/login:0
[    4076ms] [LOG] [Fast Refresh] rebuilding @ webpack-internal:///(app-pages-browser)/./node_modules/next/dist/next-devtools/shared/forward-logs-shared.js:44
[    4095ms] [LOG] [Fast Refresh] done in 20ms @ webpack-internal:///(app-pages-browser)/./node_modules/next/dist/next-devtools/shared/forward-logs-shared.js:44
[    4130ms] [WARNING] Error while trying to use the following icon from the Manifest: http://localhost:3000/icons/icon-192.png (Download error or resource isn't a valid image) @ http://localhost:3000/login:0
[    4148ms] [LOG] [Fast Refresh] rebuilding @ webpack-internal:///(app-pages-browser)/./node_modules/next/dist/next-devtools/shared/forward-logs-shared.js:44
[    4162ms] [LOG] [Fast Refresh] done in 13ms @ webpack-internal:///(app-pages-browser)/./node_modules/next/dist/next-devtools/shared/forward-logs-shared.js:44
[    4209ms] [LOG] [Fast Refresh] rebuilding @ webpack-internal:///(app-pages-browser)/./node_modules/next/dist/next-devtools/shared/forward-logs-shared.js:44
[    4228ms] [LOG] [Fast Refresh] done in 18ms @ webpack-internal:///(app-pages-browser)/./node_modules/next/dist/next-devtools/shared/forward-logs-shared.js:44
[    4263ms] [WARNING] Error while trying to use the following icon from the Manifest: http://localhost:3000/icons/icon-192.png (Download error or resource isn't a valid image) @ http://localhost:3000/login:0
[    4281ms] [LOG] [Fast Refresh] rebuilding @ webpack-internal:///(app-pages-browser)/./node_modules/next/dist/next-devtools/shared/forward-logs-shared.js:44
[    4302ms] [LOG] [Fast Refresh] done in 20ms @ webpack-internal:///(app-pages-browser)/./node_modules/next/dist/next-devtools/shared/forward-logs-shared.js:44
[    4353ms] [WARNING] Error while trying to use the following icon from the Manifest: http://localhost:3000/icons/icon-192.png (Download error or resource isn't a valid image) @ http://localhost:3000/login:0
[    4353ms] [LOG] [Fast Refresh] rebuilding @ webpack-internal:///(app-pages-browser)/./node_modules/next/dist/next-devtools/shared/forward-logs-shared.js:44
[    4371ms] [LOG] [Fast Refresh] done in 18ms @ webpack-internal:///(app-pages-browser)/./node_modules/next/dist/next-devtools/shared/forward-logs-shared.js:44
[    4415ms] [WARNING] Error while trying to use the following icon from the Manifest: http://localhost:3000/icons/icon-192.png (Download error or resource isn't a valid image) @ http://localhost:3000/login:0
[    4419ms] [LOG] [Fast Refresh] rebuilding @ webpack-internal:///(app-pages-browser)/./node_modules/next/dist/next-devtools/shared/forward-logs-shared.js:44
[    4431ms] [LOG] [Fast Refresh] done in 13ms @ webpack-internal:///(app-pages-browser)/./node_modules/next/dist/next-devtools/shared/forward-logs-shared.js:44
[    4478ms] [LOG] [Fast Refresh] rebuilding @ webpack-internal:///(app-pages-browser)/./node_modules/next/dist/next-devtools/shared/forward-logs-shared.js:44
[    4494ms] [LOG] [Fast Refresh] done in 16ms @ webpack-internal:///(app-pages-browser)/./node_modules/next/dist/next-devtools/shared/forward-logs-shared.js:44
[    4522ms] [WARNING] Error while trying to use the following icon from the Manifest: http://localhost:3000/icons/icon-192.png (Download error or resource isn't a valid image) @ http://localhost:3000/login:0
[    4538ms] [LOG] [Fast Refresh] rebuilding @ webpack-internal:///(app-pages-browser)/./node_modules/next/dist/next-devtools/shared/forward-logs-shared.js:44
[    4550ms] [LOG] [Fast Refresh] done in 12ms @ webpack-internal:///(app-pages-browser)/./node_modules/next/dist/next-devtools/shared/forward-logs-shared.js:44
[    4581ms] [WARNING] Error while trying to use the following icon from the Manifest: http://localhost:3000/icons/icon-192.png (Download error or resource isn't a valid image) @ http://localhost:3000/login:0
[    4600ms] [LOG] [Fast Refresh] rebuilding @ webpack-internal:///(app-pages-browser)/./node_modules/next/dist/next-devtools/shared/forward-logs-shared.js:44
[    4615ms] [LOG] [Fast Refresh] done in 15ms @ webpack-internal:///(app-pages-browser)/./node_modules/next/dist/next-devtools/shared/forward-logs-shared.js:44
[    4644ms] [WARNING] Error while trying to use the following icon from the Manifest: http://localhost:3000/icons/icon-192.png (Download error or resource isn't a valid image) @ http://localhost:3000/login:0
[    4662ms] [LOG] [Fast Refresh] rebuilding @ webpack-internal:///(app-pages-browser)/./node_modules/next/dist/next-devtools/shared/forward-logs-shared.js:44
[    4673ms] [LOG] [Fast Refresh] done in 12ms @ webpack-internal:///(app-pages-browser)/./node_modules/next/dist/next-devtools/shared/forward-logs-shared.js:44
[    4721ms] [LOG] [Fast Refresh] rebuilding @ webpack-internal:///(app-pages-browser)/./node_modules/next/dist/next-devtools/shared/forward-logs-shared.js:44
[    4737ms] [LOG] [Fast Refresh] done in 16ms @ webpack-internal:///(app-pages-browser)/./node_modules/next/dist/next-devtools/shared/forward-logs-shared.js:44
[    4767ms] [WARNING] Error while trying to use the following icon from the Manifest: http://localhost:3000/icons/icon-192.png (Download error or resource isn't a valid image) @ http://localhost:3000/login:0
[    4784ms] [LOG] [Fast Refresh] rebuilding @ webpack-internal:///(app-pages-browser)/./node_modules/next/dist/next-devtools/shared/forward-logs-shared.js:44
[    4795ms] [LOG] [Fast Refresh] done in 11ms @ webpack-internal:///(app-pages-browser)/./node_modules/next/dist/next-devtools/shared/forward-logs-shared.js:44
[    4824ms] [WARNING] Error while trying to use the following icon from the Manifest: http://localhost:3000/icons/icon-192.png (Download error or resource isn't a valid image) @ http://localhost:3000/login:0
[    4842ms] [LOG] [Fast Refresh] rebuilding @ webpack-internal:///(app-pages-browser)/./node_modules/next/dist/next-devtools/shared/forward-logs-shared.js:44
[    4858ms] [LOG] [Fast Refresh] done in 16ms @ webpack-internal:///(app-pages-browser)/./node_modules/next/dist/next-devtools/shared/forward-logs-shared.js:44
[    4886ms] [WARNING] Error while trying to use the following icon from the Manifest: http://localhost:3000/icons/icon-192.png (Download error or resource isn't a valid image) @ http://localhost:3000/login:0
[    4903ms] [LOG] [Fast Refresh] rebuilding @ webpack-internal:///(app-pages-browser)/./node_modules/next/dist/next-devtools/shared/forward-logs-shared.js:44
[    4914ms] [LOG] [Fast Refresh] done in 12ms @ webpack-internal:///(app-pages-browser)/./node_modules/next/dist/next-devtools/shared/forward-logs-shared.js:44
[    4944ms] [WARNING] Error while trying to use the following icon from the Manifest: http://localhost:3000/icons/icon-192.png (Download error or resource isn't a valid image) @ http://localhost:3000/login:0
[    4961ms] [LOG] [Fast Refresh] rebuilding @ webpack-internal:///(app-pages-browser)/./node_modules/next/dist/next-devtools/shared/forward-logs-shared.js:44
[    4976ms] [LOG] [Fast Refresh] done in 15ms @ webpack-internal:///(app-pages-browser)/./node_modules/next/dist/next-devtools/shared/forward-logs-shared.js:44
[    5007ms] [WARNING] Error while trying to use the following icon from the Manifest: http://localhost:3000/icons/icon-192.png (Download error or resource isn't a valid image) @ http://localhost:3000/login:0
[    5023ms] [LOG] [Fast Refresh] rebuilding @ webpack-internal:///(app-pages-browser)/./node_modules/next/dist/next-devtools/shared/forward-logs-shared.js:44
[    5038ms] [LOG] [Fast Refresh] done in 15ms @ webpack-internal:///(app-pages-browser)/./node_modules/next/dist/next-devtools/shared/forward-logs-shared.js:44
[    5068ms] [WARNING] Error while trying to use the following icon from the Manifest: http://localhost:3000/icons/icon-192.png (Download error or resource isn't a valid image) @ http://localhost:3000/login:0
[    5086ms] [LOG] [Fast Refresh] rebuilding @ webpack-internal:///(app-pages-browser)/./node_modules/next/dist/next-devtools/shared/forward-logs-shared.js:44
[    5103ms] [LOG] [Fast Refresh] done in 17ms @ webpack-internal:///(app-pages-browser)/./node_modules/next/dist/next-devtools/shared/forward-logs-shared.js:44
[    5131ms] [WARNING] Error while trying to use the following icon from the Manifest: http://localhost:3000/icons/icon-192.png (Download error or resource isn't a valid image) @ http://localhost:3000/login:0
[    5148ms] [LOG] [Fast Refresh] rebuilding @ webpack-internal:///(app-pages-browser)/./node_modules/next/dist/next-devtools/shared/forward-logs-shared.js:44
[    5160ms] [LOG] [Fast Refresh] done in 12ms @ webpack-internal:///(app-pages-browser)/./node_modules/next/dist/next-devtools/shared/forward-logs-shared.js:44
[    5188ms] [WARNING] Error while trying to use the following icon from the Manifest: http://localhost:3000/icons/icon-192.png (Download error or resource isn't a valid image) @ http://localhost:3000/login:0
[    5206ms] [LOG] [Fast Refresh] rebuilding @ webpack-internal:///(app-pages-browser)/./node_modules/next/dist/next-devtools/shared/forward-logs-shared.js:44
[    5221ms] [LOG] [Fast Refresh] done in 15ms @ webpack-internal:///(app-pages-browser)/./node_modules/next/dist/next-devtools/shared/forward-logs-shared.js:44
[    5248ms] [WARNING] Error while trying to use the following icon from the Manifest: http://localhost:3000/icons/icon-192.png (Download error or resource isn't a valid image) @ http://localhost:3000/login:0
[    5264ms] [LOG] [Fast Refresh] rebuilding @ webpack-internal:///(app-pages-browser)/./node_modules/next/dist/next-devtools/shared/forward-logs-shared.js:44
[    5276ms] [LOG] [Fast Refresh] done in 12ms @ webpack-internal:///(app-pages-browser)/./node_modules/next/dist/next-devtools/shared/forward-logs-shared.js:44
[    5321ms] [LOG] [Fast Refresh] rebuilding @ webpack-internal:///(app-pages-browser)/./node_modules/next/dist/next-devtools/shared/forward-logs-shared.js:44
[    5336ms] [LOG] [Fast Refresh] done in 15ms @ webpack-internal:///(app-pages-browser)/./node_modules/next/dist/next-devtools/shared/forward-logs-shared.js:44
[    5375ms] [WARNING] Error while trying to use the following icon from the Manifest: http://localhost:3000/icons/icon-192.png (Download error or resource isn't a valid image) @ http://localhost:3000/login:0
[    5395ms] [LOG] [Fast Refresh] rebuilding @ webpack-internal:///(app-pages-browser)/./node_modules/next/dist/next-devtools/shared/forward-logs-shared.js:44
[    5407ms] [LOG] [Fast Refresh] done in 11ms @ webpack-internal:///(app-pages-browser)/./node_modules/next/dist/next-devtools/shared/forward-logs-shared.js:44
[    5437ms] [WARNING] Error while trying to use the following icon from the Manifest: http://localhost:3000/icons/icon-192.png (Download error or resource isn't a valid image) @ http://localhost:3000/login:0
[    5457ms] [LOG] [Fast Refresh] rebuilding @ webpack-internal:///(app-pages-browser)/./node_modules/next/dist/next-devtools/shared/forward-logs-shared.js:44
[    5473ms] [LOG] [Fast Refresh] done in 16ms @ webpack-internal:///(app-pages-browser)/./node_modules/next/dist/next-devtools/shared/forward-logs-shared.js:44
[    5502ms] [WARNING] Error while trying to use the following icon from the Manifest: http://localhost:3000/icons/icon-192.png (Download error or resource isn't a valid image) @ http://localhost:3000/login:0
[    5518ms] [LOG] [Fast Refresh] rebuilding @ webpack-internal:///(app-pages-browser)/./node_modules/next/dist/next-devtools/shared/forward-logs-shared.js:44
[    5530ms] [LOG] [Fast Refresh] done in 11ms @ webpack-internal:///(app-pages-browser)/./node_modules/next/dist/next-devtools/shared/forward-logs-shared.js:44
[    5560ms] [WARNING] Error while trying to use the following icon from the Manifest: http://localhost:3000/icons/icon-192.png (Download error or resource isn't a valid image) @ http://localhost:3000/login:0
[    5577ms] [LOG] [Fast Refresh] rebuilding @ webpack-internal:///(app-pages-browser)/./node_modules/next/dist/next-devtools/shared/forward-logs-shared.js:44
[    5592ms] [LOG] [Fast Refresh] done in 15ms @ webpack-internal:///(app-pages-browser)/./node_modules/next/dist/next-devtools/shared/forward-logs-shared.js:44
[    5621ms] [WARNING] Error while trying to use the following icon from the Manifest: http://localhost:3000/icons/icon-192.png (Download error or resource isn't a valid image) @ http://localhost:3000/login:0
[    5638ms] [LOG] [Fast Refresh] rebuilding @ webpack-internal:///(app-pages-browser)/./node_modules/next/dist/next-devtools/shared/forward-logs-shared.js:44
[    5649ms] [LOG] [Fast Refresh] done in 11ms @ webpack-internal:///(app-pages-browser)/./node_modules/next/dist/next-devtools/shared/forward-logs-shared.js:44
[    5678ms] [WARNING] Error while trying to use the following icon from the Manifest: http://localhost:3000/icons/icon-192.png (Download error or resource isn't a valid image) @ http://localhost:3000/login:0
[    5696ms] [LOG] [Fast Refresh] rebuilding @ webpack-internal:///(app-pages-browser)/./node_modules/next/dist/next-devtools/shared/forward-logs-shared.js:44
[    5710ms] [LOG] [Fast Refresh] done in 15ms @ webpack-internal:///(app-pages-browser)/./node_modules/next/dist/next-devtools/shared/forward-logs-shared.js:44
[    5723ms] [WARNING] Error while trying to use the following icon from the Manifest: http://localhost:3000/icons/icon-192.png (Download error or resource isn't a valid image) @ http://localhost:3000/login:0
[    5758ms] [LOG] [Fast Refresh] rebuilding @ webpack-internal:///(app-pages-browser)/./node_modules/next/dist/next-devtools/shared/forward-logs-shared.js:44
[    5770ms] [LOG] [Fast Refresh] done in 11ms @ webpack-internal:///(app-pages-browser)/./node_modules/next/dist/next-devtools/shared/forward-logs-shared.js:44
[    5798ms] [WARNING] Error while trying to use the following icon from the Manifest: http://localhost:3000/icons/icon-192.png (Download error or resource isn't a valid image) @ http://localhost:3000/login:0
[    5817ms] [LOG] [Fast Refresh] rebuilding @ webpack-internal:///(app-pages-browser)/./node_modules/next/dist/next-devtools/shared/forward-logs-shared.js:44
[    5832ms] [LOG] [Fast Refresh] done in 15ms @ webpack-internal:///(app-pages-browser)/./node_modules/next/dist/next-devtools/shared/forward-logs-shared.js:44
[    5861ms] [WARNING] Error while trying to use the following icon from the Manifest: http://localhost:3000/icons/icon-192.png (Download error or resource isn't a valid image) @ http://localhost:3000/login:0
[    5878ms] [LOG] [Fast Refresh] rebuilding @ webpack-internal:///(app-pages-browser)/./node_modules/next/dist/next-devtools/shared/forward-logs-shared.js:44
[    5889ms] [LOG] [Fast Refresh] done in 12ms @ webpack-internal:///(app-pages-browser)/./node_modules/next/dist/next-devtools/shared/forward-logs-shared.js:44
[    5918ms] [WARNING] Error while trying to use the following icon from the Manifest: http://localhost:3000/icons/icon-192.png (Download error or resource isn't a valid image) @ http://localhost:3000/login:0
[    5937ms] [LOG] [Fast Refresh] rebuilding @ webpack-internal:///(app-pages-browser)/./node_modules/next/dist/next-devtools/shared/forward-logs-shared.js:44
[    5952ms] [LOG] [Fast Refresh] done in 16ms @ webpack-internal:///(app-pages-browser)/./node_modules/next/dist/next-devtools/shared/forward-logs-shared.js:44
[    5981ms] [WARNING] Error while trying to use the following icon from the Manifest: http://localhost:3000/icons/icon-192.png (Download error or resource isn't a valid image) @ http://localhost:3000/login:0
[    5998ms] [LOG] [Fast Refresh] rebuilding @ webpack-internal:///(app-pages-browser)/./node_modules/next/dist/next-devtools/shared/forward-logs-shared.js:44
[    6009ms] [LOG] [Fast Refresh] done in 11ms @ webpack-internal:///(app-pages-browser)/./node_modules/next/dist/next-devtools/shared/forward-logs-shared.js:44
[    6068ms] [WARNING] Error while trying to use the following icon from the Manifest: http://localhost:3000/icons/icon-192.png (Download error or resource isn't a valid image) @ http://localhost:3000/login:0
[    6088ms] [LOG] [Fast Refresh] rebuilding @ webpack-internal:///(app-pages-browser)/./node_modules/next/dist/next-devtools/shared/forward-logs-shared.js:44
[    6103ms] [LOG] [Fast Refresh] done in 16ms @ webpack-internal:///(app-pages-browser)/./node_modules/next/dist/next-devtools/shared/forward-logs-shared.js:44
[    6134ms] [WARNING] Error while trying to use the following icon from the Manifest: http://localhost:3000/icons/icon-192.png (Download error or resource isn't a valid image) @ http://localhost:3000/login:0
[    6151ms] [LOG] [Fast Refresh] rebuilding @ webpack-internal:///(app-pages-browser)/./node_modules/next/dist/next-devtools/shared/forward-logs-shared.js:44
[    6162ms] [LOG] [Fast Refresh] done in 12ms @ webpack-internal:///(app-pages-browser)/./node_modules/next/dist/next-devtools/shared/forward-logs-shared.js:44
[    6191ms] [WARNING] Error while trying to use the following icon from the Manifest: http://localhost:3000/icons/icon-192.png (Download error or resource isn't a valid image) @ http://localhost:3000/login:0
[    6209ms] [LOG] [Fast Refresh] rebuilding @ webpack-internal:///(app-pages-browser)/./node_modules/next/dist/next-devtools/shared/forward-logs-shared.js:44
[    6224ms] [LOG] [Fast Refresh] done in 15ms @ webpack-internal:///(app-pages-browser)/./node_modules/next/dist/next-devtools/shared/forward-logs-shared.js:44
[    6255ms] [WARNING] Error while trying to use the following icon from the Manifest: http://localhost:3000/icons/icon-192.png (Download error or resource isn't a valid image) @ http://localhost:3000/login:0
[    6271ms] [LOG] [Fast Refresh] rebuilding @ webpack-internal:///(app-pages-browser)/./node_modules/next/dist/next-devtools/shared/forward-logs-shared.js:44
[    6282ms] [LOG] [Fast Refresh] done in 11ms @ webpack-internal:///(app-pages-browser)/./node_modules/next/dist/next-devtools/shared/forward-logs-shared.js:44
[    6310ms] [WARNING] Error while trying to use the following icon from the Manifest: http://localhost:3000/icons/icon-192.png (Download error or resource isn't a valid image) @ http://localhost:3000/login:0
[    6328ms] [LOG] [Fast Refresh] rebuilding @ webpack-internal:///(app-pages-browser)/./node_modules/next/dist/next-devtools/shared/forward-logs-shared.js:44
[    6345ms] [LOG] [Fast Refresh] done in 17ms @ webpack-internal:///(app-pages-browser)/./node_modules/next/dist/next-devtools/shared/forward-logs-shared.js:44
[    6376ms] [WARNING] Error while trying to use the following icon from the Manifest: http://localhost:3000/icons/icon-192.png (Download error or resource isn't a valid image) @ http://localhost:3000/login:0
[    6392ms] [LOG] [Fast Refresh] rebuilding @ webpack-internal:///(app-pages-browser)/./node_modules/next/dist/next-devtools/shared/forward-logs-shared.js:44
[    6403ms] [LOG] [Fast Refresh] done in 12ms @ webpack-internal:///(app-pages-browser)/./node_modules/next/dist/next-devtools/shared/forward-logs-shared.js:44
[    6430ms] [WARNING] Error while trying to use the following icon from the Manifest: http://localhost:3000/icons/icon-192.png (Download error or resource isn't a valid image) @ http://localhost:3000/login:0
[    6447ms] [LOG] [Fast Refresh] rebuilding @ webpack-internal:///(app-pages-browser)/./node_modules/next/dist/next-devtools/shared/forward-logs-shared.js:44
[    6462ms] [LOG] [Fast Refresh] done in 15ms @ webpack-internal:///(app-pages-browser)/./node_modules/next/dist/next-devtools/shared/forward-logs-shared.js:44
[    6492ms] [WARNING] Error while trying to use the following icon from the Manifest: http://localhost:3000/icons/icon-192.png (Download error or resource isn't a valid image) @ http://localhost:3000/login:0
[    6509ms] [LOG] [Fast Refresh] rebuilding @ webpack-internal:///(app-pages-browser)/./node_modules/next/dist/next-devtools/shared/forward-logs-shared.js:44
[    6519ms] [LOG] [Fast Refresh] done in 11ms @ webpack-internal:///(app-pages-browser)/./node_modules/next/dist/next-devtools/shared/forward-logs-shared.js:44
[    6527ms] [WARNING] Error while trying to use the following icon from the Manifest: http://localhost:3000/icons/icon-192.png (Download error or resource isn't a valid image) @ http://localhost:3000/login:0
[    6566ms] [LOG] [Fast Refresh] rebuilding @ webpack-internal:///(app-pages-browser)/./node_modules/next/dist/next-devtools/shared/forward-logs-shared.js:44
[    6581ms] [LOG] [Fast Refresh] done in 15ms @ webpack-internal:///(app-pages-browser)/./node_modules/next/dist/next-devtools/shared/forward-logs-shared.js:44
[    6611ms] [WARNING] Error while trying to use the following icon from the Manifest: http://localhost:3000/icons/icon-192.png (Download error or resource isn't a valid image) @ http://localhost:3000/login:0
[    6627ms] [LOG] [Fast Refresh] rebuilding @ webpack-internal:///(app-pages-browser)/./node_modules/next/dist/next-devtools/shared/forward-logs-shared.js:44
[    6639ms] [LOG] [Fast Refresh] done in 12ms @ webpack-internal:///(app-pages-browser)/./node_modules/next/dist/next-devtools/shared/forward-logs-shared.js:44
[    6668ms] [WARNING] Error while trying to use the following icon from the Manifest: http://localhost:3000/icons/icon-192.png (Download error or resource isn't a valid image) @ http://localhost:3000/login:0
[    6686ms] [LOG] [Fast Refresh] rebuilding @ webpack-internal:///(app-pages-browser)/./node_modules/next/dist/next-devtools/shared/forward-logs-shared.js:44
[    6702ms] [LOG] [Fast Refresh] done in 16ms @ webpack-internal:///(app-pages-browser)/./node_modules/next/dist/next-devtools/shared/forward-logs-shared.js:44
[    6730ms] [WARNING] Error while trying to use the following icon from the Manifest: http://localhost:3000/icons/icon-192.png (Download error or resource isn't a valid image) @ http://localhost:3000/login:0
[    6748ms] [LOG] [Fast Refresh] rebuilding @ webpack-internal:///(app-pages-browser)/./node_modules/next/dist/next-devtools/shared/forward-logs-shared.js:44
[    6759ms] [LOG] [Fast Refresh] done in 12ms @ webpack-internal:///(app-pages-browser)/./node_modules/next/dist/next-devtools/shared/forward-logs-shared.js:44
[    6788ms] [WARNING] Error while trying to use the following icon from the Manifest: http://localhost:3000/icons/icon-192.png (Download error or resource isn't a valid image) @ http://localhost:3000/login:0
[    6806ms] [LOG] [Fast Refresh] rebuilding @ webpack-internal:///(app-pages-browser)/./node_modules/next/dist/next-devtools/shared/forward-logs-shared.js:44
[    6823ms] [LOG] [Fast Refresh] done in 17ms @ webpack-internal:///(app-pages-browser)/./node_modules/next/dist/next-devtools/shared/forward-logs-shared.js:44
[    6872ms] [LOG] [Fast Refresh] rebuilding @ webpack-internal:///(app-pages-browser)/./node_modules/next/dist/next-devtools/shared/forward-logs-shared.js:44
[    6883ms] [LOG] [Fast Refresh] done in 12ms @ webpack-internal:///(app-pages-browser)/./node_modules/next/dist/next-devtools/shared/forward-logs-shared.js:44
[    6913ms] [WARNING] Error while trying to use the following icon from the Manifest: http://localhost:3000/icons/icon-192.png (Download error or resource isn't a valid image) @ http://localhost:3000/login:0
[    6931ms] [LOG] [Fast Refresh] rebuilding @ webpack-internal:///(app-pages-browser)/./node_modules/next/dist/next-devtools/shared/forward-logs-shared.js:44
[    6947ms] [LOG] [Fast Refresh] done in 17ms @ webpack-internal:///(app-pages-browser)/./node_modules/next/dist/next-devtools/shared/forward-logs-shared.js:44
[    6976ms] [WARNING] Error while trying to use the following icon from the Manifest: http://localhost:3000/icons/icon-192.png (Download error or resource isn't a valid image) @ http://localhost:3000/login:0
[    6994ms] [LOG] [Fast Refresh] rebuilding @ webpack-internal:///(app-pages-browser)/./node_modules/next/dist/next-devtools/shared/forward-logs-shared.js:44
[    7006ms] [LOG] [Fast Refresh] done in 12ms @ webpack-internal:///(app-pages-browser)/./node_modules/next/dist/next-devtools/shared/forward-logs-shared.js:44
[    7036ms] [WARNING] Error while trying to use the following icon from the Manifest: http://localhost:3000/icons/icon-192.png (Download error or resource isn't a valid image) @ http://localhost:3000/login:0
[    7053ms] [LOG] [Fast Refresh] rebuilding @ webpack-internal:///(app-pages-browser)/./node_modules/next/dist/next-devtools/shared/forward-logs-shared.js:44
[    7068ms] [LOG] [Fast Refresh] done in 16ms @ webpack-internal:///(app-pages-browser)/./node_modules/next/dist/next-devtools/shared/forward-logs-shared.js:44
[    7097ms] [WARNING] Error while trying to use the following icon from the Manifest: http://localhost:3000/icons/icon-192.png (Download error or resource isn't a valid image) @ http://localhost:3000/login:0
[    7114ms] [LOG] [Fast Refresh] rebuilding @ webpack-internal:///(app-pages-browser)/./node_modules/next/dist/next-devtools/shared/forward-logs-shared.js:44
[    7127ms] [LOG] [Fast Refresh] done in 14ms @ webpack-internal:///(app-pages-browser)/./node_modules/next/dist/next-devtools/shared/forward-logs-shared.js:44
[    7156ms] [WARNING] Error while trying to use the following icon from the Manifest: http://localhost:3000/icons/icon-192.png (Download error or resource isn't a valid image) @ http://localhost:3000/login:0
[    7172ms] [LOG] [Fast Refresh] rebuilding @ webpack-internal:///(app-pages-browser)/./node_modules/next/dist/next-devtools/shared/forward-logs-shared.js:44
[    7188ms] [LOG] [Fast Refresh] done in 15ms @ webpack-internal:///(app-pages-browser)/./node_modules/next/dist/next-devtools/shared/forward-logs-shared.js:44
[    7217ms] [WARNING] Error while trying to use the following icon from the Manifest: http://localhost:3000/icons/icon-192.png (Download error or resource isn't a valid image) @ http://localhost:3000/login:0
[    7235ms] [LOG] [Fast Refresh] rebuilding @ webpack-internal:///(app-pages-browser)/./node_modules/next/dist/next-devtools/shared/forward-logs-shared.js:44
[    7246ms] [LOG] [Fast Refresh] done in 11ms @ webpack-internal:///(app-pages-browser)/./node_modules/next/dist/next-devtools/shared/forward-logs-shared.js:44
[    7275ms] [WARNING] Error while trying to use the following icon from the Manifest: http://localhost:3000/icons/icon-192.png (Download error or resource isn't a valid image) @ http://localhost:3000/login:0
[    7293ms] [LOG] [Fast Refresh] rebuilding @ webpack-internal:///(app-pages-browser)/./node_modules/next/dist/next-devtools/shared/forward-logs-shared.js:44
[    7308ms] [LOG] [Fast Refresh] done in 16ms @ webpack-internal:///(app-pages-browser)/./node_modules/next/dist/next-devtools/shared/forward-logs-shared.js:44
[    7337ms] [WARNING] Error while trying to use the following icon from the Manifest: http://localhost:3000/icons/icon-192.png (Download error or resource isn't a valid image) @ http://localhost:3000/login:0
[    7353ms] [LOG] [Fast Refresh] rebuilding @ webpack-internal:///(app-pages-browser)/./node_modules/next/dist/next-devtools/shared/forward-logs-shared.js:44
[    7364ms] [LOG] [Fast Refresh] done in 12ms @ webpack-internal:///(app-pages-browser)/./node_modules/next/dist/next-devtools/shared/forward-logs-shared.js:44
[    7409ms] [LOG] [Fast Refresh] rebuilding @ webpack-internal:///(app-pages-browser)/./node_modules/next/dist/next-devtools/shared/forward-logs-shared.js:44
[    7424ms] [LOG] [Fast Refresh] done in 15ms @ webpack-internal:///(app-pages-browser)/./node_modules/next/dist/next-devtools/shared/forward-logs-shared.js:44
[    7454ms] [WARNING] Error while trying to use the following icon from the Manifest: http://localhost:3000/icons/icon-192.png (Download error or resource isn't a valid image) @ http://localhost:3000/login:0
[    7470ms] [LOG] [Fast Refresh] rebuilding @ webpack-internal:///(app-pages-browser)/./node_modules/next/dist/next-devtools/shared/forward-logs-shared.js:44
[    7482ms] [LOG] [Fast Refresh] done in 12ms @ webpack-internal:///(app-pages-browser)/./node_modules/next/dist/next-devtools/shared/forward-logs-shared.js:44
[    7512ms] [WARNING] Error while trying to use the following icon from the Manifest: http://localhost:3000/icons/icon-192.png (Download error or resource isn't a valid image) @ http://localhost:3000/login:0
[    7529ms] [LOG] [Fast Refresh] rebuilding @ webpack-internal:///(app-pages-browser)/./node_modules/next/dist/next-devtools/shared/forward-logs-shared.js:44
[    7544ms] [LOG] [Fast Refresh] done in 14ms @ webpack-internal:///(app-pages-browser)/./node_modules/next/dist/next-devtools/shared/forward-logs-shared.js:44
[    7575ms] [WARNING] Error while trying to use the following icon from the Manifest: http://localhost:3000/icons/icon-192.png (Download error or resource isn't a valid image) @ http://localhost:3000/login:0
[    7591ms] [LOG] [Fast Refresh] rebuilding @ webpack-internal:///(app-pages-browser)/./node_modules/next/dist/next-devtools/shared/forward-logs-shared.js:44
[    7603ms] [LOG] [Fast Refresh] done in 12ms @ webpack-internal:///(app-pages-browser)/./node_modules/next/dist/next-devtools/shared/forward-logs-shared.js:44
[    7654ms] [LOG] [Fast Refresh] rebuilding @ webpack-internal:///(app-pages-browser)/./node_modules/next/dist/next-devtools/shared/forward-logs-shared.js:44
[    7671ms] [LOG] [Fast Refresh] done in 16ms @ webpack-internal:///(app-pages-browser)/./node_modules/next/dist/next-devtools/shared/forward-logs-shared.js:44
[    7701ms] [WARNING] Error while trying to use the following icon from the Manifest: http://localhost:3000/icons/icon-192.png (Download error or resource isn't a valid image) @ http://localhost:3000/login:0
[    7718ms] [LOG] [Fast Refresh] rebuilding @ webpack-internal:///(app-pages-browser)/./node_modules/next/dist/next-devtools/shared/forward-logs-shared.js:44
[    7729ms] [LOG] [Fast Refresh] done in 12ms @ webpack-internal:///(app-pages-browser)/./node_modules/next/dist/next-devtools/shared/forward-logs-shared.js:44
[    7759ms] [WARNING] Error while trying to use the following icon from the Manifest: http://localhost:3000/icons/icon-192.png (Download error or resource isn't a valid image) @ http://localhost:3000/login:0
[    7776ms] [LOG] [Fast Refresh] rebuilding @ webpack-internal:///(app-pages-browser)/./node_modules/next/dist/next-devtools/shared/forward-logs-shared.js:44
[    7792ms] [LOG] [Fast Refresh] done in 15ms @ webpack-internal:///(app-pages-browser)/./node_modules/next/dist/next-devtools/shared/forward-logs-shared.js:44
[    7822ms] [WARNING] Error while trying to use the following icon from the Manifest: http://localhost:3000/icons/icon-192.png (Download error or resource isn't a valid image) @ http://localhost:3000/login:0
[    7839ms] [LOG] [Fast Refresh] rebuilding @ webpack-internal:///(app-pages-browser)/./node_modules/next/dist/next-devtools/shared/forward-logs-shared.js:44
[    7850ms] [LOG] [Fast Refresh] done in 11ms @ webpack-internal:///(app-pages-browser)/./node_modules/next/dist/next-devtools/shared/forward-logs-shared.js:44
[    7879ms] [WARNING] Error while trying to use the following icon from the Manifest: http://localhost:3000/icons/icon-192.png (Download error or resource isn't a valid image) @ http://localhost:3000/login:0
[    7896ms] [LOG] [Fast Refresh] rebuilding @ webpack-internal:///(app-pages-browser)/./node_modules/next/dist/next-devtools/shared/forward-logs-shared.js:44
[    7912ms] [LOG] [Fast Refresh] done in 16ms @ webpack-internal:///(app-pages-browser)/./node_modules/next/dist/next-devtools/shared/forward-logs-shared.js:44
[    7941ms] [WARNING] Error while trying to use the following icon from the Manifest: http://localhost:3000/icons/icon-192.png (Download error or resource isn't a valid image) @ http://localhost:3000/login:0
[    7960ms] [LOG] [Fast Refresh] rebuilding @ webpack-internal:///(app-pages-browser)/./node_modules/next/dist/next-devtools/shared/forward-logs-shared.js:44
[    7972ms] [LOG] [Fast Refresh] done in 12ms @ webpack-internal:///(app-pages-browser)/./node_modules/next/dist/next-devtools/shared/forward-logs-shared.js:44
[    8004ms] [WARNING] Error while trying to use the following icon from the Manifest: http://localhost:3000/icons/icon-192.png (Download error or resource isn't a valid image) @ http://localhost:3000/login:0
[    8021ms] [LOG] [Fast Refresh] rebuilding @ webpack-internal:///(app-pages-browser)/./node_modules/next/dist/next-devtools/shared/forward-logs-shared.js:44
[    8037ms] [LOG] [Fast Refresh] done in 15ms @ webpack-internal:///(app-pages-browser)/./node_modules/next/dist/next-devtools/shared/forward-logs-shared.js:44
[    8065ms] [WARNING] Error while trying to use the following icon from the Manifest: http://localhost:3000/icons/icon-192.png (Download error or resource isn't a valid image) @ http://localhost:3000/login:0
[    8082ms] [LOG] [Fast Refresh] rebuilding @ webpack-internal:///(app-pages-browser)/./node_modules/next/dist/next-devtools/shared/forward-logs-shared.js:44
[    8093ms] [LOG] [Fast Refresh] done in 12ms @ webpack-internal:///(app-pages-browser)/./node_modules/next/dist/next-devtools/shared/forward-logs-shared.js:44
[    8121ms] [WARNING] Error while trying to use the following icon from the Manifest: http://localhost:3000/icons/icon-192.png (Download error or resource isn't a valid image) @ http://localhost:3000/login:0
[    8139ms] [LOG] [Fast Refresh] rebuilding @ webpack-internal:///(app-pages-browser)/./node_modules/next/dist/next-devtools/shared/forward-logs-shared.js:44
[    8155ms] [LOG] [Fast Refresh] done in 15ms @ webpack-internal:///(app-pages-browser)/./node_modules/next/dist/next-devtools/shared/forward-logs-shared.js:44
[    8184ms] [WARNING] Error while trying to use the following icon from the Manifest: http://localhost:3000/icons/icon-192.png (Download error or resource isn't a valid image) @ http://localhost:3000/login:0
[    8202ms] [LOG] [Fast Refresh] rebuilding @ webpack-internal:///(app-pages-browser)/./node_modules/next/dist/next-devtools/shared/forward-logs-shared.js:44
[    8214ms] [LOG] [Fast Refresh] done in 12ms @ webpack-internal:///(app-pages-browser)/./node_modules/next/dist/next-devtools/shared/forward-logs-shared.js:44
[    8242ms] [WARNING] Error while trying to use the following icon from the Manifest: http://localhost:3000/icons/icon-192.png (Download error or resource isn't a valid image) @ http://localhost:3000/login:0
[    8260ms] [LOG] [Fast Refresh] rebuilding @ webpack-internal:///(app-pages-browser)/./node_modules/next/dist/next-devtools/shared/forward-logs-shared.js:44
[    8275ms] [LOG] [Fast Refresh] done in 15ms @ webpack-internal:///(app-pages-browser)/./node_modules/next/dist/next-devtools/shared/forward-logs-shared.js:44
[    8320ms] [LOG] [Fast Refresh] rebuilding @ webpack-internal:///(app-pages-browser)/./node_modules/next/dist/next-devtools/shared/forward-logs-shared.js:44
[    8333ms] [LOG] [Fast Refresh] done in 14ms @ webpack-internal:///(app-pages-browser)/./node_modules/next/dist/next-devtools/shared/forward-logs-shared.js:44
[    8360ms] [WARNING] Error while trying to use the following icon from the Manifest: http://localhost:3000/icons/icon-192.png (Download error or resource isn't a valid image) @ http://localhost:3000/login:0
[    8378ms] [LOG] [Fast Refresh] rebuilding @ webpack-internal:///(app-pages-browser)/./node_modules/next/dist/next-devtools/shared/forward-logs-shared.js:44
[    8393ms] [LOG] [Fast Refresh] done in 16ms @ webpack-internal:///(app-pages-browser)/./node_modules/next/dist/next-devtools/shared/forward-logs-shared.js:44
[    8422ms] [WARNING] Error while trying to use the following icon from the Manifest: http://localhost:3000/icons/icon-192.png (Download error or resource isn't a valid image) @ http://localhost:3000/login:0
[    8440ms] [LOG] [Fast Refresh] rebuilding @ webpack-internal:///(app-pages-browser)/./node_modules/next/dist/next-devtools/shared/forward-logs-shared.js:44
[    8452ms] [LOG] [Fast Refresh] done in 12ms @ webpack-internal:///(app-pages-browser)/./node_modules/next/dist/next-devtools/shared/forward-logs-shared.js:44
[    8480ms] [WARNING] Error while trying to use the following icon from the Manifest: http://localhost:3000/icons/icon-192.png (Download error or resource isn't a valid image) @ http://localhost:3000/login:0
[    8497ms] [LOG] [Fast Refresh] rebuilding @ webpack-internal:///(app-pages-browser)/./node_modules/next/dist/next-devtools/shared/forward-logs-shared.js:44
[    8512ms] [LOG] [Fast Refresh] done in 15ms @ webpack-internal:///(app-pages-browser)/./node_modules/next/dist/next-devtools/shared/forward-logs-shared.js:44
[    8541ms] [WARNING] Error while trying to use the following icon from the Manifest: http://localhost:3000/icons/icon-192.png (Download error or resource isn't a valid image) @ http://localhost:3000/login:0
[    8560ms] [LOG] [Fast Refresh] rebuilding @ webpack-internal:///(app-pages-browser)/./node_modules/next/dist/next-devtools/shared/forward-logs-shared.js:44
[    8572ms] [LOG] [Fast Refresh] done in 13ms @ webpack-internal:///(app-pages-browser)/./node_modules/next/dist/next-devtools/shared/forward-logs-shared.js:44
[    8600ms] [WARNING] Error while trying to use the following icon from the Manifest: http://localhost:3000/icons/icon-192.png (Download error or resource isn't a valid image) @ http://localhost:3000/login:0
[    8619ms] [LOG] [Fast Refresh] rebuilding @ webpack-internal:///(app-pages-browser)/./node_modules/next/dist/next-devtools/shared/forward-logs-shared.js:44
[    8635ms] [LOG] [Fast Refresh] done in 16ms @ webpack-internal:///(app-pages-browser)/./node_modules/next/dist/next-devtools/shared/forward-logs-shared.js:44
[    8665ms] [WARNING] Error while trying to use the following icon from the Manifest: http://localhost:3000/icons/icon-192.png (Download error or resource isn't a valid image) @ http://localhost:3000/login:0
[    8683ms] [LOG] [Fast Refresh] rebuilding @ webpack-internal:///(app-pages-browser)/./node_modules/next/dist/next-devtools/shared/forward-logs-shared.js:44
[    8694ms] [LOG] [Fast Refresh] done in 12ms @ webpack-internal:///(app-pages-browser)/./node_modules/next/dist/next-devtools/shared/forward-logs-shared.js:44
[    8724ms] [WARNING] Error while trying to use the following icon from the Manifest: http://localhost:3000/icons/icon-192.png (Download error or resource isn't a valid image) @ http://localhost:3000/login:0
[    8741ms] [LOG] [Fast Refresh] rebuilding @ webpack-internal:///(app-pages-browser)/./node_modules/next/dist/next-devtools/shared/forward-logs-shared.js:44
[    8756ms] [LOG] [Fast Refresh] done in 15ms @ webpack-internal:///(app-pages-browser)/./node_modules/next/dist/next-devtools/shared/forward-logs-shared.js:44
[    8786ms] [WARNING] Error while trying to use the following icon from the Manifest: http://localhost:3000/icons/icon-192.png (Download error or resource isn't a valid image) @ http://localhost:3000/login:0
[    8802ms] [LOG] [Fast Refresh] rebuilding @ webpack-internal:///(app-pages-browser)/./node_modules/next/dist/next-devtools/shared/forward-logs-shared.js:44
[    8813ms] [LOG] [Fast Refresh] done in 11ms @ webpack-internal:///(app-pages-browser)/./node_modules/next/dist/next-devtools/shared/forward-logs-shared.js:44
[    8843ms] [WARNING] Error while trying to use the following icon from the Manifest: http://localhost:3000/icons/icon-192.png (Download error or resource isn't a valid image) @ http://localhost:3000/login:0
[    8860ms] [LOG] [Fast Refresh] rebuilding @ webpack-internal:///(app-pages-browser)/./node_modules/next/dist/next-devtools/shared/forward-logs-shared.js:44
[    8876ms] [LOG] [Fast Refresh] done in 16ms @ webpack-internal:///(app-pages-browser)/./node_modules/next/dist/next-devtools/shared/forward-logs-shared.js:44
[    8905ms] [WARNING] Error while trying to use the following icon from the Manifest: http://localhost:3000/icons/icon-192.png (Download error or resource isn't a valid image) @ http://localhost:3000/login:0
[    8923ms] [LOG] [Fast Refresh] rebuilding @ webpack-internal:///(app-pages-browser)/./node_modules/next/dist/next-devtools/shared/forward-logs-shared.js:44
[    8935ms] [LOG] [Fast Refresh] done in 11ms @ webpack-internal:///(app-pages-browser)/./node_modules/next/dist/next-devtools/shared/forward-logs-shared.js:44
[    8965ms] [WARNING] Error while trying to use the following icon from the Manifest: http://localhost:3000/icons/icon-192.png (Download error or resource isn't a valid image) @ http://localhost:3000/login:0
[    8983ms] [LOG] [Fast Refresh] rebuilding @ webpack-internal:///(app-pages-browser)/./node_modules/next/dist/next-devtools/shared/forward-logs-shared.js:44
[    8998ms] [LOG] [Fast Refresh] done in 15ms @ webpack-internal:///(app-pages-browser)/./node_modules/next/dist/next-devtools/shared/forward-logs-shared.js:44
[    9027ms] [WARNING] Error while trying to use the following icon from the Manifest: http://localhost:3000/icons/icon-192.png (Download error or resource isn't a valid image) @ http://localhost:3000/login:0
[    9046ms] [LOG] [Fast Refresh] rebuilding @ webpack-internal:///(app-pages-browser)/./node_modules/next/dist/next-devtools/shared/forward-logs-shared.js:44
[    9060ms] [LOG] [Fast Refresh] done in 13ms @ webpack-internal:///(app-pages-browser)/./node_modules/next/dist/next-devtools/shared/forward-logs-shared.js:44
[    9088ms] [WARNING] Error while trying to use the following icon from the Manifest: http://localhost:3000/icons/icon-192.png (Download error or resource isn't a valid image) @ http://localhost:3000/login:0
[    9105ms] [LOG] [Fast Refresh] rebuilding @ webpack-internal:///(app-pages-browser)/./node_modules/next/dist/next-devtools/shared/forward-logs-shared.js:44
[    9121ms] [LOG] [Fast Refresh] done in 16ms @ webpack-internal:///(app-pages-browser)/./node_modules/next/dist/next-devtools/shared/forward-logs-shared.js:44
[    9149ms] [WARNING] Error while trying to use the following icon from the Manifest: http://localhost:3000/icons/icon-192.png (Download error or resource isn't a valid image) @ http://localhost:3000/login:0
[    9165ms] [LOG] [Fast Refresh] rebuilding @ webpack-internal:///(app-pages-browser)/./node_modules/next/dist/next-devtools/shared/forward-logs-shared.js:44
[    9177ms] [LOG] [Fast Refresh] done in 12ms @ webpack-internal:///(app-pages-browser)/./node_modules/next/dist/next-devtools/shared/forward-logs-shared.js:44
[    9204ms] [WARNING] Error while trying to use the following icon from the Manifest: http://localhost:3000/icons/icon-192.png (Download error or resource isn't a valid image) @ http://localhost:3000/login:0
[    9222ms] [LOG] [Fast Refresh] rebuilding @ webpack-internal:///(app-pages-browser)/./node_modules/next/dist/next-devtools/shared/forward-logs-shared.js:44
[    9237ms] [LOG] [Fast Refresh] done in 15ms @ webpack-internal:///(app-pages-browser)/./node_modules/next/dist/next-devtools/shared/forward-logs-shared.js:44
[    9268ms] [WARNING] Error while trying to use the following icon from the Manifest: http://localhost:3000/icons/icon-192.png (Download error or resource isn't a valid image) @ http://localhost:3000/login:0
[    9284ms] [LOG] [Fast Refresh] rebuilding @ webpack-internal:///(app-pages-browser)/./node_modules/next/dist/next-devtools/shared/forward-logs-shared.js:44
[    9297ms] [LOG] [Fast Refresh] done in 12ms @ webpack-internal:///(app-pages-browser)/./node_modules/next/dist/next-devtools/shared/forward-logs-shared.js:44
[    9328ms] [WARNING] Error while trying to use the following icon from the Manifest: http://localhost:3000/icons/icon-192.png (Download error or resource isn't a valid image) @ http://localhost:3000/login:0
[    9345ms] [LOG] [Fast Refresh] rebuilding @ webpack-internal:///(app-pages-browser)/./node_modules/next/dist/next-devtools/shared/forward-logs-shared.js:44
[    9360ms] [LOG] [Fast Refresh] done in 15ms @ webpack-internal:///(app-pages-browser)/./node_modules/next/dist/next-devtools/shared/forward-logs-shared.js:44
[    9389ms] [WARNING] Error while trying to use the following icon from the Manifest: http://localhost:3000/icons/icon-192.png (Download error or resource isn't a valid image) @ http://localhost:3000/login:0
[    9406ms] [LOG] [Fast Refresh] rebuilding @ webpack-internal:///(app-pages-browser)/./node_modules/next/dist/next-devtools/shared/forward-logs-shared.js:44
[    9418ms] [LOG] [Fast Refresh] done in 12ms @ webpack-internal:///(app-pages-browser)/./node_modules/next/dist/next-devtools/shared/forward-logs-shared.js:44
[    9447ms] [WARNING] Error while trying to use the following icon from the Manifest: http://localhost:3000/icons/icon-192.png (Download error or resource isn't a valid image) @ http://localhost:3000/login:0
[    9463ms] [LOG] [Fast Refresh] rebuilding @ webpack-internal:///(app-pages-browser)/./node_modules/next/dist/next-devtools/shared/forward-logs-shared.js:44
[    9479ms] [LOG] [Fast Refresh] done in 15ms @ webpack-internal:///(app-pages-browser)/./node_modules/next/dist/next-devtools/shared/forward-logs-shared.js:44
[    9507ms] [WARNING] Error while trying to use the following icon from the Manifest: http://localhost:3000/icons/icon-192.png (Download error or resource isn't a valid image) @ http://localhost:3000/login:0
[    9533ms] [LOG] [Fast Refresh] rebuilding @ webpack-internal:///(app-pages-browser)/./node_modules/next/dist/next-devtools/shared/forward-logs-shared.js:44
[    9558ms] [LOG] [Fast Refresh] done in 25ms @ webpack-internal:///(app-pages-browser)/./node_modules/next/dist/next-devtools/shared/forward-logs-shared.js:44
[    9612ms] [LOG] [Fast Refresh] rebuilding @ webpack-internal:///(app-pages-browser)/./node_modules/next/dist/next-devtools/shared/forward-logs-shared.js:44
[    9628ms] [LOG] [Fast Refresh] done in 16ms @ webpack-internal:///(app-pages-browser)/./node_modules/next/dist/next-devtools/shared/forward-logs-shared.js:44
[    9658ms] [WARNING] Error while trying to use the following icon from the Manifest: http://localhost:3000/icons/icon-192.png (Download error or resource isn't a valid image) @ http://localhost:3000/login:0
[    9674ms] [LOG] [Fast Refresh] rebuilding @ webpack-internal:///(app-pages-browser)/./node_modules/next/dist/next-devtools/shared/forward-logs-shared.js:44
[    9685ms] [LOG] [Fast Refresh] done in 12ms @ webpack-internal:///(app-pages-browser)/./node_modules/next/dist/next-devtools/shared/forward-logs-shared.js:44
[    9713ms] [WARNING] Error while trying to use the following icon from the Manifest: http://localhost:3000/icons/icon-192.png (Download error or resource isn't a valid image) @ http://localhost:3000/login:0
[    9730ms] [LOG] [Fast Refresh] rebuilding @ webpack-internal:///(app-pages-browser)/./node_modules/next/dist/next-devtools/shared/forward-logs-shared.js:44
[    9746ms] [LOG] [Fast Refresh] done in 15ms @ webpack-internal:///(app-pages-browser)/./node_modules/next/dist/next-devtools/shared/forward-logs-shared.js:44
[    9776ms] [WARNING] Error while trying to use the following icon from the Manifest: http://localhost:3000/icons/icon-192.png (Download error or resource isn't a valid image) @ http://localhost:3000/login:0
[    9793ms] [LOG] [Fast Refresh] rebuilding @ webpack-internal:///(app-pages-browser)/./node_modules/next/dist/next-devtools/shared/forward-logs-shared.js:44
[    9804ms] [LOG] [Fast Refresh] done in 12ms @ webpack-internal:///(app-pages-browser)/./node_modules/next/dist/next-devtools/shared/forward-logs-shared.js:44
[    9829ms] [WARNING] Error while trying to use the following icon from the Manifest: http://localhost:3000/icons/icon-192.png (Download error or resource isn't a valid image) @ http://localhost:3000/login:0
[    9848ms] [LOG] [Fast Refresh] rebuilding @ webpack-internal:///(app-pages-browser)/./node_modules/next/dist/next-devtools/shared/forward-logs-shared.js:44
[    9863ms] [LOG] [Fast Refresh] done in 16ms @ webpack-internal:///(app-pages-browser)/./node_modules/next/dist/next-devtools/shared/forward-logs-shared.js:44
[    9892ms] [WARNING] Error while trying to use the following icon from the Manifest: http://localhost:3000/icons/icon-192.png (Download error or resource isn't a valid image) @ http://localhost:3000/login:0
[    9909ms] [LOG] [Fast Refresh] rebuilding @ webpack-internal:///(app-pages-browser)/./node_modules/next/dist/next-devtools/shared/forward-logs-shared.js:44
[    9921ms] [LOG] [Fast Refresh] done in 11ms @ webpack-internal:///(app-pages-browser)/./node_modules/next/dist/next-devtools/shared/forward-logs-shared.js:44
[    9948ms] [WARNING] Error while trying to use the following icon from the Manifest: http://localhost:3000/icons/icon-192.png (Download error or resource isn't a valid image) @ http://localhost:3000/login:0
[    9965ms] [LOG] [Fast Refresh] rebuilding @ webpack-internal:///(app-pages-browser)/./node_modules/next/dist/next-devtools/shared/forward-logs-shared.js:44
[    9980ms] [LOG] [Fast Refresh] done in 16ms @ webpack-internal:///(app-pages-browser)/./node_modules/next/dist/next-devtools/shared/forward-logs-shared.js:44
[   10008ms] [WARNING] Error while trying to use the following icon from the Manifest: http://localhost:3000/icons/icon-192.png (Download error or resource isn't a valid image) @ http://localhost:3000/login:0
[   10025ms] [LOG] [Fast Refresh] rebuilding @ webpack-internal:///(app-pages-browser)/./node_modules/next/dist/next-devtools/shared/forward-logs-shared.js:44
[   10036ms] [LOG] [Fast Refresh] done in 12ms @ webpack-internal:///(app-pages-browser)/./node_modules/next/dist/next-devtools/shared/forward-logs-shared.js:44
[   10065ms] [WARNING] Error while trying to use the following icon from the Manifest: http://localhost:3000/icons/icon-192.png (Download error or resource isn't a valid image) @ http://localhost:3000/login:0
[   10083ms] [LOG] [Fast Refresh] rebuilding @ webpack-internal:///(app-pages-browser)/./node_modules/next/dist/next-devtools/shared/forward-logs-shared.js:44
[   10099ms] [LOG] [Fast Refresh] done in 16ms @ webpack-internal:///(app-pages-browser)/./node_modules/next/dist/next-devtools/shared/forward-logs-shared.js:44
[   10129ms] [WARNING] Error while trying to use the following icon from the Manifest: http://localhost:3000/icons/icon-192.png (Download error or resource isn't a valid image) @ http://localhost:3000/login:0
[   10146ms] [LOG] [Fast Refresh] rebuilding @ webpack-internal:///(app-pages-browser)/./node_modules/next/dist/next-devtools/shared/forward-logs-shared.js:44
[   10159ms] [LOG] [Fast Refresh] done in 12ms @ webpack-internal:///(app-pages-browser)/./node_modules/next/dist/next-devtools/shared/forward-logs-shared.js:44
[   10207ms] [LOG] [Fast Refresh] rebuilding @ webpack-internal:///(app-pages-browser)/./node_modules/next/dist/next-devtools/shared/forward-logs-shared.js:44
[   10228ms] [LOG] [Fast Refresh] done in 20ms @ webpack-internal:///(app-pages-browser)/./node_modules/next/dist/next-devtools/shared/forward-logs-shared.js:44
[   10284ms] [LOG] [Fast Refresh] rebuilding @ webpack-internal:///(app-pages-browser)/./node_modules/next/dist/next-devtools/shared/forward-logs-shared.js:44
[   10296ms] [LOG] [Fast Refresh] done in 12ms @ webpack-internal:///(app-pages-browser)/./node_modules/next/dist/next-devtools/shared/forward-logs-shared.js:44
[   10327ms] [WARNING] Error while trying to use the following icon from the Manifest: http://localhost:3000/icons/icon-192.png (Download error or resource isn't a valid image) @ http://localhost:3000/login:0
[   10344ms] [LOG] [Fast Refresh] rebuilding @ webpack-internal:///(app-pages-browser)/./node_modules/next/dist/next-devtools/shared/forward-logs-shared.js:44
[   10360ms] [LOG] [Fast Refresh] done in 16ms @ webpack-internal:///(app-pages-browser)/./node_modules/next/dist/next-devtools/shared/forward-logs-shared.js:44
[   10389ms] [WARNING] Error while trying to use the following icon from the Manifest: http://localhost:3000/icons/icon-192.png (Download error or resource isn't a valid image) @ http://localhost:3000/login:0
[   10405ms] [LOG] [Fast Refresh] rebuilding @ webpack-internal:///(app-pages-browser)/./node_modules/next/dist/next-devtools/shared/forward-logs-shared.js:44
[   10417ms] [LOG] [Fast Refresh] done in 12ms @ webpack-internal:///(app-pages-browser)/./node_modules/next/dist/next-devtools/shared/forward-logs-shared.js:44
[   10445ms] [WARNING] Error while trying to use the following icon from the Manifest: http://localhost:3000/icons/icon-192.png (Download error or resource isn't a valid image) @ http://localhost:3000/login:0
[   10463ms] [LOG] [Fast Refresh] rebuilding @ webpack-internal:///(app-pages-browser)/./node_modules/next/dist/next-devtools/shared/forward-logs-shared.js:44
[   10478ms] [LOG] [Fast Refresh] done in 16ms @ webpack-internal:///(app-pages-browser)/./node_modules/next/dist/next-devtools/shared/forward-logs-shared.js:44
[   10523ms] [LOG] [Fast Refresh] rebuilding @ webpack-internal:///(app-pages-browser)/./node_modules/next/dist/next-devtools/shared/forward-logs-shared.js:44
[   10534ms] [LOG] [Fast Refresh] done in 12ms @ webpack-internal:///(app-pages-browser)/./node_modules/next/dist/next-devtools/shared/forward-logs-shared.js:44
[   10562ms] [WARNING] Error while trying to use the following icon from the Manifest: http://localhost:3000/icons/icon-192.png (Download error or resource isn't a valid image) @ http://localhost:3000/login:0
[   10580ms] [LOG] [Fast Refresh] rebuilding @ webpack-internal:///(app-pages-browser)/./node_modules/next/dist/next-devtools/shared/forward-logs-shared.js:44
[   10595ms] [LOG] [Fast Refresh] done in 16ms @ webpack-internal:///(app-pages-browser)/./node_modules/next/dist/next-devtools/shared/forward-logs-shared.js:44
[   10624ms] [WARNING] Error while trying to use the following icon from the Manifest: http://localhost:3000/icons/icon-192.png (Download error or resource isn't a valid image) @ http://localhost:3000/login:0
[   10640ms] [LOG] [Fast Refresh] rebuilding @ webpack-internal:///(app-pages-browser)/./node_modules/next/dist/next-devtools/shared/forward-logs-shared.js:44
[   10652ms] [LOG] [Fast Refresh] done in 12ms @ webpack-internal:///(app-pages-browser)/./node_modules/next/dist/next-devtools/shared/forward-logs-shared.js:44
[   10683ms] [WARNING] Error while trying to use the following icon from the Manifest: http://localhost:3000/icons/icon-192.png (Download error or resource isn't a valid image) @ http://localhost:3000/login:0
[   10704ms] [LOG] [Fast Refresh] rebuilding @ webpack-internal:///(app-pages-browser)/./node_modules/next/dist/next-devtools/shared/forward-logs-shared.js:44
[   10726ms] [LOG] [Fast Refresh] done in 22ms @ webpack-internal:///(app-pages-browser)/./node_modules/next/dist/next-devtools/shared/forward-logs-shared.js:44
[   10769ms] [WARNING] Error while trying to use the following icon from the Manifest: http://localhost:3000/icons/icon-192.png (Download error or resource isn't a valid image) @ http://localhost:3000/login:0
[   10786ms] [LOG] [Fast Refresh] rebuilding @ webpack-internal:///(app-pages-browser)/./node_modules/next/dist/next-devtools/shared/forward-logs-shared.js:44
[   10799ms] [LOG] [Fast Refresh] done in 13ms @ webpack-internal:///(app-pages-browser)/./node_modules/next/dist/next-devtools/shared/forward-logs-shared.js:44
[   10828ms] [WARNING] Error while trying to use the following icon from the Manifest: http://localhost:3000/icons/icon-192.png (Download error or resource isn't a valid image) @ http://localhost:3000/login:0
[   10845ms] [LOG] [Fast Refresh] rebuilding @ webpack-internal:///(app-pages-browser)/./node_modules/next/dist/next-devtools/shared/forward-logs-shared.js:44
[   10861ms] [LOG] [Fast Refresh] done in 15ms @ webpack-internal:///(app-pages-browser)/./node_modules/next/dist/next-devtools/shared/forward-logs-shared.js:44
[   10890ms] [WARNING] Error while trying to use the following icon from the Manifest: http://localhost:3000/icons/icon-192.png (Download error or resource isn't a valid image) @ http://localhost:3000/login:0
[   10906ms] [LOG] [Fast Refresh] rebuilding @ webpack-internal:///(app-pages-browser)/./node_modules/next/dist/next-devtools/shared/forward-logs-shared.js:44
[   10918ms] [LOG] [Fast Refresh] done in 13ms @ webpack-internal:///(app-pages-browser)/./node_modules/next/dist/next-devtools/shared/forward-logs-shared.js:44
[   10947ms] [WARNING] Error while trying to use the following icon from the Manifest: http://localhost:3000/icons/icon-192.png (Download error or resource isn't a valid image) @ http://localhost:3000/login:0
[   10963ms] [LOG] [Fast Refresh] rebuilding @ webpack-internal:///(app-pages-browser)/./node_modules/next/dist/next-devtools/shared/forward-logs-shared.js:44
[   10981ms] [LOG] [Fast Refresh] done in 17ms @ webpack-internal:///(app-pages-browser)/./node_modules/next/dist/next-devtools/shared/forward-logs-shared.js:44
[   11009ms] [WARNING] Error while trying to use the following icon from the Manifest: http://localhost:3000/icons/icon-192.png (Download error or resource isn't a valid image) @ http://localhost:3000/login:0
[   11026ms] [LOG] [Fast Refresh] rebuilding @ webpack-internal:///(app-pages-browser)/./node_modules/next/dist/next-devtools/shared/forward-logs-shared.js:44
[   11037ms] [LOG] [Fast Refresh] done in 12ms @ webpack-internal:///(app-pages-browser)/./node_modules/next/dist/next-devtools/shared/forward-logs-shared.js:44
[   11065ms] [WARNING] Error while trying to use the following icon from the Manifest: http://localhost:3000/icons/icon-192.png (Download error or resource isn't a valid image) @ http://localhost:3000/login:0
[   11081ms] [LOG] [Fast Refresh] rebuilding @ webpack-internal:///(app-pages-browser)/./node_modules/next/dist/next-devtools/shared/forward-logs-shared.js:44
[   11099ms] [LOG] [Fast Refresh] done in 17ms @ webpack-internal:///(app-pages-browser)/./node_modules/next/dist/next-devtools/shared/forward-logs-shared.js:44
[   11127ms] [WARNING] Error while trying to use the following icon from the Manifest: http://localhost:3000/icons/icon-192.png (Download error or resource isn't a valid image) @ http://localhost:3000/login:0
[   11145ms] [LOG] [Fast Refresh] rebuilding @ webpack-internal:///(app-pages-browser)/./node_modules/next/dist/next-devtools/shared/forward-logs-shared.js:44
[   11158ms] [LOG] [Fast Refresh] done in 12ms @ webpack-internal:///(app-pages-browser)/./node_modules/next/dist/next-devtools/shared/forward-logs-shared.js:44
[   11189ms] [WARNING] Error while trying to use the following icon from the Manifest: http://localhost:3000/icons/icon-192.png (Download error or resource isn't a valid image) @ http://localhost:3000/login:0
[   11206ms] [LOG] [Fast Refresh] rebuilding @ webpack-internal:///(app-pages-browser)/./node_modules/next/dist/next-devtools/shared/forward-logs-shared.js:44
[   11221ms] [LOG] [Fast Refresh] done in 15ms @ webpack-internal:///(app-pages-browser)/./node_modules/next/dist/next-devtools/shared/forward-logs-shared.js:44
[   11250ms] [WARNING] Error while trying to use the following icon from the Manifest: http://localhost:3000/icons/icon-192.png (Download error or resource isn't a valid image) @ http://localhost:3000/login:0
[   11266ms] [LOG] [Fast Refresh] rebuilding @ webpack-internal:///(app-pages-browser)/./node_modules/next/dist/next-devtools/shared/forward-logs-shared.js:44
[   11278ms] [LOG] [Fast Refresh] done in 12ms @ webpack-internal:///(app-pages-browser)/./node_modules/next/dist/next-devtools/shared/forward-logs-shared.js:44
[   11307ms] [WARNING] Error while trying to use the following icon from the Manifest: http://localhost:3000/icons/icon-192.png (Download error or resource isn't a valid image) @ http://localhost:3000/login:0
[   11324ms] [LOG] [Fast Refresh] rebuilding @ webpack-internal:///(app-pages-browser)/./node_modules/next/dist/next-devtools/shared/forward-logs-shared.js:44
[   11341ms] [LOG] [Fast Refresh] done in 16ms @ webpack-internal:///(app-pages-browser)/./node_modules/next/dist/next-devtools/shared/forward-logs-shared.js:44
[   11370ms] [WARNING] Error while trying to use the following icon from the Manifest: http://localhost:3000/icons/icon-192.png (Download error or resource isn't a valid image) @ http://localhost:3000/login:0
[   11388ms] [LOG] [Fast Refresh] rebuilding @ webpack-internal:///(app-pages-browser)/./node_modules/next/dist/next-devtools/shared/forward-logs-shared.js:44
[   11401ms] [LOG] [Fast Refresh] done in 12ms @ webpack-internal:///(app-pages-browser)/./node_modules/next/dist/next-devtools/shared/forward-logs-shared.js:44
[   11429ms] [WARNING] Error while trying to use the following icon from the Manifest: http://localhost:3000/icons/icon-192.png (Download error or resource isn't a valid image) @ http://localhost:3000/login:0
[   11446ms] [LOG] [Fast Refresh] rebuilding @ webpack-internal:///(app-pages-browser)/./node_modules/next/dist/next-devtools/shared/forward-logs-shared.js:44
[   11483ms] [LOG] [Fast Refresh] done in 38ms @ webpack-internal:///(app-pages-browser)/./node_modules/next/dist/next-devtools/shared/forward-logs-shared.js:44
[   11549ms] [LOG] [Fast Refresh] rebuilding @ webpack-internal:///(app-pages-browser)/./node_modules/next/dist/next-devtools/shared/forward-logs-shared.js:44
[   11869ms] [WARNING] Error while trying to use the following icon from the Manifest: http://localhost:3000/icons/icon-192.png (Download error or resource isn't a valid image) @ http://localhost:3000/login:0
[   11877ms] [LOG] [Fast Refresh] done in 328ms @ webpack-internal:///(app-pages-browser)/./node_modules/next/dist/next-devtools/shared/forward-logs-shared.js:44
[   11921ms] [LOG] [Fast Refresh] rebuilding @ webpack-internal:///(app-pages-browser)/./node_modules/next/dist/next-devtools/shared/forward-logs-shared.js:44
[   11932ms] [LOG] [Fast Refresh] done in 12ms @ webpack-internal:///(app-pages-browser)/./node_modules/next/dist/next-devtools/shared/forward-logs-shared.js:44
[   11971ms] [WARNING] Error while trying to use the following icon from the Manifest: http://localhost:3000/icons/icon-192.png (Download error or resource isn't a valid image) @ http://localhost:3000/login:0
[   11992ms] [LOG] [Fast Refresh] rebuilding @ webpack-internal:///(app-pages-browser)/./node_modules/next/dist/next-devtools/shared/forward-logs-shared.js:44
[   12008ms] [LOG] [Fast Refresh] done in 17ms @ webpack-internal:///(app-pages-browser)/./node_modules/next/dist/next-devtools/shared/forward-logs-shared.js:44
[   12041ms] [WARNING] Error while trying to use the following icon from the Manifest: http://localhost:3000/icons/icon-192.png (Download error or resource isn't a valid image) @ http://localhost:3000/login:0
[   12058ms] [LOG] [Fast Refresh] rebuilding @ webpack-internal:///(app-pages-browser)/./node_modules/next/dist/next-devtools/shared/forward-logs-shared.js:44
[   12069ms] [LOG] [Fast Refresh] done in 11ms @ webpack-internal:///(app-pages-browser)/./node_modules/next/dist/next-devtools/shared/forward-logs-shared.js:44
[   12096ms] [WARNING] Error while trying to use the following icon from the Manifest: http://localhost:3000/icons/icon-192.png (Download error or resource isn't a valid image) @ http://localhost:3000/login:0
[   12114ms] [LOG] [Fast Refresh] rebuilding @ webpack-internal:///(app-pages-browser)/./node_modules/next/dist/next-devtools/shared/forward-logs-shared.js:44
[   12128ms] [LOG] [Fast Refresh] done in 15ms @ webpack-internal:///(app-pages-browser)/./node_modules/next/dist/next-devtools/shared/forward-logs-shared.js:44
[   12156ms] [WARNING] Error while trying to use the following icon from the Manifest: http://localhost:3000/icons/icon-192.png (Download error or resource isn't a valid image) @ http://localhost:3000/login:0
[   12173ms] [LOG] [Fast Refresh] rebuilding @ webpack-internal:///(app-pages-browser)/./node_modules/next/dist/next-devtools/shared/forward-logs-shared.js:44
[   12186ms] [LOG] [Fast Refresh] done in 14ms @ webpack-internal:///(app-pages-browser)/./node_modules/next/dist/next-devtools/shared/forward-logs-shared.js:44
[   12213ms] [WARNING] Error while trying to use the following icon from the Manifest: http://localhost:3000/icons/icon-192.png (Download error or resource isn't a valid image) @ http://localhost:3000/login:0
[   12231ms] [LOG] [Fast Refresh] rebuilding @ webpack-internal:///(app-pages-browser)/./node_modules/next/dist/next-devtools/shared/forward-logs-shared.js:44
[   12245ms] [LOG] [Fast Refresh] done in 15ms @ webpack-internal:///(app-pages-browser)/./node_modules/next/dist/next-devtools/shared/forward-logs-shared.js:44
[   12273ms] [WARNING] Error while trying to use the following icon from the Manifest: http://localhost:3000/icons/icon-192.png (Download error or resource isn't a valid image) @ http://localhost:3000/login:0
[   12290ms] [LOG] [Fast Refresh] rebuilding @ webpack-internal:///(app-pages-browser)/./node_modules/next/dist/next-devtools/shared/forward-logs-shared.js:44
[   12302ms] [LOG] [Fast Refresh] done in 11ms @ webpack-internal:///(app-pages-browser)/./node_modules/next/dist/next-devtools/shared/forward-logs-shared.js:44
[   12330ms] [WARNING] Error while trying to use the following icon from the Manifest: http://localhost:3000/icons/icon-192.png (Download error or resource isn't a valid image) @ http://localhost:3000/login:0
[   12347ms] [LOG] [Fast Refresh] rebuilding @ webpack-internal:///(app-pages-browser)/./node_modules/next/dist/next-devtools/shared/forward-logs-shared.js:44
[   12362ms] [LOG] [Fast Refresh] done in 15ms @ webpack-internal:///(app-pages-browser)/./node_modules/next/dist/next-devtools/shared/forward-logs-shared.js:44
[   12389ms] [WARNING] Error while trying to use the following icon from the Manifest: http://localhost:3000/icons/icon-192.png (Download error or resource isn't a valid image) @ http://localhost:3000/login:0
[   12406ms] [LOG] [Fast Refresh] rebuilding @ webpack-internal:///(app-pages-browser)/./node_modules/next/dist/next-devtools/shared/forward-logs-shared.js:44
[   12418ms] [LOG] [Fast Refresh] done in 11ms @ webpack-internal:///(app-pages-browser)/./node_modules/next/dist/next-devtools/shared/forward-logs-shared.js:44
[   12444ms] [WARNING] Error while trying to use the following icon from the Manifest: http://localhost:3000/icons/icon-192.png (Download error or resource isn't a valid image) @ http://localhost:3000/login:0
[   12462ms] [LOG] [Fast Refresh] rebuilding @ webpack-internal:///(app-pages-browser)/./node_modules/next/dist/next-devtools/shared/forward-logs-shared.js:44
[   12476ms] [LOG] [Fast Refresh] done in 15ms @ webpack-internal:///(app-pages-browser)/./node_modules/next/dist/next-devtools/shared/forward-logs-shared.js:44
[   12522ms] [LOG] [Fast Refresh] rebuilding @ webpack-internal:///(app-pages-browser)/./node_modules/next/dist/next-devtools/shared/forward-logs-shared.js:44
[   12533ms] [LOG] [Fast Refresh] done in 12ms @ webpack-internal:///(app-pages-browser)/./node_modules/next/dist/next-devtools/shared/forward-logs-shared.js:44
[   12564ms] [WARNING] Error while trying to use the following icon from the Manifest: http://localhost:3000/icons/icon-192.png (Download error or resource isn't a valid image) @ http://localhost:3000/login:0
[   12581ms] [LOG] [Fast Refresh] rebuilding @ webpack-internal:///(app-pages-browser)/./node_modules/next/dist/next-devtools/shared/forward-logs-shared.js:44
[   12597ms] [LOG] [Fast Refresh] done in 16ms @ webpack-internal:///(app-pages-browser)/./node_modules/next/dist/next-devtools/shared/forward-logs-shared.js:44
[   12627ms] [WARNING] Error while trying to use the following icon from the Manifest: http://localhost:3000/icons/icon-192.png (Download error or resource isn't a valid image) @ http://localhost:3000/login:0
[   12643ms] [LOG] [Fast Refresh] rebuilding @ webpack-internal:///(app-pages-browser)/./node_modules/next/dist/next-devtools/shared/forward-logs-shared.js:44
[   12655ms] [LOG] [Fast Refresh] done in 12ms @ webpack-internal:///(app-pages-browser)/./node_modules/next/dist/next-devtools/shared/forward-logs-shared.js:44
[   12701ms] [LOG] [Fast Refresh] rebuilding @ webpack-internal:///(app-pages-browser)/./node_modules/next/dist/next-devtools/shared/forward-logs-shared.js:44
[   12717ms] [LOG] [Fast Refresh] done in 16ms @ webpack-internal:///(app-pages-browser)/./node_modules/next/dist/next-devtools/shared/forward-logs-shared.js:44
[   12748ms] [WARNING] Error while trying to use the following icon from the Manifest: http://localhost:3000/icons/icon-192.png (Download error or resource isn't a valid image) @ http://localhost:3000/login:0
[   12764ms] [LOG] [Fast Refresh] rebuilding @ webpack-internal:///(app-pages-browser)/./node_modules/next/dist/next-devtools/shared/forward-logs-shared.js:44
[   12775ms] [LOG] [Fast Refresh] done in 12ms @ webpack-internal:///(app-pages-browser)/./node_modules/next/dist/next-devtools/shared/forward-logs-shared.js:44
[   12803ms] [WARNING] Error while trying to use the following icon from the Manifest: http://localhost:3000/icons/icon-192.png (Download error or resource isn't a valid image) @ http://localhost:3000/login:0
[   12821ms] [LOG] [Fast Refresh] rebuilding @ webpack-internal:///(app-pages-browser)/./node_modules/next/dist/next-devtools/shared/forward-logs-shared.js:44
[   12836ms] [LOG] [Fast Refresh] done in 16ms @ webpack-internal:///(app-pages-browser)/./node_modules/next/dist/next-devtools/shared/forward-logs-shared.js:44
[   12864ms] [WARNING] Error while trying to use the following icon from the Manifest: http://localhost:3000/icons/icon-192.png (Download error or resource isn't a valid image) @ http://localhost:3000/login:0
[   12881ms] [LOG] [Fast Refresh] rebuilding @ webpack-internal:///(app-pages-browser)/./node_modules/next/dist/next-devtools/shared/forward-logs-shared.js:44
[   12892ms] [LOG] [Fast Refresh] done in 12ms @ webpack-internal:///(app-pages-browser)/./node_modules/next/dist/next-devtools/shared/forward-logs-shared.js:44
[   12921ms] [WARNING] Error while trying to use the following icon from the Manifest: http://localhost:3000/icons/icon-192.png (Download error or resource isn't a valid image) @ http://localhost:3000/login:0
[   12938ms] [LOG] [Fast Refresh] rebuilding @ webpack-internal:///(app-pages-browser)/./node_modules/next/dist/next-devtools/shared/forward-logs-shared.js:44
[   12953ms] [LOG] [Fast Refresh] done in 15ms @ webpack-internal:///(app-pages-browser)/./node_modules/next/dist/next-devtools/shared/forward-logs-shared.js:44
[   12982ms] [WARNING] Error while trying to use the following icon from the Manifest: http://localhost:3000/icons/icon-192.png (Download error or resource isn't a valid image) @ http://localhost:3000/login:0
[   12998ms] [LOG] [Fast Refresh] rebuilding @ webpack-internal:///(app-pages-browser)/./node_modules/next/dist/next-devtools/shared/forward-logs-shared.js:44
[   13010ms] [LOG] [Fast Refresh] done in 12ms @ webpack-internal:///(app-pages-browser)/./node_modules/next/dist/next-devtools/shared/forward-logs-shared.js:44
[   13039ms] [WARNING] Error while trying to use the following icon from the Manifest: http://localhost:3000/icons/icon-192.png (Download error or resource isn't a valid image) @ http://localhost:3000/login:0
[   13056ms] [LOG] [Fast Refresh] rebuilding @ webpack-internal:///(app-pages-browser)/./node_modules/next/dist/next-devtools/shared/forward-logs-shared.js:44
[   13072ms] [LOG] [Fast Refresh] done in 16ms @ webpack-internal:///(app-pages-browser)/./node_modules/next/dist/next-devtools/shared/forward-logs-shared.js:44
[   13101ms] [WARNING] Error while trying to use the following icon from the Manifest: http://localhost:3000/icons/icon-192.png (Download error or resource isn't a valid image) @ http://localhost:3000/login:0
[   13118ms] [LOG] [Fast Refresh] rebuilding @ webpack-internal:///(app-pages-browser)/./node_modules/next/dist/next-devtools/shared/forward-logs-shared.js:44
[   13129ms] [LOG] [Fast Refresh] done in 11ms @ webpack-internal:///(app-pages-browser)/./node_modules/next/dist/next-devtools/shared/forward-logs-shared.js:44
[   13174ms] [LOG] [Fast Refresh] rebuilding @ webpack-internal:///(app-pages-browser)/./node_modules/next/dist/next-devtools/shared/forward-logs-shared.js:44
[   13189ms] [LOG] [Fast Refresh] done in 15ms @ webpack-internal:///(app-pages-browser)/./node_modules/next/dist/next-devtools/shared/forward-logs-shared.js:44
[   13219ms] [WARNING] Error while trying to use the following icon from the Manifest: http://localhost:3000/icons/icon-192.png (Download error or resource isn't a valid image) @ http://localhost:3000/login:0
[   13235ms] [LOG] [Fast Refresh] rebuilding @ webpack-internal:///(app-pages-browser)/./node_modules/next/dist/next-devtools/shared/forward-logs-shared.js:44
[   13257ms] [LOG] [Fast Refresh] done in 22ms @ webpack-internal:///(app-pages-browser)/./node_modules/next/dist/next-devtools/shared/forward-logs-shared.js:44
[   13279ms] [WARNING] Error while trying to use the following icon from the Manifest: http://localhost:3000/icons/icon-192.png (Download error or resource isn't a valid image) @ http://localhost:3000/login:0
[   13297ms] [LOG] [Fast Refresh] rebuilding @ webpack-internal:///(app-pages-browser)/./node_modules/next/dist/next-devtools/shared/forward-logs-shared.js:44
[   13312ms] [LOG] [Fast Refresh] done in 16ms @ webpack-internal:///(app-pages-browser)/./node_modules/next/dist/next-devtools/shared/forward-logs-shared.js:44
[   13343ms] [WARNING] Error while trying to use the following icon from the Manifest: http://localhost:3000/icons/icon-192.png (Download error or resource isn't a valid image) @ http://localhost:3000/login:0
[   13359ms] [LOG] [Fast Refresh] rebuilding @ webpack-internal:///(app-pages-browser)/./node_modules/next/dist/next-devtools/shared/forward-logs-shared.js:44
[   13371ms] [LOG] [Fast Refresh] done in 12ms @ webpack-internal:///(app-pages-browser)/./node_modules/next/dist/next-devtools/shared/forward-logs-shared.js:44
[   13399ms] [WARNING] Error while trying to use the following icon from the Manifest: http://localhost:3000/icons/icon-192.png (Download error or resource isn't a valid image) @ http://localhost:3000/login:0
[   13417ms] [LOG] [Fast Refresh] rebuilding @ webpack-internal:///(app-pages-browser)/./node_modules/next/dist/next-devtools/shared/forward-logs-shared.js:44
[   13432ms] [LOG] [Fast Refresh] done in 15ms @ webpack-internal:///(app-pages-browser)/./node_modules/next/dist/next-devtools/shared/forward-logs-shared.js:44
[   13463ms] [WARNING] Error while trying to use the following icon from the Manifest: http://localhost:3000/icons/icon-192.png (Download error or resource isn't a valid image) @ http://localhost:3000/login:0
[   13480ms] [LOG] [Fast Refresh] rebuilding @ webpack-internal:///(app-pages-browser)/./node_modules/next/dist/next-devtools/shared/forward-logs-shared.js:44
[   13492ms] [LOG] [Fast Refresh] done in 12ms @ webpack-internal:///(app-pages-browser)/./node_modules/next/dist/next-devtools/shared/forward-logs-shared.js:44
[   13521ms] [WARNING] Error while trying to use the following icon from the Manifest: http://localhost:3000/icons/icon-192.png (Download error or resource isn't a valid image) @ http://localhost:3000/login:0
[   13538ms] [LOG] [Fast Refresh] rebuilding @ webpack-internal:///(app-pages-browser)/./node_modules/next/dist/next-devtools/shared/forward-logs-shared.js:44
[   13554ms] [LOG] [Fast Refresh] done in 15ms @ webpack-internal:///(app-pages-browser)/./node_modules/next/dist/next-devtools/shared/forward-logs-shared.js:44
[   13582ms] [WARNING] Error while trying to use the following icon from the Manifest: http://localhost:3000/icons/icon-192.png (Download error or resource isn't a valid image) @ http://localhost:3000/login:0
[   13599ms] [LOG] [Fast Refresh] rebuilding @ webpack-internal:///(app-pages-browser)/./node_modules/next/dist/next-devtools/shared/forward-logs-shared.js:44
[   13611ms] [LOG] [Fast Refresh] done in 12ms @ webpack-internal:///(app-pages-browser)/./node_modules/next/dist/next-devtools/shared/forward-logs-shared.js:44
[   13642ms] [WARNING] Error while trying to use the following icon from the Manifest: http://localhost:3000/icons/icon-192.png (Download error or resource isn't a valid image) @ http://localhost:3000/login:0
[   13660ms] [LOG] [Fast Refresh] rebuilding @ webpack-internal:///(app-pages-browser)/./node_modules/next/dist/next-devtools/shared/forward-logs-shared.js:44
[   13675ms] [LOG] [Fast Refresh] done in 15ms @ webpack-internal:///(app-pages-browser)/./node_modules/next/dist/next-devtools/shared/forward-logs-shared.js:44
[   13706ms] [WARNING] Error while trying to use the following icon from the Manifest: http://localhost:3000/icons/icon-192.png (Download error or resource isn't a valid image) @ http://localhost:3000/login:0
[   13722ms] [LOG] [Fast Refresh] rebuilding @ webpack-internal:///(app-pages-browser)/./node_modules/next/dist/next-devtools/shared/forward-logs-shared.js:44
[   13735ms] [LOG] [Fast Refresh] done in 12ms @ webpack-internal:///(app-pages-browser)/./node_modules/next/dist/next-devtools/shared/forward-logs-shared.js:44
[   13763ms] [WARNING] Error while trying to use the following icon from the Manifest: http://localhost:3000/icons/icon-192.png (Download error or resource isn't a valid image) @ http://localhost:3000/login:0
[   13781ms] [LOG] [Fast Refresh] rebuilding @ webpack-internal:///(app-pages-browser)/./node_modules/next/dist/next-devtools/shared/forward-logs-shared.js:44
[   13797ms] [LOG] [Fast Refresh] done in 16ms @ webpack-internal:///(app-pages-browser)/./node_modules/next/dist/next-devtools/shared/forward-logs-shared.js:44
[   13825ms] [WARNING] Error while trying to use the following icon from the Manifest: http://localhost:3000/icons/icon-192.png (Download error or resource isn't a valid image) @ http://localhost:3000/login:0
[   13841ms] [LOG] [Fast Refresh] rebuilding @ webpack-internal:///(app-pages-browser)/./node_modules/next/dist/next-devtools/shared/forward-logs-shared.js:44
[   13853ms] [LOG] [Fast Refresh] done in 12ms @ webpack-internal:///(app-pages-browser)/./node_modules/next/dist/next-devtools/shared/forward-logs-shared.js:44
[   13882ms] [WARNING] Error while trying to use the following icon from the Manifest: http://localhost:3000/icons/icon-192.png (Download error or resource isn't a valid image) @ http://localhost:3000/login:0
[   13899ms] [LOG] [Fast Refresh] rebuilding @ webpack-internal:///(app-pages-browser)/./node_modules/next/dist/next-devtools/shared/forward-logs-shared.js:44
[   13912ms] [LOG] [Fast Refresh] done in 14ms @ webpack-internal:///(app-pages-browser)/./node_modules/next/dist/next-devtools/shared/forward-logs-shared.js:44
[   13961ms] [LOG] [Fast Refresh] rebuilding @ webpack-internal:///(app-pages-browser)/./node_modules/next/dist/next-devtools/shared/forward-logs-shared.js:44
[   13974ms] [LOG] [Fast Refresh] done in 12ms @ webpack-internal:///(app-pages-browser)/./node_modules/next/dist/next-devtools/shared/forward-logs-shared.js:44
[   14004ms] [WARNING] Error while trying to use the following icon from the Manifest: http://localhost:3000/icons/icon-192.png (Download error or resource isn't a valid image) @ http://localhost:3000/login:0
[   14022ms] [LOG] [Fast Refresh] rebuilding @ webpack-internal:///(app-pages-browser)/./node_modules/next/dist/next-devtools/shared/forward-logs-shared.js:44
[   14039ms] [LOG] [Fast Refresh] done in 16ms @ webpack-internal:///(app-pages-browser)/./node_modules/next/dist/next-devtools/shared/forward-logs-shared.js:44
[   14069ms] [WARNING] Error while trying to use the following icon from the Manifest: http://localhost:3000/icons/icon-192.png (Download error or resource isn't a valid image) @ http://localhost:3000/login:0
[   14092ms] [LOG] [Fast Refresh] rebuilding @ webpack-internal:///(app-pages-browser)/./node_modules/next/dist/next-devtools/shared/forward-logs-shared.js:44
[   14109ms] [LOG] [Fast Refresh] done in 16ms @ webpack-internal:///(app-pages-browser)/./node_modules/next/dist/next-devtools/shared/forward-logs-shared.js:44
[   14159ms] [LOG] [Fast Refresh] rebuilding @ webpack-internal:///(app-pages-browser)/./node_modules/next/dist/next-devtools/shared/forward-logs-shared.js:44
[   14178ms] [LOG] [Fast Refresh] done in 19ms @ webpack-internal:///(app-pages-browser)/./node_modules/next/dist/next-devtools/shared/forward-logs-shared.js:44
[   14223ms] [LOG] [Fast Refresh] rebuilding @ webpack-internal:///(app-pages-browser)/./node_modules/next/dist/next-devtools/shared/forward-logs-shared.js:44
[   14224ms] [WARNING] Error while trying to use the following icon from the Manifest: http://localhost:3000/icons/icon-192.png (Download error or resource isn't a valid image) @ http://localhost:3000/login:0
[   14236ms] [LOG] [Fast Refresh] done in 12ms @ webpack-internal:///(app-pages-browser)/./node_modules/next/dist/next-devtools/shared/forward-logs-shared.js:44
[   14263ms] [WARNING] Error while trying to use the following icon from the Manifest: http://localhost:3000/icons/icon-192.png (Download error or resource isn't a valid image) @ http://localhost:3000/login:0
[   14281ms] [LOG] [Fast Refresh] rebuilding @ webpack-internal:///(app-pages-browser)/./node_modules/next/dist/next-devtools/shared/forward-logs-shared.js:44
[   14296ms] [LOG] [Fast Refresh] done in 15ms @ webpack-internal:///(app-pages-browser)/./node_modules/next/dist/next-devtools/shared/forward-logs-shared.js:44
